timestamp,asset,side,rate,notional,amount,carried
2022-03-24 08:00:00+00:00,cardano,long,0.0,0.61344666294897,-0.0,False
2022-03-24 16:00:00+00:00,cardano,long,0.0,0.6287956023787369,-0.0,False
2022-03-25 00:00:00+00:00,cardano,long,0.0004,0.6079825695850446,-0.00024319302783401786,False
2022-03-25 08:00:00+00:00,cardano,long,0.0004,0.7035034317874154,-0.0002814013727149662,False
2022-03-25 16:00:00+00:00,cardano,long,0.0004,0.6827937131209237,-0.0002731174852483695,False
2022-03-26 00:00:00+00:00,cardano,long,0.0004,0.6799504723687497,-0.0002719801889474999,False
2022-03-26 08:00:00+00:00,cardano,long,0.0004,0.8175165446042121,-0.00032700661784168484,False
2022-03-26 16:00:00+00:00,cardano,long,0.0004,0.8162156021597693,-0.0003264862408639077,False
2022-03-27 00:00:00+00:00,cardano,long,0.0004,0.8277228333948679,-0.00033108913335794715,False
2022-03-27 08:00:00+00:00,cardano,long,0.0004,0.9169032485103225,-0.000366761299404129,False
2022-03-27 16:00:00+00:00,cardano,long,0.0004,0.9067283322938242,-0.0003626913329175297,False
2022-03-28 00:00:00+00:00,cardano,long,0.0004,0.9470917686145038,-0.00037883670744580155,False
2022-03-28 08:00:00+00:00,cardano,long,0.0004,0.9465634094718689,-0.00037862536378874755,False
2022-03-28 16:00:00+00:00,cardano,long,0.0004,0.9743022644601981,-0.00038972090578407923,False
2022-03-29 00:00:00+00:00,cardano,long,0.0004,0.9356680035154142,-0.00037426720140616574,False
2022-03-29 08:00:00+00:00,cardano,long,0.0004,0.9647597781265507,-0.0003859039112506203,False
2022-03-29 16:00:00+00:00,cardano,long,0.0004,0.9611333131021024,-0.000384453325240841,False
2022-03-30 00:00:00+00:00,cardano,long,0.0004,0.9525434743135087,-0.0003810173897254035,False
2022-03-30 08:00:00+00:00,cardano,long,0.0004,0.8457302514777592,-0.00033829210059110366,False
2022-03-30 16:00:00+00:00,cardano,long,0.0004,0.8361557334288795,-0.0003344622933715518,False
2022-03-31 00:00:00+00:00,cardano,long,0.0004,0.8405154955219856,-0.00033620619820879424,False
2022-03-31 08:00:00+00:00,cardano,long,0.0004,0.742550785294361,-0.0002970203141177444,False
2022-03-31 16:00:00+00:00,cardano,long,0.0004,0.7205523791686795,-0.0002882209516674718,False
2022-04-01 00:00:00+00:00,cardano,long,0.0004,0.7018205148921973,-0.00028072820595687894,False
2022-04-01 08:00:00+00:00,cardano,long,0.0004,0.6187519911289889,-0.0002475007964515956,False
2022-04-01 16:00:00+00:00,cardano,long,0.0004,0.6253373781742643,-0.0002501349512697057,False
2022-04-02 00:00:00+00:00,cardano,long,0.0004,0.6268599799175754,-0.00025074399196703016,False
2022-04-02 08:00:00+00:00,cardano,long,0.0004,0.6369855505215036,-0.0002547942202086015,False
2022-04-02 16:00:00+00:00,cardano,long,0.0004,0.6225988471235738,-0.00024903953884942954,False
2022-04-03 00:00:00+00:00,cardano,long,0.0004,0.6212753134527097,-0.0002485101253810839,False
2022-04-03 08:00:00+00:00,cardano,long,0.0004,0.5141472145966797,-0.00020565888583867187,False
2022-04-03 08:00:00+00:00,solana,long,0.0004,0.08882597734939514,-3.553039093975806e-05,False
2022-04-03 16:00:00+00:00,cardano,long,0.0004,0.5202758356383429,-0.00020811033425533718,False
2022-04-03 16:00:00+00:00,solana,long,0.0004,0.0879223071584107,-3.5168922863364286e-05,False
2022-04-04 00:00:00+00:00,cardano,long,0.0004,0.5225288754601342,-0.00020901155018405367,False
2022-04-04 00:00:00+00:00,solana,long,0.0004,0.08841353764632155,-3.536541505852862e-05,False
2022-04-04 08:00:00+00:00,cardano,long,0.0004,0.3177025874981734,-0.00012708103499926938,False
2022-04-04 08:00:00+00:00,solana,long,0.0004,0.17789704747232962,-7.115881898893185e-05,False
2022-04-04 08:00:00+00:00,near,long,0.0004,0.06126457987621024,-2.45058319504841e-05,False
2022-04-04 16:00:00+00:00,cardano,long,0.0004,0.31574603985024685,-0.00012629841594009875,False
2022-04-04 16:00:00+00:00,solana,long,0.0004,0.1678458363012039,-6.713833452048157e-05,False
2022-04-04 16:00:00+00:00,near,long,0.0004,0.05797082134965637,-2.318832853986255e-05,False
2022-04-05 00:00:00+00:00,cardano,long,0.0004,0.3163729710057907,-0.0001265491884023163,False
2022-04-05 00:00:00+00:00,solana,long,0.0004,0.17145075970460444,-6.858030388184178e-05,False
2022-04-05 00:00:00+00:00,near,long,0.0004,0.06380053526350261,-2.5520214105401048e-05,False
2022-04-05 08:00:00+00:00,cardano,long,0.0004,0.10272931001527105,-4.1091724006108426e-05,False
2022-04-05 08:00:00+00:00,solana,long,0.0004,0.17932944793723965,-7.173177917489586e-05,False
2022-04-05 08:00:00+00:00,near,long,0.0004,0.18922831276397312,-7.569132510558925e-05,False
2022-04-05 16:00:00+00:00,cardano,long,0.0004,0.10122449030112682,-4.048979612045073e-05,False
2022-04-05 16:00:00+00:00,solana,long,0.0004,0.17686858756246715,-7.074743502498686e-05,False
2022-04-05 16:00:00+00:00,near,long,0.0004,0.18225752198654946,-7.29030087946198e-05,False
2022-04-06 00:00:00+00:00,cardano,long,0.0004,0.09967704113332411,-3.987081645332964e-05,False
2022-04-06 00:00:00+00:00,solana,long,0.0004,0.17054031490707908,-6.821612596283164e-05,False
2022-04-06 00:00:00+00:00,near,long,0.0004,0.1766697115520135,-7.06678846208054e-05,False
2022-04-06 08:00:00+00:00,solana,long,0.0004,0.17310689990838501,-6.9242759963354e-05,False
2022-04-06 08:00:00+00:00,near,long,0.0004,0.2534119914066094,-0.00010136479656264377,False
2022-04-06 16:00:00+00:00,solana,long,0.0004,0.16217256172833225,-6.48690246913329e-05,False
2022-04-06 16:00:00+00:00,near,long,0.0004,0.2458290813363446,-9.833163253453784e-05,False
2022-04-07 00:00:00+00:00,solana,long,0.0004,0.1557323277414009,-6.229293109656036e-05,False
2022-04-07 00:00:00+00:00,near,long,0.0,0.23460397399815833,-0.0,False
2022-04-07 08:00:00+00:00,solana,long,0.0004,0.15987597679972773,-6.395039071989109e-05,False
2022-04-07 08:00:00+00:00,near,long,0.0,0.2385123732632705,-0.0,False
2022-04-07 16:00:00+00:00,solana,long,0.0,0.15615894477950512,-0.0,False
2022-04-07 16:00:00+00:00,near,long,0.0004,0.22993851471791427,-9.197540588716571e-05,False
2022-04-08 00:00:00+00:00,solana,long,0.0004,0.16353492157123045,-6.541396862849219e-05,False
2022-04-08 00:00:00+00:00,near,long,0.00039424,0.2682854509721897,-0.00010576885619127607,False
2022-04-08 08:00:00+00:00,solana,long,0.00028564,0.16419761291470222,-4.690140615295554e-05,False
2022-04-08 08:00:00+00:00,near,long,0.0,0.2934500027759865,-0.0,False
2022-04-08 16:00:00+00:00,solana,long,0.0,0.16059868703439464,-0.0,False
2022-04-08 16:00:00+00:00,near,long,0.0004,0.2879290041290486,-0.00011517160165161945,False
2022-04-09 00:00:00+00:00,solana,long,0.0,0.1515474243187813,-0.0,False
2022-04-09 00:00:00+00:00,near,long,0.0004,0.2695933798601209,-0.00010783735194404836,False
2022-04-09 08:00:00+00:00,solana,long,0.0,0.1525691252137237,-0.0,False
2022-04-09 08:00:00+00:00,near,long,0.0004,0.2564956261023908,-0.00010259825044095633,False
2022-04-09 16:00:00+00:00,solana,long,0.0,0.15104381753059226,-0.0,False
2022-04-09 16:00:00+00:00,near,long,0.0004,0.25006677093324176,-0.0001000267083732967,False
2022-04-10 00:00:00+00:00,solana,long,0.00018484,0.15570335310427222,-2.8780207787793677e-05,False
2022-04-10 00:00:00+00:00,near,long,0.0,0.26954721766407624,-0.0,False
2022-04-10 08:00:00+00:00,solana,long,0.0,0.08429900429912503,-0.0,False
2022-04-10 08:00:00+00:00,near,long,0.0004,0.3594598749141756,-0.00014378394996567023,False
2022-04-10 16:00:00+00:00,solana,long,0.0,0.0848688848257495,-0.0,False
2022-04-10 16:00:00+00:00,near,long,0.0004,0.35298839930488257,-0.00014119535972195304,False
2022-04-11 00:00:00+00:00,solana,long,0.0003508,0.08384175435807827,-2.9411687428813858e-05,False
2022-04-11 00:00:00+00:00,near,long,0.0,0.3412324979057093,-0.0,False
2022-04-11 08:00:00+00:00,solana,long,0.0004,0.08342960315369034,-3.337184126147614e-05,False
2022-04-11 08:00:00+00:00,near,long,0.000143,0.48995748475856093,-7.006392032047422e-05,False
2022-04-11 16:00:00+00:00,solana,long,0.0004,0.07619898494870049,-3.04795939794802e-05,False
2022-04-11 16:00:00+00:00,near,long,0.0004,0.4734429609986801,-0.00018937718439947205,False
2022-04-12 00:00:00+00:00,solana,long,4.936e-05,0.0748403699118669,-3.6941206588497508e-06,False
2022-04-12 00:00:00+00:00,near,long,0.00038924,0.49242330152672464,-0.0001916708458862623,False
2022-04-12 08:00:00+00:00,solana,long,0.0,0.04262787130737889,-0.0,False
2022-04-12 08:00:00+00:00,near,long,0.0004,0.27455890144854095,-0.00010982356057941638,False
2022-04-12 16:00:00+00:00,solana,long,0.0,0.043845598679076954,-0.0,False
2022-04-12 16:00:00+00:00,near,long,0.0004,0.27747766957661124,-0.0001109910678306445,False
2022-04-13 00:00:00+00:00,solana,long,1.352e-05,0.04269860825091732,-5.772851835524022e-07,False
2022-04-13 00:00:00+00:00,near,long,0.0,0.279387397214931,-0.0,False
2022-04-21 08:00:00+00:00,near,long,0.0004,0.3707269233288601,-0.00014829076933154403,False
2022-04-21 16:00:00+00:00,near,long,0.0004,0.3828069139863897,-0.0001531227655945559,False
2022-04-22 00:00:00+00:00,near,long,0.0004,0.353626618022951,-0.0001414506472091804,False
2022-04-22 08:00:00+00:00,near,long,0.0004,0.3524269936930857,-0.0001409707974772343,False
2022-04-22 16:00:00+00:00,near,long,0.0004,0.3430631335937415,-0.00013722525343749662,False
2022-04-23 00:00:00+00:00,near,long,0.0004,0.35218254194284904,-0.00014087301677713962,False
2022-11-06 08:00:00+00:00,dogecoin,long,0.0004,0.4542897781307401,-0.00018171591125229605,False
2022-11-06 16:00:00+00:00,dogecoin,long,0.0004,0.45707271008983963,-0.00018282908403593586,False
2022-11-07 00:00:00+00:00,dogecoin,long,0.0,0.42101575128994956,-0.0,False
2022-11-07 08:00:00+00:00,dogecoin,long,0.0004,0.4157105577795289,-0.00016628422311181157,False
2022-11-07 16:00:00+00:00,dogecoin,long,0.0004,0.42734159794631965,-0.00017093663917852787,False
2022-11-08 00:00:00+00:00,dogecoin,long,0.0004,0.4079969165578032,-0.00016319876662312127,False
2022-11-08 08:00:00+00:00,dogecoin,long,0.0,0.3769440953044206,-0.0,False
2022-11-08 16:00:00+00:00,dogecoin,long,0.0,0.36445394421621913,-0.0,False
2022-11-09 00:00:00+00:00,dogecoin,long,0.0,0.3235176759524197,-0.0,False
2023-01-13 08:00:00+00:00,solana,long,0.00010412,0.7960515516599801,-8.288488755883712e-05,False
2023-01-13 16:00:00+00:00,solana,long,0.0,0.7912732234709827,-0.0,False
2023-01-14 00:00:00+00:00,solana,long,0.0004,0.8620141789007876,-0.00034480567156031506,False
2023-01-14 08:00:00+00:00,solana,long,0.00110808,1.111308003963479,-0.0012314181730318518,False
2023-01-14 16:00:00+00:00,solana,long,0.0004,1.0529774942051964,-0.00042119099768207855,False
2023-01-15 00:00:00+00:00,solana,long,0.00095912,1.1445912060380743,-0.0010978003175352378,False
2023-01-15 08:00:00+00:00,solana,long,0.00146008,0.5512848452847801,-0.0008049199769034017,False
2023-01-15 16:00:00+00:00,solana,long,0.00049236,0.5769231150314189,-0.0002840538649168694,False
2023-01-16 00:00:00+00:00,solana,long,0.00079916,0.5569030254921437,-0.00044505462185230154,False
2023-01-16 08:00:00+00:00,solana,long,0.00166496,0.589994082581855,-0.0009823165477354854,False
2023-01-16 16:00:00+00:00,solana,long,0.0004,0.5615309071527782,-0.00022461236286111129,False
2023-01-17 00:00:00+00:00,solana,long,0.00049172,0.5737770314419339,-0.0002821376419006277,False
2023-01-17 08:00:00+00:00,solana,long,0.0004,0.5697550081059565,-0.0002279020032423826,False
2023-01-17 16:00:00+00:00,solana,long,0.0004,0.5657548832636413,-0.00022630195330545653,False
2023-01-18 00:00:00+00:00,solana,long,0.0004,0.555645078689542,-0.00022225803147581682,False
2023-01-18 08:00:00+00:00,solana,long,0.0004,0.5590928748583746,-0.00022363714994334984,False
2023-01-18 16:00:00+00:00,solana,long,0.0004,0.5294155496140207,-0.0002117662198456083,False
2023-01-19 00:00:00+00:00,solana,long,0.0004,0.5069671604441915,-0.00020278686417767662,False
2023-01-19 08:00:00+00:00,solana,long,0.0004,0.5179115409434211,-0.00020716461637736844,False
2023-01-19 16:00:00+00:00,solana,long,0.0004,0.5126437366346545,-0.0002050574946538618,False
2023-01-20 00:00:00+00:00,solana,long,0.0004,0.5207242807960465,-0.00020828971231841862,False
2023-01-20 08:00:00+00:00,solana,long,0.0004,0.5126194049750298,-0.00020504776199001192,False
2023-01-20 16:00:00+00:00,solana,long,0.0004,0.5208337732643581,-0.00020833350930574325,False
2023-01-21 00:00:00+00:00,solana,long,0.0004,0.6210631787567465,-0.0002484252715026986,False
2023-01-21 08:00:00+00:00,solana,long,0.00121072,0.41316822326410557,-0.0005002310312703179,False
2023-01-21 16:00:00+00:00,solana,long,0.0004,0.40809306308883336,-0.00016323722523553335,False
2023-01-22 00:00:00+00:00,solana,long,0.0004,0.39735833035446977,-0.0001589433321417879,False
2023-01-22 08:00:00+00:00,solana,long,0.0004,0.4068789099368544,-0.00016275156397474176,False
2023-01-22 16:00:00+00:00,solana,long,0.0004,0.40394551592167316,-0.00016157820636866928,False
2023-01-23 00:00:00+00:00,solana,long,0.0004,0.39164695392756055,-0.00015665878157102424,False
2023-01-23 08:00:00+00:00,solana,long,0.0004,0.3961312262355363,-0.00015845249049421453,False
2023-01-23 16:00:00+00:00,solana,long,0.0004,0.3913345118497846,-0.00015653380473991385,False
2023-01-24 00:00:00+00:00,solana,long,0.0004,0.39386156927677024,-0.00015754462771070811,False
2023-01-24 08:00:00+00:00,solana,long,0.00052316,0.5456475701598138,-0.0002854609828048082,False
2023-01-24 16:00:00+00:00,solana,long,0.0004,0.5386975433962417,-0.00021547901735849667,False
2023-01-25 00:00:00+00:00,solana,long,0.0004,0.501384091722615,-0.000200553636689046,False
2023-01-25 08:00:00+00:00,solana,long,4.956e-05,0.8133943441140881,-4.03118236942942e-05,False
2023-01-25 16:00:00+00:00,solana,long,0.0004,0.8165027772651227,-0.0003266011109060491,False
2023-01-26 00:00:00+00:00,solana,long,0.0004,0.8578610404176836,-0.0003431444161670735,False
2023-01-26 08:00:00+00:00,solana,long,0.0004,0.15778661185360413,-6.311464474144165e-05,False
2023-01-26 16:00:00+00:00,solana,long,0.0004,0.15708918095095917,-6.283567238038367e-05,False
2023-01-27 00:00:00+00:00,solana,long,0.0004,0.15778272283370093,-6.311308913348037e-05,False
2023-01-27 08:00:00+00:00,solana,long,0.0004,0.15568913378579824,-6.22756535143193e-05,False
2023-01-27 16:00:00+00:00,solana,long,0.0004,0.15460863442268563,-6.184345376907426e-05,False
2023-01-28 00:00:00+00:00,solana,long,0.0004,0.1583537605894911,-6.334150423579644e-05,False
2023-01-28 08:00:00+00:00,solana,long,0.00052184,0.15785337336194283,-8.237420435519624e-05,False
2023-01-28 16:00:00+00:00,solana,long,0.0004,0.15660694248295928,-6.264277699318372e-05,False
2023-01-29 00:00:00+00:00,solana,long,0.0004,0.15553616566960474,-6.22144662678419e-05,False
2023-01-29 08:00:00+00:00,solana,long,0.0004,0.15643388109726578,-6.257355243890632e-05,False
2023-01-29 16:00:00+00:00,solana,long,0.0004,0.16001890927805518,-6.400756371122207e-05,False
2023-01-30 00:00:00+00:00,solana,long,0.002011,0.16904921349334315,-0.0003399579683351131,False
2023-01-30 08:00:00+00:00,solana,long,0.0004,0.16458332230447334,-6.583332892178933e-05,False
2023-01-30 16:00:00+00:00,solana,long,0.0004,0.1579959707583944,-6.319838830335776e-05,False
2023-01-31 00:00:00+00:00,solana,long,0.0004,0.1552354147970887,-6.209416591883548e-05,False
2023-01-31 08:00:00+00:00,solana,long,0.0004,0.24778529329644708,-9.911411731857884e-05,False
2023-01-31 08:00:00+00:00,aptos,long,0.00015376,0.015572532280214695,-2.3944325634058113e-06,False
2023-01-31 16:00:00+00:00,solana,long,0.0004,0.24732393322690402,-9.892957329076161e-05,False
2023-01-31 16:00:00+00:00,aptos,long,0.0,0.015729821185029202,-0.0,False
2023-02-01 00:00:00+00:00,solana,long,0.0004,0.24559665866810243,-9.823866346724098e-05,False
2023-02-01 00:00:00+00:00,aptos,long,0.0,0.01555950243011172,-0.0,False
2023-02-01 08:00:00+00:00,solana,long,0.0004,0.19894732746377627,-7.957893098551051e-05,False
2023-02-01 08:00:00+00:00,aptos,long,0.0004,0.05246224406339524,-2.0984897625358097e-05,False
2023-02-01 16:00:00+00:00,solana,long,0.0004,0.19265826962026367,-7.706330784810546e-05,False
2023-02-01 16:00:00+00:00,aptos,long,0.0004,0.05020314978311877,-2.0081259913247506e-05,False
2023-02-02 00:00:00+00:00,solana,long,0.0004,0.21121618677961707,-8.448647471184683e-05,False
2023-02-02 00:00:00+00:00,aptos,long,0.00031908,0.05765120011333,-1.8395344932161338e-05,False
2023-02-02 08:00:00+00:00,solana,long,0.00104944,0.21011520029969005,-0.00022050329580250674,False
2023-02-02 08:00:00+00:00,aptos,long,0.0004,0.057578428168727255,-2.3031371267490903e-05,False
2023-02-02 16:00:00+00:00,solana,long,0.0004,0.21141221814058642,-8.456488725623457e-05,False
2023-02-02 16:00:00+00:00,aptos,long,0.0004,0.05746136025784458,-2.2984544103137835e-05,False
2023-02-03 00:00:00+00:00,solana,long,0.0004,0.2054019980087975,-8.2160799203519e-05,False
2023-02-03 00:00:00+00:00,aptos,long,0.0,0.05441759457489505,-0.0,False
2023-02-03 08:00:00+00:00,solana,long,0.00025048,0.23024498869209462,-5.7671764767595853e-05,False
2023-02-03 08:00:00+00:00,aptos,long,0.0004,0.10516714660164346,-4.206685864065739e-05,False
2023-02-03 16:00:00+00:00,solana,long,0.00029268,0.23548571239891683,-6.892195830491498e-05,False
2023-02-03 16:00:00+00:00,aptos,long,0.0,0.10792676270194959,-0.0,False
2023-02-04 00:00:00+00:00,solana,long,0.0004,0.23381967401255271,-9.352786960502109e-05,False
2023-02-04 00:00:00+00:00,aptos,long,0.0004,0.10688326321982927,-4.275330528793171e-05,False
2023-02-04 08:00:00+00:00,solana,long,0.0004,0.1963714324916683,-7.854857299666732e-05,False
2023-02-04 08:00:00+00:00,aptos,long,0.0004,0.14219564993733913,-5.6878259974935656e-05,False
2023-02-04 16:00:00+00:00,solana,long,0.0004,0.1979748114470478,-7.918992457881912e-05,False
2023-02-04 16:00:00+00:00,aptos,long,0.0004,0.1431250332702629,-5.725001330810516e-05,False
2023-02-05 00:00:00+00:00,solana,long,0.0004,0.19504704147452484,-7.801881658980994e-05,False
2023-02-05 00:00:00+00:00,aptos,long,0.0004,0.14183422308564653,-5.6733689234258615e-05,False
2023-02-05 08:00:00+00:00,solana,long,0.0,0.09209341818708018,-0.0,False
2023-02-05 08:00:00+00:00,aptos,long,0.0004,0.32093889485142185,-0.00012837555794056874,False
2023-02-05 16:00:00+00:00,solana,long,0.0,0.08934860282938331,-0.0,False
2023-02-05 16:00:00+00:00,aptos,long,0.0004,0.29860007530637567,-0.00011944003012255027,False
2023-02-06 00:00:00+00:00,solana,long,0.0,0.0887491560450745,-0.0,False
2023-02-06 00:00:00+00:00,aptos,long,0.0004,0.2986969478976378,-0.00011947877915905512,False
2023-02-06 08:00:00+00:00,solana,long,0.0004,0.06696346310217682,-2.678538524087073e-05,False
2023-02-06 16:00:00+00:00,solana,long,0.0004,0.06734053612774468,-2.6936214451097875e-05,False
2023-02-07 00:00:00+00:00,solana,long,0.0,0.06497995568001162,-0.0,False
2023-02-07 08:00:00+00:00,shiba-inu,long,0.0004,1.3755253406428856,-0.0005502101362571543,False
2023-02-07 16:00:00+00:00,shiba-inu,long,0.0004,1.3687816111768945,-0.0005475126444707578,False
2023-02-08 00:00:00+00:00,shiba-inu,long,0.0004,1.40631193168328,-0.000562524772673312,False
2023-02-08 08:00:00+00:00,shiba-inu,long,0.0004,1.3881331826879995,-0.0005552532730751998,False
2023-02-08 16:00:00+00:00,shiba-inu,long,0.0004,1.3602786479371665,-0.0005441114591748666,False
2023-02-09 00:00:00+00:00,shiba-inu,long,0.0004,1.3437613975059708,-0.0005375045590023884,False
2023-02-09 08:00:00+00:00,shiba-inu,long,0.0004,0.948528343688489,-0.00037941133747539563,False
2023-02-09 16:00:00+00:00,shiba-inu,long,0.0004,0.9401064968446033,-0.00037604259873784136,False
2023-02-10 00:00:00+00:00,shiba-inu,long,0.00026056,0.8663796511688916,-0.0002257438819085664,False
2023-02-10 08:00:00+00:00,shiba-inu,long,0.0004,0.6903148854844892,-0.0002761259541937957,False
2023-02-10 16:00:00+00:00,shiba-inu,long,0.0004,0.6835890540050124,-0.00027343562160200494,False
2023-02-11 00:00:00+00:00,shiba-inu,long,0.00011352,0.7147724545007687,-8.114096903492725e-05,False
2023-02-11 08:00:00+00:00,shiba-inu,long,0.0004,0.3960291737140524,-0.00015841166948562095,False
2023-02-11 16:00:00+00:00,shiba-inu,long,0.0004,0.4030008518557447,-0.0001612003407422979,False
2023-02-12 00:00:00+00:00,shiba-inu,long,0.00029508,0.40672328633863924,-0.00012001590733280566,False
2023-02-12 08:00:00+00:00,shiba-inu,long,0.0,0.30269594421155466,-0.0,False
2023-02-12 16:00:00+00:00,shiba-inu,long,0.0004,0.3078891991227722,-0.0001231556796491089,False
2023-02-13 00:00:00+00:00,shiba-inu,long,0.00010412,0.30255430998670324,-3.150195475581554e-05,False
2023-02-13 08:00:00+00:00,shiba-inu,long,0.00035396,0.10192305207614877,-3.607668351287362e-05,False
2023-02-13 16:00:00+00:00,shiba-inu,long,0.0004,0.09713243937482663,-3.8852975749930656e-05,False
2023-02-14 00:00:00+00:00,shiba-inu,long,0.0,0.09845262472321079,-0.0,False
2023-02-19 08:00:00+00:00,filecoin,long,0.00071424,0.19047187836295326,-0.00013604263440195573,False
2023-02-19 16:00:00+00:00,filecoin,long,0.00098288,0.20124201827382598,-0.00019779675492097808,False
2023-02-20 00:00:00+00:00,filecoin,long,0.00070624,0.18509008333349833,-0.00013071802045344985,False
2023-02-20 08:00:00+00:00,filecoin,long,0.0004,0.22541882544871433,-9.016753017948574e-05,False
2023-02-20 16:00:00+00:00,filecoin,long,0.00080956,0.22324744758529297,-0.00018073220366714976,False
2023-02-21 00:00:00+00:00,filecoin,long,0.00076076,0.22731612007692445,-0.00017293301150972103,False
2023-02-21 08:00:00+00:00,filecoin,long,0.00099992,0.22420540840739062,-0.00022418747197471803,False
2023-02-21 16:00:00+00:00,filecoin,long,0.0004,0.2106928388112464,-8.427713552449856e-05,False
2023-02-22 00:00:00+00:00,filecoin,long,0.00077676,0.21780303691303796,-0.00016918068695257138,False
2023-02-22 08:00:00+00:00,filecoin,long,0.00127624,0.2331144440528989,-0.0002975099780780717,False
2023-02-22 16:00:00+00:00,filecoin,long,0.0004,0.20310099929612244,-8.124039971844897e-05,False
2023-02-23 00:00:00+00:00,filecoin,long,0.0004,0.21346028118619523,-8.538411247447809e-05,False
2023-02-23 08:00:00+00:00,filecoin,long,0.0004,0.21521388169109062,-8.608555267643626e-05,False
2023-02-23 16:00:00+00:00,filecoin,long,0.0004,0.2111611752131608,-8.446447008526433e-05,False
2023-02-24 00:00:00+00:00,filecoin,long,0.0004,0.20877691716705107,-8.351076686682043e-05,False
2023-02-24 08:00:00+00:00,filecoin,long,0.0004,0.20874498513964782,-8.349799405585913e-05,False
2023-02-24 16:00:00+00:00,filecoin,long,0.0004,0.20577264558886146,-8.230905823554459e-05,False
2023-02-25 00:00:00+00:00,filecoin,long,0.00029104,0.18236114749770804,-5.307438836773295e-05,False
2023-03-02 08:00:00+00:00,filecoin,long,0.0004,0.3044353886869722,-0.00012177415547478888,False
2023-03-02 16:00:00+00:00,filecoin,long,0.0004,0.29743115593302477,-0.00011897246237320991,False
2023-03-03 00:00:00+00:00,filecoin,long,0.0004,0.30392911164944614,-0.00012157164465977846,False
2023-03-05 08:00:00+00:00,solana,long,0.0004,0.08554000786789182,-3.421600314715673e-05,False
2023-03-05 08:00:00+00:00,tron,long,0.0,0.1395753265564487,-0.0,False
2023-03-05 16:00:00+00:00,solana,long,0.0004,0.08544037644094493,-3.417615057637797e-05,False
2023-03-05 16:00:00+00:00,tron,long,0.0,0.14044988477148238,-0.0,False
2023-03-06 00:00:00+00:00,solana,long,0.0004,0.08417730706061836,-3.3670922824247344e-05,False
2023-03-06 00:00:00+00:00,tron,long,0.0,0.13995013722003458,-0.0,False
2023-03-06 08:00:00+00:00,solana,long,0.00014344,0.05635324747214266,-8.083309817404144e-06,False
2023-03-06 08:00:00+00:00,tron,long,0.0,0.1386398737042588,-0.0,False
2023-03-06 08:00:00+00:00,filecoin,long,0.0004,0.048298396461766153,-1.9319358584706462e-05,False
2023-03-06 16:00:00+00:00,solana,long,0.0,0.05714088229501912,-0.0,False
2023-03-06 16:00:00+00:00,tron,long,0.0,0.14007193227994647,-0.0,False
2023-03-06 16:00:00+00:00,filecoin,long,0.00014304,0.04910471096377414,-7.0239378562582535e-06,False
2023-03-07 00:00:00+00:00,solana,long,0.0,0.05599542923767275,-0.0,False
2023-03-07 00:00:00+00:00,tron,long,0.0,0.13980212414249807,-0.0,False
2023-03-07 00:00:00+00:00,filecoin,long,0.00034096,0.04808301108109279,-1.63943834582094e-05,False
2023-03-07 08:00:00+00:00,solana,long,0.0,0.028155650499457573,-0.0,False
2023-03-07 08:00:00+00:00,tron,long,0.0,0.1392180993600773,-0.0,False
2023-03-07 16:00:00+00:00,solana,long,0.0,0.027781581287936914,-0.0,False
2023-03-07 16:00:00+00:00,tron,long,0.0,0.13857558617261828,-0.0,False
2023-03-08 00:00:00+00:00,solana,long,0.0,0.02754309174696741,-0.0,False
2023-03-08 00:00:00+00:00,tron,long,0.0,0.13733201226140723,-0.0,False
2023-03-08 08:00:00+00:00,tron,long,0.0,0.13873102991656736,-0.0,False
2023-03-08 16:00:00+00:00,tron,long,0.0,0.13860519678285615,-0.0,False
2023-03-09 00:00:00+00:00,tron,long,0.0,0.1369903382335628,-0.0,False
2023-03-09 08:00:00+00:00,tron,long,0.0,0.09244961530100568,-0.0,False
2023-03-09 16:00:00+00:00,tron,long,0.0,0.09311279172334194,-0.0,False
2023-03-10 00:00:00+00:00,tron,long,0.0,0.08262896019577065,-0.0,False
2023-03-10 08:00:00+00:00,tron,long,0.0,0.04538161434313612,-0.0,False
2023-03-10 16:00:00+00:00,tron,long,0.0,0.04482251411437286,-0.0,False
2023-03-11 00:00:00+00:00,tron,long,0.0,0.04512962550763718,-0.0,False
2023-03-13 08:00:00+00:00,ethereum,long,0.0004,0.13844532072273052,-5.537812828909221e-05,False
2023-03-13 08:00:00+00:00,ripple,long,0.0004,0.13684876900626036,-5.473950760250415e-05,False
2023-03-13 16:00:00+00:00,ethereum,long,0.0004,0.1436237058796093,-5.744948235184372e-05,False
2023-03-13 16:00:00+00:00,ripple,long,0.000264,0.13886716545780586,-3.666093168086075e-05,False
2023-03-14 00:00:00+00:00,ethereum,long,0.0004,0.1442708963027772,-5.770835852111088e-05,False
2023-03-14 00:00:00+00:00,ripple,long,0.0,0.13858041909845345,-0.0,False
2023-03-14 08:00:00+00:00,ethereum,long,0.0004,0.1837419458077109,-7.349677832308436e-05,False
2023-03-14 08:00:00+00:00,ripple,long,0.0004,0.09151941713896733,-3.6607766855586936e-05,False
2023-03-14 16:00:00+00:00,ethereum,long,0.0004,0.1952036379443227,-7.808145517772909e-05,False
2023-03-14 16:00:00+00:00,ripple,long,0.0004,0.09574116906922052,-3.829646762768821e-05,False
2023-03-15 00:00:00+00:00,ethereum,long,0.00126912,0.18739646226203827,-0.000237828598185998,False
2023-03-15 00:00:00+00:00,ripple,long,0.0004,0.09268438170462683,-3.7073752681850734e-05,False
2023-03-15 08:00:00+00:00,ethereum,long,0.00073464,0.18467789958080513,-0.00013567177214804268,False
2023-03-15 08:00:00+00:00,ripple,long,0.0004,0.04622969844001403,-1.8491879376005614e-05,False
2023-03-15 16:00:00+00:00,ethereum,long,0.0004,0.17691198267655536,-7.076479307062214e-05,False
2023-03-15 16:00:00+00:00,ripple,long,0.0004,0.04454075037718817,-1.7816300150875268e-05,False
2023-03-16 00:00:00+00:00,ethereum,long,0.0004,0.17854355060834182,-7.141742024333674e-05,False
2023-03-16 00:00:00+00:00,ripple,long,0.0003218,0.044360233234309265,-1.4275123054800722e-05,False
2023-03-16 08:00:00+00:00,ethereum,long,0.0004,0.18385433160367884,-7.354173264147154e-05,False
2023-03-16 08:00:00+00:00,bitcoin,long,0.0004,0.04628753395563153,-1.8515013582252613e-05,False
2023-03-16 16:00:00+00:00,ethereum,long,0.0004,0.1845630187611932,-7.382520750447728e-05,False
2023-03-16 16:00:00+00:00,bitcoin,long,0.0004,0.04678675556076904,-1.8714702224307617e-05,False
2023-03-17 00:00:00+00:00,ethereum,long,0.00023856,0.18577489601644112,-4.4318459193682195e-05,False
2023-03-17 00:00:00+00:00,bitcoin,long,0.00013244,0.046997122337703284,-6.224298882405423e-06,False
2023-03-17 08:00:00+00:00,ethereum,long,0.00023764,0.09310604142944341,-2.2125719685292934e-05,False
2023-03-17 08:00:00+00:00,bitcoin,long,0.0004,0.04708660243060963,-1.883464097224385e-05,False
2023-03-17 08:00:00+00:00,binancecoin,long,0.0,0.1387404327528068,-0.0,False
2023-03-17 16:00:00+00:00,ethereum,long,0.0004,0.09318854423235405,-3.727541769294162e-05,False
2023-03-17 16:00:00+00:00,bitcoin,long,0.0004,0.04774842220868673,-1.9099368883474695e-05,False
2023-03-17 16:00:00+00:00,binancecoin,long,0.0,0.1391738913967506,-0.0,False
2023-03-18 00:00:00+00:00,ethereum,long,0.0004,0.09713348088731773,-3.8853392354927094e-05,False
2023-03-18 00:00:00+00:00,bitcoin,long,0.0004,0.04949067519771286,-1.9796270079085146e-05,False
2023-03-18 00:00:00+00:00,binancecoin,long,0.0,0.1425994771848113,-0.0,False
2023-03-18 08:00:00+00:00,ethereum,long,0.0004,0.04712343612603963,-1.8849374450415853e-05,False
2023-03-18 08:00:00+00:00,bitcoin,long,0.0004,0.14107941819472322,-5.643176727788929e-05,False
2023-03-18 08:00:00+00:00,binancecoin,long,0.0,0.14168572661997986,-0.0,False
2023-03-18 16:00:00+00:00,ethereum,long,0.0004,0.0463816088297433,-1.855264353189732e-05,False
2023-03-18 16:00:00+00:00,bitcoin,long,0.0004,0.14039568228034036,-5.615827291213615e-05,False
2023-03-18 16:00:00+00:00,binancecoin,long,0.0,0.1368717228293981,-0.0,False
2023-03-19 00:00:00+00:00,ethereum,long,0.0004,0.04565666485776743,-1.8262665943106973e-05,False
2023-03-19 00:00:00+00:00,bitcoin,long,0.0004,0.13874868312187108,-5.5499473248748436e-05,False
2023-03-19 00:00:00+00:00,binancecoin,long,0.0,0.13626636905932493,-0.0,False
2023-03-19 08:00:00+00:00,ethereum,long,0.0004,0.04655706793029793,-1.8622827172119173e-05,False
2023-03-19 08:00:00+00:00,bitcoin,long,0.0004,0.18558338022414558,-7.423335208965824e-05,False
2023-03-19 08:00:00+00:00,binancecoin,long,0.0,0.14048846979304497,-0.0,False
2023-03-19 16:00:00+00:00,ethereum,long,0.0004,0.04707035082646214,-1.8828140330584857e-05,False
2023-03-19 16:00:00+00:00,bitcoin,long,0.0004,0.18958332185665458,-7.583332874266184e-05,False
2023-03-19 16:00:00+00:00,binancecoin,long,0.0,0.14192014609427323,-0.0,False
2023-03-20 00:00:00+00:00,ethereum,long,0.0004,0.04670821872180641,-1.8683287488722563e-05,False
2023-03-20 00:00:00+00:00,bitcoin,long,0.0004,0.19236122345894882,-7.694448938357953e-05,False
2023-03-20 00:00:00+00:00,binancecoin,long,0.0,0.14055126261327427,-0.0,False
2023-03-20 08:00:00+00:00,ethereum,long,0.0004,0.047410712525603256,-1.8964285010241302e-05,False
2023-03-20 08:00:00+00:00,bitcoin,long,0.00036324,0.8639113016384782,-0.00031380714120716086,False
2023-03-20 08:00:00+00:00,binancecoin,long,0.0,0.1401138774927477,-0.0,False
2023-03-20 16:00:00+00:00,ethereum,long,0.00032776,0.046643581445899855,-1.5287900254708137e-05,False
2023-03-20 16:00:00+00:00,bitcoin,long,0.0004,0.8490039672552098,-0.00033960158690208393,False
2023-03-20 16:00:00+00:00,binancecoin,long,0.0,0.14113495706111967,-0.0,False
2023-03-21 00:00:00+00:00,ethereum,long,0.00028424,0.04583012602563465,-1.3026755021526394e-05,False
2023-03-21 00:00:00+00:00,bitcoin,long,0.00032472,0.8498060566576497,-0.00027594902271787207,False
2023-03-21 00:00:00+00:00,binancecoin,long,0.0,0.13894214684051756,-0.0,False
2023-03-21 08:00:00+00:00,ethereum,long,0.00018444,0.04659041723218816,-8.593136554304784e-06,False
2023-03-21 08:00:00+00:00,bitcoin,long,5.016e-05,0.3265033503298894,-1.6377408052547253e-05,False
2023-03-21 08:00:00+00:00,binancecoin,long,0.0,0.13886068794553572,-0.0,False
2023-03-21 16:00:00+00:00,ethereum,long,0.0003596,0.048834965894440856,-1.7561053735640934e-05,False
2023-03-21 16:00:00+00:00,bitcoin,long,1.168e-05,0.332872938018308,-3.887955916053837e-06,False
2023-03-21 16:00:00+00:00,binancecoin,long,0.0,0.14269418734460498,-0.0,False
2023-03-22 00:00:00+00:00,ethereum,long,0.00020584,0.04852590259124712,-9.988571789382308e-06,False
2023-03-22 00:00:00+00:00,bitcoin,long,1.072e-05,0.3336433109383449,-3.576656293259057e-06,False
2023-03-22 00:00:00+00:00,binancecoin,long,0.0,0.14150944139345775,-0.0,False
2023-03-22 08:00:00+00:00,bitcoin,long,2.4e-07,0.33168388538775806,-7.960413249306193e-08,False
2023-03-22 08:00:00+00:00,binancecoin,long,0.0,0.14267635352744823,-0.0,False
2023-03-22 08:00:00+00:00,ripple,long,0.0004,0.6558948359711791,-0.00026235793438847166,False
2023-03-22 16:00:00+00:00,bitcoin,long,0.00021336,0.3375345893029012,-7.2016379973667e-05,False
2023-03-22 16:00:00+00:00,binancecoin,long,0.0,0.13905226126628883,-0.0,False
2023-03-22 16:00:00+00:00,ripple,long,0.0004,0.626041504212078,-0.00025041660168483124,False
2023-03-23 00:00:00+00:00,bitcoin,long,9.92e-06,0.3216273239321948,-3.1905430534073724e-06,False
2023-03-23 00:00:00+00:00,binancecoin,long,0.0,0.13628114622350532,-0.0,False
2023-03-23 00:00:00+00:00,ripple,long,0.00014688,0.6062256892094139,-8.904242923107872e-05,False
2023-03-23 08:00:00+00:00,bitcoin,long,0.0,0.394362996046159,-0.0,False
2023-03-23 08:00:00+00:00,binancecoin,long,0.0,0.043828508661855434,-0.0,False
2023-03-23 08:00:00+00:00,ripple,long,0.0,0.09245094016938493,-0.0,False
2023-03-23 16:00:00+00:00,bitcoin,long,0.0004,0.4079436069685293,-0.00016317744278741174,False
2023-03-23 16:00:00+00:00,binancecoin,long,0.0,0.0446934915834357,-0.0,False
2023-03-23 16:00:00+00:00,ripple,long,0.0004,0.0927492157812504,-3.7099686312500156e-05,False
2023-03-24 00:00:00+00:00,bitcoin,long,0.0004,0.4037864780940655,-0.0001615145912376262,False
2023-03-24 00:00:00+00:00,binancecoin,long,0.0,0.0445269925234132,-0.0,False
2023-03-24 00:00:00+00:00,ripple,long,0.00018368,0.09185853166248545,-1.6872575095765328e-05,False
2023-03-24 08:00:00+00:00,bitcoin,long,0.0004,0.4424288289071397,-0.00017697153156285588,False
2023-03-24 08:00:00+00:00,ripple,long,7.336e-05,0.08814729546424581,-6.466485595257073e-06,False
2023-03-24 16:00:00+00:00,bitcoin,long,0.0004,0.43828229575039074,-0.0001753129183001563,False
2023-03-24 16:00:00+00:00,ripple,long,0.0004,0.08681385869829092,-3.472554347931637e-05,False
2023-03-25 00:00:00+00:00,bitcoin,long,0.0,0.42946598389439594,-0.0,False
2023-03-25 00:00:00+00:00,ripple,long,0.0,0.08661638791005027,-0.0,False
2023-03-25 08:00:00+00:00,bitcoin,long,1.7e-05,0.4766259933454987,-8.102641886873479e-06,False
2023-03-25 08:00:00+00:00,ripple,long,0.0004,0.045427095756804196,-1.817083830272168e-05,False
2023-03-25 16:00:00+00:00,bitcoin,long,1.168e-05,0.47948442207883224,-5.60037804988076e-06,False
2023-03-25 16:00:00+00:00,ripple,long,0.0004,0.046755253918099746,-1.87021015672399e-05,False
2023-03-26 00:00:00+00:00,bitcoin,long,2.44e-06,0.4762872487267973,-1.1621408868933853e-06,False
2023-03-26 00:00:00+00:00,ripple,long,0.0004,0.04524932689521541,-1.8099730758086164e-05,False
2023-03-26 08:00:00+00:00,bitcoin,long,0.0,0.4770358517858426,-0.0,False
2023-03-26 08:00:00+00:00,ripple,long,0.00016208,0.04661324316085353,-7.55507445151114e-06,False
2023-03-26 16:00:00+00:00,bitcoin,long,0.00014536,0.4824288811915184,-7.012586216999911e-05,False
2023-03-26 16:00:00+00:00,ripple,long,0.0,0.04561508121963372,-0.0,False
2023-03-27 00:00:00+00:00,bitcoin,long,0.0001162,0.48509478226138103,-5.6368013698772476e-05,False
2023-03-27 00:00:00+00:00,ripple,long,0.0,0.045716225571917,-0.0,False
2023-03-27 08:00:00+00:00,bitcoin,long,9.636e-05,0.48218744109462525,-4.646358182387809e-05,False
2023-03-27 08:00:00+00:00,ripple,long,0.0002644,0.04694426104105335,-1.2412062619254504e-05,False
2023-03-27 16:00:00+00:00,bitcoin,long,0.0,0.4664353827041431,-0.0,False
2023-03-27 16:00:00+00:00,ripple,long,0.0004,0.04672051747388125,-1.86882069895525e-05,False
2023-03-28 00:00:00+00:00,bitcoin,long,0.0,0.47037595566485935,-0.0,False
2023-03-28 00:00:00+00:00,ripple,long,0.00016624,0.048879285316048564,-8.125692390939914e-06,False
2023-03-28 08:00:00+00:00,bitcoin,long,4.492e-05,0.4677350311567443,-2.1010657599560953e-05,False
2023-03-28 08:00:00+00:00,ripple,long,0.0001924,0.0493329024111372,-9.491650423902796e-06,False
2023-03-28 16:00:00+00:00,bitcoin,long,0.00030124,0.46826127343689805,-0.00014105902601013116,False
2023-03-28 16:00:00+00:00,ripple,long,0.00012132,0.050820439551788214,-6.165535726422946e-06,False
2023-03-29 00:00:00+00:00,bitcoin,long,0.000243,0.47277682766284485,-0.0001148847691220713,False
2023-03-29 00:00:00+00:00,ripple,long,0.0001922,0.05253785022035577,-1.009777481235238e-05,False
2023-03-29 08:00:00+00:00,bitcoin,long,0.00028392,0.4942095978891479,-0.00014031598903268687,False
2023-03-29 08:00:00+00:00,ripple,long,0.00015036,0.04357361227896353,-6.551728342264956e-06,False
2023-03-29 16:00:00+00:00,bitcoin,long,0.0004,0.5004982432605918,-0.00020019929730423673,False
2023-03-29 16:00:00+00:00,ripple,long,0.0004,0.04254605078336844,-1.7018420313347378e-05,False
2023-03-30 00:00:00+00:00,bitcoin,long,0.00027948,0.49881050058261495,-0.0001394075587028292,False
2023-03-30 00:00:00+00:00,ripple,long,0.0,0.04238495666762066,-0.0,False
2023-03-30 08:00:00+00:00,bitcoin,long,0.00022552,0.4940835121569674,-0.00011142571366163928,False
2023-03-30 08:00:00+00:00,ripple,long,0.0004,0.5445601268352167,-0.0002178240507340867,False
2023-03-30 16:00:00+00:00,bitcoin,long,4.492e-05,0.48689446816564735,-2.1871299510000878e-05,False
2023-03-30 16:00:00+00:00,ripple,long,0.0004,0.5394927542561649,-0.000215797101702466,False
2023-03-31 00:00:00+00:00,bitcoin,long,0.0,0.48205096418049315,-0.0,False
2023-03-31 00:00:00+00:00,ripple,long,0.0002118,0.5388745348015206,-0.00011413362647096206,False
2023-03-31 08:00:00+00:00,bitcoin,long,0.00025432,0.34616117457335255,-8.803570991749502e-05,False
2023-03-31 08:00:00+00:00,ripple,long,0.00036032,0.16464355485543444,-5.932436568551014e-05,False
2023-03-31 16:00:00+00:00,bitcoin,long,0.0004,0.35560780547515153,-0.00014224312219006063,False
2023-03-31 16:00:00+00:00,ripple,long,8.208e-05,0.16356692896038758,-1.3425573529068612e-05,False
2023-04-01 00:00:00+00:00,bitcoin,long,0.0004,0.35525984396168586,-0.00014210393758467435,False
2023-04-01 00:00:00+00:00,ripple,long,0.00035008,0.1657201807504813,-5.80153208771285e-05,False
2023-04-01 08:00:00+00:00,bitcoin,long,0.0004,0.17573401421813037,-7.029360568725216e-05,False
2023-04-01 08:00:00+00:00,ripple,long,0.0,0.7896552328679741,-0.0,False
2023-04-01 16:00:00+00:00,bitcoin,long,0.0003536,0.17558310960719495,-6.208618755710413e-05,False
2023-04-01 16:00:00+00:00,ripple,long,4.684e-05,0.7935662611439711,-3.7170643671983604e-05,False
2023-04-02 00:00:00+00:00,bitcoin,long,0.00018108,0.17590711250187444,-3.185325993183942e-05,False
2023-04-02 00:00:00+00:00,ripple,long,6.608e-05,0.7897949124492596,-5.218964781464708e-05,False
2023-04-02 08:00:00+00:00,bitcoin,long,0.00027572,0.04291104296109533,-1.1831432765233206e-05,False
2023-04-02 08:00:00+00:00,ripple,long,0.0,0.9129216249993918,-0.0,False
2023-04-02 16:00:00+00:00,bitcoin,long,0.00018056,0.04247820260195032,-7.66986426180815e-06,False
2023-04-02 16:00:00+00:00,ripple,long,0.00015168,0.9267190187280806,-0.00014056474076067527,False
2023-04-03 00:00:00+00:00,bitcoin,long,7.036e-05,0.04253034822193943,-2.9924353008956582e-06,False
2023-04-03 00:00:00+00:00,ripple,long,0.0001724,0.9205137475794821,-0.0001586965700827027,False
2023-04-03 08:00:00+00:00,bitcoin,long,0.0,0.04221764061895234,-0.0,False
2023-04-03 08:00:00+00:00,ripple,long,0.000331,0.9130638661718526,-0.00030222413970288324,False
2023-04-03 16:00:00+00:00,bitcoin,long,0.00022752,0.04234742325960869,-9.63488574002617e-06,False
2023-04-03 16:00:00+00:00,ripple,long,6.88e-05,0.9034625870307545,-6.215822598771592e-05,False
2023-04-04 00:00:00+00:00,bitcoin,long,0.0,0.04197932320538499,-0.0,False
2023-04-04 00:00:00+00:00,ripple,long,0.0,0.8806862192904835,-0.0,False
2023-04-04 08:00:00+00:00,bitcoin,long,0.0,0.042304549985600855,-0.0,False
2023-04-04 08:00:00+00:00,ripple,long,0.0,0.8818241486701692,-0.0,False
2023-04-04 16:00:00+00:00,bitcoin,long,0.0,0.042321493914250656,-0.0,False
2023-04-04 16:00:00+00:00,ripple,long,0.00021244,0.885077915490208,-0.00018802595236673978,False
2023-04-05 00:00:00+00:00,bitcoin,long,0.0001104,0.04253182817292667,-4.695513830291104e-06,False
2023-04-05 00:00:00+00:00,ripple,long,0.0,0.8929723005617772,-0.0,False
2023-04-05 08:00:00+00:00,ripple,long,0.0004,0.882385883668553,-0.0003529543534674212,False
2023-04-05 08:00:00+00:00,dogecoin,long,0.0004,0.07485906668285482,-2.994362667314193e-05,False
2023-04-05 16:00:00+00:00,ripple,long,0.0004,0.8499015832042597,-0.00033996063328170387,False
2023-04-05 16:00:00+00:00,dogecoin,long,0.0004,0.07383751194723914,-2.9535004778895657e-05,False
2023-04-06 00:00:00+00:00,ripple,long,0.0,0.8540614675947937,-0.0,False
2023-04-06 00:00:00+00:00,dogecoin,long,0.0004,0.07172475101676128,-2.868990040670451e-05,False
2023-04-06 08:00:00+00:00,ripple,long,2.972e-05,0.7597629612133386,-2.2580155207260425e-05,False
2023-04-06 08:00:00+00:00,dogecoin,long,0.0004,0.1456861777901018,-5.827447111604072e-05,False
2023-04-06 16:00:00+00:00,ripple,long,0.00024656,0.7726289041227475,-0.00019049938260050464,False
2023-04-06 16:00:00+00:00,dogecoin,long,0.0004,0.1445024545386172,-5.7800981815446884e-05,False
2023-04-07 00:00:00+00:00,ripple,long,6.916e-05,0.7679378774324999,-5.3110583603231684e-05,False
2023-04-07 00:00:00+00:00,dogecoin,long,6.928e-05,0.1368708078847368,-9.482409570254565e-06,False
2023-04-07 08:00:00+00:00,ripple,long,0.0,0.7748445356213989,-0.0,False
2023-04-07 08:00:00+00:00,dogecoin,long,0.0004,0.13313518261006518,-5.325407304402608e-05,False
2023-04-07 16:00:00+00:00,ripple,long,1.496e-05,0.7750584586626478,-1.159487454159321e-05,False
2023-04-07 16:00:00+00:00,dogecoin,long,1.848e-05,0.13203486533293993,-2.44000431135273e-06,False
2023-04-08 00:00:00+00:00,ripple,long,0.0,0.782622166192526,-0.0,False
2023-04-08 00:00:00+00:00,dogecoin,long,8.952e-05,0.13176379591627205,-1.1795495010424674e-05,False
2023-04-08 08:00:00+00:00,ripple,long,0.0004,0.8419229535992623,-0.00033676918143970495,False
2023-04-08 08:00:00+00:00,dogecoin,long,0.0002892,0.07309127030972143,-2.1137995373571436e-05,False
2023-04-08 16:00:00+00:00,ripple,long,0.00028328,0.8394646157896581,-0.00023780353636089436,False
2023-04-08 16:00:00+00:00,dogecoin,long,0.0004,0.07316089699159513,-2.9264358796638054e-05,False
2023-04-09 00:00:00+00:00,ripple,long,7.056e-05,0.8319576110690549,-5.8702929037032514e-05,False
2023-04-09 00:00:00+00:00,dogecoin,long,0.00020772,0.07161677108472518,-1.4876235689719114e-05,False
2023-04-09 08:00:00+00:00,ripple,long,0.00011468,0.9008904936745898,-0.00010331412181460196,False
2023-04-09 16:00:00+00:00,ripple,long,0.0,0.8987216599917218,-0.0,False
2023-04-10 00:00:00+00:00,ripple,long,0.0,0.9049772216059443,-0.0,False
2023-04-10 08:00:00+00:00,ripple,long,0.0,0.905963055098157,-0.0,False
2023-04-10 16:00:00+00:00,ripple,long,0.00038356,0.9036329032074725,-0.00034659743635425815,False
2023-04-11 00:00:00+00:00,ripple,long,0.0,0.9268089523971275,-0.0,False
2023-04-11 08:00:00+00:00,ripple,long,0.0004,0.9369719994895747,-0.00037478879979582986,False
2023-04-11 16:00:00+00:00,ripple,long,0.0004,0.9299277710815821,-0.00037197110843263285,False
2023-04-12 00:00:00+00:00,ripple,long,0.00038212,0.9252674673002129,-0.0003535632046047574,False
2023-04-12 08:00:00+00:00,ripple,long,0.0004,0.9073073734966289,-0.0003629229493986516,False
2023-04-12 16:00:00+00:00,ripple,long,0.0004,0.8997971147104994,-0.0003599188458841998,False
2023-04-13 00:00:00+00:00,ripple,long,0.0,0.9039555396231057,-0.0,False
2023-04-13 08:00:00+00:00,ripple,long,0.0,0.8292431549110096,-0.0,False
2023-04-13 08:00:00+00:00,bitcoin,long,0.00017708,0.08014710023427263,-1.4192448509484998e-05,False
2023-04-13 16:00:00+00:00,ripple,long,0.0004,0.8335457699232729,-0.00033341830796930916,False
2023-04-13 16:00:00+00:00,bitcoin,long,0.0004,0.08113675489543669,-3.245470195817468e-05,False
2023-04-14 00:00:00+00:00,ripple,long,0.0004,0.8375375496304676,-0.00033501501985218704,False
2023-04-14 00:00:00+00:00,bitcoin,long,0.0,0.0809601060565988,-0.0,False
2023-04-14 08:00:00+00:00,ripple,long,0.0004,0.7869296581043825,-0.000314771863241753,False
2023-04-14 08:00:00+00:00,bitcoin,long,0.0004,0.08308932884118593,-3.323573153647437e-05,False
2023-04-14 08:00:00+00:00,cardano,long,0.0004,0.08255627304225194,-3.302250921690078e-05,False
2023-04-14 16:00:00+00:00,ripple,long,0.0004,0.7672087167179585,-0.00030688348668718343,False
2023-04-14 16:00:00+00:00,bitcoin,long,0.0001368,0.0817014899464495,-1.1176763824674291e-05,False
2023-04-14 16:00:00+00:00,cardano,long,0.0004,0.08116300644450435,-3.246520257780174e-05,False
2023-04-15 00:00:00+00:00,ripple,long,0.0004,0.7787610444386529,-0.0003115044177754612,False
2023-04-15 00:00:00+00:00,bitcoin,long,0.0,0.08223218350091407,-0.0,False
2023-04-15 00:00:00+00:00,cardano,long,0.0004,0.08317402426226281,-3.3269609704905124e-05,False
2023-04-15 08:00:00+00:00,ripple,long,0.0004,0.7773300464242185,-0.00031093201856968744,False
2023-04-15 08:00:00+00:00,bitcoin,long,0.0003382,0.08216766050269293,-2.7789102782010748e-05,False
2023-04-15 08:00:00+00:00,cardano,long,0.0004,0.08484480371576911,-3.3937921486307646e-05,False
2023-04-15 16:00:00+00:00,ripple,long,0.0004,0.7767636097101716,-0.00031070544388406865,False
2023-04-15 16:00:00+00:00,bitcoin,long,0.0004,0.08189886871613351,-3.2759547486453406e-05,False
2023-04-15 16:00:00+00:00,cardano,long,0.0004,0.08661442336447715,-3.464576934579086e-05,False
2023-04-16 00:00:00+00:00,ripple,long,0.0004,0.7739612385985709,-0.00030958449543942837,False
2023-04-16 00:00:00+00:00,bitcoin,long,0.00028576,0.0818180798699521,-2.338033450363751e-05,False
2023-04-16 00:00:00+00:00,cardano,long,0.0004,0.08595295436581936,-3.438118174632775e-05,False
2023-04-16 08:00:00+00:00,ripple,long,0.0004,0.5406786837761781,-0.00021627147351047126,False
2023-04-16 08:00:00+00:00,cardano,long,0.0004,0.08296365964731052,-3.318546385892421e-05,False
2023-04-16 16:00:00+00:00,ripple,long,0.0004,0.5408347688465523,-0.00021633390753862094,False
2023-04-16 16:00:00+00:00,cardano,long,0.0004,0.08232883225630375,-3.29315329025215e-05,False
2023-04-17 00:00:00+00:00,ripple,long,0.0004,0.541719250912006,-0.00021668770036480242,False
2023-04-17 00:00:00+00:00,cardano,long,0.0004,0.08302070210853142,-3.320828084341257e-05,False
2023-04-17 08:00:00+00:00,ripple,long,0.0004,0.38167626642117214,-0.00015267050656846885,False
2023-04-17 08:00:00+00:00,cardano,long,0.0004,0.16095723557058045,-6.438289422823219e-05,False
2023-04-17 16:00:00+00:00,ripple,long,0.0004,0.37808713790379883,-0.00015123485516151954,False
2023-04-17 16:00:00+00:00,cardano,long,0.0004,0.1592436754326271,-6.369747017305084e-05,False
2023-04-18 00:00:00+00:00,ripple,long,0.0004,0.3802093404503785,-0.0001520837361801514,False
2023-04-18 00:00:00+00:00,cardano,long,0.0004,0.15932439989308744,-6.372975995723499e-05,False
2023-04-18 08:00:00+00:00,ripple,long,0.0004,0.2291413871160243,-9.165655484640972e-05,False
2023-04-18 08:00:00+00:00,cardano,long,0.0004,0.24751674670733184,-9.900669868293274e-05,False
2023-04-18 16:00:00+00:00,ripple,long,0.0004,0.23111015427064804,-9.244406170825923e-05,False
2023-04-18 16:00:00+00:00,cardano,long,0.0004,0.24721421378921962,-9.888568551568785e-05,False
2023-04-19 00:00:00+00:00,ripple,long,0.0004,0.23656759459994356,-9.462703783997742e-05,False
2023-04-19 00:00:00+00:00,cardano,long,0.0004,0.24827868146405876,-9.93114725856235e-05,False
2023-04-19 08:00:00+00:00,ripple,long,0.0004,0.23181677724488092,-9.272671089795237e-05,False
2023-04-19 08:00:00+00:00,cardano,long,0.0004,0.24318044154772397,-9.727217661908959e-05,False
2023-04-19 16:00:00+00:00,ripple,long,0.0,0.22054636301434877,-0.0,False
2023-04-19 16:00:00+00:00,cardano,long,0.0003408,0.23561151613347303,-8.029640469828761e-05,False
2023-04-20 00:00:00+00:00,ripple,long,0.0,0.2180620721804105,-0.0,False
2023-04-20 00:00:00+00:00,cardano,long,0.0004,0.23306239617530564,-9.322495847012225e-05,False
2023-04-20 08:00:00+00:00,ripple,long,0.0004,0.1476998987329162,-5.907995949316648e-05,False
2023-04-20 08:00:00+00:00,cardano,long,0.0004,0.07921266609777043,-3.1685066439108175e-05,False
2023-04-20 16:00:00+00:00,ripple,long,0.0004,0.1442811419320547,-5.771245677282189e-05,False
2023-04-20 16:00:00+00:00,cardano,long,0.0004,0.07728361947153625,-3.0913447788614504e-05,False
2023-04-21 00:00:00+00:00,ripple,long,0.0,0.14247721494582316,-0.0,False
2023-04-21 00:00:00+00:00,cardano,long,0.0004,0.07616690313070837,-3.046676125228335e-05,False
2023-04-23 08:00:00+00:00,binancecoin,long,0.0,0.11714458141376863,-0.0,False
2023-04-23 16:00:00+00:00,binancecoin,long,0.0,0.11644247985426003,-0.0,False
2023-04-24 00:00:00+00:00,binancecoin,long,0.0,0.11724741447046433,-0.0,False
2023-04-24 08:00:00+00:00,binancecoin,long,0.0,0.03869478754419509,-0.0,False
2023-04-24 16:00:00+00:00,binancecoin,long,0.0,0.03872181889255849,-0.0,False
2023-04-25 00:00:00+00:00,binancecoin,long,0.0,0.03887342949859667,-0.0,False
2023-04-25 08:00:00+00:00,binancecoin,long,0.0,0.3482609056428116,-0.0,False
2023-04-25 16:00:00+00:00,binancecoin,long,0.0,0.351638276254475,-0.0,False
2023-04-26 00:00:00+00:00,binancecoin,long,0.0,0.35794834799288067,-0.0,False
2023-04-26 08:00:00+00:00,binancecoin,long,0.0,0.46897799699559856,-0.0,False
2023-04-26 08:00:00+00:00,internet-computer,long,0.00032168,0.45808000323051573,-0.0001473551754391923,False
2023-04-26 16:00:00+00:00,binancecoin,long,0.0,0.47681288505479974,-0.0,False
2023-04-26 16:00:00+00:00,internet-computer,long,0.0004,0.4789018215591755,-0.0001915607286236702,False
2023-04-27 00:00:00+00:00,binancecoin,long,0.0,0.46062728890403015,-0.0,False
2023-04-27 00:00:00+00:00,internet-computer,long,0.0004,0.44573803833409237,-0.00017829521533363696,False
2023-04-27 08:00:00+00:00,binancecoin,long,0.0,0.4570682606128609,-0.0,False
2023-04-27 16:00:00+00:00,binancecoin,long,0.0,0.45828441901802314,-0.0,False
2023-04-28 00:00:00+00:00,binancecoin,long,0.0,0.4566260211928019,-0.0,False
2023-04-28 08:00:00+00:00,binancecoin,long,0.0,0.3394379124180001,-0.0,False
2023-04-28 08:00:00+00:00,bitcoin,long,0.0004,0.15159927707437756,-6.063971082975103e-05,False
2023-04-28 08:00:00+00:00,cardano,long,0.00039128,0.15233070356649261,-5.960395769149723e-05,False
2023-04-28 08:00:00+00:00,internet-computer,long,0.0,0.2664550570775919,-0.0,False
2023-04-28 16:00:00+00:00,binancecoin,long,0.0,0.3349731339517011,-0.0,False
2023-04-28 16:00:00+00:00,bitcoin,long,0.00017904,0.14986178875797165,-2.6831254659227243e-05,False
2023-04-28 16:00:00+00:00,cardano,long,0.00037792,0.14903636407939086,-5.63238227128834e-05,False
2023-04-28 16:00:00+00:00,internet-computer,long,0.0004,0.26499539292029434,-0.00010599815716811774,False
2023-04-29 00:00:00+00:00,binancecoin,long,0.0,0.337612360475004,-0.0,False
2023-04-29 00:00:00+00:00,bitcoin,long,1.48e-06,0.15068268381536745,-2.2301037204674384e-07,False
2023-04-29 00:00:00+00:00,cardano,long,0.00032612,0.1500391506199968,-4.893076780019335e-05,False
2023-04-29 00:00:00+00:00,internet-computer,long,0.0004,0.26716277303264524,-0.0001068651092130581,False
2023-04-29 08:00:00+00:00,binancecoin,long,0.0,0.19349850737219704,-0.0,False
2023-04-29 08:00:00+00:00,bitcoin,long,0.00027004,0.15486188003838502,-4.181890208556549e-05,False
2023-04-29 08:00:00+00:00,cardano,long,0.0004,0.11587841562344552,-4.635136624937821e-05,False
2023-04-29 08:00:00+00:00,internet-computer,long,0.0004,0.44904173268137915,-0.00017961669307255167,False
2023-04-29 16:00:00+00:00,binancecoin,long,0.0,0.19311518782931716,-0.0,False
2023-04-29 16:00:00+00:00,bitcoin,long,0.00031304,0.15448900811264876,-4.836123909958357e-05,False
2023-04-29 16:00:00+00:00,cardano,long,0.0002284,0.11608502366477304,-2.6513819405034163e-05,False
2023-04-29 16:00:00+00:00,internet-computer,long,0.0004,0.4701181913896877,-0.0001880472765558751,False
2023-04-30 00:00:00+00:00,binancecoin,long,0.0,0.1926180702971448,-0.0,False
2023-04-30 00:00:00+00:00,bitcoin,long,0.00012528,0.15422301804184668,-1.9321059700282553e-05,False
2023-04-30 00:00:00+00:00,cardano,long,0.00028188,0.11543076486723587,-3.253762400077644e-05,False
2023-04-30 00:00:00+00:00,internet-computer,long,0.0004,0.45887269832048955,-0.00018354907932819584,False
2023-04-30 08:00:00+00:00,binancecoin,long,0.0,0.03962263946298008,-0.0,False
2023-04-30 08:00:00+00:00,bitcoin,long,0.00014004,0.1589779211996896,-2.226326808480453e-05,False
2023-04-30 08:00:00+00:00,cardano,long,0.00029016,0.07938090939318651,-2.3033164669526995e-05,False
2023-04-30 08:00:00+00:00,internet-computer,long,0.0004,0.6180724937479148,-0.00024722899749916595,False
2023-04-30 16:00:00+00:00,binancecoin,long,0.0,0.0399482644417569,-0.0,False
2023-04-30 16:00:00+00:00,bitcoin,long,0.00024312,0.16113227965540775,-3.917447982982273e-05,False
2023-04-30 16:00:00+00:00,cardano,long,0.00031096,0.08054364411093574,-2.5045851572736577e-05,False
2023-04-30 16:00:00+00:00,internet-computer,long,0.0004,0.6272032205139535,-0.0002508812882055814,False
2023-05-01 00:00:00+00:00,binancecoin,long,0.0,0.04151595136609532,-0.0,False
2023-05-01 00:00:00+00:00,bitcoin,long,9.74e-05,0.1588055268558563,-1.5467658315760404e-05,False
2023-05-01 00:00:00+00:00,cardano,long,0.0,0.07821223224928184,-0.0,False
2023-05-01 00:00:00+00:00,internet-computer,long,0.0004,0.6209865554817569,-0.0002483946221927028,False
2023-05-01 08:00:00+00:00,bitcoin,long,0.0,0.03797395797990719,-0.0,False
2023-05-01 08:00:00+00:00,internet-computer,long,0.0004,0.38234209809300124,-0.00015293683923720051,False
2023-05-01 16:00:00+00:00,bitcoin,long,2.264e-05,0.0373773074799251,-8.462222413455043e-07,False
2023-05-01 16:00:00+00:00,internet-computer,long,0.0004,0.36672477814136784,-0.00014668991125654714,False
2023-05-02 00:00:00+00:00,bitcoin,long,3.872e-05,0.03722621034977147,-1.4413988647431515e-06,False
2023-05-02 00:00:00+00:00,internet-computer,long,0.00029972,0.36120540402191503,-0.00010826048369344838,False
2023-05-02 08:00:00+00:00,bitcoin,long,0.0002454,0.03721819360112312,-9.133344709715613e-06,False
2023-05-02 08:00:00+00:00,internet-computer,long,0.0004,0.3560623508651522,-0.00014242494034606088,False
2023-05-02 16:00:00+00:00,bitcoin,long,4.816e-05,0.03784619436651482,-1.8226727206913537e-06,False
2023-05-02 16:00:00+00:00,internet-computer,long,0.00019184,0.35857115728308525,-6.878829081318708e-05,False
2023-05-03 00:00:00+00:00,bitcoin,long,0.00034272,0.0380266906659666,-1.3032507425040076e-05,False
2023-05-03 00:00:00+00:00,internet-computer,long,0.0,0.35875931776443026,-0.0,False
2023-05-03 08:00:00+00:00,bitcoin,long,0.0002174,0.07242527012657174,-1.5745253725516697e-05,False
2023-05-03 08:00:00+00:00,internet-computer,long,0.0004,0.34733913694327806,-0.00013893565477731123,False
2023-05-03 16:00:00+00:00,bitcoin,long,0.00022804,0.0715735547977906,-1.6321633436088167e-05,False
2023-05-03 16:00:00+00:00,internet-computer,long,0.0004,0.33462218650600495,-0.00013384887460240197,False
2023-05-04 00:00:00+00:00,bitcoin,long,0.0004,0.07341326800194727,-2.936530720077891e-05,False
2023-05-04 00:00:00+00:00,internet-computer,long,0.00033884,0.35262796212513464,-0.00011948445868648061,False
2023-05-04 08:00:00+00:00,bitcoin,long,0.00039968,0.0734941067211224,-2.9374124574298204e-05,False
2023-05-04 08:00:00+00:00,internet-computer,long,0.00037228,0.35381646216600127,-0.00013171879253515896,False
2023-05-04 16:00:00+00:00,bitcoin,long,0.00017256,0.07297158911764304,-1.2591977418140482e-05,False
2023-05-04 16:00:00+00:00,internet-computer,long,0.0004,0.3477551119575814,-0.00013910204478303256,False
2023-05-05 00:00:00+00:00,bitcoin,long,0.00014924,0.07288113878605032,-1.087678115243015e-05,False
2023-05-05 00:00:00+00:00,internet-computer,long,0.0004,0.35120176207609466,-0.00014048070483043787,False
2023-05-05 08:00:00+00:00,bitcoin,long,0.00039636,0.07349312026616377,-2.912973314869667e-05,False
2023-05-05 08:00:00+00:00,internet-computer,long,0.00021828,0.349834987029098,-7.63619809687115e-05,False
2023-05-05 16:00:00+00:00,bitcoin,long,0.00034192,0.07421540764562724,-2.5375732182192866e-05,False
2023-05-05 16:00:00+00:00,internet-computer,long,0.0004,0.3527468121292213,-0.00014109872485168853,False
2023-05-06 00:00:00+00:00,bitcoin,long,0.0004,0.07463070518321695,-2.985228207328678e-05,False
2023-05-06 00:00:00+00:00,internet-computer,long,0.0004,0.3533410621496546,-0.00014133642485986185,False
2023-05-06 08:00:00+00:00,bitcoin,long,0.0004,0.07426204925956936,-2.9704819703827746e-05,False
2023-05-06 08:00:00+00:00,internet-computer,long,0.0004,0.34080238671851154,-0.00013632095468740462,False
2023-05-06 16:00:00+00:00,bitcoin,long,0.0004,0.07224345888957834,-2.8897383555831337e-05,False
2023-05-06 16:00:00+00:00,internet-computer,long,0.0004,0.330521861365015,-0.000132208744546006,False
2023-05-07 00:00:00+00:00,bitcoin,long,0.00017284,0.07292431516077873,-1.2604238632388996e-05,False
2023-05-07 00:00:00+00:00,internet-computer,long,0.00014304,0.331948061414055,-4.748185070466643e-05,False
2023-05-07 08:00:00+00:00,bitcoin,long,0.00016188,0.07124220049529911,-1.153268741617902e-05,False
2023-05-07 08:00:00+00:00,internet-computer,long,0.00038776,0.2712268379600528,-0.00010517091868739009,False
2023-05-07 08:00:00+00:00,tron,long,0.0,0.07085892317679757,-0.0,False
2023-05-07 16:00:00+00:00,bitcoin,long,0.00024184,0.07132193755246226,-1.7248497377687473e-05,False
2023-05-07 16:00:00+00:00,internet-computer,long,9.376e-05,0.2705067667088314,-2.536271444662003e-05,False
2023-05-07 16:00:00+00:00,tron,long,0.0,0.07076784486937238,-0.0,False
2023-05-08 00:00:00+00:00,bitcoin,long,2.88e-05,0.07005938483565544,-2.0177102832668763e-06,False
2023-05-08 00:00:00+00:00,internet-computer,long,0.0004,0.26580230120085174,-0.0001063209204803407,False
2023-05-08 00:00:00+00:00,tron,long,0.0,0.07003921840997085,-0.0,False
2023-05-08 08:00:00+00:00,bitcoin,long,1.628e-05,0.1033890621376515,-1.6831739316009665e-06,False
2023-05-08 08:00:00+00:00,tron,long,0.0,0.3145740096103389,-0.0,False
2023-05-08 16:00:00+00:00,bitcoin,long,0.00015608,0.10306639621339866,-1.6086603120987263e-05,False
2023-05-08 16:00:00+00:00,tron,long,0.0,0.3137939982096132,-0.0,False
2023-05-09 00:00:00+00:00,bitcoin,long,0.0002044,0.10224797254831869,-2.089948558887634e-05,False
2023-05-09 00:00:00+00:00,tron,long,0.0,0.3143445944924784,-0.0,False
2023-05-09 08:00:00+00:00,bitcoin,long,0.00027364,0.10223026031158741,-2.797428843166278e-05,False
2023-05-09 08:00:00+00:00,tron,long,2.94e-05,0.3156293191524973,-9.27950198308342e-06,False
2023-05-09 16:00:00+00:00,bitcoin,long,1.512e-05,0.10127934615755511,-1.5313437139022332e-06,False
2023-05-09 16:00:00+00:00,tron,long,0.0,0.31668462869465563,-0.0,False
2023-05-10 00:00:00+00:00,bitcoin,long,0.00015008,0.10213204799267663,-1.5327977762740907e-05,False
2023-05-10 00:00:00+00:00,tron,long,0.0,0.31677639474179986,-0.0,False
2023-05-10 08:00:00+00:00,bitcoin,long,0.0001914,0.06938272246935588,-1.3279853080634715e-05,False
2023-05-10 08:00:00+00:00,tron,long,0.0,0.34950853725969083,-0.0,False
2023-05-10 16:00:00+00:00,bitcoin,long,0.00015168,0.07090191970599874,-1.0754403181005889e-05,False
2023-05-10 16:00:00+00:00,tron,long,0.0,0.35061792808637,-0.0,False
2023-05-11 00:00:00+00:00,bitcoin,long,6.384e-05,0.06951355000225147,-4.437745032143734e-06,False
2023-05-11 00:00:00+00:00,tron,long,0.0,0.34965981782696526,-0.0,False
2023-05-11 08:00:00+00:00,bitcoin,long,0.00027704,0.06916098857715489,-1.916036027541499e-05,False
2023-05-11 08:00:00+00:00,tron,long,0.0,0.3497102446827234,-0.0,False
2023-05-11 16:00:00+00:00,bitcoin,long,0.00020828,0.06846390540775418,-1.4259662218327041e-05,False
2023-05-11 16:00:00+00:00,tron,long,0.0,0.3443145711166021,-0.0,False
2023-05-12 00:00:00+00:00,bitcoin,long,0.00014532,0.06794676995264254,-9.874024609518014e-06,False
2023-05-12 00:00:00+00:00,tron,long,0.0,0.3411376792038391,-0.0,False
2023-05-12 08:00:00+00:00,bitcoin,long,0.00015856,0.06627239931587674,-1.0508151635525415e-05,False
2023-05-12 08:00:00+00:00,tron,long,0.0,0.34123853291535533,-0.0,False
2023-05-12 16:00:00+00:00,bitcoin,long,0.00011048,0.0663055409467297,-7.3254361637946975e-06,False
2023-05-12 16:00:00+00:00,tron,long,1.592e-05,0.3445667053953928,-5.485501949894654e-06,False
2023-05-13 00:00:00+00:00,bitcoin,long,0.0,0.06748029204735176,-0.0,False
2023-05-13 00:00:00+00:00,tron,long,8.376e-05,0.3481974390099791,-2.916501749147585e-05,False
2023-05-13 08:00:00+00:00,bitcoin,long,0.0002154,0.06744037087376158,-1.4526655886208244e-05,False
2023-05-13 08:00:00+00:00,tron,long,0.0,0.34723932875057445,-0.0,False
2023-05-13 16:00:00+00:00,bitcoin,long,0.00017976,0.06755965554207112,-1.2144523680242705e-05,False
2023-05-13 16:00:00+00:00,tron,long,0.0,0.34824786586573725,-0.0,False
2023-05-14 00:00:00+00:00,bitcoin,long,6.86e-05,0.06743475065803518,-4.626023895141213e-06,False
2023-05-14 00:00:00+00:00,tron,long,0.0,0.349558964115449,-0.0,False
2023-05-14 08:00:00+00:00,bitcoin,long,0.00012156,0.03489538859540835,-4.241883437657839e-06,False
2023-05-14 08:00:00+00:00,tron,long,0.0,0.3820010800186961,-0.0,False
2023-05-14 16:00:00+00:00,bitcoin,long,0.00014148,0.035194847824589114,-4.979367070222868e-06,False
2023-05-14 16:00:00+00:00,tron,long,0.0,0.38260708115515496,-0.0,False
2023-05-15 00:00:00+00:00,bitcoin,long,0.00017628,0.03497866130644997,-6.166038415101001e-06,False
2023-05-15 00:00:00+00:00,tron,long,0.0,0.3822214440683175,-0.0,False
2023-05-15 08:00:00+00:00,tron,long,0.0,0.4209253354332662,-0.0,False
2023-05-15 16:00:00+00:00,tron,long,0.0,0.421767426701638,-0.0,False
2023-05-16 00:00:00+00:00,tron,long,0.0,0.422429069841073,-0.0,False
2023-05-16 08:00:00+00:00,tron,long,0.00023532,0.42411325237781655,-9.980233054954778e-05,False
2023-05-16 16:00:00+00:00,tron,long,0.00021504,0.4235117586146938,-9.107196857250376e-05,False
2023-05-17 00:00:00+00:00,tron,long,5.588e-05,0.4241734017541288,-2.3702809690020717e-05,False
2023-05-17 08:00:00+00:00,tron,long,0.0,0.42495534364618837,-0.0,False
2023-05-17 16:00:00+00:00,tron,long,7.568e-05,0.4234516092383816,-3.2046817787160714e-05,False
2023-05-18 00:00:00+00:00,tron,long,0.0,0.4280229618381141,-0.0,False
2023-05-18 08:00:00+00:00,tron,long,0.0,0.42507564239881285,-0.0,False
2023-05-18 16:00:00+00:00,tron,long,0.0,0.42453429801200243,-0.0,False
2023-05-19 00:00:00+00:00,tron,long,0.0,0.4220080242068871,-0.0,False
2023-05-19 08:00:00+00:00,tron,long,0.0,0.38578940218240515,-0.0,False
2023-05-19 08:00:00+00:00,ripple,long,0.0004,0.03152239611656772,-1.2608958446627089e-05,False
2023-05-19 16:00:00+00:00,tron,long,0.0,0.38760165133144703,-0.0,False
2023-05-19 16:00:00+00:00,ripple,long,0.0004,0.03190651444334285,-1.276260577733714e-05,False
2023-05-20 00:00:00+00:00,tron,long,0.0,0.38787623453584724,-0.0,False
2023-05-20 00:00:00+00:00,ripple,long,0.0,0.03201969216462481,-0.0,False
2023-05-20 08:00:00+00:00,tron,long,0.0,0.35217072091661206,-0.0,False
2023-05-20 08:00:00+00:00,ripple,long,0.0004,0.03193308343729196,-1.2773233374916785e-05,False
2023-05-20 08:00:00+00:00,litecoin,long,0.00031472,0.034961696513567446,-1.1003145126749947e-05,False
2023-05-20 16:00:00+00:00,tron,long,0.0,0.36187719308321836,-0.0,False
2023-05-20 16:00:00+00:00,ripple,long,0.0004,0.03206864971255156,-1.2827459885020623e-05,False
2023-05-20 16:00:00+00:00,litecoin,long,0.00019376,0.0353731010584868,-6.8538920610924024e-06,False
2023-05-21 00:00:00+00:00,tron,long,0.0,0.3610807645977532,-0.0,False
2023-05-21 00:00:00+00:00,ripple,long,0.0003298,0.03220972121726332,-1.0622766057453443e-05,False
2023-05-21 00:00:00+00:00,litecoin,long,0.00019772,0.03548844812715578,-7.01677596370124e-06,False
2023-05-21 08:00:00+00:00,tron,long,0.0,0.35644026858377414,-0.0,False
2023-05-21 08:00:00+00:00,ripple,long,0.0004,0.03566386337030561,-1.4265545348122244e-05,False
2023-05-21 08:00:00+00:00,litecoin,long,0.00030156,0.035846847860055764,-1.0809975440678415e-05,False
2023-05-21 16:00:00+00:00,tron,long,0.0,0.3709045113668838,-0.0,False
2023-05-21 16:00:00+00:00,ripple,long,0.0004,0.03495163618144718,-1.3980654472578872e-05,False
2023-05-21 16:00:00+00:00,litecoin,long,0.0003344,0.035425393171592164,-1.184625147658042e-05,False
2023-05-22 00:00:00+00:00,tron,long,0.0,0.36898578528341003,-0.0,False
2023-05-22 00:00:00+00:00,ripple,long,9.468e-05,0.034791080693360496,-3.2940195200473714e-06,False
2023-05-22 00:00:00+00:00,litecoin,long,0.0002176,0.03561098789678714,-7.748950966340882e-06,False
2023-05-22 08:00:00+00:00,tron,long,0.0,0.40710100853449666,-0.0,False
2023-05-22 08:00:00+00:00,litecoin,long,0.00039088,0.03613009250024888,-1.4122530556497283e-05,False
2023-05-22 16:00:00+00:00,tron,long,0.0,0.42014399886939297,-0.0,False
2023-05-22 16:00:00+00:00,litecoin,long,0.0004,0.036157897100897715,-1.4463158840359087e-05,False
2023-05-23 00:00:00+00:00,tron,long,0.0,0.41498003943067896,-0.0,False
2023-05-23 00:00:00+00:00,litecoin,long,0.0002894,0.03605065078410938,-1.0433058336921253e-05,False
2023-05-23 08:00:00+00:00,tron,long,0.0,0.4187598447930366,-0.0,False
2023-05-23 08:00:00+00:00,litecoin,long,0.0004,0.0364836081370697,-1.459344325482788e-05,False
2023-05-23 16:00:00+00:00,tron,long,0.0,0.41588506324983493,-0.0,False
2023-05-23 16:00:00+00:00,litecoin,long,0.0004,0.036364445562860434,-1.4545778225144175e-05,False
2023-05-24 00:00:00+00:00,tron,long,0.0,0.41764187419290266,-0.0,False
2023-05-24 00:00:00+00:00,litecoin,long,0.0004,0.03639622224931624,-1.4558488899726496e-05,False
2023-05-24 08:00:00+00:00,tron,long,0.0,0.41316999179236674,-0.0,False
2023-05-24 08:00:00+00:00,litecoin,long,0.0004,0.03398516616448213,-1.3594066465792855e-05,False
2023-05-24 16:00:00+00:00,tron,long,0.0004,0.4113599441540547,-0.0001645439776616219,False
2023-05-24 16:00:00+00:00,litecoin,long,0.0004,0.0341202170819193,-1.364808683276772e-05,False
2023-05-25 00:00:00+00:00,tron,long,0.0,0.4091772396490312,-0.0,False
2023-05-25 00:00:00+00:00,litecoin,long,0.00010376,0.034060635794814664,-3.5341315700699693e-06,False
2023-05-25 08:00:00+00:00,tron,long,0.0,0.41258438814467757,-0.0,False
2023-05-25 08:00:00+00:00,litecoin,long,0.0004,0.03332977200633117,-1.333190880253247e-05,False
2023-05-25 16:00:00+00:00,tron,long,0.00016596,0.411732601020766,-6.833114246540631e-05,False
2023-05-25 16:00:00+00:00,litecoin,long,0.0004,0.03356015298313575,-1.34240611932543e-05,False
2023-05-26 00:00:00+00:00,tron,long,0.0,0.4084319259156085,-0.0,False
2023-05-26 00:00:00+00:00,litecoin,long,0.00027824,0.034358542230337824,-9.559920790169197e-06,False
2023-05-28 08:00:00+00:00,tron,long,0.0,0.4378877107047924,-0.0,False
2023-05-28 16:00:00+00:00,tron,long,0.0,0.435337238664705,-0.0,False
2023-05-29 00:00:00+00:00,tron,long,0.0,0.43862451373859546,-0.0,False
2023-05-29 08:00:00+00:00,tron,long,0.0,0.43737761629677496,-0.0,False
2023-05-29 16:00:00+00:00,tron,long,0.0,0.4342036955357772,-0.0,False
2023-05-30 00:00:00+00:00,tron,long,0.0,0.4313131605570114,-0.0,False
2023-05-30 08:00:00+00:00,tron,long,0.0,0.3993106876623596,-0.0,False
2023-05-30 08:00:00+00:00,litecoin,long,0.0004,0.03620371537538493,-1.4481486150153973e-05,False
2023-05-30 16:00:00+00:00,tron,long,0.0,0.3984745443561696,-0.0,False
2023-05-30 16:00:00+00:00,litecoin,long,0.0004,0.036485873859649735,-1.4594349543859895e-05,False
2023-05-31 00:00:00+00:00,tron,long,0.0,0.39868358018271705,-0.0,False
2023-05-31 00:00:00+00:00,litecoin,long,0.00036796,0.03662099200704415,-1.3475060218911965e-05,False
2023-05-31 08:00:00+00:00,tron,long,0.0,0.35982546109493413,-0.0,False
2023-05-31 08:00:00+00:00,litecoin,long,0.0004,0.03513962649375517,-1.4055850597502068e-05,False
2023-05-31 08:00:00+00:00,ripple,long,0.0004,0.03516725505227386,-1.4066902020909545e-05,False
2023-05-31 16:00:00+00:00,tron,long,0.0,0.3574510024629232,-0.0,False
2023-05-31 16:00:00+00:00,litecoin,long,0.00034036,0.034977856374033195,-1.1905063195465939e-05,False
2023-05-31 16:00:00+00:00,ripple,long,0.0004,0.03489758342148311,-1.3959033368593245e-05,False
2023-06-01 00:00:00+00:00,tron,long,0.0,0.35711857825444165,-0.0,False
2023-06-01 00:00:00+00:00,litecoin,long,1.264e-05,0.03563677369094955,-4.504488194536023e-07,False
2023-06-01 00:00:00+00:00,ripple,long,0.00034588,0.03570867271101529,-1.235091571728597e-05,False
2023-06-01 08:00:00+00:00,tron,long,0.0,0.3199080301163843,-0.0,False
2023-06-01 08:00:00+00:00,litecoin,long,0.0004,0.03664104493129614,-1.4656417972518458e-05,False
2023-06-01 08:00:00+00:00,ripple,long,0.0004,0.07134964196655563,-2.8539856786622253e-05,False
2023-06-01 16:00:00+00:00,tron,long,0.0,0.32270555762311987,-0.0,False
2023-06-01 16:00:00+00:00,litecoin,long,0.0004,0.03768146476136004,-1.5072585904544017e-05,False
2023-06-01 16:00:00+00:00,ripple,long,0.0004,0.07146707479852184,-2.8586829919408736e-05,False
2023-06-02 00:00:00+00:00,tron,long,0.0,0.3216295855051447,-0.0,False
2023-06-02 00:00:00+00:00,litecoin,long,0.0004,0.03738363465733412,-1.4953453862933648e-05,False
2023-06-02 00:00:00+00:00,ripple,long,0.00020628,0.07161138984503454,-1.4771997497233726e-05,False
2023-06-02 08:00:00+00:00,tron,long,5.636e-05,0.29123996395199675,-1.6414284368334536e-05,False
2023-06-02 08:00:00+00:00,litecoin,long,0.0004,0.0357200031865924,-1.428800127463696e-05,False
2023-06-02 08:00:00+00:00,ripple,long,0.0004,0.10833011563019855,-4.333204625207942e-05,False
2023-06-02 16:00:00+00:00,tron,long,0.0,0.2914691965092198,-0.0,False
2023-06-02 16:00:00+00:00,litecoin,long,0.0004,0.03583745334556402,-1.4334981338225608e-05,False
2023-06-02 16:00:00+00:00,ripple,long,0.0004,0.10903669867270634,-4.361467946908253e-05,False
2023-06-03 00:00:00+00:00,tron,long,0.0,0.31515656075561077,-0.0,False
2023-06-03 00:00:00+00:00,litecoin,long,0.0004,0.036132973100395815,-1.4453189240158327e-05,False
2023-06-03 00:00:00+00:00,ripple,long,0.0004,0.11017227856245103,-4.4068911424980415e-05,False
2023-06-03 08:00:00+00:00,tron,long,0.0,0.3206581421289661,-0.0,False
2023-06-03 08:00:00+00:00,litecoin,long,0.0004,0.0359094389268692,-1.436377557074768e-05,False
2023-06-03 08:00:00+00:00,ripple,long,0.0004,0.1102269546312165,-4.40907818524866e-05,False
2023-06-03 16:00:00+00:00,tron,long,0.0,0.3157296421486686,-0.0,False
2023-06-03 16:00:00+00:00,litecoin,long,0.0004,0.03661035116589334,-1.4644140466357337e-05,False
2023-06-03 16:00:00+00:00,ripple,long,0.0004,0.10952037158870871,-4.380814863548349e-05,False
2023-06-04 00:00:00+00:00,tron,long,0.0,0.3122911537903215,-0.0,False
2023-06-04 00:00:00+00:00,litecoin,long,0.0004,0.03635650727392243,-1.4542602909568972e-05,False
2023-06-04 00:00:00+00:00,ripple,long,0.0004,0.10901987526693234,-4.360795010677294e-05,False
2023-06-04 08:00:00+00:00,tron,long,0.0004,0.30778291349826653,-0.0001231131653993066,False
2023-06-04 08:00:00+00:00,litecoin,long,0.0004,0.03626936683339511,-1.4507746733358043e-05,False
2023-06-04 08:00:00+00:00,ripple,long,0.0004,0.11035313017452146,-4.4141252069808585e-05,False
2023-06-04 16:00:00+00:00,tron,long,0.0004,0.31232935921652544,-0.00012493174368661018,False
2023-06-04 16:00:00+00:00,litecoin,long,0.0004,0.036163282818840105,-1.4465313127536042e-05,False
2023-06-04 16:00:00+00:00,ripple,long,0.0004,0.11257592266241058,-4.503036906496423e-05,False
2023-06-05 00:00:00+00:00,tron,long,0.0004,0.3108011421683712,-0.00012432045686734848,False
2023-06-05 00:00:00+00:00,litecoin,long,0.0004,0.03566317246450936,-1.4265268985803745e-05,False
2023-06-05 00:00:00+00:00,ripple,long,0.0004,0.11257381973668884,-4.5029527894675535e-05,False
2023-06-05 08:00:00+00:00,tron,long,0.0004,0.29930055361999514,-0.00011972022144799805,False
2023-06-05 08:00:00+00:00,ripple,long,0.0004,0.15021079545220387,-6.008431818088155e-05,False
2023-06-05 16:00:00+00:00,tron,long,0.0004,0.28850104910793345,-0.00011540041964317339,False
2023-06-05 16:00:00+00:00,ripple,long,0.0004,0.14187184698298,-5.6748738793192e-05,False
2023-06-06 00:00:00+00:00,tron,long,0.0,0.2876929229199561,-0.0,False
2023-06-06 00:00:00+00:00,ripple,long,0.0,0.1430506659467468,-0.0,False
2023-06-06 08:00:00+00:00,tron,long,0.0,0.28806025300540034,-0.0,False
2023-06-06 08:00:00+00:00,ripple,long,0.00035504,0.14208566617449855,-5.0446094918593965e-05,False
2023-06-06 16:00:00+00:00,tron,long,0.00015992,0.2853052773645683,-4.562601995614176e-05,False
2023-06-06 16:00:00+00:00,ripple,long,0.0004,0.14366117600674058,-5.746447040269624e-05,False
2023-06-07 00:00:00+00:00,tron,long,0.00015004,0.28725212681742296,-4.309930910768614e-05,False
2023-06-07 00:00:00+00:00,ripple,long,0.00037256,0.14893069371350726,-5.5485619249904265e-05,False
2023-06-07 08:00:00+00:00,tron,long,0.0,0.2833584279117136,-0.0,False
2023-06-07 08:00:00+00:00,ripple,long,0.0004,0.14792911960586766,-5.917164784234707e-05,False
2023-06-07 16:00:00+00:00,tron,long,0.0,0.2807136512965148,-0.0,False
2023-06-07 16:00:00+00:00,ripple,long,0.0004,0.14547019890340418,-5.8188079561361676e-05,False
2023-06-08 00:00:00+00:00,tron,long,0.0,0.2818891075699365,-0.0,False
2023-06-08 00:00:00+00:00,ripple,long,7.32e-05,0.14568683150533748,-1.0664276066190705e-05,False
2023-06-08 08:00:00+00:00,tron,long,0.0,0.28229317066392523,-0.0,False
2023-06-08 08:00:00+00:00,ripple,long,0.00027624,0.14615104422376596,-4.0372764456373114e-05,False
2023-06-08 16:00:00+00:00,tron,long,0.0001318,0.2840930880826022,-3.7443469009286974e-05,False
2023-06-08 16:00:00+00:00,ripple,long,0.0004,0.147417078910389,-5.89668315641556e-05,False
2023-06-09 00:00:00+00:00,tron,long,6.992e-05,0.2843869521509576,-1.9884335694394955e-05,False
2023-06-09 00:00:00+00:00,ripple,long,0.00023772,0.147197632898041,-3.49918212925223e-05,False
2023-06-22 08:00:00+00:00,bitcoin-cash,long,0.00036888,0.4187226673503398,-0.00015445841753219334,False
2023-06-22 16:00:00+00:00,bitcoin-cash,long,0.0,0.41288175037276104,-0.0,False
2023-06-23 00:00:00+00:00,bitcoin-cash,long,0.00014764,0.4119237163711476,-6.081641748503623e-05,False
2023-06-23 08:00:00+00:00,bitcoin-cash,long,5.404e-05,0.44026298022532595,-2.3791811451376612e-05,False
2023-06-23 16:00:00+00:00,bitcoin-cash,long,0.0,0.5183891078407705,-0.0,False
2023-06-24 00:00:00+00:00,bitcoin-cash,long,0.00036216,0.5622114373339273,-0.00020361049414485512,False
2023-06-24 08:00:00+00:00,bitcoin-cash,long,0.0,0.26629076433699755,-0.0,False
2023-06-24 16:00:00+00:00,bitcoin-cash,long,0.0,0.2735056108317293,-0.0,False
2023-06-25 00:00:00+00:00,bitcoin-cash,long,0.0,0.3106628020084515,-0.0,False
2023-06-25 08:00:00+00:00,bitcoin-cash,long,0.0,0.20368988158355403,-0.0,False
2023-06-25 16:00:00+00:00,bitcoin-cash,long,0.0,0.19041881323745571,-0.0,False
2023-06-26 00:00:00+00:00,bitcoin-cash,long,0.0,0.1941018849956489,-0.0,False
2023-06-26 08:00:00+00:00,bitcoin-cash,long,0.0,0.4614038765302388,-0.0,False
2023-06-26 16:00:00+00:00,bitcoin-cash,long,0.0,0.53047602729987,-0.0,False
2023-06-27 00:00:00+00:00,bitcoin-cash,long,0.0,0.5336026519546114,-0.0,False
2023-06-27 08:00:00+00:00,bitcoin-cash,long,0.0,0.18095101840136407,-0.0,False
2023-06-27 16:00:00+00:00,bitcoin-cash,long,0.0,0.18629061085007967,-0.0,False
2023-06-28 00:00:00+00:00,bitcoin-cash,long,0.0,0.1898696256028565,-0.0,False
2023-06-28 08:00:00+00:00,bitcoin-cash,long,0.0,0.3629381147341849,-0.0,False
2023-06-28 16:00:00+00:00,bitcoin-cash,long,0.0,0.37852171400146,-0.0,False
2023-06-29 00:00:00+00:00,bitcoin-cash,long,0.0,0.36693181956732546,-0.0,False
2023-06-29 08:00:00+00:00,bitcoin-cash,long,0.0,0.1835649954200251,-0.0,False
2023-06-29 16:00:00+00:00,bitcoin-cash,long,0.0,0.19390138522624714,-0.0,False
2023-06-30 00:00:00+00:00,bitcoin-cash,long,0.0,0.20241229333160268,-0.0,False
2023-06-30 08:00:00+00:00,bitcoin-cash,long,0.0,0.24116374698157525,-0.0,False
2023-06-30 16:00:00+00:00,bitcoin-cash,long,0.0,0.23611164630944037,-0.0,False
2023-07-01 00:00:00+00:00,bitcoin-cash,long,0.0,0.2433975601155303,-0.0,False
2023-07-01 08:00:00+00:00,bitcoin-cash,long,0.0,0.2471244919768101,-0.0,False
2023-07-01 16:00:00+00:00,bitcoin-cash,long,0.0,0.24324172872754696,-0.0,False
2023-07-02 00:00:00+00:00,bitcoin-cash,long,0.0,0.24346766538213768,-0.0,False
2023-07-02 08:00:00+00:00,bitcoin-cash,long,0.0,0.24079826564826926,-0.0,False
2023-07-02 16:00:00+00:00,bitcoin-cash,long,0.0,0.24682324310402243,-0.0,False
2023-07-03 00:00:00+00:00,bitcoin-cash,long,0.0,0.2499696202198047,-0.0,False
2023-07-03 08:00:00+00:00,bitcoin-cash,long,0.0,0.24675629891006964,-0.0,False
2023-07-03 16:00:00+00:00,bitcoin-cash,long,0.0,0.24264759900621574,-0.0,False
2023-07-04 00:00:00+00:00,bitcoin-cash,long,0.0,0.24430446780654785,-0.0,False
2023-07-04 08:00:00+00:00,bitcoin-cash,long,0.0,0.2344469352469961,-0.0,False
2023-07-04 16:00:00+00:00,bitcoin-cash,long,0.0,0.23297416298003423,-0.0,False
2023-07-05 00:00:00+00:00,bitcoin-cash,long,0.0,0.22773577980322657,-0.0,False
2023-07-05 08:00:00+00:00,bitcoin-cash,long,0.0,0.22848890198519572,-0.0,False
2023-07-05 16:00:00+00:00,bitcoin-cash,long,0.00021488,0.21202063027280368,-4.555899303302006e-05,False
2023-07-06 00:00:00+00:00,bitcoin-cash,long,0.0,0.2269993936697456,-0.0,False
2023-07-06 08:00:00+00:00,bitcoin-cash,long,0.0,0.24411200324893353,-0.0,False
2023-07-06 16:00:00+00:00,bitcoin-cash,long,0.0,0.2389405642660787,-0.0,False
2023-07-07 00:00:00+00:00,bitcoin-cash,long,0.0,0.2299365701794253,-0.0,False
2023-07-07 08:00:00+00:00,bitcoin-cash,long,0.0,0.23436325500455507,-0.0,False
2023-07-07 16:00:00+00:00,bitcoin-cash,long,0.0,0.2370410227626676,-0.0,False
2023-07-08 00:00:00+00:00,bitcoin-cash,long,0.0,0.23279006644666397,-0.0,False
2023-07-08 08:00:00+00:00,bitcoin-cash,long,0.0,0.23316662753764855,-0.0,False
2023-07-08 16:00:00+00:00,bitcoin-cash,long,0.0,0.22312499844472655,-0.0,False
2023-07-09 00:00:00+00:00,bitcoin-cash,long,0.0,0.22721696230009225,-0.0,False
2023-07-09 08:00:00+00:00,bitcoin-cash,long,0.0,0.3023277090996571,-0.0,False
2023-07-09 16:00:00+00:00,bitcoin-cash,long,0.0,0.30184266725609005,-0.0,False
2023-07-10 00:00:00+00:00,bitcoin-cash,long,0.0,0.29911289688066595,-0.0,False
2023-07-10 08:00:00+00:00,bitcoin-cash,long,0.0,0.2977592917358276,-0.0,False
2023-07-10 16:00:00+00:00,bitcoin-cash,long,0.0,0.31163374447042114,-0.0,False
2023-07-11 00:00:00+00:00,bitcoin-cash,long,0.0,0.3098627777392576,-0.0,False
2023-07-11 08:00:00+00:00,bitcoin-cash,long,0.0,0.30968229705327915,-0.0,False
2023-07-11 16:00:00+00:00,bitcoin-cash,long,0.0,0.30868965328039766,-0.0,False
2023-07-12 00:00:00+00:00,bitcoin-cash,long,0.0,0.30871221336614496,-0.0,False
2023-07-12 08:00:00+00:00,bitcoin-cash,long,0.0,0.3203306575260079,-0.0,False
2023-07-12 16:00:00+00:00,bitcoin-cash,long,7.676e-05,0.3192703334958845,-2.4507190799144097e-05,False
2023-07-13 00:00:00+00:00,bitcoin-cash,long,0.0,0.31818744938001375,-0.0,False
2023-07-13 08:00:00+00:00,bitcoin-cash,long,0.0,0.43389012737561616,-0.0,False
2023-07-13 16:00:00+00:00,bitcoin-cash,long,0.0,0.43674879114686094,-0.0,False
2023-07-14 00:00:00+00:00,bitcoin-cash,long,0.00018156,0.41845028561648673,-7.597383385652933e-05,False
2023-07-14 08:00:00+00:00,bitcoin-cash,long,0.0001694,0.4171814669372711,-7.067054049917372e-05,False
2023-07-14 16:00:00+00:00,bitcoin-cash,long,0.0,0.41673814474814763,-0.0,False
2023-07-15 00:00:00+00:00,bitcoin-cash,long,0.0,0.40316331357774465,-0.0,False
2023-07-15 08:00:00+00:00,bitcoin-cash,long,0.0,0.4847678194206712,-0.0,False
2023-07-15 08:00:00+00:00,solana,long,0.0004,0.07469076368467793,-2.9876305473871174e-05,False
2023-07-15 16:00:00+00:00,bitcoin-cash,long,0.0,0.4780460407948759,-0.0,False
2023-07-15 16:00:00+00:00,solana,long,0.0004,0.07166120217430458,-2.866448086972183e-05,False
2023-07-16 00:00:00+00:00,bitcoin-cash,long,0.0,0.48172112089339847,-0.0,False
2023-07-16 00:00:00+00:00,solana,long,0.0004,0.07140310143415597,-2.856124057366239e-05,False
2023-07-16 08:00:00+00:00,bitcoin-cash,long,0.0,0.4010147893057611,-0.0,False
2023-07-16 08:00:00+00:00,solana,long,0.0004,0.23360072433798182,-9.344028973519273e-05,False
2023-07-16 16:00:00+00:00,bitcoin-cash,long,0.0,0.39959479841791234,-0.0,False
2023-07-16 16:00:00+00:00,solana,long,0.0004,0.23688487510230705,-9.475395004092282e-05,False
2023-07-17 00:00:00+00:00,bitcoin-cash,long,0.0,0.38953002783920443,-0.0,False
2023-07-17 00:00:00+00:00,solana,long,0.0004,0.2311677701113407,-9.246710804453628e-05,False
2023-07-17 08:00:00+00:00,bitcoin-cash,long,0.0,0.30986168257650176,-0.0,False
2023-07-17 08:00:00+00:00,solana,long,0.0004,0.3472294625449277,-0.0001388917850179711,False
2023-07-17 16:00:00+00:00,bitcoin-cash,long,0.0,0.30048987110093106,-0.0,False
2023-07-17 16:00:00+00:00,solana,long,0.0004,0.3393136890842724,-0.00013572547563370897,False
2023-07-18 00:00:00+00:00,bitcoin-cash,long,0.00027288,0.29814691823203837,-8.135833104715863e-05,False
2023-07-18 00:00:00+00:00,solana,long,0.00036684,0.3365674259830447,-0.0001234663945476201,False
2023-07-18 08:00:00+00:00,bitcoin-cash,long,0.0004,0.25282969229773805,-0.00010113187691909523,False
2023-07-18 08:00:00+00:00,solana,long,0.0004,0.39841923301941196,-0.00015936769320776478,False
2023-07-18 16:00:00+00:00,bitcoin-cash,long,0.00015864,0.2590680562099308,-4.1098556437143424e-05,False
2023-07-18 16:00:00+00:00,solana,long,0.0004,0.39548108836941004,-0.00015819243534776403,False
2023-07-19 00:00:00+00:00,bitcoin-cash,long,5.084e-05,0.2595799219668286,-1.3197043232793567e-05,False
2023-07-19 00:00:00+00:00,solana,long,0.0004,0.39574762891782794,-0.0001582990515671312,False
2023-07-19 08:00:00+00:00,bitcoin-cash,long,0.0,0.2624804945892498,-0.0,False
2023-07-19 08:00:00+00:00,solana,long,0.0004,0.40584517667068276,-0.00016233807066827312,False
2023-07-19 16:00:00+00:00,bitcoin-cash,long,0.0,0.26094489731855625,-0.0,False
2023-07-19 16:00:00+00:00,solana,long,0.0004,0.4082657367673616,-0.00016330629470694466,False
2023-07-20 00:00:00+00:00,bitcoin-cash,long,0.0,0.2599105019348252,-0.0,False
2023-07-20 00:00:00+00:00,solana,long,0.0002866,0.40733594415660146,-0.00011674248159528197,False
2023-07-20 08:00:00+00:00,bitcoin-cash,long,0.0,0.14833638422616857,-0.0,False
2023-07-20 08:00:00+00:00,solana,long,0.0004,0.29555269114059063,-0.00011822107645623626,False
2023-07-20 08:00:00+00:00,ripple,long,0.00033088,0.07995986983231723,-2.6457121730117124e-05,False
2023-07-20 16:00:00+00:00,bitcoin-cash,long,0.0,0.14615947697802845,-0.0,False
2023-07-20 16:00:00+00:00,solana,long,0.0004,0.28277768854158114,-0.00011311107541663246,False
2023-07-20 16:00:00+00:00,ripple,long,0.0002436,0.07698541981530536,-1.8753648267008388e-05,False
2023-07-21 00:00:00+00:00,bitcoin-cash,long,0.0,0.14662252078495328,-0.0,False
2023-07-21 00:00:00+00:00,solana,long,5e-05,0.2792321353293065,-1.3961606766465327e-05,False
2023-07-21 00:00:00+00:00,ripple,long,0.0001496,0.077664455444189,-1.1618602534450674e-05,False
2023-07-21 08:00:00+00:00,bitcoin-cash,long,0.0,0.07126005045429054,-0.0,False
2023-07-21 08:00:00+00:00,solana,long,0.0,0.17015600567080297,-0.0,False
2023-07-21 08:00:00+00:00,ripple,long,0.0004,0.10733326231045656,-4.293330492418263e-05,False
2023-07-21 08:00:00+00:00,stellar,long,4.98e-05,0.09470851119216547,-4.716483857369841e-06,False
2023-07-21 16:00:00+00:00,bitcoin-cash,long,0.00025596,0.07187418391455802,-1.839691611477027e-05,False
2023-07-21 16:00:00+00:00,solana,long,0.00031908,0.17098391010443043,-5.4557546036121666e-05,False
2023-07-21 16:00:00+00:00,ripple,long,0.00015532,0.10684790963477243,-1.6595617324472854e-05,False
2023-07-21 16:00:00+00:00,stellar,long,0.0,0.0914632300247278,-0.0,False
2023-07-22 00:00:00+00:00,bitcoin-cash,long,0.0004,0.07225324236611068,-2.8901296946444274e-05,False
2023-07-22 00:00:00+00:00,solana,long,8.396e-05,0.17234075348176434,-1.4469729662328933e-05,False
2023-07-22 00:00:00+00:00,ripple,long,0.0,0.10625776490411104,-0.0,False
2023-07-22 00:00:00+00:00,stellar,long,0.0,0.09176674552959606,-0.0,False
2023-07-22 08:00:00+00:00,solana,long,0.0004,0.06287946456839165,-2.515178582735666e-05,False
2023-07-22 08:00:00+00:00,ripple,long,0.0004,0.1677917414903451,-6.711669659613804e-05,False
2023-07-22 08:00:00+00:00,stellar,long,0.0,0.16340387730685746,-0.0,False
2023-07-22 16:00:00+00:00,solana,long,0.0004,0.06266877261043872,-2.506750904417549e-05,False
2023-07-22 16:00:00+00:00,ripple,long,0.0004,0.16631046705243352,-6.652418682097341e-05,False
2023-07-22 16:00:00+00:00,stellar,long,0.0,0.16597491733441289,-0.0,False
2023-07-23 00:00:00+00:00,solana,long,0.0003218,0.059823576691570464,-1.9251226979347375e-05,False
2023-07-23 00:00:00+00:00,ripple,long,0.0004,0.1588520442237689,-6.354081768950755e-05,False
2023-07-23 00:00:00+00:00,stellar,long,0.0,0.15874131662196525,-0.0,False
2023-07-23 08:00:00+00:00,ripple,long,0.0001214,0.19682178323673666,-2.389416448493983e-05,False
2023-07-23 08:00:00+00:00,stellar,long,0.0,0.1587862310776191,-0.0,False
2023-07-23 16:00:00+00:00,ripple,long,0.00028556,0.19736870309418686,-5.6360606855576007e-05,False
2023-07-23 16:00:00+00:00,stellar,long,0.0,0.15817228766579688,-0.0,False
2023-07-24 00:00:00+00:00,ripple,long,5.588e-05,0.1968137795315057,-1.0997954000220538e-05,False
2023-07-24 00:00:00+00:00,stellar,long,0.0,0.15955366034239687,-0.0,False
2023-07-24 08:00:00+00:00,ripple,long,0.0004,0.20950055990454838,-8.380022396181936e-05,False
2023-07-24 08:00:00+00:00,stellar,long,4.308e-05,0.15696545275729643,-6.76207170478433e-06,False
2023-07-24 16:00:00+00:00,ripple,long,0.00032712,0.20077655587641438,-6.567802695829267e-05,False
2023-07-24 16:00:00+00:00,stellar,long,0.0004,0.15129587387072477,-6.051834954828991e-05,False
2023-07-25 00:00:00+00:00,ripple,long,1.16e-06,0.20302847197923066,-2.3551302749590755e-07,False
2023-07-25 00:00:00+00:00,stellar,long,0.0,0.1507258065238117,-0.0,False
2023-07-25 08:00:00+00:00,ripple,long,0.0004,0.22694036183420807,-9.077614473368324e-05,False
2023-07-25 08:00:00+00:00,stellar,long,0.00036748,0.19096940232028511,-7.017743596465838e-05,False
2023-07-25 16:00:00+00:00,ripple,long,8.472e-05,0.23360869464151374,-1.9791328610029044e-05,False
2023-07-25 16:00:00+00:00,stellar,long,0.0,0.19782808692709322,-0.0,False
2023-07-26 00:00:00+00:00,ripple,long,2.884e-05,0.236457011058455,-6.819420198925842e-06,False
2023-07-26 00:00:00+00:00,stellar,long,0.0,0.19424439066482752,-0.0,False
2023-07-26 08:00:00+00:00,ripple,long,0.00038732,0.2337088698965058,-9.052011948831464e-05,False
2023-07-26 08:00:00+00:00,stellar,long,0.0,0.18824471939429288,-0.0,False
2023-07-26 16:00:00+00:00,ripple,long,0.00033968,0.2347941018255866,-7.975486050811525e-05,False
2023-07-26 16:00:00+00:00,stellar,long,0.0,0.19221765607455743,-0.0,False
2023-07-27 00:00:00+00:00,ripple,long,2.28e-06,0.23888125222926315,-5.446492550827201e-07,False
2023-07-27 00:00:00+00:00,stellar,long,0.0,0.20867313029754517,-0.0,False
2023-07-27 08:00:00+00:00,ripple,long,0.0004,0.235673404323077,-9.426936172923081e-05,False
2023-07-27 08:00:00+00:00,stellar,long,0.0,0.17805408151975566,-0.0,False
2023-07-27 16:00:00+00:00,ripple,long,0.0003386,0.23898089191327881,-8.09189300018362e-05,False
2023-07-27 16:00:00+00:00,stellar,long,0.0,0.17978797500694307,-0.0,False
2023-07-28 00:00:00+00:00,ripple,long,0.0004,0.23639919568806117,-9.455967827522447e-05,False
2023-07-28 00:00:00+00:00,stellar,long,0.0,0.17816594561570323,-0.0,False
2023-07-28 08:00:00+00:00,ripple,long,0.0004,0.21064470101658403,-8.425788040663361e-05,False
2023-07-28 08:00:00+00:00,stellar,long,0.0,0.17185891148635962,-0.0,False
2023-07-28 16:00:00+00:00,ripple,long,0.0004,0.2125436921977167,-8.501747687908669e-05,False
2023-07-28 16:00:00+00:00,stellar,long,0.0,0.17523593312484181,-0.0,False
2023-07-29 00:00:00+00:00,ripple,long,0.0004,0.21239738627338414,-8.495895450935366e-05,False
2023-07-29 00:00:00+00:00,stellar,long,0.0,0.17336825556272306,-0.0,False
2023-07-29 08:00:00+00:00,ripple,long,0.0004,0.21229288204171803,-8.491715281668722e-05,False
2023-07-29 08:00:00+00:00,stellar,long,0.0,0.1736397203246589,-0.0,False
2023-07-29 16:00:00+00:00,ripple,long,0.0004,0.211358315627104,-8.45433262508416e-05,False
2023-07-29 16:00:00+00:00,stellar,long,0.0,0.17240184101023134,-0.0,False
2023-07-30 00:00:00+00:00,ripple,long,0.0004,0.21251084801062162,-8.500433920424865e-05,False
2023-07-30 00:00:00+00:00,stellar,long,0.0,0.1717829013530176,-0.0,False
2023-07-30 08:00:00+00:00,ripple,long,0.0004,0.21191368097252958,-8.476547238901184e-05,False
2023-07-30 08:00:00+00:00,stellar,long,0.0,0.16829729380976102,-0.0,False
2023-07-30 16:00:00+00:00,ripple,long,0.0004,0.2132931368305222,-8.531725473220889e-05,False
2023-07-30 16:00:00+00:00,stellar,long,0.0,0.17156572954346888,-0.0,False
2023-07-31 00:00:00+00:00,ripple,long,0.0003644,0.21024758493625284,-7.661421995077054e-05,False
2023-07-31 00:00:00+00:00,stellar,long,0.0,0.16976320352421473,-0.0,False
2023-07-31 08:00:00+00:00,ripple,long,0.0004,0.22887889344248977,-9.155155737699591e-05,False
2023-07-31 08:00:00+00:00,stellar,long,0.0,0.17267654537571442,-0.0,False
2023-07-31 16:00:00+00:00,ripple,long,0.0004,0.22611763734753526,-9.044705493901411e-05,False
2023-07-31 16:00:00+00:00,stellar,long,0.0,0.1702918796096843,-0.0,False
2023-08-01 00:00:00+00:00,ripple,long,0.0,0.2264489880789298,-0.0,False
2023-08-01 00:00:00+00:00,stellar,long,0.0,0.1669934634099417,-0.0,False
2023-08-01 08:00:00+00:00,ripple,long,0.0004,0.16433682884362974,-6.57347315374519e-05,False
2023-08-01 08:00:00+00:00,stellar,long,4.728e-05,0.24510922879713987,-1.1588764337528773e-05,False
2023-08-01 16:00:00+00:00,ripple,long,0.0004,0.1652949082182148,-6.611796328728592e-05,False
2023-08-01 16:00:00+00:00,stellar,long,0.0,0.24986115868848993,-0.0,False
2023-08-02 00:00:00+00:00,ripple,long,0.0004,0.16837649187826081,-6.735059675130433e-05,False
2023-08-02 00:00:00+00:00,stellar,long,0.0,0.25678826775545804,-0.0,False
2023-08-02 08:00:00+00:00,ripple,long,0.0004,0.1654569713960053,-6.618278855840213e-05,False
2023-08-02 08:00:00+00:00,stellar,long,0.000222,0.24935919426334735,-5.535774112646311e-05,False
2023-08-02 16:00:00+00:00,ripple,long,0.0004,0.16366236003017806,-6.546494401207123e-05,False
2023-08-02 16:00:00+00:00,stellar,long,0.0,0.24479131799454956,-0.0,False
2023-08-03 00:00:00+00:00,ripple,long,3.348e-05,0.16313088813830623,-5.461622134870492e-06,False
2023-08-03 00:00:00+00:00,stellar,long,0.0,0.24080906688841808,-0.0,False
2023-08-03 08:00:00+00:00,ripple,long,0.0004,0.15962746355959964,-6.385098542383987e-05,False
2023-08-03 08:00:00+00:00,stellar,long,0.00039552,0.23896853066289517,-9.45168332477883e-05,False
2023-08-03 16:00:00+00:00,ripple,long,0.0004,0.15978476017333748,-6.391390406933499e-05,False
2023-08-03 16:00:00+00:00,stellar,long,0.00032272,0.23573922619447765,-7.607776307748183e-05,False
2023-08-04 00:00:00+00:00,ripple,long,0.0004,0.15791150050064126,-6.316460020025651e-05,False
2023-08-04 00:00:00+00:00,stellar,long,0.0,0.2322756716609936,-0.0,False
2023-08-04 08:00:00+00:00,ripple,long,0.0004,0.048321063075903024,-1.932842523036121e-05,False
2023-08-04 08:00:00+00:00,stellar,long,0.0,0.13523637484472245,-0.0,False
2023-08-04 08:00:00+00:00,dogecoin,long,0.0004,0.04273843083183208,-1.7095372332732833e-05,False
2023-08-04 08:00:00+00:00,shiba-inu,long,0.0004,0.042800207207726614,-1.7120082883090645e-05,False
2023-08-04 16:00:00+00:00,ripple,long,0.0004,0.04862174050587905,-1.9448696202351622e-05,False
2023-08-04 16:00:00+00:00,stellar,long,3.292e-05,0.1360416997917817,-4.4784927571454545e-06,False
2023-08-04 16:00:00+00:00,dogecoin,long,0.00038224,0.042782697318798406,-1.63532582231375e-05,False
2023-08-04 16:00:00+00:00,shiba-inu,long,0.00034852,0.04480710201388189,-1.5616171193878115e-05,False
2023-08-05 00:00:00+00:00,ripple,long,0.00028272,0.04658006742038331,-1.3169116661090768e-05,False
2023-08-05 00:00:00+00:00,stellar,long,0.00037296,0.13231585907285692,-4.9348522799812714e-05,False
2023-08-05 00:00:00+00:00,dogecoin,long,0.00012472,0.042203208762148246,-5.26358419681513e-06,False
2023-08-05 00:00:00+00:00,shiba-inu,long,0.0004,0.044121201257347815,-1.764848050293913e-05,False
2023-08-05 08:00:00+00:00,ripple,long,0.0004,0.03238296808684599,-1.2953187234738396e-05,False
2023-08-05 08:00:00+00:00,stellar,long,0.0004,0.1351836703218967,-5.407346812875869e-05,False
2023-08-05 08:00:00+00:00,dogecoin,long,0.00039232,0.04344438704326376,-1.704410192481324e-05,False
2023-08-05 08:00:00+00:00,shiba-inu,long,5.236e-05,0.08571938605419273,-4.488267053797531e-06,False
2023-08-05 16:00:00+00:00,ripple,long,0.0004,0.03241102148108813,-1.2964408592435254e-05,False
2023-08-05 16:00:00+00:00,stellar,long,0.0004,0.13611197877201386,-5.444479150880555e-05,False
2023-08-05 16:00:00+00:00,dogecoin,long,0.0004,0.04330387791135549,-1.7321551164542197e-05,False
2023-08-05 16:00:00+00:00,shiba-inu,long,0.0,0.091925612752689,-0.0,False
2023-08-06 00:00:00+00:00,ripple,long,0.0004,0.032647916810243996,-1.30591667240976e-05,False
2023-08-06 00:00:00+00:00,stellar,long,0.0,0.1386074315949094,-0.0,False
2023-08-06 00:00:00+00:00,dogecoin,long,0.00025148,0.043568772176428475,-1.0956674826928233e-05,False
2023-08-06 00:00:00+00:00,shiba-inu,long,0.0004,0.09401632948571809,-3.7606531794287235e-05,False
2023-08-06 08:00:00+00:00,stellar,long,0.0,0.13787002791941508,-0.0,False
2023-08-06 08:00:00+00:00,dogecoin,long,0.0004,0.042828140498953185,-1.7131256199581274e-05,False
2023-08-06 08:00:00+00:00,shiba-inu,long,0.0004,0.16827083796295583,-6.730833518518233e-05,False
2023-08-06 16:00:00+00:00,stellar,long,0.0004,0.13646119425347725,-5.45844777013909e-05,False
2023-08-06 16:00:00+00:00,dogecoin,long,0.0004,0.04236345286818549,-1.6945381147274198e-05,False
2023-08-06 16:00:00+00:00,shiba-inu,long,0.0004,0.16241885338573517,-6.496754135429406e-05,False
2023-08-07 00:00:00+00:00,stellar,long,0.0004,0.1362655229109859,-5.4506209164394365e-05,False
2023-08-07 00:00:00+00:00,dogecoin,long,0.0004,0.04227347658673782,-1.690939063469513e-05,False
2023-08-07 00:00:00+00:00,shiba-inu,long,0.0004,0.16422350731224333,-6.568940292489733e-05,False
2023-08-07 08:00:00+00:00,stellar,long,0.0001218,0.13398060478719884,-1.6318837663080818e-05,False
2023-08-07 08:00:00+00:00,shiba-inu,long,0.0004,0.2083780780747434,-8.335123122989737e-05,False
2023-08-07 16:00:00+00:00,stellar,long,0.0,0.13532495648469545,-0.0,False
2023-08-07 16:00:00+00:00,shiba-inu,long,0.0004,0.20499147972906967,-8.199659189162787e-05,False
2023-08-08 00:00:00+00:00,stellar,long,0.0004,0.13818774858871705,-5.5275099435486824e-05,False
2023-08-08 00:00:00+00:00,shiba-inu,long,0.0004,0.20399141041893784,-8.159656416757513e-05,False
2023-08-08 08:00:00+00:00,stellar,long,0.00010328,0.13454155729406794,-1.3895452037331337e-05,False
2023-08-08 08:00:00+00:00,shiba-inu,long,0.0004,0.20519603936068756,-8.207841574427503e-05,False
2023-08-08 16:00:00+00:00,stellar,long,0.0004,0.13673700934681424,-5.4694803738725695e-05,False
2023-08-08 16:00:00+00:00,shiba-inu,long,0.0,0.21226471107548306,-0.0,False
2023-08-09 00:00:00+00:00,stellar,long,8.708e-05,0.13810070423420287,-1.2025809324714386e-05,False
2023-08-09 00:00:00+00:00,shiba-inu,long,0.0004,0.21615134407622272,-8.646053763048909e-05,False
2023-08-09 08:00:00+00:00,stellar,long,0.00025136,0.13795563031001257,-3.467652723472476e-05,False
2023-08-09 08:00:00+00:00,shiba-inu,long,0.00017616,0.22426554279706515,-3.950661801913099e-05,False
2023-08-09 16:00:00+00:00,stellar,long,0.00027544,0.13793628712012054,-3.7993170924366004e-05,False
2023-08-09 16:00:00+00:00,shiba-inu,long,0.0004,0.21996979053308974,-8.79879162132359e-05,False
2023-08-10 00:00:00+00:00,stellar,long,0.0,0.13679503891649034,-0.0,False
2023-08-10 00:00:00+00:00,shiba-inu,long,0.0,0.21853787311176462,-0.0,False
2023-08-10 08:00:00+00:00,stellar,long,0.0,0.11755734725657248,-0.0,False
2023-08-10 08:00:00+00:00,shiba-inu,long,0.00034476,0.21484400574191245,-7.406961941958173e-05,False
2023-08-10 08:00:00+00:00,bitcoin-cash,long,2.276e-05,0.023884362508073867,-5.436080906837612e-07,False
2023-08-10 16:00:00+00:00,stellar,long,0.0,0.11844600970883598,-0.0,False
2023-08-10 16:00:00+00:00,shiba-inu,long,0.0004,0.21915681005729978,-8.766272402291992e-05,False
2023-08-10 16:00:00+00:00,bitcoin-cash,long,6.424e-05,0.023745955532868363,-1.5254401834314636e-06,False
2023-08-11 00:00:00+00:00,stellar,long,0.0,0.1174811761892356,-0.0,False
2023-08-11 00:00:00+00:00,shiba-inu,long,0.0,0.21915681005729978,-0.0,False
2023-08-11 00:00:00+00:00,bitcoin-cash,long,0.00010104,0.02358210609898537,-2.3827360002414817e-06,False
2023-08-11 08:00:00+00:00,stellar,long,0.0002352,0.059015785111942436,-1.388051265832886e-05,False
2023-08-11 08:00:00+00:00,shiba-inu,long,0.0,0.3487298290252521,-0.0,False
2023-08-11 08:00:00+00:00,bitcoin-cash,long,0.0,0.024439203023850973,-0.0,False
2023-08-11 16:00:00+00:00,stellar,long,0.0004,0.058548007894902616,-2.341920315796105e-05,False
2023-08-11 16:00:00+00:00,shiba-inu,long,0.0,0.3534475507747234,-0.0,False
2023-08-11 16:00:00+00:00,bitcoin-cash,long,0.0,0.024228767616209203,-0.0,False
2023-08-12 00:00:00+00:00,stellar,long,0.0004,0.058855645163766644,-2.354225806550666e-05,False
2023-08-12 00:00:00+00:00,shiba-inu,long,0.0,0.36486027471278243,-0.0,False
2023-08-12 00:00:00+00:00,bitcoin-cash,long,0.0,0.02432229446404999,-0.0,False
2023-08-12 08:00:00+00:00,stellar,long,0.0004,0.019693932144779446,-7.877572857911778e-06,False
2023-08-12 08:00:00+00:00,shiba-inu,long,0.00013564,0.44130654370093664,-5.9858819587595045e-05,False
2023-08-12 08:00:00+00:00,bitcoin-cash,long,0.0,0.02566449562024955,-0.0,False
2023-08-12 16:00:00+00:00,stellar,long,0.0004,0.019576428272446995,-7.830571308978798e-06,False
2023-08-12 16:00:00+00:00,shiba-inu,long,0.0,0.43239207858164497,-0.0,False
2023-08-12 16:00:00+00:00,bitcoin-cash,long,0.0,0.025703782593076208,-0.0,False
2023-08-13 00:00:00+00:00,stellar,long,0.0004,0.019509889935102116,-7.803955974040847e-06,False
2023-08-13 00:00:00+00:00,shiba-inu,long,0.0,0.43210843650966746,-0.0,False
2023-08-13 00:00:00+00:00,bitcoin-cash,long,0.0,0.02564765834618098,-0.0,False
2023-08-13 08:00:00+00:00,shiba-inu,long,0.00038372,0.4859809983109419,-0.0001864806286718746,False
2023-08-13 08:00:00+00:00,bitcoin-cash,long,0.0,0.024827239794961195,-0.0,False
2023-08-13 16:00:00+00:00,shiba-inu,long,0.0004,0.4770508913875878,-0.00019082035655503514,False
2023-08-13 16:00:00+00:00,bitcoin-cash,long,3.98e-05,0.02494835892726202,-9.929446853050285e-07,False
2023-08-14 00:00:00+00:00,shiba-inu,long,0.0004,0.46830396614471276,-0.0001873215864578851,False
2023-08-14 00:00:00+00:00,bitcoin-cash,long,0.00019912,0.024915624026640177,-4.961199056184592e-06,False
2023-08-14 08:00:00+00:00,shiba-inu,long,0.0,0.47645555092603087,-0.0,False
2023-08-14 08:00:00+00:00,bitcoin-cash,long,0.00013892,0.025064022242792538,-3.4818939699687394e-06,False
2023-08-14 16:00:00+00:00,shiba-inu,long,0.0001752,0.47627236924555183,-8.344291909182068e-05,False
2023-08-14 16:00:00+00:00,bitcoin-cash,long,0.0,0.025102212960184694,-0.0,False
2023-08-15 00:00:00+00:00,shiba-inu,long,0.0,0.465922604298485,-0.0,False
2023-08-15 00:00:00+00:00,bitcoin-cash,long,0.0,0.025081480856457526,-0.0,False
2023-08-15 08:00:00+00:00,shiba-inu,long,8.284e-05,0.4678460119435151,-3.8756363629400794e-05,False
2023-08-15 08:00:00+00:00,bitcoin-cash,long,0.0,0.025359727511743205,-0.0,False
2023-08-15 16:00:00+00:00,shiba-inu,long,0.0001536,0.4749900974821984,-7.295847897326567e-05,False
2023-08-15 16:00:00+00:00,bitcoin-cash,long,0.0,0.02560523926640704,-0.0,False
2023-08-16 00:00:00+00:00,shiba-inu,long,0.0,0.45465693094902293,-0.0,False
2023-08-16 00:00:00+00:00,bitcoin-cash,long,0.0,0.02495272358067827,-0.0,False
2023-08-16 08:00:00+00:00,shiba-inu,long,0.0,0.4552980668306996,-0.0,False
2023-08-16 08:00:00+00:00,bitcoin-cash,long,9.232e-05,0.024643924351478864,-2.275127096128529e-06,False
2023-08-16 16:00:00+00:00,shiba-inu,long,0.0,0.43835376138638665,-0.0,False
2023-08-16 16:00:00+00:00,bitcoin-cash,long,0.0,0.023617139635306997,-0.0,False
2023-08-17 00:00:00+00:00,shiba-inu,long,0.0,0.42154684220243316,-0.0,False
2023-08-17 00:00:00+00:00,bitcoin-cash,long,0.0,0.022690741947708787,-0.0,False
2023-08-17 08:00:00+00:00,shiba-inu,long,0.0,0.42003559333848084,-0.0,False
2023-08-17 08:00:00+00:00,bitcoin-cash,long,0.0,0.022871875064483,-0.0,False
2023-08-17 16:00:00+00:00,shiba-inu,long,0.0004,0.3919172053849454,-0.00015676688215397817,False
2023-08-17 16:00:00+00:00,bitcoin-cash,long,6.5e-05,0.022137522127199608,-1.4389389382679744e-06,False
2023-08-18 00:00:00+00:00,shiba-inu,long,0.0,0.371767220532249,-0.0,False
2023-08-18 00:00:00+00:00,bitcoin-cash,long,0.0,0.02002502987373656,-0.0,False
2023-08-18 08:00:00+00:00,shiba-inu,long,0.0,0.3922228062609706,-0.0,False
2023-08-18 08:00:00+00:00,bitcoin-cash,long,0.0,0.02201125824624999,-0.0,False
2023-08-18 08:00:00+00:00,solana,long,0.0,0.037856300590918365,-0.0,False
2023-08-18 16:00:00+00:00,shiba-inu,long,0.0,0.3944213121517596,-0.0,False
2023-08-18 16:00:00+00:00,bitcoin-cash,long,0.0,0.022020785382860387,-0.0,False
2023-08-18 16:00:00+00:00,solana,long,0.00032676,0.03705575565840338,-1.210833871893989e-05,False
2023-08-19 00:00:00+00:00,shiba-inu,long,0.0,0.4011571599873684,-0.0,False
2023-08-19 00:00:00+00:00,bitcoin-cash,long,0.0,0.022283972531722655,-0.0,False
2023-08-19 00:00:00+00:00,solana,long,0.0,0.036595407993522344,-0.0,False
2023-10-18 08:00:00+00:00,solana,long,0.0,0.4641165381226659,-0.0,False
2023-10-18 16:00:00+00:00,solana,long,0.00037752,0.4600838839404393,-0.00017369086786519464,False
2023-10-19 00:00:00+00:00,solana,long,5.068e-05,0.45488572276913003,-2.3053608429939512e-05,False
2023-10-19 08:00:00+00:00,solana,long,0.0,0.46334730350987124,-0.0,False
2023-10-19 16:00:00+00:00,solana,long,0.0,0.48104358462744523,-0.0,False
2023-10-20 00:00:00+00:00,solana,long,0.0,0.48409721293884217,-0.0,False
2023-10-20 08:00:00+00:00,solana,long,0.0,0.5094314498582055,-0.0,False
2023-10-20 16:00:00+00:00,solana,long,0.0,0.5222112339934986,-0.0,False
2023-10-21 00:00:00+00:00,solana,long,0.0,0.5248141996024501,-0.0,False
2023-10-21 08:00:00+00:00,solana,long,0.0,0.5447579666973056,-0.0,False
2023-10-21 16:00:00+00:00,solana,long,0.00027876,0.5635090316399994,-0.00015708377765996626,False
2023-10-22 00:00:00+00:00,solana,long,0.0,0.5691015226759485,-0.0,False
2023-10-22 08:00:00+00:00,solana,long,0.0,1.0361350361130224,-0.0,False
2023-10-22 16:00:00+00:00,solana,long,0.0002032,1.02212304577149,-0.0002076954029007668,False
2023-10-23 00:00:00+00:00,solana,long,9.48e-06,1.0443197949202778,-9.900151655844235e-06,False
2023-10-23 08:00:00+00:00,solana,long,0.0,1.0829256537446492,-0.0,False
2023-10-23 16:00:00+00:00,solana,long,6.404e-05,1.0420846431087978,-6.673510054468741e-05,False
2023-10-24 00:00:00+00:00,solana,long,0.0004,1.148709662856437,-0.0004594838651425748,False
2023-10-24 08:00:00+00:00,solana,long,0.0004,1.123568704075136,-0.00044942748163005443,False
2023-10-24 16:00:00+00:00,solana,long,0.0004,1.112007822241845,-0.000444803128896738,False
2023-10-25 00:00:00+00:00,solana,long,0.0004,1.0846785022666956,-0.00043387140090667825,False
2023-10-25 08:00:00+00:00,solana,long,0.0004,1.1133647501531623,-0.0004453459000612649,False
2023-10-25 16:00:00+00:00,solana,long,0.0004,1.2012951185178269,-0.0004805180474071308,False
2023-10-26 00:00:00+00:00,solana,long,0.0004,1.1675158918660717,-0.00046700635674642874,False
2023-10-26 08:00:00+00:00,solana,long,0.0004,1.099232990513169,-0.00043969319620526764,False
2023-10-26 16:00:00+00:00,solana,long,0.00019876,1.0473870200310436,-0.00020817864410137022,False
2023-10-27 00:00:00+00:00,solana,long,0.0004,1.096792668168033,-0.00043871706726721316,False
2023-10-27 08:00:00+00:00,solana,long,0.0004,1.0178039652256428,-0.00040712158609025714,False
2023-10-27 16:00:00+00:00,solana,long,0.0004,1.0130132478228167,-0.0004052052991291267,False
2023-10-28 00:00:00+00:00,solana,long,0.0004,0.9980682240195196,-0.00039922728960780783,False
2023-10-28 08:00:00+00:00,solana,long,0.0004,1.0156541229220093,-0.0004062616491688037,False
2023-10-28 16:00:00+00:00,solana,long,0.0004,1.007319155982007,-0.0004029276623928028,False
2023-10-29 00:00:00+00:00,solana,long,0.0004,0.994895396725138,-0.00039795815869005525,False
2023-10-29 08:00:00+00:00,solana,long,0.0004,1.0961077323469357,-0.0004384430929387743,False
2023-10-29 16:00:00+00:00,solana,long,0.0004,1.1079225555209893,-0.00044316902220839575,False
2023-10-30 00:00:00+00:00,solana,long,0.0004,1.1148068902206245,-0.0004459227560882498,False
2023-10-30 08:00:00+00:00,solana,long,0.00037504,1.1051056189632409,-0.00041445881133597386,False
2023-10-30 16:00:00+00:00,solana,long,0.0004,1.1902967123761528,-0.00047611868495046113,False
2023-10-31 00:00:00+00:00,solana,long,0.0004,1.1872826921991653,-0.00047491307687966614,False
2023-10-31 08:00:00+00:00,solana,long,0.0004,1.0618373092778455,-0.0004247349237111382,False
2023-10-31 16:00:00+00:00,solana,long,0.00018848,1.0729952870543504,-0.00020223815170400397,False
2023-11-01 00:00:00+00:00,solana,long,0.00022704,1.1408206806246222,-0.0002590119273290142,False
2023-11-01 08:00:00+00:00,solana,long,0.0,0.9736207634500503,-0.0,False
2023-11-01 16:00:00+00:00,solana,long,0.0,1.0285790770474894,-0.0,False
2023-11-02 00:00:00+00:00,solana,long,0.0004,1.043467949701965,-0.000417387179880786,False
2023-11-02 08:00:00+00:00,solana,long,0.0004,0.9584699203306034,-0.0003833879681322414,False
2023-11-02 16:00:00+00:00,solana,long,0.0004,0.8919297737507617,-0.0003567719095003047,False
2023-11-03 00:00:00+00:00,solana,long,0.0004,0.8948122830253371,-0.00035792491321013487,False
2023-11-03 08:00:00+00:00,solana,long,0.0004,0.8681557447106866,-0.00034726229788427463,False
2023-11-03 16:00:00+00:00,solana,long,0.0004,0.885063796798127,-0.0003540255187192508,False
2023-11-04 00:00:00+00:00,solana,long,0.0004,0.8779109034130693,-0.0003511643613652277,False
2023-11-04 08:00:00+00:00,solana,long,0.0004,0.9267511975183186,-0.00037070047900732747,False
2023-11-04 16:00:00+00:00,solana,long,0.0004,0.9176521655412443,-0.0003670608662164977,False
2023-11-05 00:00:00+00:00,solana,long,0.0004,0.943121003275167,-0.00037724840131006683,False
2023-11-05 08:00:00+00:00,solana,long,0.0004,0.9244669868508888,-0.00036978679474035554,False
2023-11-05 16:00:00+00:00,solana,long,0.0004,0.9055327264693602,-0.00036221309058774413,False
2023-11-06 00:00:00+00:00,solana,long,0.0004,0.9152167121032349,-0.000366086684841294,False
2023-11-06 08:00:00+00:00,solana,long,0.0004,0.8879663234982202,-0.0003551865293992881,False
2023-11-06 16:00:00+00:00,solana,long,0.00061144,0.8949012493609723,-0.0005471784199092729,False
2023-11-07 00:00:00+00:00,solana,long,0.0004,0.9375672797731492,-0.00037502691190925973,False
2023-11-07 08:00:00+00:00,solana,long,0.0004,0.9241867428936383,-0.00036967469715745537,False
2023-11-07 16:00:00+00:00,solana,long,0.00082316,0.9166579667405227,-0.0007545561719021287,False
2023-11-08 00:00:00+00:00,solana,long,0.00068572,0.955298270465214,-0.0006550671300234066,False
2023-11-08 08:00:00+00:00,solana,long,0.0004,0.9670462750858217,-0.0003868185100343287,False
2023-11-08 16:00:00+00:00,solana,long,0.0004,0.9508544020002433,-0.0003803417608000973,False
2023-11-09 00:00:00+00:00,solana,long,0.0004,0.9588458030986614,-0.0003835383212394646,False
2023-11-09 08:00:00+00:00,solana,long,0.0004,0.7636625323735889,-0.00030546501294943557,False
2023-11-09 16:00:00+00:00,solana,long,0.00112356,0.8076356901122408,-0.0009074271559825093,False
2023-11-10 00:00:00+00:00,solana,long,0.0004,0.7874814711597649,-0.00031499258846390596,False
2023-11-10 08:00:00+00:00,solana,long,0.00061472,0.8277324846798582,-0.0005088237129824024,False
2023-11-10 16:00:00+00:00,solana,long,0.00046116,0.8853256624272329,-0.00040827678248494273,False
2023-11-11 00:00:00+00:00,solana,long,0.0004,0.9859749478883972,-0.00039438997915535893,False
2023-11-11 08:00:00+00:00,solana,long,0.0004,0.6128082315516606,-0.0002451232926206643,False
2023-11-11 16:00:00+00:00,solana,long,0.00122616,0.6889784729885678,-0.0008447978444396624,False
2023-11-12 00:00:00+00:00,solana,long,0.00205116,0.6377577253326928,-0.001308143135893406,False
2023-11-12 08:00:00+00:00,solana,long,0.00068924,0.8122697578935911,-0.0005598488079305788,False
2023-11-12 16:00:00+00:00,solana,long,0.00065016,0.7793744208504749,-0.0005067180734601447,False
2023-11-13 00:00:00+00:00,solana,long,0.00202776,0.7481868451236324,-0.0015171433570678968,False
2023-11-13 08:00:00+00:00,solana,long,0.001321,0.7743946685920491,-0.0010229753572100968,False
2023-11-13 16:00:00+00:00,solana,long,0.0004,0.7401889403755122,-0.0002960755761502049,False
2023-11-14 00:00:00+00:00,solana,long,0.001889,0.6864828372222571,-0.0012967660795128438,False
2023-11-14 08:00:00+00:00,solana,long,0.0004,1.004836891236268,-0.0004019347564945072,False
2023-11-14 16:00:00+00:00,solana,long,0.00109408,1.0242171287783406,-0.001120575476253807,False
2023-11-15 00:00:00+00:00,solana,long,0.00049424,1.0347071652140039,-0.0005113936693353692,False
2023-11-15 08:00:00+00:00,solana,long,0.00043612,0.7934016697472893,-0.00034601833621018786,False
2023-11-15 16:00:00+00:00,solana,long,0.00106496,0.8375746922712677,-0.0008919835442812092,False
2023-11-16 00:00:00+00:00,solana,long,0.00127496,0.8784912369240385,-0.001120041187428672,False
2023-11-16 08:00:00+00:00,solana,long,0.00058288,0.6468928693353005,-0.00037706091567816,False
2023-11-16 16:00:00+00:00,solana,long,0.001206,0.6064477261568365,-0.0007313759577451448,False
2023-11-17 00:00:00+00:00,solana,long,0.0004,0.5688964449854206,-0.00022755857799416825,False
2023-11-17 08:00:00+00:00,solana,long,0.0004,0.5725406039810262,-0.0002290162415924105,False
2023-11-17 16:00:00+00:00,solana,long,0.0004,0.5420442807138292,-0.00021681771228553167,False
2023-11-18 00:00:00+00:00,solana,long,0.0004,0.5757584131130551,-0.00023030336524522204,False
2023-11-18 08:00:00+00:00,solana,long,0.0004,0.2681844225372182,-0.00010727376901488728,False
2023-11-18 16:00:00+00:00,solana,long,0.0004,0.27589313050208514,-0.00011035725220083406,False
2023-11-19 00:00:00+00:00,solana,long,0.0004,0.2786846164531876,-0.00011147384658127505,False
2023-11-19 08:00:00+00:00,solana,long,0.0004,0.1427722929528784,-5.710891718115137e-05,False
2023-11-19 16:00:00+00:00,solana,long,0.0004,0.14173075285947823,-5.669230114379129e-05,False
2023-11-20 00:00:00+00:00,solana,long,0.0004,0.14428981710530014,-5.771592684212006e-05,False
2023-11-22 08:00:00+00:00,avalanche-2,long,0.0004,1.2647819790045545,-0.0005059127916018218,False
2023-11-22 16:00:00+00:00,avalanche-2,long,0.0004,1.2538062353605102,-0.0005015224941442041,False
2023-11-23 00:00:00+00:00,avalanche-2,long,0.0004,1.3033538780964815,-0.0005213415512385927,False
2023-11-23 08:00:00+00:00,avalanche-2,long,0.0004,0.6208226673826563,-0.00024832906695306255,False
2023-11-23 16:00:00+00:00,avalanche-2,long,0.0004,0.6074443927010669,-0.00024297775708042677,False
2023-11-24 00:00:00+00:00,avalanche-2,long,0.0004,0.6078864061817362,-0.0002431545624726945,False
2023-11-24 08:00:00+00:00,avalanche-2,long,0.0004,0.559043872807884,-0.00022361754912315362,False
2023-11-24 16:00:00+00:00,avalanche-2,long,0.0004,0.5832479467405182,-0.0002332991786962073,False
2023-11-25 00:00:00+00:00,avalanche-2,long,0.0004,0.5640683792269353,-0.00022562735169077413,False
2023-11-25 08:00:00+00:00,avalanche-2,long,0.0004,0.503038703859974,-0.00020121548154398958,False
2023-11-25 16:00:00+00:00,avalanche-2,long,0.0004,0.4978833530175439,-0.00019915334120701756,False
2023-11-26 00:00:00+00:00,avalanche-2,long,0.0004,0.5075050907649363,-0.00020300203630597454,False
2023-11-26 08:00:00+00:00,avalanche-2,long,0.00052992,0.5392812968987519,-0.0002857759448525866,False
2023-11-26 16:00:00+00:00,avalanche-2,long,0.0004,0.5242998525785882,-0.0002097199410314353,False
2023-11-27 00:00:00+00:00,avalanche-2,long,0.0004,0.5339072424218065,-0.00021356289696872262,False
2023-11-27 08:00:00+00:00,avalanche-2,long,0.0004,0.5367909847189962,-0.0002147163938875985,False
2023-11-27 16:00:00+00:00,avalanche-2,long,0.0004,0.5262405181348294,-0.00021049620725393177,False
2023-11-28 00:00:00+00:00,avalanche-2,long,0.0004,0.5327854725915085,-0.00021311418903660343,False
2023-11-28 08:00:00+00:00,avalanche-2,long,0.0004,0.5162660075428505,-0.00020650640301714019,False
2023-11-28 16:00:00+00:00,avalanche-2,long,0.0004,0.5327069331380284,-0.00021308277325521137,False
2023-11-29 00:00:00+00:00,avalanche-2,long,0.0004,0.5415295317456319,-0.00021661181269825276,False
2023-11-29 08:00:00+00:00,avalanche-2,long,0.0004,0.5533628094033078,-0.00022134512376132315,False
2023-11-29 16:00:00+00:00,avalanche-2,long,0.0004,0.5562949489999001,-0.00022251797959996003,False
2023-11-30 00:00:00+00:00,avalanche-2,long,0.0004,0.552603594686333,-0.0002210414378745332,False
2023-11-30 08:00:00+00:00,avalanche-2,long,0.0004,0.6912215688547637,-0.0002764886275419055,False
2023-11-30 16:00:00+00:00,avalanche-2,long,0.0004,0.6925689793203675,-0.000277027591728147,False
2023-12-01 00:00:00+00:00,avalanche-2,long,0.0004,0.7027567169871282,-0.0002811026867948513,False
2023-12-01 08:00:00+00:00,avalanche-2,long,0.0004,0.8353775621510253,-0.00033415102486041015,False
2023-12-01 16:00:00+00:00,avalanche-2,long,0.0004,0.8331640948601056,-0.0003332656379440422,False
2023-12-02 00:00:00+00:00,avalanche-2,long,0.0007744,0.8201834222726777,-0.0006351500422079615,False
2023-12-02 08:00:00+00:00,avalanche-2,long,0.0004,0.8970060566297742,-0.0003588024226519097,False
2023-12-02 16:00:00+00:00,avalanche-2,long,0.0004,0.8916841456959654,-0.0003566736582783862,False
2023-12-03 00:00:00+00:00,avalanche-2,long,0.00055236,0.9035061005183957,-0.0004990606296823411,False
2023-12-03 08:00:00+00:00,avalanche-2,long,0.00042216,0.9007435818657317,-0.00038025791052043726,False
2023-12-03 16:00:00+00:00,avalanche-2,long,0.0004,0.8866466116822836,-0.00035465864467291346,False
2023-12-04 00:00:00+00:00,avalanche-2,long,0.0004,0.8913591435015342,-0.00035654365740061373,False
2023-12-04 08:00:00+00:00,avalanche-2,long,0.0014378,0.7738029745564345,-0.0011125739168172414,False
2023-12-04 16:00:00+00:00,avalanche-2,long,0.0004,0.7375051069420402,-0.0002950020427768161,False
2023-12-05 00:00:00+00:00,avalanche-2,long,0.0004,0.7827309400950179,-0.00031309237603800716,False
2023-12-05 08:00:00+00:00,avalanche-2,long,0.00133252,0.6946591144713783,-0.000925647163215401,False
2023-12-05 16:00:00+00:00,avalanche-2,long,0.0004,0.7000151749175234,-0.00028000606996700936,False
2023-12-06 00:00:00+00:00,avalanche-2,long,0.00167012,0.7686416570081893,-0.0012837238042025171,False
2023-12-06 08:00:00+00:00,avalanche-2,long,0.00156424,0.8128973785307195,-0.0012715665953928928,False
2023-12-06 16:00:00+00:00,avalanche-2,long,0.0007248,0.8109506949668375,-0.0005877770637119638,False
2023-12-07 00:00:00+00:00,avalanche-2,long,0.00072224,0.822819185082118,-0.0005942729282337089,False
2023-12-07 08:00:00+00:00,avalanche-2,long,0.0004,0.8357866094673319,-0.0003343146437869328,False
2023-12-07 16:00:00+00:00,avalanche-2,long,0.0004,0.8436989362108522,-0.0003374795744843409,False
2023-12-08 00:00:00+00:00,avalanche-2,long,0.0004,0.824797266767998,-0.00032991890670719924,False
2023-12-08 08:00:00+00:00,avalanche-2,long,0.00082192,1.5498687724741695,-0.0012738681414719694,False
2023-12-08 08:00:00+00:00,cardano,long,0.00099012,0.18707585293450324,-0.00018522754350751034,False
2023-12-08 16:00:00+00:00,avalanche-2,long,0.00105232,1.597293742720535,-0.0016808641513396734,False
2023-12-08 16:00:00+00:00,cardano,long,0.00090684,0.21628133894670679,-0.00019613256941043158,False
2023-12-09 00:00:00+00:00,avalanche-2,long,0.00199316,1.7517274246892578,-0.0034914730337936408,False
2023-12-09 00:00:00+00:00,cardano,long,0.0006276,0.21495363777496626,-0.0001349049030675688,False
2023-12-09 08:00:00+00:00,avalanche-2,long,0.001666,1.892792220756211,-0.0031533918397798474,False
2023-12-09 08:00:00+00:00,cardano,long,0.00076532,0.2461053682347657,-0.00018834936041743088,False
2023-12-09 16:00:00+00:00,avalanche-2,long,0.00129708,1.8991885411661094,-0.002463399472975737,False
2023-12-09 16:00:00+00:00,cardano,long,0.00113256,0.24134219103407045,-0.00027333451187754683,False
2023-12-10 00:00:00+00:00,avalanche-2,long,0.0004,1.8377608154278038,-0.0007351043261711216,False
2023-12-10 00:00:00+00:00,cardano,long,0.0007404,0.22800214305925307,-0.00016881278672107098,False
2023-12-10 08:00:00+00:00,avalanche-2,long,0.0004,1.8813249436249513,-0.0007525299774499806,False
2023-12-10 08:00:00+00:00,cardano,long,0.00064204,0.23239498224765276,-0.00014920687440228298,False
2023-12-10 16:00:00+00:00,avalanche-2,long,0.0004,1.9110015653465526,-0.0007644006261386211,False
2023-12-10 16:00:00+00:00,cardano,long,0.00131372,0.2340812021334241,-0.0003075171568667219,False
2023-12-11 00:00:00+00:00,avalanche-2,long,0.00104144,2.1423063412504537,-0.0022310835160318726,False
2023-12-11 00:00:00+00:00,cardano,long,0.0004,0.2342860699700132,-9.371442798800528e-05,False
2023-12-11 08:00:00+00:00,avalanche-2,long,0.0004,1.8213106422282892,-0.0007285242568913158,False
2023-12-11 08:00:00+00:00,cardano,long,0.0004,0.23650722732658594,-9.460289093063438e-05,False
2023-12-11 16:00:00+00:00,avalanche-2,long,0.0004,1.8314287478907347,-0.0007325714991562939,False
2023-12-11 16:00:00+00:00,cardano,long,0.0004,0.23248447376629228,-9.299378950651692e-05,False
2023-12-12 00:00:00+00:00,avalanche-2,long,0.0004964,1.964719303097034,-0.0009752866620573677,False
2023-12-12 00:00:00+00:00,cardano,long,0.0004,0.23470039733764048,-9.38801589350562e-05,False
2023-12-12 08:00:00+00:00,avalanche-2,long,0.00044208,1.7973370987760298,-0.0007945667846269073,False
2023-12-12 08:00:00+00:00,cardano,long,0.0004,0.25368398551010296,-0.00010147359420404119,False
2023-12-12 16:00:00+00:00,avalanche-2,long,0.00111104,1.654467448920987,-0.0018381795144491733,False
2023-12-12 16:00:00+00:00,cardano,long,0.00075076,0.24965827526481726,-0.0001874334467378142,False
2023-12-13 00:00:00+00:00,avalanche-2,long,0.0004,1.6459884075858016,-0.0006583953630343207,False
2023-12-13 00:00:00+00:00,cardano,long,0.0004,0.2476197241193322,-9.904788964773289e-05,False
2023-12-13 08:00:00+00:00,avalanche-2,long,0.0004,1.46202697970842,-0.0005848107918833681,False
2023-12-13 08:00:00+00:00,cardano,long,0.0004,0.18938735966416106,-7.575494386566443e-05,False
2023-12-13 16:00:00+00:00,avalanche-2,long,0.0004,1.617380828278617,-0.0006469523313114468,False
2023-12-13 16:00:00+00:00,cardano,long,0.0013714,0.21266792851686972,-0.00029165279716803513,False
2023-12-14 00:00:00+00:00,avalanche-2,long,0.0004,1.6164267191952757,-0.0006465706876781103,False
2023-12-14 00:00:00+00:00,cardano,long,0.00080448,0.22663559030225866,-0.00018232379968636104,False
2023-12-14 08:00:00+00:00,avalanche-2,long,0.0004,1.567284205953611,-0.0006269136823814444,False
2023-12-14 08:00:00+00:00,cardano,long,0.00058768,0.19117150895587923,-0.00011234767238319112,False
2023-12-14 16:00:00+00:00,avalanche-2,long,0.0004,1.5488550984795475,-0.0006195420393918191,False
2023-12-14 16:00:00+00:00,cardano,long,0.0004,0.18529701939615828,-7.411880775846332e-05,False
2023-12-15 00:00:00+00:00,avalanche-2,long,0.0004,1.5909382691730687,-0.0006363753076692276,False
2023-12-15 00:00:00+00:00,cardano,long,0.0004,0.187412534981653,-7.496501399266121e-05,False
2023-12-15 08:00:00+00:00,avalanche-2,long,0.0007562,1.5948266083324314,-0.0012060078812209845,False
2023-12-15 08:00:00+00:00,cardano,long,0.0004,0.18351369220838584,-7.340547688335434e-05,False
2023-12-15 16:00:00+00:00,avalanche-2,long,0.00123676,1.6363022260323021,-0.00202371314106771,False
2023-12-15 16:00:00+00:00,cardano,long,0.00053572,0.18143314382265133,-9.719736380867075e-05,False
2023-12-16 00:00:00+00:00,avalanche-2,long,0.00096836,1.6086383130547517,-0.0015577409968296995,False
2023-12-16 00:00:00+00:00,cardano,long,0.00060508,0.17503706019984008,-0.00010591142438571924,False
2023-12-16 08:00:00+00:00,avalanche-2,long,0.00065164,1.6953968805480357,-0.001104788423240322,False
2023-12-16 08:00:00+00:00,cardano,long,0.0004,0.17825404257778252,-7.130161703111301e-05,False
2023-12-16 16:00:00+00:00,avalanche-2,long,0.0004,1.818325102929977,-0.0007273300411719908,False
2023-12-16 16:00:00+00:00,cardano,long,0.0004,0.18118837342432964,-7.247534936973186e-05,False
2023-12-17 00:00:00+00:00,avalanche-2,long,0.0004,1.7099376488627367,-0.0006839750595450947,False
2023-12-17 00:00:00+00:00,cardano,long,0.0004,0.17722542411816866,-7.089016964726747e-05,False
2023-12-17 08:00:00+00:00,avalanche-2,long,0.0004,1.1397716501301063,-0.0004559086600520425,False
2023-12-17 08:00:00+00:00,internet-computer,long,0.0004,0.09539472635595928,-3.815789054238371e-05,False
2023-12-17 16:00:00+00:00,avalanche-2,long,0.0004,1.155357848080659,-0.0004621431392322636,False
2023-12-17 16:00:00+00:00,internet-computer,long,0.0004,0.10535689278196712,-4.214275711278685e-05,False
2023-12-18 00:00:00+00:00,avalanche-2,long,0.0004,1.115911297711976,-0.00044636451908479043,False
2023-12-18 00:00:00+00:00,internet-computer,long,0.00152448,0.097871302308593,-0.00014920284294340385,False
2023-12-18 08:00:00+00:00,avalanche-2,long,0.0004,1.0684654817284591,-0.00042738619269138366,False
2023-12-18 08:00:00+00:00,internet-computer,long,0.00072384,0.08715499057370045,-6.308626837686733e-05,False
2023-12-18 16:00:00+00:00,avalanche-2,long,0.0004,1.0749253697679297,-0.0004299701479071719,False
2023-12-18 16:00:00+00:00,internet-computer,long,0.0004,0.09237814512042045,-3.695125804816818e-05,False
2023-12-19 00:00:00+00:00,avalanche-2,long,0.0004,1.1305078957926524,-0.000452203158317061,False
2023-12-19 00:00:00+00:00,internet-computer,long,0.0008432,0.0913260658623467,-7.700613873513074e-05,False
2023-12-19 08:00:00+00:00,avalanche-2,long,0.0004,1.1218488969312344,-0.00044873955877249374,False
2023-12-19 08:00:00+00:00,internet-computer,long,0.0004,0.09397954009731142,-3.759181603892457e-05,False
2023-12-19 16:00:00+00:00,avalanche-2,long,0.0004,1.0937827450661295,-0.0004375130980264518,False
2023-12-19 16:00:00+00:00,internet-computer,long,0.0004,0.08807672372900398,-3.523068949160159e-05,False
2023-12-20 00:00:00+00:00,avalanche-2,long,0.0004,1.0925457452287841,-0.00043701829809151367,False
2023-12-20 00:00:00+00:00,internet-computer,long,0.00062864,0.08635429308525495,-5.428576280511467e-05,False
2023-12-20 08:00:00+00:00,avalanche-2,long,0.0004,1.1404863611472391,-0.00045619454445889566,False
2023-12-20 08:00:00+00:00,internet-computer,long,0.0004,0.08626118872613339,-3.450447549045336e-05,False
2023-12-20 16:00:00+00:00,avalanche-2,long,0.00096944,1.201676619767928,-0.00116495338226782,False
2023-12-20 16:00:00+00:00,internet-computer,long,0.0004,0.08786258370302436,-3.5145033481209744e-05,False
2023-12-21 00:00:00+00:00,avalanche-2,long,0.0010996,1.1945844873671474,-0.0013135651023089153,False
2023-12-21 00:00:00+00:00,internet-computer,long,0.00117576,0.08227632215573023,-9.673720853782139e-05,False
2023-12-21 08:00:00+00:00,avalanche-2,long,0.00117688,0.9231698765635112,-0.001086460164330065,False
2023-12-21 08:00:00+00:00,internet-computer,long,0.0013732,0.0723164274772694,-9.930491821178633e-05,False
2023-12-21 16:00:00+00:00,avalanche-2,long,0.00140024,0.9204103957930387,-0.0012887954526052446,False
2023-12-21 16:00:00+00:00,internet-computer,long,0.00100908,0.07032026038128553,-7.095876834554761e-05,False
2023-12-22 00:00:00+00:00,avalanche-2,long,0.00165668,0.9470579190541684,-0.0015689719133386596,False
2023-12-22 00:00:00+00:00,internet-computer,long,0.00059844,0.07433693807442379,-4.448619722125817e-05,False
2023-12-22 08:00:00+00:00,avalanche-2,long,0.001481,1.0576671746552497,-0.0015664050856644247,False
2023-12-22 08:00:00+00:00,internet-computer,long,0.00094032,0.08142105930085786,-7.656185048178266e-05,False
2023-12-22 16:00:00+00:00,avalanche-2,long,0.00059144,1.0394712454745518,-0.000614784873423469,False
2023-12-22 16:00:00+00:00,internet-computer,long,0.00071988,0.07767494134942812,-5.591663677862632e-05,False
2023-12-23 00:00:00+00:00,avalanche-2,long,0.0004,1.0445614990807977,-0.0004178245996323191,False
2023-12-23 00:00:00+00:00,internet-computer,long,0.00055432,0.07607876935273197,-4.2171983427606385e-05,False
2023-12-23 08:00:00+00:00,avalanche-2,long,0.0004,1.1026650498736292,-0.0004410660199494517,False
2023-12-23 08:00:00+00:00,internet-computer,long,0.00076032,0.09418626430378306,-7.161170047545233e-05,False
2023-12-23 16:00:00+00:00,avalanche-2,long,0.00049196,1.1010038578716927,-0.000541649857918558,False
2023-12-23 16:00:00+00:00,internet-computer,long,0.00108732,0.09386730273578904,-0.00010206379561067813,False
2023-12-24 00:00:00+00:00,avalanche-2,long,0.00201728,1.174951331252012,-0.002370205821508059,False
2023-12-24 00:00:00+00:00,internet-computer,long,0.00123236,0.09826074110783574,-0.00012109260691165246,False
2023-12-24 08:00:00+00:00,avalanche-2,long,0.0011986,1.1771988263134556,-0.001410990513219308,False
2023-12-24 08:00:00+00:00,internet-computer,long,0.0017184,0.09886779699530822,-0.00016989442235673763,False
2023-12-24 16:00:00+00:00,avalanche-2,long,0.00111996,1.1695524572457185,-0.0013098519700169148,False
2023-12-24 16:00:00+00:00,internet-computer,long,0.0007562,0.0999481506933525,-7.558079155431316e-05,False
2023-12-25 00:00:00+00:00,avalanche-2,long,0.00088788,1.1653261893584388,-0.0010346698170075705,False
2023-12-25 00:00:00+00:00,internet-computer,long,0.00098956,0.10070954282340273,-9.965813519632641e-05,False
2023-12-25 08:00:00+00:00,avalanche-2,long,0.00087592,1.1484211178093207,-0.00100592502551154,False
2023-12-25 08:00:00+00:00,internet-computer,long,0.00121464,0.09821958477648166,-0.00011930143645290567,False
2023-12-25 16:00:00+00:00,avalanche-2,long,0.00182604,1.1900486350343171,-0.0021730764095180643,False
2023-12-25 16:00:00+00:00,internet-computer,long,0.00244536,0.09979381445077473,-0.00024403180210534652,False
2023-12-26 00:00:00+00:00,avalanche-2,long,0.00256,1.1776629829022318,-0.0030148172362297137,False
2023-12-26 00:00:00+00:00,internet-computer,long,0.00273904,0.09845623368176756,-0.0002696755623037086,False
2023-12-26 08:00:00+00:00,avalanche-2,long,0.0004258,0.9679672625894801,-0.0004121604604106006,False
2023-12-26 08:00:00+00:00,near,long,0.00103784,0.17295390507685274,-0.00017949848084496085,False
2023-12-26 16:00:00+00:00,avalanche-2,long,0.00111632,0.9434290243915455,-0.0010531686885087701,False
2023-12-26 16:00:00+00:00,near,long,0.00206452,0.17027672468356328,-0.00035153970364371,False
2023-12-27 00:00:00+00:00,avalanche-2,long,0.0004,0.933651577294682,-0.0003734606309178728,False
2023-12-27 00:00:00+00:00,near,long,0.00056276,0.17327597189108304,-9.75127859414259e-05,False
2023-12-27 08:00:00+00:00,avalanche-2,long,0.00062136,0.6714196252674914,-0.00041719329835620845,False
2023-12-27 08:00:00+00:00,near,long,0.001202,0.4546983648704639,-0.0005465474345742975,False
2023-12-27 16:00:00+00:00,avalanche-2,long,0.00111732,0.6708768446488435,-0.0007495841160630458,False
2023-12-27 16:00:00+00:00,near,long,0.00140692,0.454302190294363,-0.0006391668375689452,False
2023-12-28 00:00:00+00:00,avalanche-2,long,0.0016928,0.6579586659250227,-0.0011137924296778785,False
2023-12-28 00:00:00+00:00,near,long,0.00176804,0.44928397899708505,-0.0007943520462260062,False
2023-12-28 08:00:00+00:00,avalanche-2,long,0.00285644,0.47239770804304193,-0.0013493757091624667,False
2023-12-28 08:00:00+00:00,near,long,0.00193604,0.8221279226511999,-0.0015916725433696292,False
2023-12-28 08:00:00+00:00,internet-computer,long,0.00192624,0.10529057123219634,-0.0002028149099303059,False
2023-12-28 16:00:00+00:00,avalanche-2,long,0.00329328,0.45645016201182725,-0.0015032181895503105,False
2023-12-28 16:00:00+00:00,near,long,0.00165296,0.7569886762380936,-0.0012512720022745192,False
2023-12-28 16:00:00+00:00,internet-computer,long,0.0017454,0.10703247003972584,-0.00018681447320733748,False
2023-12-29 00:00:00+00:00,avalanche-2,long,0.00265816,0.45286708283933613,-0.0012037931649202097,False
2023-12-29 00:00:00+00:00,near,long,0.00165364,0.7367994339010194,-0.0012184010158760817,False
2023-12-29 00:00:00+00:00,internet-computer,long,0.00105604,0.10823071890095631,-0.00011429596838816591,False
2023-12-29 08:00:00+00:00,avalanche-2,long,0.0014452,0.2314883648204551,-0.0003345469848385217,False
2023-12-29 08:00:00+00:00,near,long,0.00106092,0.7663680188234185,-0.0008130551585301411,False
2023-12-29 08:00:00+00:00,internet-computer,long,0.00144752,0.3227295866528494,-0.0004671575312717326,False
2023-12-29 16:00:00+00:00,avalanche-2,long,0.00256856,0.2271500245350695,-0.0005834484670197981,False
2023-12-29 16:00:00+00:00,near,long,0.00203844,0.7549112938004044,-0.0015388413777344965,False
2023-12-29 16:00:00+00:00,internet-computer,long,0.00089888,0.3240489760334635,-0.0002912811435769597,False
2023-12-30 00:00:00+00:00,avalanche-2,long,0.00131756,0.22916812238135922,-0.00030194275132478367,False
2023-12-30 00:00:00+00:00,near,long,0.00192076,0.7314118736914708,-0.0014048666705116293,False
2023-12-30 00:00:00+00:00,internet-computer,long,0.0004,0.32568085237264416,-0.00013027234094905766,False
2023-12-30 08:00:00+00:00,avalanche-2,long,0.00167428,0.13885246181025415,-0.00023247789975967232,False
2023-12-30 08:00:00+00:00,near,long,0.00122244,1.046123193147568,-0.0012788228362313131,False
2023-12-30 08:00:00+00:00,internet-computer,long,0.00122804,0.39886191915428726,-0.0004898183911982309,False
2023-12-30 16:00:00+00:00,avalanche-2,long,0.00160016,0.14137982722193965,-0.00022623034432745894,False
2023-12-30 16:00:00+00:00,near,long,0.00179464,1.092127107678258,-0.001959974992523709,False
2023-12-30 16:00:00+00:00,internet-computer,long,0.00045972,0.4497473451020276,-0.00020675784949030412,False
2023-12-31 00:00:00+00:00,avalanche-2,long,0.00153984,0.1396795350418872,-0.0002150841352388996,False
2023-12-31 00:00:00+00:00,near,long,0.00177672,1.0702606900753795,-0.0019015535732707283,False
2023-12-31 00:00:00+00:00,internet-computer,long,0.0004,0.48881937020229244,-0.00019552774808091698,False
2023-12-31 08:00:00+00:00,near,long,0.00196128,0.8941350250118795,-0.0017536491418552991,False
2023-12-31 08:00:00+00:00,internet-computer,long,0.00119724,0.3924008530094301,-0.00046979799725701014,False
2023-12-31 16:00:00+00:00,near,long,0.00183488,0.8839988491227548,-0.0016220318082783604,False
2023-12-31 16:00:00+00:00,internet-computer,long,0.0020528,0.4084506863762884,-0.0008384675689932448,False
2024-01-01 00:00:00+00:00,near,long,0.0015434,0.8721892479689164,-0.0013461368853152254,False
2024-01-01 00:00:00+00:00,internet-computer,long,0.00219252,0.3897942194881702,-0.0008546316221122029,False
2024-01-01 08:00:00+00:00,near,long,0.00202556,0.8620530720797918,-0.001746140220681943,False
2024-01-01 08:00:00+00:00,internet-computer,long,0.00208936,0.39497819851359717,-0.0008252516488463695,False
2024-01-01 16:00:00+00:00,near,long,0.00167516,0.8669299114226725,-0.001452246310418804,False
2024-01-01 16:00:00+00:00,internet-computer,long,0.00150404,0.3907021480180473,-0.0005876316587050639,False
2024-01-02 00:00:00+00:00,near,long,0.00297512,0.9071638360014382,-0.002698921271764599,False
2024-01-02 00:00:00+00:00,internet-computer,long,0.00200792,0.37892836514673883,-0.0007608578429454398,False
2024-01-02 08:00:00+00:00,near,long,0.00124552,0.825773317934829,-0.001028517182954188,False
2024-01-02 08:00:00+00:00,internet-computer,long,0.00133328,0.4798890451404637,-0.0006398264661048775,False
2024-01-02 16:00:00+00:00,near,long,0.00368796,0.7741376893534809,-0.0028549888328280636,False
2024-01-02 16:00:00+00:00,internet-computer,long,0.00302444,0.4731270210197191,-0.0014309442874528794,False
2024-01-03 00:00:00+00:00,near,long,0.00055924,0.7780852460525545,-0.0004351363930024306,False
2024-01-03 00:00:00+00:00,internet-computer,long,0.00102024,0.5002108954080983,-0.0005103351639311581,False
2024-01-03 08:00:00+00:00,near,long,0.00066916,0.6711983399061026,-0.0004491390811315676,False
2024-01-03 08:00:00+00:00,internet-computer,long,0.00146952,0.5459260304638859,-0.0008022492202872896,False
2024-01-03 16:00:00+00:00,near,long,0.0004,0.6120612498979519,-0.00024482449995918076,False
2024-01-03 16:00:00+00:00,internet-computer,long,0.0004,0.49773624165626906,-0.00019909449666250764,False
2024-01-04 00:00:00+00:00,near,long,0.0004,0.6388399895374328,-0.00025553599581497316,False
2024-01-04 00:00:00+00:00,internet-computer,long,0.0004,0.5108756829671152,-0.00020435027318684606,False
2024-01-04 08:00:00+00:00,near,long,0.0004,0.6126887441136966,-0.0002450754976454786,False
2024-01-04 08:00:00+00:00,internet-computer,long,0.0004,0.5105915869387726,-0.00020423663477550904,False
2024-01-04 16:00:00+00:00,near,long,0.0004,0.6653812989331185,-0.0002661525195732474,False
2024-01-04 16:00:00+00:00,internet-computer,long,0.0004,0.5236244922389902,-0.0002094497968955961,False
2024-01-05 00:00:00+00:00,near,long,0.0004,0.6622438278543953,-0.0002648975311417581,False
2024-01-05 00:00:00+00:00,internet-computer,long,0.00024456,0.49219636910358794,-0.00012037154402797347,False
2024-01-05 08:00:00+00:00,near,long,0.0004,0.647677963506299,-0.0002590711854025196,False
2024-01-05 08:00:00+00:00,internet-computer,long,0.0004,0.5610092601934769,-0.00022440370407739076,False
2024-01-05 16:00:00+00:00,near,long,0.0004,0.6273389379016139,-0.00025093557516064555,False
2024-01-05 16:00:00+00:00,internet-computer,long,0.0004,0.5417200199763763,-0.00021668800799055053,False
2024-01-06 00:00:00+00:00,near,long,0.0004,0.6213651155663877,-0.0002485460462265551,False
2024-01-06 00:00:00+00:00,internet-computer,long,0.0004,0.5524455026832986,-0.00022097820107331946,False
2024-01-06 08:00:00+00:00,near,long,0.0004,0.8355381557931582,-0.0003342152623172633,False
2024-01-06 08:00:00+00:00,internet-computer,long,0.0004,0.677629097454517,-0.00027105163898180683,False
2024-01-06 16:00:00+00:00,near,long,0.0004,0.8671834771597463,-0.0003468733908638985,False
2024-01-06 16:00:00+00:00,internet-computer,long,0.0004,0.6878380925135539,-0.00027513523700542156,False
2024-01-07 00:00:00+00:00,near,long,0.0004,0.8826884137329339,-0.0003530753654931736,False
2024-01-07 00:00:00+00:00,internet-computer,long,0.0004,0.6775162908792791,-0.0002710065163517117,False
2024-01-07 08:00:00+00:00,near,long,0.0004,0.5803095800413067,-0.0002321238320165227,False
2024-01-07 08:00:00+00:00,internet-computer,long,0.0,0.3321192579583029,-0.0,False
2024-01-07 16:00:00+00:00,near,long,0.0004,0.5617357596504384,-0.00022469430386017538,False
2024-01-07 16:00:00+00:00,internet-computer,long,0.0001142,0.32395753706329733,-3.699595073262856e-05,False
2024-01-08 00:00:00+00:00,near,long,0.0004,0.5419641724587058,-0.00021678566898348232,False
2024-01-08 00:00:00+00:00,internet-computer,long,0.0004,0.30760679854788486,-0.00012304271941915396,False
2024-01-08 08:00:00+00:00,near,long,0.0004,0.4936283738130205,-0.00019745134952520822,False
2024-01-08 08:00:00+00:00,internet-computer,long,0.0004,0.3925933982398671,-0.00015703735929594684,False
2024-01-08 16:00:00+00:00,near,long,0.0004,0.5050521348937599,-0.00020202085395750396,False
2024-01-08 16:00:00+00:00,internet-computer,long,0.00032256,0.4793500091833874,-0.00015461913896219344,False
2024-01-09 00:00:00+00:00,near,long,0.0004,0.5333536825233348,-0.00021334147300933393,False
2024-01-09 00:00:00+00:00,internet-computer,long,0.0004,0.49205134924707894,-0.00019682053969883158,False
2024-01-09 08:00:00+00:00,near,long,0.0004,0.6694705112058807,-0.0002677882044823523,False
2024-01-09 08:00:00+00:00,internet-computer,long,0.0004,1.1112808057033938,-0.00044451232228135757,False
2024-01-09 16:00:00+00:00,near,long,0.0004,0.6108040822681436,-0.00024432163290725745,False
2024-01-09 16:00:00+00:00,internet-computer,long,0.0004,1.0230648219930862,-0.00040922592879723453,False
2024-01-10 00:00:00+00:00,near,long,0.0004,0.6186326844247532,-0.0002474530737699013,False
2024-01-10 00:00:00+00:00,internet-computer,long,0.0004,1.0210599132723972,-0.0004084239653089589,False
2024-01-10 08:00:00+00:00,internet-computer,long,0.0004,1.2084465514752718,-0.0004833786205901087,False
2024-01-10 08:00:00+00:00,optimism,long,0.0004,0.33476994886321393,-0.00013390797954528557,False
2024-01-10 16:00:00+00:00,internet-computer,long,0.0004,1.1833718814131025,-0.000473348752565241,False
2024-01-10 16:00:00+00:00,optimism,long,0.0004,0.35039361315270573,-0.0001401574452610823,False
2024-01-11 00:00:00+00:00,internet-computer,long,0.0004,1.3250485343118996,-0.0005300194137247599,False
2024-01-11 00:00:00+00:00,optimism,long,0.0004,0.3695937789060571,-0.00014783751156242285,False
2024-01-11 08:00:00+00:00,internet-computer,long,0.0004,1.231137697767273,-0.0004924550791069092,False
2024-01-11 08:00:00+00:00,optimism,long,0.0004,0.36073723186002593,-0.0001442948927440104,False
2024-01-11 16:00:00+00:00,internet-computer,long,0.0,1.2388603147826178,-0.0,False
2024-01-11 16:00:00+00:00,optimism,long,0.0004,0.3534430512429439,-0.00014137722049717758,False
2024-01-12 00:00:00+00:00,internet-computer,long,0.0,1.24782236415845,-0.0,False
2024-01-12 00:00:00+00:00,optimism,long,0.0004,0.37315145667800165,-0.00014926058267120067,False
2024-01-12 08:00:00+00:00,internet-computer,long,0.0004,1.1994532973169036,-0.0004797813189267615,False
2024-01-12 08:00:00+00:00,ethereum-classic,long,0.0004,0.5566121045133428,-0.0002226448418053371,False
2024-01-12 16:00:00+00:00,internet-computer,long,0.0004,1.187454002718894,-0.00047498160108755763,False
2024-01-12 16:00:00+00:00,ethereum-classic,long,0.0004,0.5741627332540733,-0.00022966509330162933,False
2024-01-13 00:00:00+00:00,internet-computer,long,0.0004,1.164407738490971,-0.00046576309539638844,False
2024-01-13 00:00:00+00:00,ethereum-classic,long,0.0004,0.5455086839079412,-0.00021820347356317648,False
2024-01-13 08:00:00+00:00,internet-computer,long,0.00035244,1.234784553633265,-0.00043518746808250783,False
2024-01-13 08:00:00+00:00,ethereum-classic,long,0.0004,0.5609917661821627,-0.0002243967064728651,False
2024-01-13 16:00:00+00:00,internet-computer,long,0.0004,1.220975841595873,-0.0004883903366383491,False
2024-01-13 16:00:00+00:00,ethereum-classic,long,0.0004,0.5466186497088877,-0.0002186474598835551,False
2024-01-14 00:00:00+00:00,internet-computer,long,0.0004,1.229261068818308,-0.0004917044275273233,False
2024-01-14 00:00:00+00:00,ethereum-classic,long,0.0004,0.5375752503781244,-0.00021503010015124977,False
2024-01-14 08:00:00+00:00,internet-computer,long,0.0004,1.1232452094751497,-0.0004492980837900599,False
2024-01-14 08:00:00+00:00,ethereum-classic,long,0.0004,0.7865281578364823,-0.00031461126313459296,False
2024-01-14 16:00:00+00:00,internet-computer,long,0.0004,1.0852276793082987,-0.0004340910717233195,False
2024-01-14 16:00:00+00:00,ethereum-classic,long,0.0004,0.778987937280372,-0.0003115951749121488,False
2024-01-15 00:00:00+00:00,internet-computer,long,0.00021336,1.03675944279688,-0.00022120299471514233,False
2024-01-15 00:00:00+00:00,ethereum-classic,long,0.0004,0.7466791492377038,-0.0002986716596950816,False
2024-01-15 08:00:00+00:00,internet-computer,long,0.00030976,0.5811753617302412,-0.00018002488004955952,False
2024-01-15 08:00:00+00:00,ethereum-classic,long,0.0004,0.3283334509204356,-0.00013133338036817424,False
2024-01-15 16:00:00+00:00,internet-computer,long,0.0004,0.5643354641852399,-0.00022573418567409598,False
2024-01-15 16:00:00+00:00,ethereum-classic,long,0.0004,0.32202286404417674,-0.0001288091456176707,False
2024-01-16 00:00:00+00:00,internet-computer,long,0.0004,0.5692415760684293,-0.00022769663042737173,False
2024-01-16 00:00:00+00:00,ethereum-classic,long,0.0004,0.3281443788622753,-0.00013125775154491015,False
2024-01-16 08:00:00+00:00,internet-computer,long,0.00021652,1.1223389683740597,-0.0002430088334323514,False
2024-01-16 08:00:00+00:00,ethereum-classic,long,0.0004,0.6499478668146464,-0.0002599791467258586,False
2024-01-16 16:00:00+00:00,internet-computer,long,0.0004,1.1098646310611984,-0.00044394585242447937,False
2024-01-16 16:00:00+00:00,ethereum-classic,long,0.0004,0.6632042185184069,-0.00026528168740736277,False
2024-01-17 00:00:00+00:00,internet-computer,long,0.0004,1.1138177661251332,-0.0004455271064500533,False
2024-01-17 00:00:00+00:00,ethereum-classic,long,0.0004,0.6717175396850239,-0.00026868701587400956,False
2024-01-17 08:00:00+00:00,internet-computer,long,0.0004,1.0779760082121232,-0.00043119040328484933,False
2024-01-17 08:00:00+00:00,ethereum-classic,long,0.0004,0.6535383852586522,-0.0002614153541034609,False
2024-01-17 16:00:00+00:00,internet-computer,long,0.0004,1.0756041271737622,-0.0004302416508695049,False
2024-01-17 16:00:00+00:00,ethereum-classic,long,0.0004,0.6478989564268464,-0.0002591595825707386,False
2024-01-18 00:00:00+00:00,internet-computer,long,0.0004,1.0696305008549272,-0.0004278522003419709,False
2024-01-18 00:00:00+00:00,ethereum-classic,long,0.0004,0.6447295481707178,-0.00025789181926828716,False
2024-01-18 08:00:00+00:00,internet-computer,long,0.0004,1.0864972104610495,-0.0004345988841844198,False
2024-01-18 08:00:00+00:00,ethereum-classic,long,0.0004,0.6308624635629017,-0.0002523449854251607,False
2024-01-18 16:00:00+00:00,internet-computer,long,0.0004,1.0618120781729226,-0.000424724831269169,False
2024-01-18 16:00:00+00:00,ethereum-classic,long,0.0004,0.6269641160341904,-0.00025078564641367617,False
2024-01-19 00:00:00+00:00,internet-computer,long,0.0004,1.0080494413034076,-0.00040321977652136307,False
2024-01-19 00:00:00+00:00,ethereum-classic,long,0.0004,0.601786159537953,-0.00024071446381518122,False
2024-01-19 08:00:00+00:00,internet-computer,long,0.0004,0.5194116750485812,-0.0002077646700194325,False
2024-01-19 08:00:00+00:00,ethereum-classic,long,0.0004,0.30171790834766915,-0.00012068716333906767,False
2024-01-19 16:00:00+00:00,internet-computer,long,0.0004,0.5061995912408073,-0.0002024798364963229,False
2024-01-19 16:00:00+00:00,ethereum-classic,long,0.0004,0.29961789741444295,-0.00011984715896577718,False
2024-01-20 00:00:00+00:00,internet-computer,long,0.0004,0.5215051390322075,-0.000208602055612883,False
2024-01-20 00:00:00+00:00,ethereum-classic,long,0.0004,0.31820129757579324,-0.0001272805190303173,False
2024-01-20 08:00:00+00:00,internet-computer,long,0.0004,0.5172716896430968,-0.00020690867585723872,False
2024-01-20 08:00:00+00:00,ethereum-classic,long,0.0004,0.3127470501489818,-0.00012509882005959272,False
2024-01-20 16:00:00+00:00,internet-computer,long,0.0004,0.5208073177043321,-0.00020832292708173285,False
2024-01-20 16:00:00+00:00,ethereum-classic,long,0.0004,0.30519279178894415,-0.00012207711671557766,False
2024-01-21 00:00:00+00:00,internet-computer,long,0.0004,0.5321120232159134,-0.0002128448092863654,False
2024-01-21 00:00:00+00:00,ethereum-classic,long,0.0004,0.31065709312806306,-0.00012426283725122523,False
2024-01-21 08:00:00+00:00,internet-computer,long,0.0004,0.4023604079862554,-0.00016094416319450215,False
2024-01-21 08:00:00+00:00,ethereum-classic,long,0.0004,0.4937215490926441,-0.00019748861963705765,False
2024-01-21 16:00:00+00:00,internet-computer,long,0.00036136,0.4002303899450364,-0.00014462725371053837,False
2024-01-21 16:00:00+00:00,ethereum-classic,long,0.0004,0.49725548680151105,-0.00019890219472060443,False
2024-01-22 00:00:00+00:00,internet-computer,long,0.0004,0.39423083912893647,-0.0001576923356515746,False
2024-01-22 00:00:00+00:00,ethereum-classic,long,0.0004,0.4910129981955986,-0.00019640519927823947,False
2024-01-22 08:00:00+00:00,internet-computer,long,0.0004,0.3432335041039637,-0.0001372934016415855,False
2024-01-22 08:00:00+00:00,ethereum-classic,long,0.0004,0.589990266168955,-0.00023599610646758202,False
2024-01-22 16:00:00+00:00,internet-computer,long,0.0004,0.3354810533737466,-0.00013419242134949866,False
2024-01-22 16:00:00+00:00,ethereum-classic,long,0.0004,0.5809252433454534,-0.00023237009733818135,False
2024-01-23 00:00:00+00:00,internet-computer,long,0.0004,0.32744726370573946,-0.0001309789054822958,False
2024-01-23 00:00:00+00:00,ethereum-classic,long,0.0004,0.5616788999918565,-0.0002246715599967426,False
2024-01-23 08:00:00+00:00,internet-computer,long,0.0004,0.3233834790487709,-0.00012935339161950838,False
2024-01-23 08:00:00+00:00,ethereum-classic,long,0.0004,0.5660951303925038,-0.00022643805215700154,False
2024-01-23 16:00:00+00:00,internet-computer,long,0.0004,0.3187882763981987,-0.00012751531055927947,False
2024-01-23 16:00:00+00:00,ethereum-classic,long,0.0004,0.5517399335691138,-0.0002206959734276455,False
2024-01-24 00:00:00+00:00,internet-computer,long,0.0004,0.32744726370573946,-0.0001309789054822958,False
2024-01-24 00:00:00+00:00,ethereum-classic,long,0.0004,0.5660363778816304,-0.00022641455115265217,False
2024-01-24 08:00:00+00:00,internet-computer,long,0.0004,0.3368564881807206,-0.00013474259527228825,False
2024-01-24 08:00:00+00:00,ethereum-classic,long,0.0004,0.5624133063777734,-0.00022496532255110937,False
2024-01-24 16:00:00+00:00,internet-computer,long,0.0,0.35233012975917805,-0.0,False
2024-01-24 16:00:00+00:00,ethereum-classic,long,0.0004,0.5595124011534015,-0.00022380496046136062,False
2024-01-25 00:00:00+00:00,internet-computer,long,0.00010228,0.3600200607254416,-3.682285181099817e-05,False
2024-01-25 00:00:00+00:00,ethereum-classic,long,0.0004,0.5627584773791544,-0.00022510339095166177,False
2024-01-25 08:00:00+00:00,internet-computer,long,0.0004,0.3601138403713717,-0.0001440455361485487,False
2024-01-25 08:00:00+00:00,ethereum-classic,long,0.0004,0.5564376864176959,-0.00022257507456707834,False
2024-01-25 16:00:00+00:00,internet-computer,long,0.0004,0.34667209112139863,-0.00013866883644855947,False
2024-01-25 16:00:00+00:00,ethereum-classic,long,0.0004,0.5467680023364561,-0.00021870720093458243,False
2024-01-26 00:00:00+00:00,internet-computer,long,0.0004,0.34785996663651253,-0.00013914398665460502,False
2024-01-26 00:00:00+00:00,ethereum-classic,long,0.0004,0.5691037485534769,-0.00022764149942139077,False
2024-01-26 08:00:00+00:00,internet-computer,long,0.0004,0.3485789439219762,-0.00013943157756879048,False
2024-01-26 08:00:00+00:00,ethereum-classic,long,0.0004,0.5634806436586395,-0.00022539225746345581,False
2024-01-26 16:00:00+00:00,internet-computer,long,0.00036228,0.383840090791673,-0.0001390575880920073,False
2024-01-26 16:00:00+00:00,ethereum-classic,long,0.0004,0.5802765177045601,-0.00023211060708182407,False
2024-01-27 00:00:00+00:00,internet-computer,long,0.0004,0.3795574869608676,-0.00015182299478434704,False
2024-01-27 00:00:00+00:00,ethereum-classic,long,0.0004,0.5846437876794796,-0.00023385751507179183,False
2024-01-27 08:00:00+00:00,internet-computer,long,0.0004,0.3560066968295682,-0.00014240267873182728,False
2024-01-27 08:00:00+00:00,ethereum-classic,long,0.0004,0.4951633900408957,-0.0001980653560163583,False
2024-01-27 08:00:00+00:00,tron,long,0.0004,0.11552365690537626,-4.620946276215051e-05,False
2024-01-27 16:00:00+00:00,internet-computer,long,0.00034732,0.3664665548242396,-0.0001272811638215549,False
2024-01-27 16:00:00+00:00,ethereum-classic,long,0.0004,0.4954109284167004,-0.0001981643713666802,False
2024-01-27 16:00:00+00:00,tron,long,0.00019316,0.11378532580642609,-2.1978773532769263e-05,False
2024-01-28 00:00:00+00:00,internet-computer,long,0.00015336,0.3632943028094622,-5.5714814278859125e-05,False
2024-01-28 00:00:00+00:00,ethereum-classic,long,0.0004,0.49528922204859643,-0.0001981156888194386,False
2024-01-28 00:00:00+00:00,tron,long,2.888e-05,0.1128608953954237,-3.2594226590198365e-06,False
2024-01-28 08:00:00+00:00,internet-computer,long,0.00029684,0.36255125278798284,-0.00010761971387758481,False
2024-01-28 08:00:00+00:00,ethereum-classic,long,0.0004,0.49313151253949894,-0.0001972526050157996,False
2024-01-28 08:00:00+00:00,tron,long,0.0004,0.11327286981771824,-4.5309147927087296e-05,False
2024-01-28 16:00:00+00:00,internet-computer,long,0.0004,0.3568926410859474,-0.00014275705643437898,False
2024-01-28 16:00:00+00:00,ethereum-classic,long,0.0004,0.49105631582233633,-0.00019642252632893453,False
2024-01-28 16:00:00+00:00,tron,long,0.0,0.11257954700946644,-0.0,False
2024-01-29 00:00:00+00:00,internet-computer,long,0.0004,0.35214855248727134,-0.00014085942099490855,False
2024-01-29 00:00:00+00:00,ethereum-classic,long,0.0004,0.4844326014497628,-0.00019377304057990513,False
2024-01-29 00:00:00+00:00,tron,long,7.444e-05,0.11266998041923841,-8.387153342408107e-06,False
2024-01-29 08:00:00+00:00,internet-computer,long,0.0004,0.34803319852215475,-0.00013921327940886192,False
2024-01-29 08:00:00+00:00,ethereum-classic,long,0.0004,0.4823491534534067,-0.00019293966138136267,False
2024-01-29 08:00:00+00:00,tron,long,0.0004,0.11374513317986076,-4.549805327194431e-05,False
2024-01-29 16:00:00+00:00,internet-computer,long,0.0004,0.35374896791815,-0.00014149958716726003,False
2024-01-29 16:00:00+00:00,ethereum-classic,long,0.0004,0.4881704309244134,-0.00019526817236976537,False
2024-01-29 16:00:00+00:00,tron,long,0.0004,0.11470975621742849,-4.58839024869714e-05,False
2024-01-30 00:00:00+00:00,internet-computer,long,0.0004,0.3584644776698461,-0.00014338579106793845,False
2024-01-30 00:00:00+00:00,ethereum-classic,long,0.0004,0.5097248349976061,-0.00020388993399904245,False
2024-01-30 00:00:00+00:00,tron,long,3.008e-05,0.11346378479390352,-3.412990646600618e-06,False
2024-01-30 08:00:00+00:00,internet-computer,long,0.0004,0.3508339255261924,-0.00014033357021047698,False
2024-01-30 08:00:00+00:00,ethereum-classic,long,0.0004,0.5136627579926989,-0.00020546510319707957,False
2024-01-30 08:00:00+00:00,tron,long,0.0,0.11253935438290112,-0.0,False
2024-01-30 16:00:00+00:00,internet-computer,long,0.0004,0.340374067531521,-0.0001361496270126084,False
2024-01-30 16:00:00+00:00,ethereum-classic,long,0.0004,0.5229392586259795,-0.0002091757034503918,False
2024-01-30 16:00:00+00:00,tron,long,0.0,0.11257954700946644,-0.0,False
2024-01-31 00:00:00+00:00,internet-computer,long,0.0004,0.3349726654523054,-0.00013398906618092217,False
2024-01-31 00:00:00+00:00,ethereum-classic,long,0.0004,0.5219821102395347,-0.00020879284409581388,False
2024-01-31 00:00:00+00:00,tron,long,0.00019,0.11243887281648782,-2.1363385835132685e-05,False
2024-01-31 08:00:00+00:00,internet-computer,long,0.0004,0.3360300827905645,-0.0001344120331162258,False
2024-01-31 08:00:00+00:00,ethereum-classic,long,0.0004,0.5299074639048812,-0.0002119629855619525,False
2024-01-31 08:00:00+00:00,tron,long,0.0004,0.1136546997700888,-4.546187990803552e-05,False
2024-01-31 16:00:00+00:00,internet-computer,long,0.0004,0.33837354824292265,-0.00013534941929716906,False
2024-01-31 16:00:00+00:00,ethereum-classic,long,0.0004,0.5111894370544504,-0.00020447577482178016,False
2024-01-31 16:00:00+00:00,tron,long,6.064e-05,0.11325277350443558,-6.867648185308974e-06,False
2024-02-01 00:00:00+00:00,internet-computer,long,0.0004,0.3274278498495916,-0.00013097113993983665,False
2024-02-01 00:00:00+00:00,ethereum-classic,long,0.0004,0.5016715865047605,-0.0002006686346019042,False
2024-02-01 00:00:00+00:00,tron,long,0.0,0.11269007673252107,-0.0,False
2024-02-01 08:00:00+00:00,internet-computer,long,0.0004,0.3507163706984689,-0.00014028654827938757,False
2024-02-01 08:00:00+00:00,ethereum-classic,long,0.0004,0.29328009542435957,-0.00011731203816974383,False
2024-02-01 08:00:00+00:00,tron,long,0.0004,0.342722324324948,-0.0001370889297299792,False
2024-02-01 16:00:00+00:00,internet-computer,long,0.0004,0.34741600944437817,-0.00013896640377775128,False
2024-02-01 16:00:00+00:00,ethereum-classic,long,0.0004,0.2982706003628743,-0.00011930824014514971,False
2024-02-01 16:00:00+00:00,tron,long,0.00035776,0.34766514319461417,-0.00012438068162930516,False
2024-02-02 00:00:00+00:00,internet-computer,long,0.0004,0.35280559020793917,-0.00014112223608317567,False
2024-02-02 00:00:00+00:00,ethereum-classic,long,0.0004,0.30007224889291967,-0.00012002889955716787,False
2024-02-02 00:00:00+00:00,tron,long,0.0,0.3503943069876813,-0.0,False
2024-02-02 08:00:00+00:00,internet-computer,long,0.0004,0.35556825058101804,-0.00014222730023240722,False
2024-02-02 08:00:00+00:00,ethereum-classic,long,0.0004,0.2027044291501379,-8.108177166005515e-05,False
2024-02-02 08:00:00+00:00,tron,long,2.036e-05,0.35032184287737866,-7.13255272098343e-06,False
2024-02-02 08:00:00+00:00,chainlink,long,0.0004,0.10901645954443279,-4.360658381777312e-05,False
2024-02-02 16:00:00+00:00,internet-computer,long,0.0004,0.35372416406639534,-0.00014148966562655814,False
2024-02-02 16:00:00+00:00,ethereum-classic,long,0.0004,0.2055287938909421,-8.221151755637685e-05,False
2024-02-02 16:00:00+00:00,tron,long,0.0,0.348622264611653,-0.0,False
2024-02-02 16:00:00+00:00,chainlink,long,0.0004,0.1127057175304629,-4.508228701218516e-05,False
2024-02-03 00:00:00+00:00,internet-computer,long,0.0004,0.3612991040572301,-0.00014451964162289204,False
2024-02-03 00:00:00+00:00,ethereum-classic,long,0.0004,0.20466289453911354,-8.186515781564542e-05,False
2024-02-03 00:00:00+00:00,tron,long,0.0,0.3462368916071258,-0.0,False
2024-02-03 00:00:00+00:00,chainlink,long,0.0004,0.10728232163032037,-4.291292865212815e-05,False
2024-02-03 08:00:00+00:00,internet-computer,long,0.0004,0.3558343760560747,-0.0001423337504224299,False
2024-02-03 08:00:00+00:00,tron,long,0.0,0.35236507669040773,-0.0,False
2024-02-03 08:00:00+00:00,chainlink,long,0.0004,0.32813497353014953,-0.0001312539894120598,False
2024-02-03 16:00:00+00:00,internet-computer,long,0.0004,0.3605676548497667,-0.00014422706193990668,False
2024-02-03 16:00:00+00:00,tron,long,0.00039804,0.356162768929268,-0.00014176702854460583,False
2024-02-03 16:00:00+00:00,chainlink,long,0.0004,0.33490373682926755,-0.00013396149473170703,False
2024-02-04 00:00:00+00:00,internet-computer,long,0.0004,0.3445286015659987,-0.0001378114406263995,False
2024-02-04 00:00:00+00:00,tron,long,0.0004,0.35582857201224827,-0.00014233142880489932,False
2024-02-04 00:00:00+00:00,chainlink,long,0.0004,0.32691978230841406,-0.00013076791292336562,False
2024-02-04 08:00:00+00:00,internet-computer,long,0.0004,0.33825362625093264,-0.00013530145050037306,False
2024-02-04 08:00:00+00:00,tron,long,0.0,0.3554639935573177,-0.0,False
2024-02-04 08:00:00+00:00,chainlink,long,0.0004,0.32640110312840503,-0.00013056044125136202,False
2024-02-04 16:00:00+00:00,internet-computer,long,0.0004,0.34425812849207343,-0.00013770325139682939,False
2024-02-04 16:00:00+00:00,tron,long,0.0,0.35968702732693025,-0.0,False
2024-02-04 16:00:00+00:00,chainlink,long,0.0004,0.33702105933909016,-0.00013480842373563606,False
2024-02-05 00:00:00+00:00,internet-computer,long,0.0004,0.3444474596438211,-0.00013777898385752845,False
2024-02-05 00:00:00+00:00,tron,long,0.0,0.3595351196373759,-0.0,False
2024-02-05 00:00:00+00:00,chainlink,long,0.0004,0.33608373196378816,-0.00013443349278551527,False
2024-02-05 08:00:00+00:00,internet-computer,long,0.0004,0.34195910736370877,-0.00013678364294548352,False
2024-02-05 08:00:00+00:00,tron,long,0.0,0.3622998395872661,-0.0,False
2024-02-05 08:00:00+00:00,chainlink,long,0.0004,0.3464628728408976,-0.00013858514913635904,False
2024-02-05 16:00:00+00:00,internet-computer,long,0.0004,0.33127542094366086,-0.00013251016837746436,False
2024-02-05 16:00:00+00:00,tron,long,0.0,0.3594439750236432,-0.0,False
2024-02-05 16:00:00+00:00,chainlink,long,0.0004,0.35705874751822525,-0.00014282349900729012,False
2024-02-06 00:00:00+00:00,internet-computer,long,0.0004,0.33092380594755805,-0.00013236952237902322,False
2024-02-06 00:00:00+00:00,tron,long,0.0,0.36111495960874174,-0.0,False
2024-02-06 00:00:00+00:00,chainlink,long,0.0004,0.35463762720296876,-0.0001418550508811875,False
2024-02-06 08:00:00+00:00,internet-computer,long,0.0004,0.3305180963366702,-0.00013220723853466808,False
2024-02-06 08:00:00+00:00,tron,long,0.0,0.36488227030969106,-0.0,False
2024-02-06 08:00:00+00:00,chainlink,long,0.0004,0.3529648868474396,-0.00014118595473897584,False
2024-02-06 16:00:00+00:00,internet-computer,long,0.0004,0.3304910490292776,-0.00013219641961171105,False
2024-02-06 16:00:00+00:00,tron,long,0.0004,0.3680115687145119,-0.00014720462748580478,False
2024-02-06 16:00:00+00:00,chainlink,long,0.0004,0.34505502935230165,-0.00013802201174092067,False
2024-02-07 00:00:00+00:00,internet-computer,long,0.0004,0.32808383867134283,-0.00013123353546853713,False
2024-02-07 00:00:00+00:00,tron,long,0.00025716,0.3673431748804725,-9.446597085226231e-05,False
2024-02-07 00:00:00+00:00,chainlink,long,0.0004,0.338632669648404,-0.0001354530678593616,False
2024-02-07 08:00:00+00:00,internet-computer,long,0.0004,0.32083516029014575,-0.0001283340641160583,False
2024-02-07 08:00:00+00:00,tron,long,0.00036468,0.37834129160421176,-0.00013797350222222393,False
2024-02-07 08:00:00+00:00,chainlink,long,0.0004,0.3403591303475769,-0.00013614365213903077,False
2024-02-07 16:00:00+00:00,internet-computer,long,0.0004,0.32432426294378164,-0.00012972970517751266,False
2024-02-07 16:00:00+00:00,tron,long,0.0004,0.38174402385023054,-0.00015269760954009223,False
2024-02-07 16:00:00+00:00,chainlink,long,0.0004,0.34098154536358777,-0.0001363926181454351,False
2024-02-08 00:00:00+00:00,internet-computer,long,0.0004,0.33292530669460496,-0.00013317012267784198,False
2024-02-08 00:00:00+00:00,tron,long,0.000161,0.37524237473730176,-6.0414022332705585e-05,False
2024-02-08 00:00:00+00:00,chainlink,long,0.0004,0.34827639754528644,-0.0001393105590181146,False
2024-02-08 08:00:00+00:00,internet-computer,long,0.0004,0.335494800896895,-0.000134197920358758,False
2024-02-08 08:00:00+00:00,tron,long,0.0,0.36943950099632333,-0.0,False
2024-02-08 08:00:00+00:00,chainlink,long,0.0004,0.3546228077978256,-0.00014184912311913025,False
2024-02-08 16:00:00+00:00,internet-computer,long,0.0004,0.3347915709046893,-0.00013391662836187573,False
2024-02-08 16:00:00+00:00,tron,long,0.0,0.3737536793796686,-0.0,False
2024-02-08 16:00:00+00:00,chainlink,long,0.0004,0.3454570057168087,-0.00013818280228672348,False
2024-02-09 00:00:00+00:00,internet-computer,long,0.0004,0.3293009675040065,-0.0001317203870016026,False
2024-02-09 00:00:00+00:00,tron,long,0.0,0.3699863686787192,-0.0,False
2024-02-09 00:00:00+00:00,chainlink,long,0.00022976,0.33714331943152087,-7.746204907258623e-05,False
2024-02-09 04:00:00+00:00,celestia,long,0.0,0.5826799730227108,-0.0,False
2024-02-09 08:00:00+00:00,internet-computer,long,0.0004,0.36225908772573423,-0.0001449036350902937,False
2024-02-09 08:00:00+00:00,tron,long,0.0,0.35384840601340845,-0.0,False
2024-02-09 08:00:00+00:00,chainlink,long,0.0004,0.6507625579303198,-0.0002603050231721279,False
2024-02-09 08:00:00+00:00,celestia,long,0.0,0.5777284179248979,-0.0,False
2024-02-09 12:00:00+00:00,celestia,long,0.0,0.5780338519285588,-0.0,False
2024-02-09 16:00:00+00:00,internet-computer,long,0.0004,0.3614030879910326,-0.00014456123519641305,False
2024-02-09 16:00:00+00:00,tron,long,0.0,0.35607514083385894,-0.0,False
2024-02-09 16:00:00+00:00,chainlink,long,0.00019268,0.6516075519496628,-0.00012555174310966102,False
2024-02-09 16:00:00+00:00,celestia,long,0.0,0.5805889248438004,-0.0,False
2024-02-09 20:00:00+00:00,celestia,long,0.0,0.5817108074341709,-0.0,False
2024-02-10 00:00:00+00:00,internet-computer,long,0.0004,0.366852952968633,-0.0001467411811874532,False
2024-02-10 00:00:00+00:00,tron,long,0.00038344,0.3575210725354502,-0.000137087880052993,False
2024-02-10 00:00:00+00:00,chainlink,long,0.0004,0.6552964123954496,-0.00026211856495817983,False
2024-02-10 00:00:00+00:00,celestia,long,7.976e-05,0.5789207852853439,-4.6174721834359025e-05,False
2024-02-10 04:00:00+00:00,immutable-x,long,0.0002,0.19716393575011623,-3.943278715002325e-05,False
2024-02-10 08:00:00+00:00,internet-computer,long,0.0004,0.6927894669356834,-0.00027711578677427337,False
2024-02-10 08:00:00+00:00,tron,long,0.00016412,0.1175660555338648,-1.929494103421789e-05,False
2024-02-10 08:00:00+00:00,chainlink,long,0.0004,0.9897689718431577,-0.0003959075887372631,False
2024-02-10 08:00:00+00:00,immutable-x,long,0.0002,0.20084209012549528,-4.016841802509906e-05,False
2024-02-10 12:00:00+00:00,immutable-x,long,0.0002,0.2034725278000088,-4.069450556000176e-05,False
2024-02-10 16:00:00+00:00,internet-computer,long,0.0004,0.7136191385303916,-0.00028544765541215666,False
2024-02-10 16:00:00+00:00,tron,long,0.00014092,0.11802447719638515,-1.6632009326514593e-05,False
2024-02-10 16:00:00+00:00,chainlink,long,0.0004,0.9914380777033892,-0.0003965752310813557,False
2024-02-10 16:00:00+00:00,immutable-x,long,0.0002,0.1976692175632996,-3.9533843512659924e-05,False
2024-02-10 20:00:00+00:00,immutable-x,long,0.00041644,0.20397780961319215,-8.494451903531774e-05,False
2024-02-11 00:00:00+00:00,internet-computer,long,0.0004,0.7101565437717907,-0.0002840626175087163,False
2024-02-11 00:00:00+00:00,tron,long,0.0004,0.11871210969016567,-4.748484387606627e-05,False
2024-02-11 00:00:00+00:00,chainlink,long,0.0004,1.0303730778346167,-0.0004121492311338467,False
2024-02-11 00:00:00+00:00,immutable-x,long,0.00048036,0.20620699408311885,-9.905359167776696e-05,False
2024-02-11 04:00:00+00:00,immutable-x,long,0.00048572,0.6732470867091652,-0.0003270095749563757,False
2024-02-11 08:00:00+00:00,internet-computer,long,0.0004,0.6009560280839241,-0.00024038241123356966,False
2024-02-11 08:00:00+00:00,chainlink,long,0.0004,0.8450071836208716,-0.00033800287344834865,False
2024-02-11 08:00:00+00:00,immutable-x,long,0.0005836,0.6609188882085023,-0.00038571226315848195,False
2024-02-11 12:00:00+00:00,immutable-x,long,0.0003444,0.6614090750276141,-0.00022778928543951032,False
2024-02-11 16:00:00+00:00,internet-computer,long,0.0004,0.5958420864336882,-0.00023833683457347529,False
2024-02-11 16:00:00+00:00,chainlink,long,0.0004,0.8426019925398636,-0.00033704079701594547,False
2024-02-11 16:00:00+00:00,immutable-x,long,0.0002,0.6656001723310204,-0.0001331200344662041,False
2024-02-11 20:00:00+00:00,immutable-x,long,0.0002,0.6814822252702443,-0.00013629644505404887,False
2024-02-12 00:00:00+00:00,internet-computer,long,0.0004,0.5870623989987698,-0.00023482495959950791,False
2024-02-12 00:00:00+00:00,chainlink,long,0.0004,0.8365412433391889,-0.00033461649733567555,False
2024-02-12 00:00:00+00:00,immutable-x,long,0.0002,0.6717520169108742,-0.00013435040338217484,False
2024-02-12 04:00:00+00:00,immutable-x,long,0.0002,1.0751713206413707,-0.00021503426412827414,False
2024-02-12 08:00:00+00:00,internet-computer,long,0.0004,0.3680886541664345,-0.0001472354616665738,False
2024-02-12 08:00:00+00:00,chainlink,long,0.0004,0.8380489424909413,-0.00033521957699637656,False
2024-02-12 08:00:00+00:00,immutable-x,long,0.0002,1.090266421898726,-0.00021805328437974518,False
2024-02-12 12:00:00+00:00,immutable-x,long,0.00029604,1.0603308355498018,-0.00031390034055616333,False
2024-02-12 16:00:00+00:00,internet-computer,long,0.0004,0.37707899621748153,-0.0001508315984869926,False
2024-02-12 16:00:00+00:00,chainlink,long,0.0004,0.8398151239207763,-0.0003359260495683105,False
2024-02-12 16:00:00+00:00,immutable-x,long,0.0002,1.066150633624927,-0.0002132301267249854,False
2024-02-12 20:00:00+00:00,immutable-x,long,0.00023152,1.1168919980924228,-0.00025858283539835773,False
2024-02-13 00:00:00+00:00,internet-computer,long,0.00089296,0.3799135308131938,-0.00033924758647494954,False
2024-02-13 00:00:00+00:00,chainlink,long,0.0004,0.8482646022165601,-0.00033930584088662404,False
2024-02-13 00:00:00+00:00,immutable-x,long,0.00031956,1.0735708761707112,-0.00034307030918911247,False
2024-02-13 04:00:00+00:00,immutable-x,long,0.0002,1.263370515825842,-0.0002526741031651684,False
2024-02-13 08:00:00+00:00,internet-computer,long,0.0007134,0.2503360158704979,-0.0001785897137220132,False
2024-02-13 08:00:00+00:00,chainlink,long,0.0004,0.8268258589342493,-0.00033073034357369976,False
2024-02-13 08:00:00+00:00,immutable-x,long,0.0002,1.266055313494435,-0.00025321106269888703,False
2024-02-13 12:00:00+00:00,immutable-x,long,0.0002,1.2504228625531109,-0.00025008457251062216,False
2024-02-13 16:00:00+00:00,internet-computer,long,0.0004,0.24296429688911053,-9.718571875564422e-05,False
2024-02-13 16:00:00+00:00,chainlink,long,0.0004,0.8170243460694596,-0.0003268097384277839,False
2024-02-13 16:00:00+00:00,immutable-x,long,0.0002,1.2486474318367833,-0.0002497294863673567,False
2024-02-13 20:00:00+00:00,immutable-x,long,0.0002,1.30715003909919,-0.000261430007819838,False
2024-02-14 00:00:00+00:00,internet-computer,long,0.0004,0.24424962224996782,-9.769984889998713e-05,False
2024-02-14 00:00:00+00:00,chainlink,long,0.0004,0.8169544527310781,-0.0003267817810924313,False
2024-02-14 00:00:00+00:00,immutable-x,long,0.0002,1.2804752751660717,-0.00025609505503321433,False
2024-02-14 04:00:00+00:00,immutable-x,long,0.0002,1.4552824638210156,-0.0002910564927642031,False
2024-02-14 08:00:00+00:00,internet-computer,long,0.0012124,0.1273304501375543,-0.00015437543774677085,False
2024-02-14 08:00:00+00:00,chainlink,long,0.0004,0.8406396626458974,-0.00033625586505835897,False
2024-02-14 08:00:00+00:00,immutable-x,long,0.0002,1.47400475206253,-0.000294800950412506,False
2024-02-14 12:00:00+00:00,immutable-x,long,0.0002,1.5013873501056,-0.00030027747002112006,False
2024-02-14 16:00:00+00:00,internet-computer,long,0.00123592,0.12736829541921207,-0.00015741702367451257,False
2024-02-14 16:00:00+00:00,chainlink,long,0.0004,0.841313433197019,-0.0003365253732788076,False
2024-02-14 16:00:00+00:00,immutable-x,long,0.00038292,1.546991640447898,-0.0005923740389603092,False
2024-02-14 20:00:00+00:00,immutable-x,long,0.00073096,1.6069129747395892,-0.00117458910801565,False
2024-02-15 00:00:00+00:00,internet-computer,long,0.0004,0.12852257650977394,-5.140903060390958e-05,False
2024-02-15 00:00:00+00:00,chainlink,long,0.0008908,0.8474736210929873,-0.000754929501669633,False
2024-02-15 00:00:00+00:00,immutable-x,long,0.0009928,1.6435065381207308,-0.0016316732910462617,False
2024-02-15 04:00:00+00:00,immutable-x,long,0.0007596,1.5329930384984802,-0.0011644615120434457,False
2024-02-15 08:00:00+00:00,internet-computer,long,0.00069196,0.16025371410437655,-0.0001108891600116644,False
2024-02-15 08:00:00+00:00,chainlink,long,0.00051,0.8945197611147387,-0.0004562050781685168,False
2024-02-15 08:00:00+00:00,immutable-x,long,0.00080176,1.5330880606914077,-0.001229168683539943,False
2024-02-15 12:00:00+00:00,immutable-x,long,0.00057116,1.5189297539452185,-0.000867551918263351,False
2024-02-15 16:00:00+00:00,internet-computer,long,0.00153028,0.16475869269175872,-0.0002521269322523445,False
2024-02-15 16:00:00+00:00,chainlink,long,0.00042928,0.8901071690810345,-0.00038210520554310645,False
2024-02-15 16:00:00+00:00,immutable-x,long,0.00021032,1.4991176267198458,-0.00031529441925171796,False
2024-02-15 20:00:00+00:00,immutable-x,long,0.0008706,1.5007805150960762,-0.001306579516442644,False
2024-02-16 00:00:00+00:00,internet-computer,long,0.00168704,0.1635840074149413,-0.0002759727638693026,False
2024-02-16 00:00:00+00:00,chainlink,long,0.00085372,0.8932161425545277,-0.0007625564852216514,False
2024-02-16 00:00:00+00:00,immutable-x,long,0.0003494,1.5133709556589627,-0.0005287718119072416,False
2024-02-16 04:00:00+00:00,immutable-x,long,0.00083336,1.7094301155913394,-0.0014245706811291986,False
2024-02-16 08:00:00+00:00,chainlink,long,0.00114268,0.8791446985234004,-0.0010045810641087193,False
2024-02-16 08:00:00+00:00,immutable-x,long,0.0002,1.6856647754270313,-0.0003371329550854063,False
2024-02-16 12:00:00+00:00,immutable-x,long,0.00089184,1.7188822395203256,-0.001532967936493807,False
2024-02-16 16:00:00+00:00,chainlink,long,0.0004,0.8636529864471467,-0.0003454611945788587,False
2024-02-16 16:00:00+00:00,immutable-x,long,0.0002,1.6927943774763239,-0.0003385588754952648,False
2024-02-16 20:00:00+00:00,immutable-x,long,0.0002,1.692902401749798,-0.0003385804803499596,False
2024-02-17 00:00:00+00:00,chainlink,long,0.0004,0.8657383240830185,-0.00034629532963320744,False
2024-02-17 00:00:00+00:00,immutable-x,long,0.0002,1.6978175061928709,-0.00033956350123857417,False
2024-02-17 04:00:00+00:00,immutable-x,long,0.0002,1.754800302567949,-0.00035096006051358984,False
2024-02-17 08:00:00+00:00,chainlink,long,0.00057284,0.7409017635996161,-0.0004244181662604041,False
2024-02-17 08:00:00+00:00,immutable-x,long,0.00049488,1.7509253132656621,-0.0008664979190289108,False
2024-02-17 12:00:00+00:00,immutable-x,long,0.00047552,1.755484124209529,-0.0008347678107441152,False
2024-02-17 16:00:00+00:00,chainlink,long,0.00106964,0.7421197361222919,-0.0007938009545458483,False
2024-02-17 16:00:00+00:00,immutable-x,long,0.00069108,1.7297268423766812,-0.0011953796262296767,False
2024-02-17 20:00:00+00:00,immutable-x,long,0.00071136,1.7683627651259528,-0.0012579425365999977,False
2024-02-18 00:00:00+00:00,chainlink,long,0.0014192,0.7579571614404365,-0.0010756928035162675,False
2024-02-18 00:00:00+00:00,immutable-x,long,0.00034564,1.8002174565962223,-0.0006222271616979182,False
2024-02-18 04:00:00+00:00,immutable-x,long,0.0002,1.7696734232723146,-0.00035393468465446293,False
2024-02-18 08:00:00+00:00,chainlink,long,0.0010972,0.7563836317217004,-0.0008299041207250497,False
2024-02-18 08:00:00+00:00,immutable-x,long,0.00033924,1.7998185606386339,-0.0006105704485110501,False
2024-02-18 12:00:00+00:00,immutable-x,long,0.00053604,1.8212449720748083,-0.0009762601548309802,False
2024-02-18 16:00:00+00:00,chainlink,long,0.00081464,0.7532933101346633,-0.0006136628621681022,False
2024-02-18 16:00:00+00:00,immutable-x,long,0.00069268,1.8738992384764706,-0.0012980125245078817,False
2024-02-18 20:00:00+00:00,immutable-x,long,0.00063288,1.983310701129275,-0.0012551976765306956,False
2024-02-19 00:00:00+00:00,chainlink,long,0.0010918,0.7611004383545464,-0.0008309694585954938,False
2024-02-19 00:00:00+00:00,immutable-x,long,0.00097996,1.90677966240911,-0.0018685677979744313,False
2024-02-19 04:00:00+00:00,immutable-x,long,0.00030092,2.2301965640706327,-0.0006711107500601348,False
2024-02-19 08:00:00+00:00,chainlink,long,0.00068608,0.5277288993081128,-0.00036206424323731006,False
2024-02-19 08:00:00+00:00,immutable-x,long,0.00026264,2.228929558487648,-0.0005854060592411959,False
2024-02-19 12:00:00+00:00,immutable-x,long,0.0002,2.2094576832123036,-0.00044189153664246075,False
2024-02-19 16:00:00+00:00,chainlink,long,0.00042596,0.5165613179300161,-0.0002200344589854697,False
2024-02-19 16:00:00+00:00,immutable-x,long,0.0002,2.227929290922134,-0.0004455858581844268,False
2024-02-19 20:00:00+00:00,immutable-x,long,0.0002,2.215459288605389,-0.0004430918577210778,False
2024-02-20 00:00:00+00:00,chainlink,long,0.0015808,0.5177331440666755,-0.0008184325541406006,False
2024-02-20 00:00:00+00:00,immutable-x,long,0.00072488,2.182250405430315,-0.0015818696738883267,False
2024-02-20 04:00:00+00:00,immutable-x,long,0.0002,2.1569769782749875,-0.00043139539565499753,False
2024-02-20 08:00:00+00:00,chainlink,long,0.00080408,0.5114668755719781,-0.00041126028530991614,False
2024-02-20 08:00:00+00:00,immutable-x,long,0.00083136,2.2451338930489793,-0.0018665145133251993,False
2024-02-20 12:00:00+00:00,immutable-x,long,0.0006624,2.3532961591332566,-0.001558823375809869,False
2024-02-20 16:00:00+00:00,chainlink,long,0.000725,0.4949490857748354,-0.00035883808718675564,False
2024-02-20 16:00:00+00:00,immutable-x,long,0.00078488,2.300215293656632,-0.0018053929796852171,False
2024-02-20 20:00:00+00:00,immutable-x,long,0.00046468,2.309617808772466,-0.0010732332033803896,False
2024-02-21 00:00:00+00:00,chainlink,long,0.0004,0.5035094192453091,-0.00020140376769812367,False
2024-02-21 00:00:00+00:00,immutable-x,long,0.0002,2.3588976575001364,-0.0004717795315000273,False
2024-02-21 04:00:00+00:00,immutable-x,long,0.0002,2.4452214688342133,-0.0004890442937668427,False
2024-02-21 08:00:00+00:00,immutable-x,long,0.0002,2.370893170786006,-0.0004741786341572012,False
2024-02-21 12:00:00+00:00,immutable-x,long,0.0002,2.342741776742627,-0.0004685483553485254,False
2024-02-21 16:00:00+00:00,immutable-x,long,0.0002204,2.3452552940679285,-0.0005168942668125714,False
2024-02-21 20:00:00+00:00,immutable-x,long,0.0002,2.3011610187040645,-0.00046023220374081294,False
2024-02-22 00:00:00+00:00,immutable-x,long,0.0002,2.407446894173965,-0.000481489378834793,False
2024-02-22 04:00:00+00:00,immutable-x,long,0.0002,2.462887904892048,-0.0004925775809784096,False
2024-02-22 08:00:00+00:00,immutable-x,long,0.00035248,2.507843957624587,-0.0008839648381835145,False
2024-02-22 12:00:00+00:00,immutable-x,long,0.0002,2.432582067426982,-0.0004865164134853964,False
2024-02-22 16:00:00+00:00,immutable-x,long,0.0002,2.4136229653161347,-0.00048272459306322697,False
2024-02-22 20:00:00+00:00,immutable-x,long,0.0002,2.3795109444727545,-0.00047590218889455093,False
2024-02-23 00:00:00+00:00,immutable-x,long,0.0002,2.3230645268245507,-0.00046461290536491015,False
2024-02-23 04:00:00+00:00,immutable-x,long,0.0002,1.6745565029489922,-0.00033491130058979846,False
2024-02-23 08:00:00+00:00,immutable-x,long,0.0002,1.6626535573612515,-0.0003325307114722503,False
2024-02-23 08:00:00+00:00,filecoin,long,0.00142636,0.1966198185318867,-0.00028045064436114193,False
2024-02-23 08:00:00+00:00,hedera-hashgraph,long,0.00044352,0.6247863131318401,-0.0002771052256002337,False
2024-02-23 12:00:00+00:00,immutable-x,long,0.0002,1.6511682589871157,-0.00033023365179742314,False
2024-02-23 16:00:00+00:00,immutable-x,long,0.0002,1.6301814865034676,-0.00032603629730069354,False
2024-02-23 16:00:00+00:00,filecoin,long,0.00079252,0.1902146770250967,-0.00015074893583592964,False
2024-02-23 16:00:00+00:00,hedera-hashgraph,long,0.00083876,0.6044671563337014,-0.0005070028720464554,False
2024-02-23 20:00:00+00:00,immutable-x,long,0.0002,1.6150939809119895,-0.0003230187961823979,False
2024-02-24 00:00:00+00:00,immutable-x,long,0.0002,1.5900351480956934,-0.00031800702961913866,False
2024-02-24 00:00:00+00:00,filecoin,long,0.00078832,0.19251956659545752,-0.00015176702473853107,False
2024-02-24 00:00:00+00:00,hedera-hashgraph,long,0.00049732,0.6066878292078148,-0.00030171799122163045,False
2024-02-24 04:00:00+00:00,immutable-x,long,0.0002,0.9874365534336286,-0.0001974873106867257,False
2024-02-24 08:00:00+00:00,immutable-x,long,0.0002,1.0146387529569336,-0.00020292775059138672,False
2024-02-24 08:00:00+00:00,filecoin,long,0.00156344,0.18798743857935274,-0.0002939070809725032,False
2024-02-24 08:00:00+00:00,uniswap,long,0.00096984,0.7816544724276284,-0.0007580797735392111,False
2024-02-24 12:00:00+00:00,immutable-x,long,0.0002,1.0230592645385128,-0.00020461185290770258,False
2024-02-24 16:00:00+00:00,immutable-x,long,0.0002,1.0420383082204316,-0.00020840766164408633,False
2024-02-24 16:00:00+00:00,filecoin,long,0.00082276,0.1801835918464328,-0.00014824785202757103,False
2024-02-24 16:00:00+00:00,uniswap,long,0.0011902,0.6919082005094213,-0.0008235091402463132,False
2024-02-24 20:00:00+00:00,immutable-x,long,0.0002,1.016842558722425,-0.00020336851174448503,False
2024-02-25 00:00:00+00:00,immutable-x,long,0.0002,1.0125994103082698,-0.00020251988206165399,False
2024-02-25 00:00:00+00:00,filecoin,long,0.0004,0.1875657342725263,-7.502629370901052e-05,False
2024-02-25 00:00:00+00:00,uniswap,long,0.00126272,0.6997329981923958,-0.0008835668514775019,False
2024-02-25 04:00:00+00:00,immutable-x,long,0.0002,0.19090959458200812,-3.818191891640163e-05,False
2024-02-25 08:00:00+00:00,immutable-x,long,0.0002,0.193783151645192,-3.87566303290384e-05,False
2024-02-25 08:00:00+00:00,filecoin,long,0.00159816,0.17693313402716682,-0.0002827674574768569,False
2024-02-25 08:00:00+00:00,uniswap,long,0.00163624,1.1948086451040625,-0.0019549936974650713,False
2024-02-25 12:00:00+00:00,immutable-x,long,0.0002,0.19319965643367212,-3.863993128673443e-05,False
2024-02-25 16:00:00+00:00,immutable-x,long,0.0002,0.19574695810976964,-3.914939162195393e-05,False
2024-02-25 16:00:00+00:00,filecoin,long,0.00172448,0.17749143732491246,-0.00030608043383806505,False
2024-02-25 16:00:00+00:00,uniswap,long,0.0014232,1.1892194407085723,-0.00169249710801644,False
2024-02-25 20:00:00+00:00,immutable-x,long,0.0002,0.19767311972199117,-3.9534623944398235e-05,False
2024-02-26 00:00:00+00:00,immutable-x,long,0.0002,0.20099214087138917,-4.0198428174277836e-05,False
2024-02-26 00:00:00+00:00,filecoin,long,0.0011716,0.1730505820863556,-0.00020274606197237424,False
2024-02-26 00:00:00+00:00,uniswap,long,0.00206232,1.2640785007966473,-0.0026069343737629416,False
2024-02-26 08:00:00+00:00,filecoin,long,0.00138904,0.18022022781279426,-0.00025033310524108374,False
2024-02-26 08:00:00+00:00,uniswap,long,0.0017282,1.3025211788734052,-0.002251017101329019,False
2024-02-26 16:00:00+00:00,filecoin,long,0.00120192,0.18201307122280702,-0.0002187651505641162,False
2024-02-26 16:00:00+00:00,uniswap,long,0.00150012,1.315500967507184,-0.0019734093113768767,False
2024-02-27 00:00:00+00:00,filecoin,long,0.00195528,0.18368413658987554,-0.0003591539185914519,False
2024-02-27 00:00:00+00:00,uniswap,long,0.00135748,1.2976736002397176,-0.001761565958853412,False
2024-02-27 08:00:00+00:00,uniswap,long,0.00242852,1.4683463696122467,-0.0035659085255307335,False
2024-02-27 16:00:00+00:00,uniswap,long,0.00171744,1.4426004619996051,-0.0024775797374566016,False
2024-02-28 00:00:00+00:00,uniswap,long,0.00167752,1.474711443443581,-0.002473857940605476,False
2024-02-28 08:00:00+00:00,uniswap,long,0.00163528,1.5024566370673467,-0.0024569372894634907,False
2024-02-28 16:00:00+00:00,uniswap,long,0.0022102,1.4644566022708756,-0.003236741982339089,False
2024-02-29 00:00:00+00:00,uniswap,long,0.00209732,1.488488836159696,-0.003121837405854454,False
2024-02-29 08:00:00+00:00,uniswap,long,0.00314676,1.4801516774874566,-0.004657682092650429,False
2024-02-29 16:00:00+00:00,uniswap,long,0.002515,1.4868567659465333,-0.003739444766355531,False
2024-03-01 00:00:00+00:00,uniswap,long,0.00238772,1.5155131987726482,-0.0036186211749734275,False
2024-03-01 08:00:00+00:00,uniswap,long,0.00183564,1.4760034990290014,-0.002709411062957596,False
2024-03-01 16:00:00+00:00,uniswap,long,0.001858,1.5946686041110383,-0.002962894266438309,False
2024-03-02 00:00:00+00:00,uniswap,long,0.00251724,1.5741045194251886,-0.0039623988604778615,False
2024-03-02 08:00:00+00:00,uniswap,long,0.003126,1.35375261153934,-0.0042318306636719765,False
2024-03-02 08:00:00+00:00,shiba-inu,long,0.0033162,0.4202520769059283,-0.0013936399374354395,False
2024-03-02 16:00:00+00:00,uniswap,long,0.00198712,1.3418118014109426,-0.0026663410668197125,False
2024-03-02 16:00:00+00:00,shiba-inu,long,0.0032006,0.37852465299931226,-0.001211506004389599,False
2024-03-03 00:00:00+00:00,uniswap,long,0.00273564,1.3738353778901997,-0.0037583190131715463,False
2024-03-03 00:00:00+00:00,shiba-inu,long,0.002915,0.42632083503507484,-0.0012427252341272433,False
2024-03-03 08:00:00+00:00,uniswap,long,0.00265976,0.4870851798929895,-0.0012955296780721777,False
2024-03-03 08:00:00+00:00,shiba-inu,long,0.00372328,0.5140812327574094,-0.001914068372301007,False
2024-03-03 16:00:00+00:00,uniswap,long,0.00203692,0.5171227049963962,-0.0010533375802612593,False
2024-03-03 16:00:00+00:00,shiba-inu,long,0.00143856,0.5567875597017177,-0.000800972311884503,False
2024-03-04 00:00:00+00:00,uniswap,long,0.00177276,0.5106379267579136,-0.000905238491039359,False
2024-03-04 00:00:00+00:00,shiba-inu,long,0.00201656,0.5747262555064867,-0.001158969977804161,False
2024-03-04 08:00:00+00:00,uniswap,long,0.00232032,0.1659117895031491,-0.00038496844341994694,False
2024-03-04 08:00:00+00:00,shiba-inu,long,0.00332788,1.1282884354716352,-0.0037548085186373454,False
2024-03-04 16:00:00+00:00,uniswap,long,0.00229452,0.17127142551830565,-0.0003929857112802627,False
2024-03-04 16:00:00+00:00,shiba-inu,long,0.0019548,1.235839431332378,-0.0024158189203685324,False
2024-03-05 00:00:00+00:00,uniswap,long,0.00177644,0.1654606912671082,-0.0002939309903945417,False
2024-03-05 00:00:00+00:00,shiba-inu,long,0.00236924,1.5234906155279742,-0.0036095149059334974,False
2024-03-05 08:00:00+00:00,shiba-inu,long,0.00485236,0.5652361319840346,-0.00274272919739405,False
2024-03-05 16:00:00+00:00,shiba-inu,long,0.00269084,0.49729567436914,-0.0013381430924194566,False
2024-03-06 00:00:00+00:00,shiba-inu,long,0.0004,0.5225675669200635,-0.00020902702676802538,False
2024-03-06 08:00:00+00:00,shiba-inu,long,0.0008896,0.5423668489361918,-0.00048248954881363625,False
2024-03-06 16:00:00+00:00,shiba-inu,long,0.00144768,0.5067578031528778,-0.0007336231364683581,False
2024-03-07 00:00:00+00:00,shiba-inu,long,0.00132868,0.49345446534878257,-0.0006556430790196204,False
2024-03-07 08:00:00+00:00,shiba-inu,long,0.00139828,0.46150865751152365,-0.0006453183256252133,False
2024-03-07 16:00:00+00:00,shiba-inu,long,0.0018258,0.4890051884912256,-0.0008928256731472798,False
2024-03-08 00:00:00+00:00,shiba-inu,long,0.0024536,0.4674261957320744,-0.0011468769138482176,False
2024-03-08 08:00:00+00:00,shiba-inu,long,0.00163156,0.5025606519839158,-0.0008199578573508775,False
2024-03-08 16:00:00+00:00,shiba-inu,long,0.0024222,0.5106731667875279,-0.0012369525445927502,False
2024-03-09 00:00:00+00:00,shiba-inu,long,0.00120532,0.5218556826228543,-0.0006290030913789788,False
2024-03-09 08:00:00+00:00,shiba-inu,long,0.00191548,0.521959499082864,-0.0009998029813032443,False
2024-03-09 16:00:00+00:00,shiba-inu,long,0.0024242,0.5137579987421007,-0.0012454521405506006,False
2024-03-10 00:00:00+00:00,shiba-inu,long,0.0029114,0.5183555848282428,-0.0015091404496689464,False
2024-03-10 08:00:00+00:00,shiba-inu,long,0.00395604,0.519126792816886,-0.002053686357455314,False
2024-03-10 16:00:00+00:00,shiba-inu,long,0.0016846,0.49047344985421937,-0.000826251573624418,False
2024-03-11 00:00:00+00:00,shiba-inu,long,0.00196912,0.4872254777482028,-0.0009594054327435411,False
2024-03-11 08:00:00+00:00,shiba-inu,long,0.00175436,0.5126456795277115,-0.0008993650743362358,False
2024-03-11 16:00:00+00:00,shiba-inu,long,0.00295972,0.4826427225849192,-0.001428487318889037,False
2024-03-12 00:00:00+00:00,shiba-inu,long,0.0020358,0.5024123427553304,-0.0010228110473813016,False
2024-03-12 08:00:00+00:00,shiba-inu,long,0.00161724,0.48328045226783567,-0.0007815804786256346,False
2024-03-12 16:00:00+00:00,shiba-inu,long,0.00216596,0.4797061998589316,-0.0010390244406464516,False
2024-03-13 00:00:00+00:00,shiba-inu,long,0.00163608,0.4778078417330406,-0.000781731853702593,False
2024-03-13 08:00:00+00:00,shiba-inu,long,0.00288736,0.48789286927683634,-0.001408722355035166,False
2024-03-13 16:00:00+00:00,shiba-inu,long,0.00281392,0.47064450599237384,-0.0013243559883020606,False
2024-03-14 00:00:00+00:00,shiba-inu,long,0.0013474,0.47507895192707233,-0.0006401213798265372,False
2024-03-14 08:00:00+00:00,shiba-inu,long,0.00286988,0.4998910858693815,-0.0014346274295148206,False
2024-03-14 16:00:00+00:00,shiba-inu,long,0.0021542,0.4737293379469467,-0.0010205077398053126,False
2024-03-15 00:00:00+00:00,shiba-inu,long,0.001352,0.47808962926735254,-0.0006463771787694606,False
2024-03-15 08:00:00+00:00,shiba-inu,long,0.00085176,0.44833879801315507,-0.000381877054595685,False
2024-03-15 16:00:00+00:00,shiba-inu,long,0.00056844,0.428776810762763,-0.00024373389030998502,False
2024-03-16 00:00:00+00:00,shiba-inu,long,0.00062044,0.4435335790069936,-0.00027518597375909907,False
2024-03-16 08:00:00+00:00,shiba-inu,long,0.00140824,0.4352134312833621,-0.0006128849624704818,False
2024-03-16 16:00:00+00:00,shiba-inu,long,0.00109276,0.4066045810892709,-0.0004443212220311116,False
2024-03-17 00:00:00+00:00,shiba-inu,long,0.00075256,0.37652746953218597,-0.00028335951247114187,False
2024-03-17 08:00:00+00:00,shiba-inu,long,0.0007194,0.82212944302317,-0.0005914399213108686,False
2024-03-17 16:00:00+00:00,shiba-inu,long,0.0004,0.9518977410022631,-0.00038075909640090526,False
2024-03-18 00:00:00+00:00,shiba-inu,long,0.0004,0.973937596637707,-0.0003895750386550828,False
2024-03-18 08:00:00+00:00,shiba-inu,long,0.00068568,0.6676203835086318,-0.0004577739445641987,False
2024-03-18 16:00:00+00:00,shiba-inu,long,0.00067016,0.6441417725225145,-0.0004316780502736883,False
2024-03-19 00:00:00+00:00,shiba-inu,long,0.00125076,0.6280996140200478,-0.0007856018732317149,False
2024-03-19 08:00:00+00:00,shiba-inu,long,0.0010848,0.5957580612373781,-0.0006462783448303077,False
2024-03-19 16:00:00+00:00,shiba-inu,long,0.0004,0.6106543512753828,-0.00024426174051015315,False
2024-03-20 00:00:00+00:00,shiba-inu,long,0.00093372,0.5819608695224285,-0.0005433885030904819,False
2024-03-20 08:00:00+00:00,shiba-inu,long,0.0004,0.879619458768685,-0.000351847783507474,False
2024-03-20 16:00:00+00:00,shiba-inu,long,0.0004,0.8829952485807745,-0.0003531980994323098,False
2024-03-21 00:00:00+00:00,shiba-inu,long,0.00080736,0.9665547469191963,-0.0007803576404726823,False
2024-03-21 08:00:00+00:00,shiba-inu,long,0.0008354,0.9355810053443544,-0.0007815843718646737,False
2024-03-21 16:00:00+00:00,shiba-inu,long,0.00068272,0.9539564385483055,-0.0006512851397256991,False
2024-03-22 00:00:00+00:00,shiba-inu,long,0.00112424,0.9468568393558698,-0.0010644943330774433,False
2024-03-22 08:00:00+00:00,shiba-inu,long,0.00118696,1.1574353155771309,-0.001373829422177431,False
2024-03-22 16:00:00+00:00,shiba-inu,long,0.0004,1.0957197909489487,-0.00043828791637957946,False
2024-03-23 00:00:00+00:00,shiba-inu,long,0.0004,1.0988676969031377,-0.0004395470787612551,False
2024-03-23 04:00:00+00:00,the-open-network,long,0.00054228,0.2152431189335019,-0.00011672203853525941,True
2024-03-23 08:00:00+00:00,shiba-inu,long,0.00082608,1.215935949922548,-0.0010044603695120184,False
2024-03-23 08:00:00+00:00,the-open-network,long,0.00053132,0.23065766521129175,-0.00012255303068006351,True
2024-03-23 12:00:00+00:00,the-open-network,long,0.00069316,0.22252999535572984,-0.0001542488915807777,True
2024-03-23 16:00:00+00:00,shiba-inu,long,0.00093356,1.24263868165342,-0.001160077767644367,False
2024-03-23 16:00:00+00:00,the-open-network,long,0.0005348,0.2330866240187011,-0.00012465472652520133,True
2024-03-23 20:00:00+00:00,the-open-network,long,0.00038608,0.23346030998907175,-9.013435648058083e-05,True
2024-03-24 00:00:00+00:00,shiba-inu,long,0.001126,1.2135653556482828,-0.0013664745904599666,False
2024-03-24 00:00:00+00:00,the-open-network,long,0.000601,0.22523921864091714,-0.0001353687704031912,True
2024-03-24 04:00:00+00:00,the-open-network,long,0.00020376,0.4528394689103044,-9.227057018516362e-05,True
2024-03-24 08:00:00+00:00,shiba-inu,long,0.00077484,1.1165051090363936,-0.0008651128186857591,False
2024-03-24 08:00:00+00:00,the-open-network,long,0.00055504,0.44932209402731266,-0.00024939173506891964,True
2024-03-24 12:00:00+00:00,the-open-network,long,0.0002,0.4413854532656901,-8.827709065313803e-05,True
2024-03-24 16:00:00+00:00,shiba-inu,long,0.0004,1.113103813994171,-0.0004452415255976684,False
2024-03-24 16:00:00+00:00,the-open-network,long,0.00062276,0.4453537736465013,-0.0002773485160760951,True
2024-03-24 20:00:00+00:00,the-open-network,long,0.00068468,0.4430990461574041,-0.00030338105492305143,True
2024-03-25 00:00:00+00:00,shiba-inu,long,0.0012154,1.1233076991208386,-0.001365268177511467,False
2024-03-25 00:00:00+00:00,the-open-network,long,0.00064692,0.4492319049277487,-0.0002906171039358592,True
2024-03-25 04:00:00+00:00,the-open-network,long,0.0003072,0.701366738394146,-0.00021545986203468163,True
2024-03-25 08:00:00+00:00,shiba-inu,long,0.0004,0.9976381243316812,-0.0003990552497326725,False
2024-03-25 08:00:00+00:00,the-open-network,long,0.00054992,0.6995282934704392,-0.0003846845991452639,True
2024-03-25 12:00:00+00:00,the-open-network,long,0.0002,0.710821598001781,-0.0001421643196003562,True
2024-03-25 16:00:00+00:00,shiba-inu,long,0.00076464,1.0590206665524442,-0.000809769562472661,False
2024-03-25 16:00:00+00:00,the-open-network,long,0.0007174,0.7194885526421131,-0.0005161610876654519,True
2024-03-25 20:00:00+00:00,the-open-network,long,0.00100244,0.7175187902238559,-0.0007192695360720021,True
2024-03-26 00:00:00+00:00,shiba-inu,long,0.0015244,1.0385839332850717,-0.0015832173478997633,False
2024-03-26 00:00:00+00:00,the-open-network,long,0.00127072,0.7022859608559994,-0.0008924088161789354,True
2024-03-26 04:00:00+00:00,the-open-network,long,0.00102752,0.7512704705994958,-0.000771945433950394,True
2024-03-26 08:00:00+00:00,shiba-inu,long,0.0004,0.7853972364077119,-0.0003141588945630848,False
2024-03-26 08:00:00+00:00,the-open-network,long,0.00088924,0.7490215786388612,-0.000666059948588821,True
2024-03-26 12:00:00+00:00,the-open-network,long,0.00087672,0.7342632251471968,-0.0006437432547510503,True
2024-03-26 16:00:00+00:00,shiba-inu,long,0.00139924,0.8135799296935599,-0.0011383935808244167,False
2024-03-26 16:00:00+00:00,the-open-network,long,0.00133232,0.7214726521210875,-0.0009612324438739672,True
2024-03-26 20:00:00+00:00,the-open-network,long,0.00131632,0.7036220721835503,-0.0009261918060566509,True
2024-03-27 00:00:00+00:00,shiba-inu,long,0.0015742,0.8258121885384689,-0.0012999935471972577,False
2024-03-27 00:00:00+00:00,the-open-network,long,0.00155476,0.7099470808228351,-0.0011037973233801112,True
2024-03-27 04:00:00+00:00,the-open-network,long,0.0010716,0.9436767817919053,-0.0010112440393682056,True
2024-03-27 08:00:00+00:00,shiba-inu,long,0.00186544,0.6575881004869579,-0.0012266911461723906,False
2024-03-27 08:00:00+00:00,the-open-network,long,0.00147864,0.9502207366319879,-0.0014050343900135227,True
2024-03-27 12:00:00+00:00,the-open-network,long,0.00116552,0.9604216074121166,-0.00111939059187097,True
2024-03-27 16:00:00+00:00,shiba-inu,long,0.0009384,0.6501591991436309,-0.0006101093924763833,False
2024-03-27 16:00:00+00:00,the-open-network,long,0.00130028,0.9502207366319879,-0.0012355530194278412,True
2024-03-27 20:00:00+00:00,the-open-network,long,0.0012458,0.9598441996321093,-0.0011957739039016818,True
2024-03-28 00:00:00+00:00,shiba-inu,long,0.001572,0.6554810729129734,-0.0010304162466191942,False
2024-03-28 00:00:00+00:00,the-open-network,long,0.0014258,0.9558023451720583,-0.0013627829837463208,True
2024-03-28 04:00:00+00:00,the-open-network,long,0.00073656,1.125089014646414,-0.0008286955646279628,True
2024-03-28 08:00:00+00:00,shiba-inu,long,0.00206232,0.844601461338278,-0.0017418384857471572,False
2024-03-28 08:00:00+00:00,the-open-network,long,0.00163088,1.1499721325809256,-0.0018754665515835797,True
2024-03-28 12:00:00+00:00,the-open-network,long,0.00087996,1.1516000001093516,-0.001013361936096225,True
2024-03-28 16:00:00+00:00,shiba-inu,long,0.0026742,0.8738492411300052,-0.00233684764062986,False
2024-03-28 16:00:00+00:00,the-open-network,long,0.0015454,1.1722971729707676,-0.0018116680511090241,True
2024-03-28 20:00:00+00:00,the-open-network,long,0.00137428,1.1409025849225523,-0.0015679196044073652,True
2024-03-29 00:00:00+00:00,shiba-inu,long,0.00185484,0.8759833167368852,-0.0016248088952162442,False
2024-03-29 00:00:00+00:00,the-open-network,long,0.00168096,1.1385770598819436,-0.0019139024945791518,True
2024-03-29 08:00:00+00:00,shiba-inu,long,0.00126424,1.0623948623312336,-0.0013431220807536388,False
2024-03-29 08:00:00+00:00,dogecoin,long,0.00213944,0.5710501160627287,-0.0012217274603092442,False
2024-03-29 16:00:00+00:00,shiba-inu,long,0.00144552,1.0609651311766488,-0.0015336463164184694,False
2024-03-29 16:00:00+00:00,dogecoin,long,0.00177228,0.5688649822630135,-0.0010081880307650935,False
2024-03-30 00:00:00+00:00,shiba-inu,long,0.00228164,1.0744255269246912,-0.0024514522592524526,False
2024-03-30 00:00:00+00:00,dogecoin,long,0.00188516,0.5804799765126218,-0.0010942976325225343,False
2024-03-30 08:00:00+00:00,shiba-inu,long,0.00227092,0.9233527086940329,-0.0020968601332274532,False
2024-03-30 08:00:00+00:00,dogecoin,long,0.00170436,0.3738636034657158,-0.0006371981712028274,False
2024-03-30 08:00:00+00:00,bitcoin-cash,long,0.00179024,0.3007042668489794,-0.0005383328066837169,False
2024-03-30 16:00:00+00:00,shiba-inu,long,0.0024236,0.9340599466941941,-0.002263787686808049,False
2024-03-30 16:00:00+00:00,dogecoin,long,0.0024906,0.36955125673774036,-0.0009204043600310162,False
2024-03-30 16:00:00+00:00,bitcoin-cash,long,0.00279632,0.297705496650004,-0.0008324798343923393,False
2024-03-31 00:00:00+00:00,shiba-inu,long,0.00183,0.9206373284519169,-0.001684766311067008,False
2024-03-31 00:00:00+00:00,dogecoin,long,0.001262,0.36107157704313375,-0.00045567233022843483,False
2024-03-31 00:00:00+00:00,bitcoin-cash,long,0.0026128,0.29437681248825137,-0.0007691477356693032,False
2024-03-31 08:00:00+00:00,shiba-inu,long,0.00225008,0.8252919353440156,-0.0018569728778788624,False
2024-03-31 08:00:00+00:00,dogecoin,long,0.00121236,0.19311010032107098,-0.00023411896122525362,False
2024-03-31 08:00:00+00:00,bitcoin-cash,long,0.00235632,0.5946080740303014,-0.0014010868969990796,False
2024-03-31 16:00:00+00:00,shiba-inu,long,0.00266532,0.8223508243470726,-0.00219182809914874,False
2024-03-31 16:00:00+00:00,dogecoin,long,0.00135452,0.19830763237101004,-0.0002686116541991805,False
2024-03-31 16:00:00+00:00,bitcoin-cash,long,0.0026812,0.5982751544585542,-0.0016040953441342754,False
2024-04-01 00:00:00+00:00,shiba-inu,long,0.00319772,0.8300948505500325,-0.00265441090550085,False
2024-04-01 00:00:00+00:00,dogecoin,long,0.00316064,0.20536735684092366,-0.000649092282725697,False
2024-04-01 00:00:00+00:00,bitcoin-cash,long,0.0041298,0.6804237676586762,-0.002810014075676801,False
2024-04-01 08:00:00+00:00,shiba-inu,long,0.00140964,0.6820718514886533,-0.0009614757647324653,False
2024-04-01 08:00:00+00:00,bitcoin-cash,long,0.00284168,0.9194202650919157,-0.002612698178906395,False
2024-04-01 16:00:00+00:00,shiba-inu,long,0.00102884,0.6624200107656616,-0.0006815242038761433,False
2024-04-01 16:00:00+00:00,bitcoin-cash,long,0.00140124,0.8480013227745717,-0.001188253373524641,False
2024-04-02 00:00:00+00:00,shiba-inu,long,0.00104972,0.6741640449222759,-0.0007076834812358115,False
2024-04-02 00:00:00+00:00,bitcoin-cash,long,0.00073108,0.8663207294352647,-0.0006333497588755333,False
2024-04-02 04:00:00+00:00,the-open-network,long,0.0002,0.22122443952305826,-4.424488790461166e-05,True
2024-04-02 08:00:00+00:00,shiba-inu,long,0.0004,0.4465145437789799,-0.00017860581751159198,False
2024-04-02 08:00:00+00:00,bitcoin-cash,long,0.00099352,0.9944780838054571,-0.0009880338658223976,False
2024-04-02 08:00:00+00:00,the-open-network,long,0.0004,0.22475044888971857,-8.990017955588743e-05,True
2024-04-02 12:00:00+00:00,the-open-network,long,0.0002,0.21909142151112795,-4.3818284302225594e-05,True
2024-04-02 16:00:00+00:00,shiba-inu,long,0.00064812,0.4321221071499333,-0.00028006698008601477,False
2024-04-02 16:00:00+00:00,bitcoin-cash,long,0.00085512,1.028846763646118,-0.0008797874445290684,False
2024-04-02 16:00:00+00:00,the-open-network,long,0.00040662,0.21360651805187855,-8.685668237025486e-05,True
2024-04-02 20:00:00+00:00,the-open-network,long,0.00048376,0.21347592511237262,-0.00010327111353236139,True
2024-04-03 00:00:00+00:00,shiba-inu,long,0.0004,0.43857045058188493,-0.00017542818023275398,False
2024-04-03 00:00:00+00:00,bitcoin-cash,long,0.0008808,1.0480643651600752,-0.0009231350928329943,False
2024-04-03 00:00:00+00:00,the-open-network,long,0.0004,0.21116878318110105,-8.446751327244042e-05,True
2024-04-03 04:00:00+00:00,the-open-network,long,0.0002,0.22413875441779682,-4.482775088355937e-05,True
2024-04-03 08:00:00+00:00,shiba-inu,long,0.0004,0.2268406321686244,-9.073625286744976e-05,False
2024-04-03 08:00:00+00:00,bitcoin-cash,long,0.0004,1.2489283595575718,-0.0004995713438230287,False
2024-04-03 08:00:00+00:00,the-open-network,long,0.0004,0.2298291600306605,-9.193166401226421e-05,True
2024-04-03 12:00:00+00:00,the-open-network,long,0.000492,0.2294227024868845,-0.00011287596962354719,True
2024-04-03 16:00:00+00:00,shiba-inu,long,0.0004,0.2251056973502647,-9.004227894010588e-05,False
2024-04-03 16:00:00+00:00,bitcoin-cash,long,0.0004,1.2141623643050778,-0.00048566494572203114,False
2024-04-03 16:00:00+00:00,the-open-network,long,0.0004,0.2257194226435923,-9.028776905743693e-05,True
2024-04-03 20:00:00+00:00,the-open-network,long,0.0002,0.22468069780949812,-4.4936139561899626e-05,True
2024-04-04 00:00:00+00:00,shiba-inu,long,0.0004,0.22076416964055298,-8.83056678562212e-05,False
2024-04-04 00:00:00+00:00,bitcoin-cash,long,0.0004,1.2161120511698869,-0.00048644482046795475,False
2024-04-04 00:00:00+00:00,the-open-network,long,0.0004,0.2235968110260955,-8.94387244104382e-05,True
2024-04-04 08:00:00+00:00,shiba-inu,long,0.00052672,0.22615954524874085,-0.00011912275567341679,False
2024-04-04 08:00:00+00:00,bitcoin-cash,long,0.00128348,1.5327986585397904,-0.0019673164222626504,False
2024-04-04 16:00:00+00:00,shiba-inu,long,0.0004,0.23316955026806954,-9.326782010722781e-05,False
2024-04-04 16:00:00+00:00,bitcoin-cash,long,0.0004,1.458566172612335,-0.000583426469044934,False
2024-04-05 00:00:00+00:00,shiba-inu,long,0.00054408,0.23479702422660773,-0.00012774836494121273,False
2024-04-05 00:00:00+00:00,bitcoin-cash,long,0.0004,1.527058441564268,-0.0006108233766257072,False
2024-04-05 08:00:00+00:00,shiba-inu,long,0.0004,0.22665965443391664,-9.066386177356666e-05,False
2024-04-05 08:00:00+00:00,bitcoin-cash,long,0.00050536,1.5831518418490726,-0.0008000616147968475,False
2024-04-05 16:00:00+00:00,shiba-inu,long,0.0004,0.22888047827317193,-9.155219130926878e-05,False
2024-04-05 16:00:00+00:00,bitcoin-cash,long,0.000564,1.530433689145875,-0.0008631646006782735,False
2024-04-06 00:00:00+00:00,shiba-inu,long,0.0004,0.22707499935041858,-9.082999974016744e-05,False
2024-04-06 00:00:00+00:00,bitcoin-cash,long,0.00048004,1.508666786374694,-0.0007242204041313081,False
2024-04-06 08:00:00+00:00,shiba-inu,long,0.0004,0.23188960981109413,-9.275584392443766e-05,False
2024-04-06 08:00:00+00:00,bitcoin-cash,long,0.0004,1.5899023370122871,-0.0006359609348049149,False
2024-04-06 16:00:00+00:00,shiba-inu,long,0.0004,0.2322795254469939,-9.291181017879756e-05,False
2024-04-06 16:00:00+00:00,bitcoin-cash,long,0.0004,1.6099012529550067,-0.0006439605011820028,False
2024-04-07 00:00:00+00:00,shiba-inu,long,0.0004,0.232499912545546,-9.29999650182184e-05,False
2024-04-07 00:00:00+00:00,bitcoin-cash,long,0.0004,1.5930020541790688,-0.0006372008216716275,False
2024-04-07 08:00:00+00:00,shiba-inu,long,0.0004,0.23833169423030792,-9.533267769212318e-05,False
2024-04-07 08:00:00+00:00,bitcoin-cash,long,0.0004,1.5526598092750978,-0.0006210639237100392,False
2024-04-07 16:00:00+00:00,shiba-inu,long,0.0004,0.24190026994147767,-9.676010797659108e-05,False
2024-04-07 16:00:00+00:00,bitcoin-cash,long,0.0004,1.5676762168830642,-0.0006270704867532257,False
2024-04-08 00:00:00+00:00,shiba-inu,long,0.00040116,0.23883180341548374,-9.580976625815545e-05,False
2024-04-08 00:00:00+00:00,bitcoin-cash,long,0.0004,1.57169436876593,-0.000628677747506372,False
2024-04-08 08:00:00+00:00,shiba-inu,long,0.00066844,0.24311239898351394,-0.00016250605197654005,False
2024-04-08 08:00:00+00:00,bitcoin-cash,long,0.0004,1.5853331242997712,-0.0006341332497199085,False
2024-04-08 16:00:00+00:00,shiba-inu,long,0.00110192,0.24324802181339214,-0.0002680398601966131,False
2024-04-08 16:00:00+00:00,bitcoin-cash,long,0.0004,1.5634284563211776,-0.000625371382528471,False
2024-04-09 00:00:00+00:00,shiba-inu,long,0.00065636,0.24368031958362885,-0.00015994201456191065,False
2024-04-09 00:00:00+00:00,bitcoin-cash,long,0.0004,1.5635432606606883,-0.0006254173042642753,False
2024-04-09 08:00:00+00:00,shiba-inu,long,0.00082444,0.24123063221895413,-0.00019888018242659455,False
2024-04-09 08:00:00+00:00,bitcoin-cash,long,0.0004,1.5355080409522368,-0.0006142032163808948,False
2024-04-09 16:00:00+00:00,shiba-inu,long,0.00061384,0.23457663712805568,-0.00014399252293468572,False
2024-04-09 16:00:00+00:00,bitcoin-cash,long,0.0004,1.577595311816767,-0.0006310381247267068,False
2024-04-10 00:00:00+00:00,shiba-inu,long,0.0004302,0.23298306887698703,-0.00010022931623087981,False
2024-04-10 00:00:00+00:00,bitcoin-cash,long,0.0004,1.5418452404932135,-0.0006167380961972854,False
2024-04-10 04:00:00+00:00,the-open-network,long,0.00062372,0.365904632076848,-0.00022822203711897162,True
2024-04-10 08:00:00+00:00,bitcoin-cash,long,0.0,1.2470616336006424,-0.0,False
2024-04-10 08:00:00+00:00,the-open-network,long,0.00050088,0.3824391874745217,-0.00019155614022223842,True
2024-04-10 12:00:00+00:00,the-open-network,long,0.00029796,0.38334209834948,-0.00011422061162421106,True
2024-04-10 16:00:00+00:00,bitcoin-cash,long,0.0,1.213918127971809,-0.0,False
2024-04-10 16:00:00+00:00,the-open-network,long,0.0004932000000000001,0.38543007974782106,-0.00019009411533162538,True
2024-04-10 20:00:00+00:00,the-open-network,long,0.00029582,0.3764009709982381,-0.00011134693524069881,True
2024-04-11 00:00:00+00:00,bitcoin-cash,long,0.0,1.2479751154813652,-0.0,False
2024-04-11 00:00:00+00:00,the-open-network,long,0.00046328,0.38198773203704256,-0.00017696727649812107,True
2024-04-11 04:00:00+00:00,the-open-network,long,0.00037182,0.42244401536197346,-0.00015707313379188895,True
2024-04-11 08:00:00+00:00,bitcoin-cash,long,0.0,1.2424990488804268,-0.0,False
2024-04-11 08:00:00+00:00,the-open-network,long,0.00061932,0.43156234246951325,-0.00026727518993821894,True
2024-04-11 12:00:00+00:00,the-open-network,long,0.00053206,0.42913848336497734,-0.00022832742145916985,True
2024-04-11 16:00:00+00:00,bitcoin-cash,long,0.0,1.227917094022161,-0.0,False
2024-04-11 16:00:00+00:00,the-open-network,long,0.00057696,0.4213475076718262,-0.00024310065802633684,True
2024-04-11 20:00:00+00:00,the-open-network,long,0.0002,0.4180002736703243,-8.360005473406485e-05,True
2024-04-12 00:00:00+00:00,bitcoin-cash,long,0.0,1.2322354415352839,-0.0,False
2024-04-12 00:00:00+00:00,the-open-network,long,0.00056684,0.41869280484304877,-0.00023733182949723375,True
2024-04-12 04:00:00+00:00,the-open-network,long,0.0002,0.6043491989235478,-0.00012086983978470956,True
2024-04-12 08:00:00+00:00,bitcoin-cash,long,3.996e-05,1.1109509804786386,-4.43936011799264e-05,False
2024-04-12 08:00:00+00:00,the-open-network,long,0.00067792,0.5906445634999893,-0.00040040976248791277,True
2024-04-12 12:00:00+00:00,the-open-network,long,0.0002,0.6098983151073198,-0.00012197966302146398,True
2024-04-12 16:00:00+00:00,bitcoin-cash,long,0.0004,1.0578852442475033,-0.00042315409769900136,False
2024-04-12 16:00:00+00:00,the-open-network,long,0.00046892,0.5931668890380675,-0.0002781478176077306,True
2024-04-12 20:00:00+00:00,the-open-network,long,0.0002,0.5244755568844034,-0.00010489511137688068,True
2024-04-13 00:00:00+00:00,bitcoin-cash,long,0.0,0.9712361390230648,-0.0,False
2024-04-13 00:00:00+00:00,the-open-network,long,0.0004,0.5562568586641892,-0.00022250274346567568,True
2024-04-13 04:00:00+00:00,the-open-network,long,0.0002,0.3009200298605835,-6.018400597211671e-05,True
2024-04-13 08:00:00+00:00,bitcoin-cash,long,0.00021208,0.5301533872436488,-0.00011243493036663303,False
2024-04-13 08:00:00+00:00,the-open-network,long,0.0004,0.30100828914489514,-0.00012040331565795806,True
2024-04-13 12:00:00+00:00,the-open-network,long,0.0002,0.2916528050078599,-5.8330561001571985e-05,True
2024-04-13 16:00:00+00:00,bitcoin-cash,long,0.00022048,0.5124939184341285,-0.00011299465913635666,False
2024-04-13 16:00:00+00:00,the-open-network,long,0.0004,0.2922264903558856,-0.00011689059614235425,True
2024-04-13 20:00:00+00:00,the-open-network,long,0.0002,0.26058553693015774,-5.211710738603155e-05,True
2024-04-14 00:00:00+00:00,bitcoin-cash,long,0.0,0.4656190598384675,-0.0,False
2024-04-14 00:00:00+00:00,the-open-network,long,0.0004,0.26274788939579324,-0.0001050991557583173,True
2024-04-14 04:00:00+00:00,the-open-network,long,0.0002,0.45380293747750416,-9.076058749550083e-05,True
2024-04-14 08:00:00+00:00,bitcoin-cash,long,0.0,0.4143329710765738,-0.0,False
2024-04-14 08:00:00+00:00,the-open-network,long,0.0004,0.4959745235865247,-0.0001983898094346099,True
2024-04-14 12:00:00+00:00,the-open-network,long,0.0002,0.4844384556472818,-9.688769112945635e-05,True
2024-04-14 16:00:00+00:00,bitcoin-cash,long,0.0,0.4029913143260666,-0.0,False
2024-04-14 16:00:00+00:00,the-open-network,long,0.0004,0.490626677521975,-0.00019625067100879,True
2024-04-14 20:00:00+00:00,the-open-network,long,0.0002,0.5017043586556851,-0.00010034087173113701,True
2024-04-15 00:00:00+00:00,bitcoin-cash,long,0.0,0.43725795103296267,-0.0,False
2024-04-15 00:00:00+00:00,the-open-network,long,0.0004,0.517060316641035,-0.00020682412665641402,True
2024-04-15 04:00:00+00:00,the-open-network,long,0.0002,0.5337914350429834,-0.0001067582870085967,True
2024-04-15 08:00:00+00:00,bitcoin-cash,long,0.0,0.46566625952853863,-0.0,False
2024-04-15 08:00:00+00:00,the-open-network,long,0.0004,0.5402852481213651,-0.00021611409924854607,True
2024-04-15 12:00:00+00:00,the-open-network,long,0.0002,0.5373821316863239,-0.00010747642633726478,True
2024-04-15 16:00:00+00:00,bitcoin-cash,long,0.0,0.4326079550985152,-0.0,False
2024-04-15 16:00:00+00:00,the-open-network,long,0.0004,0.5180534880530228,-0.0002072213952212091,True
2024-04-15 20:00:00+00:00,the-open-network,long,0.0002,0.5162963386318136,-0.00010325926772636272,True
2024-04-16 00:00:00+00:00,bitcoin-cash,long,0.0,0.42279129701468166,-0.0,False
2024-04-16 00:00:00+00:00,the-open-network,long,0.00032718000000000005,0.5007875850446194,-0.0001638476820748986,True
2024-04-16 04:00:00+00:00,the-open-network,long,0.0002,0.4381563096233628,-8.763126192467257e-05,True
2024-04-16 08:00:00+00:00,bitcoin-cash,long,0.0,0.4012786233851828,-0.0,False
2024-04-16 08:00:00+00:00,the-open-network,long,0.0004,0.42983817008274333,-0.00017193526803309733,True
2024-04-16 12:00:00+00:00,the-open-network,long,0.0002,0.42273731925538527,-8.454746385107706e-05,True
2024-04-16 16:00:00+00:00,bitcoin-cash,long,0.0,0.3810672411808984,-0.0,False
2024-04-16 16:00:00+00:00,the-open-network,long,0.00027596,0.401164258170364,-0.00011070528868469365,True
2024-04-16 20:00:00+00:00,the-open-network,long,0.0002,0.4110378221779286,-8.220756443558572e-05,True
2024-04-17 00:00:00+00:00,bitcoin-cash,long,0.0,0.39595898107184235,-0.0,False
2024-04-17 00:00:00+00:00,the-open-network,long,0.00028112,0.4284179999172717,-0.00012043686813674341,True
2024-04-17 04:00:00+00:00,the-open-network,long,0.0002,0.4319874636770193,-8.639749273540386e-05,True
2024-04-17 08:00:00+00:00,bitcoin-cash,long,0.0,0.39043480660620705,-0.0,False
2024-04-17 08:00:00+00:00,the-open-network,long,0.0002,0.42915785146952795,-8.583157029390559e-05,True
2024-04-17 12:00:00+00:00,the-open-network,long,0.0002,0.4144034449590371,-8.288068899180742e-05,True
2024-04-17 16:00:00+00:00,bitcoin-cash,long,0.0,0.3718693322815756,-0.0,False
2024-04-17 16:00:00+00:00,the-open-network,long,0.00026136,0.4096200528939921,-0.00010705829702437377,True
2024-04-17 20:00:00+00:00,the-open-network,long,0.00017676,0.410091654928574,-7.248780092517475e-05,True
2024-04-18 00:00:00+00:00,bitcoin-cash,long,0.0,0.38143610885151874,-0.0,False
2024-04-18 00:00:00+00:00,the-open-network,long,0.00036912,0.4092158225786362,-0.0001510497444302262,True
2024-04-18 04:00:00+00:00,the-open-network,long,0.0002,0.5936983399610968,-0.00011873966799221936,True
2024-04-18 08:00:00+00:00,bitcoin-cash,long,0.0,0.2778800190441229,-0.0,False
2024-04-18 08:00:00+00:00,the-open-network,long,0.00031278,0.5766071720892113,-0.00018035119128606352,True
2024-04-18 12:00:00+00:00,the-open-network,long,0.0002,0.5968235820862415,-0.00011936471641724831,True
2024-04-18 16:00:00+00:00,bitcoin-cash,long,0.0,0.2869363569349315,-0.0,False
2024-04-18 16:00:00+00:00,the-open-network,long,0.00025412,0.6065899637273191,-0.0001541466415823863,True
2024-04-18 20:00:00+00:00,the-open-network,long,0.0002,0.6321778836269418,-0.00012643557672538838,True
2024-04-19 00:00:00+00:00,bitcoin-cash,long,0.0,0.28625980220390124,-0.0,False
2024-04-19 00:00:00+00:00,the-open-network,long,0.000307,0.6354984533849082,-0.0001950980251891668,True
2024-04-19 04:00:00+00:00,the-open-network,long,0.0002,0.8146615283714789,-0.0001629323056742958,True
2024-04-19 08:00:00+00:00,bitcoin-cash,long,0.0,0.17858116009984712,-0.0,False
2024-04-19 08:00:00+00:00,the-open-network,long,0.00032996,0.8290781901329561,-0.00027356263961627025,True
2024-04-19 12:00:00+00:00,the-open-network,long,0.0002,0.8164636110916635,-0.0001632927222183327,True
2024-04-19 16:00:00+00:00,bitcoin-cash,long,0.0,0.17755925238551917,-0.0,False
2024-04-19 16:00:00+00:00,the-open-network,long,0.0003956,0.7640830733582961,-0.0003022712638205419,True
2024-04-19 20:00:00+00:00,the-open-network,long,0.0002,0.7418573864760185,-0.00014837147729520372,True
2024-04-20 00:00:00+00:00,bitcoin-cash,long,0.0,0.1769461077569224,-0.0,False
2024-04-20 00:00:00+00:00,the-open-network,long,0.0004,0.7279212801065905,-0.0002911685120426362,True
2024-04-20 04:00:00+00:00,the-open-network,long,0.0002,0.9262059165856308,-0.00018524118331712618,True
2024-04-20 08:00:00+00:00,bitcoin-cash,long,0.0,0.055944076872865865,-0.0,False
2024-04-20 08:00:00+00:00,the-open-network,long,0.00035106000000000004,0.9497315163141788,-0.00033341274611725565,True
2024-04-20 12:00:00+00:00,the-open-network,long,0.0002,0.9396491164305154,-0.0001879298232861031,True
2024-04-20 16:00:00+00:00,bitcoin-cash,long,0.0,0.05835139587978251,-0.0,False
2024-04-20 16:00:00+00:00,the-open-network,long,0.00024432,0.941787807314929,-0.00023009759708318345,True
2024-04-20 20:00:00+00:00,the-open-network,long,0.0002,0.9428571527571356,-0.00018857143055142712,True
2024-04-21 00:00:00+00:00,bitcoin-cash,long,0.0,0.060350654967358204,-0.0,False
2024-04-21 00:00:00+00:00,the-open-network,long,0.0004,0.9475928254297655,-0.0003790371301719062,True
2024-04-21 04:00:00+00:00,the-open-network,long,0.0002,1.0115756757434682,-0.00020231513514869364,True
2024-04-21 08:00:00+00:00,the-open-network,long,0.0003028,1.0174540816073527,-0.0003080850959107064,True
2024-04-21 12:00:00+00:00,the-open-network,long,0.0002,1.0136984334165375,-0.0002027396866833075,True
2024-04-21 16:00:00+00:00,the-open-network,long,0.00033084,0.9957366377213347,-0.00032942950922372634,True
2024-04-21 20:00:00+00:00,the-open-network,long,0.0002,0.9927974347893924,-0.0001985594869578785,True
2024-04-22 00:00:00+00:00,the-open-network,long,0.00022468,1.0011251764298956,-0.00022493280464026895,True
2024-04-22 04:00:00+00:00,the-open-network,long,0.0002,1.0056972698795834,-0.0002011394539759167,True
2024-04-22 08:00:00+00:00,the-open-network,long,0.00025614,1.00128846548167,-0.00025647002754847496,True
2024-04-22 12:00:00+00:00,the-open-network,long,0.0002,0.9888784975468027,-0.00019777569950936053,True
2024-04-22 16:00:00+00:00,the-open-network,long,0.00024004,0.9874088960808315,-0.0002370176314152428,True
2024-04-22 20:00:00+00:00,the-open-network,long,0.0002,0.9733660376282185,-0.00019467320752564372,True
2024-04-23 00:00:00+00:00,the-open-network,long,0.0002,0.9673243427125594,-0.00019346486854251188,True
2024-04-23 04:00:00+00:00,the-open-network,long,0.0002,0.9576902886578597,-0.00019153805773157193,True
2024-04-23 08:00:00+00:00,the-open-network,long,0.0002096,0.904621346831124,-0.0001896086342958036,True
2024-04-23 12:00:00+00:00,the-open-network,long,0.0002,0.9248691892511708,-0.00018497383785023416,True
2024-04-23 16:00:00+00:00,the-open-network,long,0.0003101,0.9248691892511708,-0.00028680193558678805,True
2024-04-23 20:00:00+00:00,the-open-network,long,0.0002,0.9296045717526333,-0.00018592091435052667,True
2024-04-24 00:00:00+00:00,the-open-network,long,0.0004,0.9312374622703792,-0.0003724949849081517,True
2024-04-24 04:00:00+00:00,the-open-network,long,0.0002,0.8287567993364062,-0.00016575135986728124,True
2024-04-24 08:00:00+00:00,the-open-network,long,0.00023468,0.8405162832515447,-0.0001972523613534725,True
2024-04-24 08:00:00+00:00,hedera-hashgraph,long,0.0,0.08811509717353605,-0.0,False
2024-04-24 12:00:00+00:00,the-open-network,long,0.0002,0.8281831659746922,-0.00016563663319493844,True
2024-04-24 16:00:00+00:00,the-open-network,long,0.000276,0.7896063223994209,-0.00021793134498224013,True
2024-04-24 16:00:00+00:00,hedera-hashgraph,long,0.0,0.08145475711727783,-0.0,False
2024-04-24 20:00:00+00:00,the-open-network,long,0.0002,0.8040905647827012,-0.00016081811295654024,True
2024-04-25 00:00:00+00:00,the-open-network,long,0.00027968000000000003,0.7953426560165616,-0.000222441434034712,True
2024-04-25 00:00:00+00:00,hedera-hashgraph,long,0.0,0.07881086144442317,-0.0,False
2024-04-25 04:00:00+00:00,the-open-network,long,0.0002,0.7234174803876414,-0.00014468349607752828,True
2024-04-25 08:00:00+00:00,the-open-network,long,0.00020582,0.7146384600677769,-0.00014708688785114983,True
2024-04-25 08:00:00+00:00,hedera-hashgraph,long,0.0,0.14508285490938774,-0.0,False
2024-04-25 12:00:00+00:00,the-open-network,long,0.0002,0.6825360723309589,-0.00013650721446619178,True
2024-04-25 16:00:00+00:00,the-open-network,long,0.00039352,0.7074318015962464,-0.0002783885625641549,True
2024-04-25 16:00:00+00:00,hedera-hashgraph,long,0.0,0.15457389556873613,-0.0,False
2024-04-25 20:00:00+00:00,the-open-network,long,0.0002,0.7235485105416694,-0.00014470970210833387,True
2024-04-26 00:00:00+00:00,the-open-network,long,0.00022416,0.7062525302099959,-0.0001583135671718727,True
2024-04-26 00:00:00+00:00,hedera-hashgraph,long,0.00025232,0.15371107369061354,-3.8784378113615606e-05,False
2024-04-26 04:00:00+00:00,the-open-network,long,0.0002,0.6365671749966219,-0.00012731343499932437,True
2024-04-26 08:00:00+00:00,the-open-network,long,0.0002,0.6364482127138715,-0.00012728964254277432,True
2024-04-26 08:00:00+00:00,hedera-hashgraph,long,0.0,0.1928158136326329,-0.0,False
2024-04-26 12:00:00+00:00,the-open-network,long,0.0002,0.6409687794583814,-0.0001281937558916763,True
2024-04-26 16:00:00+00:00,the-open-network,long,0.00025828,0.6358534013001202,-0.00016422821648779507,True
2024-04-26 16:00:00+00:00,hedera-hashgraph,long,0.00027136,0.18409458045667265,-4.9955905352722694e-05,False
2024-04-26 20:00:00+00:00,the-open-network,long,0.0002,0.6391843452171275,-0.0001278368690434255,True
2024-04-27 00:00:00+00:00,the-open-network,long,0.00029508,0.6328793442313639,-0.00018675003689579085,True
2024-04-27 00:00:00+00:00,hedera-hashgraph,long,0.00021544,0.1845439569752813,-3.9758150090754605e-05,False
2024-04-27 08:00:00+00:00,hedera-hashgraph,long,0.0,0.2976798519065592,-0.0,False
2024-04-27 08:00:00+00:00,shiba-inu,long,0.0002884,0.2761407750587254,-7.963899952693641e-05,False
2024-04-27 16:00:00+00:00,hedera-hashgraph,long,6.34e-05,0.2871473665907831,-1.820514304185565e-05,False
2024-04-27 16:00:00+00:00,shiba-inu,long,0.0001752,0.2735477458295154,-4.79255650693311e-05,False
2024-04-28 00:00:00+00:00,hedera-hashgraph,long,0.0,0.29175532891643513,-0.0,False
2024-04-28 00:00:00+00:00,shiba-inu,long,0.00027332,0.2778357855072566,-7.593807689484339e-05,False
2024-04-28 08:00:00+00:00,shiba-inu,long,3.264e-05,0.27960325323020724,-9.126250185433965e-06,False
2024-04-28 08:00:00+00:00,binancecoin,long,0.0,0.35769982467562633,-0.0,False
2024-04-28 08:00:00+00:00,near,long,0.0002338,0.17690480485842908,-4.1360343375900715e-05,False
2024-04-28 16:00:00+00:00,shiba-inu,long,0.0002232,0.27601830977730357,-6.160728674229416e-05,False
2024-04-28 16:00:00+00:00,binancecoin,long,0.0,0.3595547677402918,-0.0,False
2024-04-28 16:00:00+00:00,near,long,0.0004,0.1744736541345198,-6.978946165380792e-05,False
2024-04-29 00:00:00+00:00,shiba-inu,long,0.0,0.27015508450386294,-0.0,False
2024-04-29 00:00:00+00:00,binancecoin,long,0.0,0.35728827782205097,-0.0,False
2024-04-29 00:00:00+00:00,near,long,0.00020608,0.16965958980423915,-3.4963448266857604e-05,False
2024-04-29 08:00:00+00:00,shiba-inu,long,0.00034564,0.2253347160459162,-7.788469125411047e-05,False
2024-04-29 08:00:00+00:00,binancecoin,long,0.0,0.3504128348269098,-0.0,False
2024-04-29 08:00:00+00:00,near,long,0.00032716,0.2311978175317916,-7.563867798370094e-05,False
2024-04-29 16:00:00+00:00,shiba-inu,long,0.0,0.2283849646285231,-0.0,False
2024-04-29 16:00:00+00:00,binancecoin,long,0.0,0.3531696886949008,-0.0,False
2024-04-29 16:00:00+00:00,near,long,0.00013416,0.22772465895174718,-3.0551540244966404e-05,False
2024-04-30 00:00:00+00:00,shiba-inu,long,0.00021272,0.23096520635406165,-4.9130918695635996e-05,False
2024-04-30 00:00:00+00:00,binancecoin,long,0.0,0.3533904756929866,-0.0,False
2024-04-30 00:00:00+00:00,near,long,0.0,0.22955334225425852,-0.0,False
2024-04-30 08:00:00+00:00,shiba-inu,long,0.00021504,0.1806898159644747,-3.8855538025000636e-05,False
2024-04-30 08:00:00+00:00,binancecoin,long,0.0,0.35693973523132133,-0.0,False
2024-04-30 08:00:00+00:00,near,long,5.164e-05,0.28125126804063255,-1.4523815481618266e-05,False
2024-04-30 16:00:00+00:00,shiba-inu,long,0.0001762,0.16881291959696865,-2.9744836432985877e-05,False
2024-04-30 16:00:00+00:00,binancecoin,long,0.0,0.3343170886695691,-0.0,False
2024-04-30 16:00:00+00:00,near,long,0.0004,0.25241004859582994,-0.00010096401943833198,False
2024-05-01 00:00:00+00:00,shiba-inu,long,0.0,0.16992922635273808,-0.0,False
2024-05-01 00:00:00+00:00,binancecoin,long,0.0,0.34486994412749317,-0.0,False
2024-05-01 00:00:00+00:00,near,long,0.0,0.259810513034457,-0.0,False
2024-05-01 04:00:00+00:00,the-open-network,long,0.0002,0.15491919180166264,-3.098383836033253e-05,True
2024-05-01 08:00:00+00:00,shiba-inu,long,0.0004,0.08608180810254688,-3.4432723241018756e-05,False
2024-05-01 08:00:00+00:00,binancecoin,long,0.0,0.44172627338988,-0.0,False
2024-05-01 08:00:00+00:00,near,long,0.0004,0.21707033124720845,-8.682813249888338e-05,False
2024-05-01 08:00:00+00:00,the-open-network,long,0.0004,0.14533593210392384,-5.813437284156954e-05,True
2024-05-01 12:00:00+00:00,the-open-network,long,0.0002,0.1445424137850028,-2.890848275700056e-05,True
2024-05-01 16:00:00+00:00,shiba-inu,long,9.668e-05,0.08470857405139622,-8.189624939288987e-06,False
2024-05-01 16:00:00+00:00,binancecoin,long,0.0,0.44062553913953606,-0.0,False
2024-05-01 16:00:00+00:00,near,long,0.0004,0.2181683581129008,-8.726734324516033e-05,False
2024-05-01 16:00:00+00:00,the-open-network,long,0.00039804,0.1407579418024563,-5.6027291155049706e-05,True
2024-05-01 20:00:00+00:00,the-open-network,long,0.0002,0.1453969719746101,-2.9079394394922022e-05,True
2024-05-02 00:00:00+00:00,shiba-inu,long,0.0,0.09220635047310917,-0.0,False
2024-05-02 00:00:00+00:00,binancecoin,long,0.0,0.4541742827797995,-0.0,False
2024-05-02 00:00:00+00:00,near,long,0.00019984,0.22577348378668946,-4.5118572999932025e-05,False
2024-05-02 00:00:00+00:00,the-open-network,long,0.0004,0.14884572466838233,-5.953828986735294e-05,True
2024-05-02 04:00:00+00:00,the-open-network,long,0.0002,0.1446950134617184,-2.893900269234368e-05,True
2024-05-02 08:00:00+00:00,shiba-inu,long,0.0004,0.051598340093861154,-2.0639336037544464e-05,False
2024-05-02 08:00:00+00:00,binancecoin,long,0.0,0.45656455161409626,-0.0,False
2024-05-02 08:00:00+00:00,near,long,0.0004,0.10951050932585024,-4.3804203730340096e-05,False
2024-05-02 08:00:00+00:00,the-open-network,long,0.0004,0.3027653422530888,-0.00012110613690123554,True
2024-05-02 08:00:00+00:00,tron,long,0.0,0.1227520390187822,-0.0,False
2024-05-02 12:00:00+00:00,the-open-network,long,0.0002,0.31124634278376717,-6.224926855675343e-05,True
2024-05-02 16:00:00+00:00,shiba-inu,long,8.84e-06,0.054184144631654836,-4.789878385438287e-07,False
2024-05-02 16:00:00+00:00,binancecoin,long,0.0,0.46920045493744156,-0.0,False
2024-05-02 16:00:00+00:00,near,long,0.0,0.11478581181358156,-0.0,False
2024-05-02 16:00:00+00:00,the-open-network,long,0.00029684,0.32138528326781124,-9.540000748521708e-05,True
2024-05-02 16:00:00+00:00,tron,long,0.00028508,0.12434635239033731,-3.544865813943736e-05,False
2024-05-02 20:00:00+00:00,the-open-network,long,0.0002,0.3291648476643733,-6.583296953287467e-05,True
2024-05-03 00:00:00+00:00,shiba-inu,long,0.0001016,0.053614231427514515,-5.447205913035475e-06,False
2024-05-03 00:00:00+00:00,binancecoin,long,0.0,0.4655735597109909,-0.0,False
2024-05-03 00:00:00+00:00,near,long,0.0003898,0.1132168239313245,-4.413191796843029e-05,False
2024-05-03 00:00:00+00:00,the-open-network,long,0.0003084,0.3268054715768914,-0.0001007868074343133,True
2024-05-03 00:00:00+00:00,tron,long,0.0,0.12324647797578347,-0.0,False
2024-05-05 08:00:00+00:00,near,long,0.0004,0.6995291224835449,-0.00027981164899341796,False
2024-05-05 16:00:00+00:00,near,long,0.0004,0.7461998146509026,-0.000298479925860361,False
2024-05-06 00:00:00+00:00,near,long,0.0004,0.7500389201277277,-0.0003000155680510911,False
2024-05-06 08:00:00+00:00,near,long,0.0004,0.8102768047736146,-0.00032411072190944586,False
2024-05-06 16:00:00+00:00,near,long,0.0004,0.7967298113381073,-0.0003186919245352429,False
2024-05-07 00:00:00+00:00,near,long,0.0004,0.8004124891652356,-0.00032016499566609423,False
2024-05-07 08:00:00+00:00,near,long,0.0004,0.8111426724770168,-0.0003244570689908067,False
2024-05-07 16:00:00+00:00,near,long,0.0004,0.8173462309596197,-0.00032693849238384787,False
2024-05-08 00:00:00+00:00,near,long,0.0004,0.7790726863991086,-0.00031162907455964346,False
2024-05-08 08:00:00+00:00,near,long,0.0004,0.777472475200416,-0.0003109889900801664,False
2024-05-08 16:00:00+00:00,near,long,0.0004,0.7647255873642549,-0.00030589023494570196,False
2024-05-09 00:00:00+00:00,near,long,0.0004,0.7449969561474967,-0.0002979987824589987,False
2024-05-09 04:00:00+00:00,the-open-network,long,0.0002,0.07725168114293185,-1.545033622858637e-05,True
2024-05-09 08:00:00+00:00,near,long,0.0004,0.7396974151560262,-0.0002958789660624105,False
2024-05-09 08:00:00+00:00,the-open-network,long,0.0004,0.07834376145528564,-3.133750458211426e-05,True
2024-05-09 12:00:00+00:00,the-open-network,long,0.0002,0.0778107222552082,-1.556214445104164e-05,True
2024-05-09 16:00:00+00:00,near,long,0.0004,0.7472250617981274,-0.00029889002471925096,False
2024-05-09 16:00:00+00:00,the-open-network,long,0.0004,0.08219204446072284,-3.287681778428914e-05,True
2024-05-09 20:00:00+00:00,the-open-network,long,0.0002,0.08345313720236949,-1.66906274404739e-05,True
2024-05-10 00:00:00+00:00,near,long,0.0004,0.7733802687003941,-0.0003093521074801577,False
2024-05-10 00:00:00+00:00,the-open-network,long,0.0003616,0.0832711238169772,-3.0110838372218956e-05,True
2024-05-10 04:00:00+00:00,the-open-network,long,0.0002,0.2350079423885888,-4.700158847771776e-05,True
2024-05-10 08:00:00+00:00,near,long,0.0004,0.6001994454786089,-0.00024007977819144358,False
2024-05-10 08:00:00+00:00,the-open-network,long,0.0004,0.25171328220373657,-0.00010068531288149463,True
2024-05-10 12:00:00+00:00,the-open-network,long,0.0002,0.2550762827792149,-5.101525655584298e-05,True
2024-05-10 16:00:00+00:00,near,long,0.0004,0.5873212200922453,-0.00023492848803689814,False
2024-05-10 16:00:00+00:00,the-open-network,long,0.0004,0.24674189004868163,-9.869675601947266e-05,True
2024-05-10 20:00:00+00:00,the-open-network,long,0.0002,0.24538937894767407,-4.907787578953482e-05,True
2024-05-11 00:00:00+00:00,near,long,0.00035616,0.5836463322473255,-0.00020787147769320746,False
2024-05-11 00:00:00+00:00,the-open-network,long,0.00025952,0.24725365100581967,-6.416726750903032e-05,True
2024-05-11 04:00:00+00:00,the-open-network,long,0.0002,0.3909377189171765,-7.81875437834353e-05,True
2024-05-11 08:00:00+00:00,near,long,0.00032972,0.47144401766603306,-0.0001554445215048444,False
2024-05-11 08:00:00+00:00,the-open-network,long,0.0004,0.39295375253469544,-0.0001571815010138782,True
2024-05-11 12:00:00+00:00,the-open-network,long,0.0002,0.381951969079092,-7.639039381581841e-05,True
2024-05-11 16:00:00+00:00,near,long,0.00027712,0.46718643619347966,-0.00012946670519793708,False
2024-05-11 16:00:00+00:00,the-open-network,long,0.00038778,0.3932417573371982,-0.0001524912886602187,True
2024-05-11 20:00:00+00:00,the-open-network,long,0.0002,0.39808023801924364,-7.961604760384874e-05,True
2024-05-12 00:00:00+00:00,near,long,0.00023104,0.45708690525782086,-0.00010560535859076693,False
2024-05-12 00:00:00+00:00,the-open-network,long,0.0003204,0.3967554159277312,-0.00012712043526324509,True
2024-05-17 08:00:00+00:00,pepe,long,0.0,0.8071555447344301,-0.0,False
2024-05-17 16:00:00+00:00,pepe,long,0.0004,0.8086701607822587,-0.0003234680643129035,False
2024-05-18 00:00:00+00:00,pepe,long,0.0004,0.8060374250342007,-0.0003224149700136803,False
2024-05-18 08:00:00+00:00,pepe,long,0.0004,0.7941266747523239,-0.0003176506699009296,False
2024-05-18 16:00:00+00:00,pepe,long,0.0,0.7472766663200149,-0.0,False
2024-05-19 00:00:00+00:00,pepe,long,0.0,0.7557854779394914,-0.0,False
2024-05-19 08:00:00+00:00,near,long,0.00038176,0.5219955640753683,-0.00019927702654141258,False
2024-05-19 08:00:00+00:00,solana,long,7.5e-05,0.6444403953688341,-4.8333029652662554e-05,False
2024-05-19 16:00:00+00:00,near,long,0.0004,0.5146404588547536,-0.00020585618354190146,False
2024-05-19 16:00:00+00:00,solana,long,0.0003518,0.6225819506089503,-0.0002190243302242287,False
2024-05-20 00:00:00+00:00,near,long,0.0004,0.510473223189097,-0.00020418928927563884,False
2024-05-20 00:00:00+00:00,solana,long,0.0004,0.6285623600842676,-0.00025142494403370704,False
2024-05-20 08:00:00+00:00,near,long,0.00011736,0.522644329112636,-6.133753846465897e-05,False
2024-05-20 08:00:00+00:00,solana,long,0.0004,0.7012538860961403,-0.00028050155443845614,False
2024-05-20 16:00:00+00:00,near,long,0.00024592,0.5283410827313135,-0.00012992963906528461,False
2024-05-20 16:00:00+00:00,solana,long,0.00027048,0.7052612967365185,-0.00019075907554129355,False
2024-05-21 00:00:00+00:00,near,long,0.0004,0.5435280503276497,-0.0002174112201310599,False
2024-05-21 00:00:00+00:00,solana,long,0.0004,0.7359130202709827,-0.0002943652081083931,False
2024-05-21 08:00:00+00:00,near,long,0.0004,0.3542814654258057,-0.00014171258617032227,False
2024-05-21 08:00:00+00:00,solana,long,0.0004,0.6877721925802375,-0.000275108877032095,False
2024-05-21 08:00:00+00:00,pepe,long,0.00043928,0.9855205784651025,-0.00043291947970815024,False
2024-05-21 16:00:00+00:00,near,long,0.0004,0.34421038696927064,-0.00013768415478770826,False
2024-05-21 16:00:00+00:00,solana,long,0.0004,0.6709293558714117,-0.00026837174234856467,False
2024-05-21 16:00:00+00:00,pepe,long,0.00196708,1.0948965314729893,-0.0021537490691298875,False
2024-05-22 00:00:00+00:00,near,long,0.0004,0.3417341791472034,-0.00013669367165888136,False
2024-05-22 00:00:00+00:00,solana,long,0.0004,0.6759164661503422,-0.0002703665864601369,False
2024-05-22 00:00:00+00:00,pepe,long,0.00171912,1.2385436761084596,-0.002129205204471575,False
2024-05-22 08:00:00+00:00,near,long,0.0004,0.19601276188552194,-7.840510475420879e-05,False
2024-05-22 08:00:00+00:00,solana,long,0.0004,0.6385214463539967,-0.0002554085785415987,False
2024-05-22 08:00:00+00:00,pepe,long,0.00091032,1.2699768501654087,-0.001156085326242575,False
2024-05-22 16:00:00+00:00,near,long,0.0004,0.1957965137681981,-7.831860550727924e-05,False
2024-05-22 16:00:00+00:00,solana,long,0.0004,0.6437758900459,-0.00025751035601836,False
2024-05-22 16:00:00+00:00,pepe,long,0.0004,1.2765719400434161,-0.0005106287760173664,False
2024-05-23 00:00:00+00:00,near,long,0.0004,0.19837160629173253,-7.934864251669302e-05,False
2024-05-23 00:00:00+00:00,solana,long,0.0004,0.6283786938340961,-0.0002513514775336384,False
2024-05-23 00:00:00+00:00,pepe,long,0.0004,1.2421216393304497,-0.00049684865573218,False
2024-05-23 08:00:00+00:00,solana,long,0.0004,0.3724498190588131,-0.00014897992762352523,False
2024-05-23 08:00:00+00:00,pepe,long,0.0004396,1.6774189317688555,-0.0007373933624055889,False
2024-05-23 16:00:00+00:00,solana,long,0.0004,0.3624696642904426,-0.00014498786571617704,False
2024-05-23 16:00:00+00:00,pepe,long,0.0004,1.578539038861669,-0.0006314156155446676,False
2024-05-24 00:00:00+00:00,solana,long,0.0004,0.3697968984164972,-0.0001479187593665989,False
2024-05-24 00:00:00+00:00,pepe,long,0.00046088,1.7223224158394503,-0.0007937839550120859,False
2024-05-24 08:00:00+00:00,solana,long,0.0004,0.24904528857982738,-9.961811543193096e-05,False
2024-05-24 08:00:00+00:00,pepe,long,0.00057464,1.6243727956840117,-0.0009334295833118605,False
2024-05-24 16:00:00+00:00,solana,long,0.0004,0.250529513435173,-0.0001002118053740692,False
2024-05-24 16:00:00+00:00,pepe,long,0.0004,1.6586329646279354,-0.0006634531858511742,False
2024-05-25 00:00:00+00:00,solana,long,0.0004,0.2511197569187879,-0.00010044790276751517,False
2024-05-25 00:00:00+00:00,pepe,long,0.0004,1.6502370076369126,-0.0006600948030547651,False
2024-05-25 08:00:00+00:00,solana,long,0.0004,0.12828669577689283,-5.1314678310757135e-05,False
2024-05-25 08:00:00+00:00,pepe,long,0.00104488,1.884917167446923,-0.001969512249921941,False
2024-05-25 16:00:00+00:00,solana,long,0.0004,0.12739125304253152,-5.095650121701261e-05,False
2024-05-25 16:00:00+00:00,pepe,long,0.00137608,1.8363956076462293,-0.002527027267769823,False
2024-05-26 00:00:00+00:00,solana,long,0.0004,0.12779116835413754,-5.1116467341655016e-05,False
2024-05-26 00:00:00+00:00,pepe,long,0.0004,1.822181115083598,-0.0007288724460334392,False
2024-05-26 08:00:00+00:00,solana,long,0.0004,0.1255485745159822,-5.0219429806392884e-05,False
2024-05-26 08:00:00+00:00,pepe,long,0.0004,1.8383184585237085,-0.0007353273834094834,False
2024-05-26 16:00:00+00:00,solana,long,0.0004,0.12365812790530822,-4.946325116212329e-05,False
2024-05-26 16:00:00+00:00,pepe,long,0.0018712,1.9151716439115645,-0.0035836691800873195,False
2024-05-27 00:00:00+00:00,solana,long,0.0004,0.12411287399074251,-4.964514959629701e-05,False
2024-05-27 00:00:00+00:00,pepe,long,0.0005378,1.9497707897639278,-0.0010485867307350402,False
2024-05-27 08:00:00+00:00,pepe,long,0.0004,2.026034048107316,-0.0008104136192429264,False
2024-05-27 16:00:00+00:00,pepe,long,0.0004,2.0463858030906783,-0.0008185543212362714,False
2024-05-28 00:00:00+00:00,pepe,long,0.00075392,2.009916227966828,-0.0015153160425887512,False
2024-05-28 08:00:00+00:00,pepe,long,0.0004,1.9471770116587788,-0.0007788708046635116,False
2024-05-28 16:00:00+00:00,pepe,long,0.00134232,1.9221943904410226,-0.002580199974176793,False
2024-05-29 00:00:00+00:00,pepe,long,0.0017678,1.9252736157812946,-0.0034034986979781727,False
2024-05-29 08:00:00+00:00,pepe,long,0.00145196,1.8866149038920943,-0.0027392893758551654,False
2024-05-29 16:00:00+00:00,pepe,long,0.00045824,1.774054783836358,-0.0008129428641451727,False
2024-05-30 00:00:00+00:00,pepe,long,0.00063668,1.7754981707146105,-0.0011304241753305783,False
2024-05-30 08:00:00+00:00,pepe,long,0.00171484,1.6017504752449467,-0.0027467457849690447,False
2024-05-30 16:00:00+00:00,pepe,long,0.0004,1.7238610051451217,-0.0006895444020580487,False
2024-05-31 00:00:00+00:00,pepe,long,0.0004,1.734698434956002,-0.0006938793739824008,False
2024-05-31 08:00:00+00:00,pepe,long,0.00051748,1.7830639236014516,-0.0009226999191852791,False
2024-05-31 16:00:00+00:00,pepe,long,0.0004,1.7817287907390678,-0.0007126915162956271,False
2024-06-01 00:00:00+00:00,pepe,long,0.0004,1.854451432955031,-0.0007417805731820124,False
2024-06-01 08:00:00+00:00,pepe,long,0.00056556,1.8573983478314633,-0.0010504702095995623,False
2024-06-01 16:00:00+00:00,pepe,long,0.00103984,1.8588056500377599,-0.0019328604671352643,False
2024-06-02 00:00:00+00:00,pepe,long,0.00135892,1.7878391285236708,-0.0024295303485333867,False
2024-06-02 08:00:00+00:00,pepe,long,0.0010646,1.7578166814560154,-0.001871371639078074,False
2024-06-02 16:00:00+00:00,pepe,long,0.00104756,1.7809469561800142,-0.0018656487934159355,False
2024-06-03 00:00:00+00:00,pepe,long,0.0004,1.7595487457099188,-0.0007038194982839675,False
2024-06-03 08:00:00+00:00,pepe,long,0.000557,1.8415571768426406,-0.0010257473475013509,False
2024-06-03 16:00:00+00:00,pepe,long,0.00123232,1.8203995308522538,-0.0022433147498598497,False
2024-06-04 00:00:00+00:00,pepe,long,0.00067316,1.7377776602962745,-0.0011698024098050401,False
2024-06-04 08:00:00+00:00,pepe,long,0.0004,1.7036535888495845,-0.0006814614355398339,False
2024-06-04 16:00:00+00:00,pepe,long,0.0004,1.7625918863782346,-0.0007050367545512939,False
2024-06-05 00:00:00+00:00,pepe,long,0.0004,1.727685980372491,-0.0006910743921489965,False
2024-06-05 08:00:00+00:00,pepe,long,0.00068824,1.6879991786370168,-0.0011617485547051405,False
2024-06-05 08:00:00+00:00,uniswap,long,0.0004,0.17883333229090037,-7.153333291636015e-05,False
2024-06-05 16:00:00+00:00,pepe,long,0.0004,1.6351738938868199,-0.0006540695575547279,False
2024-06-05 16:00:00+00:00,uniswap,long,0.0004,0.17407956303493735,-6.963182521397495e-05,False
2024-06-06 00:00:00+00:00,pepe,long,0.00113048,1.6580341580642777,-0.0018743744550085044,False
2024-06-06 00:00:00+00:00,uniswap,long,0.0004,0.17754350061924226,-7.101740024769691e-05,False
2024-06-06 08:00:00+00:00,pepe,long,0.00088484,1.67409659132273,-0.0014813076278660045,False
2024-06-06 08:00:00+00:00,uniswap,long,0.00058968,0.17124225144154895,-0.00010097813083005258,False
2024-06-06 16:00:00+00:00,pepe,long,0.00073328,1.6607055464689036,-0.0012177621631147175,False
2024-06-06 16:00:00+00:00,uniswap,long,0.0004,0.17068401356639237,-6.827360542655695e-05,False
2024-06-07 00:00:00+00:00,pepe,long,0.00061608,1.6317749784273172,-0.0010053039287095016,False
2024-06-07 00:00:00+00:00,uniswap,long,0.00042284,0.16894250224645949,-7.143564764989293e-05,False
2024-06-07 08:00:00+00:00,pepe,long,0.00079888,1.6416647993295492,-0.0013114931748883902,False
2024-06-07 08:00:00+00:00,uniswap,long,0.00074556,0.1701035097930814,-0.00012682237276132976,False
2024-06-07 16:00:00+00:00,pepe,long,0.0007148,1.601173371681561,-0.0011445187260779798,False
2024-06-07 16:00:00+00:00,uniswap,long,0.0006632,0.16642009406982608,-0.00011036980638710864,False
2024-06-08 00:00:00+00:00,pepe,long,0.0004,1.4513937392587952,-0.0005805574957035182,False
2024-06-08 00:00:00+00:00,uniswap,long,0.0004,0.156147562914167,-6.245902516566681e-05,False
2024-06-08 08:00:00+00:00,pepe,long,0.0004,0.755921319824669,-0.00030236852792986764,False
2024-06-08 08:00:00+00:00,uniswap,long,0.0004,0.0844052617005135,-3.37621046802054e-05,False
2024-06-08 16:00:00+00:00,pepe,long,0.0004,0.7190599687525681,-0.0002876239875010272,False
2024-06-08 16:00:00+00:00,uniswap,long,0.0004,0.08374032321859393,-3.349612928743757e-05,False
2024-06-09 00:00:00+00:00,pepe,long,0.0004,0.6938209466565586,-0.0002775283786626234,False
2024-06-09 00:00:00+00:00,uniswap,long,0.0004,0.08425432988872848,-3.37017319554914e-05,False
2024-06-09 08:00:00+00:00,pepe,long,0.0004,0.7034202568315848,-0.0002813681027326339,False
2024-06-09 08:00:00+00:00,uniswap,long,0.0004,0.08362125478929684,-3.344850191571874e-05,False
2024-06-09 16:00:00+00:00,pepe,long,0.0004,0.7205901274491244,-0.0002882360509796498,False
2024-06-09 16:00:00+00:00,uniswap,long,0.0004,0.08192159488658436,-3.276863795463375e-05,False
2024-06-10 00:00:00+00:00,pepe,long,0.0004,0.7302582088015241,-0.00029210328352060965,False
2024-06-10 00:00:00+00:00,uniswap,long,0.0004,0.08234001140925508,-3.2936004563702034e-05,False
2024-06-10 08:00:00+00:00,pepe,long,0.0004,0.7027210831949561,-0.0002810884332779824,False
2024-06-10 08:00:00+00:00,uniswap,long,0.0004,0.08073174910367908,-3.229269964147164e-05,False
2024-06-10 16:00:00+00:00,pepe,long,0.0004,0.7429751456841411,-0.0002971900582736565,False
2024-06-10 16:00:00+00:00,uniswap,long,0.0004,0.08925688093933659,-3.5702752375734635e-05,False
2024-06-11 00:00:00+00:00,pepe,long,0.0004,0.6921360528109122,-0.00027685442112436486,False
2024-06-11 00:00:00+00:00,uniswap,long,0.0004,0.08677321412540745,-3.4709285650162984e-05,False
2024-06-11 08:00:00+00:00,pepe,long,0.0004,0.6701803580517853,-0.00026807214322071416,False
2024-06-11 08:00:00+00:00,uniswap,long,0.0004,0.15459212052165444,-6.183684820866178e-05,False
2024-06-11 16:00:00+00:00,pepe,long,0.0004,0.6766927956661543,-0.0002706771182664617,False
2024-06-11 16:00:00+00:00,uniswap,long,0.0004,0.146045129550138,-5.84180518200552e-05,False
2024-06-12 00:00:00+00:00,pepe,long,0.0004,0.7142796662077064,-0.00028571186648308257,False
2024-06-12 00:00:00+00:00,uniswap,long,0.0004,0.1471456920030045,-5.88582768012018e-05,False
2024-06-12 04:00:00+00:00,the-open-network,long,0.0002,0.2377635478017674,-4.755270956035348e-05,True
2024-06-12 08:00:00+00:00,pepe,long,0.0004,0.5592701185095633,-0.00022370804740382534,False
2024-06-12 08:00:00+00:00,uniswap,long,0.0004,0.17192681619215636,-6.877072647686255e-05,False
2024-06-12 08:00:00+00:00,the-open-network,long,0.0004,0.2390108540925182,-9.560434163700729e-05,True
2024-06-12 12:00:00+00:00,the-open-network,long,0.0002,0.2388085882075316,-4.776171764150632e-05,True
2024-06-12 16:00:00+00:00,pepe,long,0.0004,0.5816806618846978,-0.00023267226475387912,False
2024-06-12 16:00:00+00:00,uniswap,long,0.0004,0.18556034671819888,-7.422413868727956e-05,False
2024-06-12 16:00:00+00:00,the-open-network,long,0.0004,0.24666324674117854,-9.866529869647142e-05,True
2024-06-12 20:00:00+00:00,the-open-network,long,0.0002,0.24325843767723715,-4.865168753544743e-05,True
2024-06-13 00:00:00+00:00,pepe,long,0.0004,0.5629156692298335,-0.0002251662676919334,False
2024-06-13 00:00:00+00:00,uniswap,long,0.0004,0.18276437596794518,-7.310575038717808e-05,False
2024-06-13 00:00:00+00:00,the-open-network,long,0.0004,0.2512142291533774,-0.00010048569166135095,True
2024-06-13 04:00:00+00:00,the-open-network,long,0.0002,0.361862669328852,-7.23725338657704e-05,True
2024-06-13 08:00:00+00:00,pepe,long,0.0004,0.4321898834085046,-0.00017287595336340186,False
2024-06-13 08:00:00+00:00,uniswap,long,0.0004,0.25612693800357106,-0.00010245077520142842,False
2024-06-13 08:00:00+00:00,the-open-network,long,0.0004,0.3654554281585666,-0.00014618217126342664,True
2024-06-13 12:00:00+00:00,the-open-network,long,0.0002,0.3602818554437776,-7.205637108875552e-05,True
2024-06-13 16:00:00+00:00,pepe,long,0.0004,0.40740797541325047,-0.0001629631901653002,False
2024-06-13 16:00:00+00:00,uniswap,long,0.0004,0.2547465774531076,-0.00010189863098124304,False
2024-06-13 16:00:00+00:00,the-open-network,long,0.0004,0.35146762044821117,-0.00014058704817928447,True
2024-06-13 20:00:00+00:00,the-open-network,long,0.0002,0.36080879340546906,-7.216175868109382e-05,True
2024-06-14 00:00:00+00:00,pepe,long,0.0004,0.40871264776545285,-0.00016348505910618116,False
2024-06-14 00:00:00+00:00,uniswap,long,0.0004,0.26355545728172314,-0.00010542218291268926,False
2024-06-14 00:00:00+00:00,the-open-network,long,0.0004,0.37163497334567563,-0.00014865398933827027,True
2024-06-14 04:00:00+00:00,the-open-network,long,0.0002,0.3756910522112405,-7.51382104422481e-05,True
2024-06-14 08:00:00+00:00,pepe,long,0.0004,0.440854104720081,-0.00017634164188803242,False
2024-06-14 08:00:00+00:00,uniswap,long,0.0004,0.2603966568755271,-0.00010415866275021085,False
2024-06-14 08:00:00+00:00,the-open-network,long,0.0004,0.371494452491186,-0.0001485977809964744,True
2024-06-14 12:00:00+00:00,the-open-network,long,0.0002,0.38508571294818056,-7.701714258963611e-05,True
2024-06-14 16:00:00+00:00,pepe,long,0.0004,0.4193293179561528,-0.00016773172718246112,False
2024-06-14 16:00:00+00:00,uniswap,long,0.0004,0.2594953599269855,-0.00010379814397079421,False
2024-06-14 16:00:00+00:00,the-open-network,long,0.0004,0.376406381708977,-0.00015056255268359081,True
2024-06-14 20:00:00+00:00,the-open-network,long,0.0002,0.37736015437262577,-7.547203087452516e-05,True
2024-06-15 00:00:00+00:00,pepe,long,0.00011032,0.41546458216381843,-4.583405270431245e-05,False
2024-06-15 00:00:00+00:00,uniswap,long,0.0004,0.2548007996692703,-0.00010192031986770811,False
2024-06-15 00:00:00+00:00,the-open-network,long,0.0004,0.38980688763324184,-0.00015592275505329673,True
2024-06-15 04:00:00+00:00,the-open-network,long,0.0002,0.5073017148231922,-0.00010146034296463844,True
2024-06-15 08:00:00+00:00,pepe,long,0.0004,0.37457548654437006,-0.00014983019461774804,False
2024-06-15 08:00:00+00:00,uniswap,long,0.0004,0.25720197547225665,-0.00010288079018890266,False
2024-06-15 08:00:00+00:00,the-open-network,long,0.0004,0.5085649163043255,-0.00020342596652173022,True
2024-06-15 12:00:00+00:00,the-open-network,long,0.0002,0.5157651647467862,-0.00010315303294935725,True
2024-06-15 16:00:00+00:00,pepe,long,0.0004,0.38156269651888014,-0.00015262507860755206,False
2024-06-15 16:00:00+00:00,uniswap,long,0.0004,0.27095970510491724,-0.0001083838820419669,False
2024-06-15 16:00:00+00:00,the-open-network,long,0.0004,0.5016804682321483,-0.00020067218729285933,True
2024-06-15 20:00:00+00:00,the-open-network,long,0.0002,0.5023120689727151,-0.00010046241379454302,True
2024-06-16 00:00:00+00:00,pepe,long,0.0004,0.3725840845120131,-0.00014903363380480524,False
2024-06-16 00:00:00+00:00,uniswap,long,0.0004,0.27035909480717485,-0.00010814363792286995,False
2024-06-16 00:00:00+00:00,the-open-network,long,0.0004,0.49858562460337136,-0.00019943424984134855,True
2024-07-17 08:00:00+00:00,near,long,0.0004,0.32954026842099005,-0.00013181610736839603,False
2024-07-17 08:00:00+00:00,ripple,long,0.00022016,1.1969203860827706,-0.0002635139921999828,False
2024-07-17 16:00:00+00:00,near,long,0.00030452,0.3214631196722168,-9.789194920258346e-05,False
2024-07-17 16:00:00+00:00,ripple,long,0.00028828,1.1830614527770018,-0.0003410529556065541,False
2024-07-18 00:00:00+00:00,near,long,0.0004,0.3204164734338287,-0.00012816658937353148,False
2024-07-18 00:00:00+00:00,ripple,long,0.0004,1.2296510583580973,-0.0004918604233432389,False
2024-07-18 08:00:00+00:00,near,long,0.0004,0.2231789742511552,-8.927158970046209e-05,False
2024-07-18 08:00:00+00:00,ripple,long,0.0004,1.2378603283737701,-0.0004951441313495081,False
2024-07-18 16:00:00+00:00,near,long,0.0004,0.21839917568507028,-8.735967027402812e-05,False
2024-07-18 16:00:00+00:00,ripple,long,0.0004,1.2010845876219045,-0.0004804338350487618,False
2024-07-19 00:00:00+00:00,near,long,0.0004,0.2224155342024055,-8.896621368096221e-05,False
2024-07-19 00:00:00+00:00,ripple,long,0.0004,1.2152652449153067,-0.0004861060979661227,False
2024-07-21 08:00:00+00:00,internet-computer,long,0.0004,1.2427990470043846,-0.0004971196188017538,False
2024-07-21 08:00:00+00:00,ripple,long,0.0004,1.453956060571407,-0.0005815824242285628,False
2024-07-21 16:00:00+00:00,internet-computer,long,0.0002094,1.248691999118996,-0.00026147610461551776,False
2024-07-21 16:00:00+00:00,ripple,long,0.00015492,1.4510419250421847,-0.00022479541502753523,False
2024-07-22 00:00:00+00:00,internet-computer,long,0.0004,1.3152332500798156,-0.0005260933000319263,False
2024-07-22 00:00:00+00:00,ripple,long,0.0004,1.4770221841671145,-0.0005908088736668459,False
2024-07-22 08:00:00+00:00,internet-computer,long,0.0004,1.2502697662066367,-0.0005001079064826546,False
2024-07-22 08:00:00+00:00,ripple,long,0.0004,1.2464926927419673,-0.0004985970770967869,False
2024-07-22 08:00:00+00:00,solana,long,0.0004,0.24404596835557515,-9.761838734223007e-05,False
2024-07-22 16:00:00+00:00,internet-computer,long,0.00025396,1.2424117566530268,-0.0003155228897196027,False
2024-07-22 16:00:00+00:00,ripple,long,0.0004,1.2721292734933543,-0.0005088517093973417,False
2024-07-22 16:00:00+00:00,solana,long,0.0002842,0.24596026966707182,-6.990190863938181e-05,False
2024-07-23 00:00:00+00:00,internet-computer,long,0.0004,1.2260912752724529,-0.0004904365101089812,False
2024-07-23 00:00:00+00:00,ripple,long,0.0004,1.2670395048169194,-0.0005068158019267678,False
2024-07-23 00:00:00+00:00,solana,long,0.0004,0.24470966947537318,-9.788386779014928e-05,False
2024-07-23 08:00:00+00:00,internet-computer,long,0.0004,1.1806357123161877,-0.0004722542849264751,False
2024-07-23 08:00:00+00:00,ripple,long,0.0004,1.2506437745723384,-0.0005002575098289354,False
2024-07-23 08:00:00+00:00,solana,long,0.0004,0.2407596347374332,-9.630385389497329e-05,False
2024-07-23 16:00:00+00:00,internet-computer,long,0.0004,1.1793058953148077,-0.0004717223581259231,False
2024-07-23 16:00:00+00:00,ripple,long,0.000274,1.2519162167414473,-0.00034302504338715656,False
2024-07-23 16:00:00+00:00,solana,long,0.0004,0.2414867215046047,-9.659468860184189e-05,False
2024-07-24 00:00:00+00:00,internet-computer,long,0.0004,1.1632271988435754,-0.0004652908795374302,False
2024-07-24 00:00:00+00:00,ripple,long,0.0004,1.245115952034407,-0.0004980463808137628,False
2024-07-24 00:00:00+00:00,solana,long,0.00018336,0.2367158220978716,-4.3404213139865735e-05,False
2024-07-24 08:00:00+00:00,internet-computer,long,0.0004,1.1779760783134274,-0.000471190431325371,False
2024-07-24 08:00:00+00:00,ripple,long,0.0004,1.2566305106794564,-0.0005026522042717826,False
2024-07-24 08:00:00+00:00,solana,long,0.0004,0.23831661772365514,-9.532664708946207e-05,False
2024-07-24 16:00:00+00:00,internet-computer,long,0.0004,1.1842624859563151,-0.00047370499438252606,False
2024-07-24 16:00:00+00:00,ripple,long,0.0004,1.3001021415060556,-0.0005200408566024223,False
2024-07-24 16:00:00+00:00,solana,long,0.0002848,0.2432333178095518,-6.927284891216034e-05,False
2024-07-25 00:00:00+00:00,internet-computer,long,0.0004,1.1482365344643815,-0.0004592946137857526,False
2024-07-25 00:00:00+00:00,ripple,long,0.00015476,1.2881286692918195,-0.00019935079285960197,False
2024-07-25 00:00:00+00:00,solana,long,0.00032364,0.24359870937076072,-7.8838286300753e-05,False
2024-07-25 08:00:00+00:00,internet-computer,long,0.00025244,0.5029280307813304,-0.00012695915209043904,False
2024-07-25 08:00:00+00:00,ripple,long,0.00010576,0.7072545243397231,-7.479923849416912e-05,False
2024-07-25 08:00:00+00:00,solana,long,0.00039252,0.11562540289264085,-4.538528314341939e-05,False
2024-07-25 16:00:00+00:00,internet-computer,long,0.0004,0.5033504818781648,-0.00020134019275126592,False
2024-07-25 16:00:00+00:00,ripple,long,0.0004,0.7174611231623771,-0.00028698444926495087,False
2024-07-25 16:00:00+00:00,solana,long,0.00031364,0.11629269667101212,-3.6474041383896246e-05,False
2024-07-26 00:00:00+00:00,internet-computer,long,0.00028068,0.523258489816485,-0.00014686819292169102,False
2024-07-26 00:00:00+00:00,ripple,long,1.924e-05,0.696408559987176,-1.3398900694153265e-05,False
2024-07-26 00:00:00+00:00,solana,long,0.00029932,0.11731143502765123,-3.5113658732476567e-05,False
2024-07-26 08:00:00+00:00,internet-computer,long,0.00022272,0.5168161105897607,-0.00011510528415055152,False
2024-07-26 08:00:00+00:00,ripple,long,7.12e-05,0.695071704788309,-4.9489105380927603e-05,False
2024-07-26 08:00:00+00:00,solana,long,0.0001294,0.1206569906475227,-1.5613014589789437e-05,False
2024-07-26 16:00:00+00:00,internet-computer,long,0.0,0.506043607620484,-0.0,False
2024-07-26 16:00:00+00:00,ripple,long,0.0,0.6879224356813246,-0.0,False
2024-07-26 16:00:00+00:00,solana,long,0.00024572,0.12393750442475984,-3.0453923587251987e-05,False
2024-07-27 00:00:00+00:00,internet-computer,long,0.0,0.5123803740729996,-0.0,False
2024-07-27 00:00:00+00:00,ripple,long,0.0004,0.7008841186964264,-0.0002803536474785706,False
2024-07-27 00:00:00+00:00,solana,long,0.0001904,0.12496334819277916,-2.379302149590515e-05,False
2024-07-27 08:00:00+00:00,internet-computer,long,0.0004,0.7870581720565392,-0.0003148232688226157,False
2024-07-27 08:00:00+00:00,ripple,long,0.0004,1.0717474822815518,-0.00042869899291262076,False
2024-07-27 08:00:00+00:00,solana,long,0.00013644,0.8296694084612873,-0.00011320009409045804,False
2024-07-27 16:00:00+00:00,internet-computer,long,0.00027876,0.7703903072313476,-0.00021475400204381049,False
2024-07-27 16:00:00+00:00,ripple,long,0.0004,1.068087813190726,-0.00042723512527629047,False
2024-07-27 16:00:00+00:00,solana,long,0.0003482,0.8146752215225385,-0.0002836699121341479,False
2024-07-28 00:00:00+00:00,internet-computer,long,0.00029308,0.7719853182194042,-0.00022625345706374296,False
2024-07-28 00:00:00+00:00,ripple,long,0.0004,1.0626072355766603,-0.0004250428942306641,False
2024-07-28 00:00:00+00:00,solana,long,0.0004,0.8214022997602769,-0.00032856091990411077,False
2024-07-28 08:00:00+00:00,internet-computer,long,0.00025344,0.5896785989760286,-0.0001494481441244847,False
2024-07-28 08:00:00+00:00,ripple,long,0.0004,1.29312098510295,-0.00051724839404118,False
2024-07-28 08:00:00+00:00,solana,long,0.0004,0.8066295994122291,-0.00032265183976489166,False
2024-07-28 16:00:00+00:00,internet-computer,long,0.0004,0.585544184353656,-0.00023421767374146238,False
2024-07-28 16:00:00+00:00,ripple,long,0.0004,1.291793257541404,-0.0005167173030165616,False
2024-07-28 16:00:00+00:00,solana,long,0.00035728,0.8078288073653359,-0.0002886210762954872,False
2024-07-29 00:00:00+00:00,internet-computer,long,0.00022852,0.5761029091712226,-0.0001316510368038078,False
2024-07-29 00:00:00+00:00,ripple,long,0.00020556,1.2861611228851693,-0.0002643832804202754,False
2024-07-29 00:00:00+00:00,solana,long,0.00014776,0.8112090720387217,-0.00011986425248444153,False
2024-07-29 08:00:00+00:00,internet-computer,long,0.0004,0.2995033068490633,-0.00011980132273962532,False
2024-07-29 08:00:00+00:00,ripple,long,0.0004,1.5596817966538707,-0.0006238727186615484,False
2024-07-29 08:00:00+00:00,solana,long,0.0004,0.9457142438535184,-0.0003782856975414074,False
2024-07-29 16:00:00+00:00,internet-computer,long,0.0004,0.2856877713004006,-0.00011427510852016024,False
2024-07-29 16:00:00+00:00,ripple,long,0.00027556,1.5297356197386616,-0.0004215339473751856,False
2024-07-29 16:00:00+00:00,solana,long,0.0004,0.9188059859635306,-0.00036752239438541225,False
2024-07-30 00:00:00+00:00,internet-computer,long,0.00014448,0.27893628786485497,-4.0300714870714244e-05,False
2024-07-30 00:00:00+00:00,ripple,long,0.0004,1.5379190327300083,-0.0006151676130920034,False
2024-07-30 00:00:00+00:00,solana,long,0.00031132,0.8975351239687263,-0.00027942063479394387,False
2024-07-30 08:00:00+00:00,ripple,long,0.00031924,1.8312907288409452,-0.0005846212522751833,False
2024-07-30 08:00:00+00:00,solana,long,0.0004,0.7950034599096085,-0.0003180013839638434,False
2024-07-30 08:00:00+00:00,kaspa,long,0.0002,0.11329131687408112,-2.2658263374816225e-05,False
2024-07-30 12:00:00+00:00,kaspa,long,0.0002,0.11336849483977639,-2.267369896795528e-05,False
2024-07-30 16:00:00+00:00,ripple,long,0.0004,1.8866269794863482,-0.0007546507917945393,False
2024-07-30 16:00:00+00:00,solana,long,0.0004,0.7891541696059714,-0.00031566166784238855,False
2024-07-30 16:00:00+00:00,kaspa,long,0.00072056,0.11513171451758397,-8.295930821279031e-05,False
2024-07-30 20:00:00+00:00,kaspa,long,0.0002,0.11653872819987487,-2.3307745639974974e-05,False
2024-07-31 00:00:00+00:00,ripple,long,0.0004,1.9158992755207471,-0.0007663597102082988,False
2024-07-31 00:00:00+00:00,solana,long,0.00012736,0.7809107978540232,-9.94567992146884e-05,False
2024-07-31 00:00:00+00:00,kaspa,long,0.0002,0.11632500460256487,-2.3265000920512976e-05,False
2024-07-31 04:00:00+00:00,kaspa,long,0.00036232,0.36382331754902064,-0.00013182046441436116,False
2024-07-31 08:00:00+00:00,ripple,long,0.00039832,2.0595763744444713,-0.0008203704614687218,False
2024-07-31 08:00:00+00:00,solana,long,0.00030972,0.492432800130505,-0.00015251628685642,False
2024-07-31 08:00:00+00:00,kaspa,long,0.00052144,0.37543115492451606,-0.00019576482142383964,False
2024-07-31 12:00:00+00:00,kaspa,long,0.0002,0.37059918434237205,-7.411983686847441e-05,False
2024-07-31 16:00:00+00:00,ripple,long,0.0004,2.0764406404003743,-0.0008305762561601498,False
2024-07-31 16:00:00+00:00,solana,long,0.00035724,0.48428010765674256,-0.0001730042256592947,False
2024-07-31 16:00:00+00:00,kaspa,long,0.0002,0.38233661479861464,-7.646732295972293e-05,False
2024-07-31 20:00:00+00:00,kaspa,long,0.0002,0.37633830648974614,-7.526766129794923e-05,False
2024-08-01 00:00:00+00:00,ripple,long,0.0004,1.9848826596341096,-0.0007939530638536439,False
2024-08-01 00:00:00+00:00,solana,long,0.00037164,0.46189600327792535,-0.00017165903065820818,False
2024-08-01 00:00:00+00:00,kaspa,long,0.0002,0.3802260989121609,-7.604521978243218e-05,False
2024-08-01 04:00:00+00:00,kaspa,long,0.0002,0.11368210975267809,-2.273642195053562e-05,False
2024-08-01 08:00:00+00:00,ripple,long,5.84e-06,1.2495883641996155,-7.297596046925754e-06,False
2024-08-01 08:00:00+00:00,kaspa,long,0.0002,0.11476576406071673,-2.2953152812143346e-05,False
2024-08-01 12:00:00+00:00,kaspa,long,0.00036412,0.11577040190879422,-4.215431874303015e-05,False
2024-08-01 16:00:00+00:00,ripple,long,0.00030248,1.2027850693254931,-0.00036381842776957515,False
2024-08-01 16:00:00+00:00,kaspa,long,0.00067672,0.11255330318180451,-7.616707132919075e-05,False
2024-08-01 20:00:00+00:00,kaspa,long,0.00071744,0.11358051716129948,-8.148720623220269e-05,False
2024-08-02 00:00:00+00:00,ripple,long,0.0,1.2242853971420642,-0.0,False
2024-08-02 00:00:00+00:00,kaspa,long,0.0002,0.11393609123112465,-2.2787218246224933e-05,False
2024-08-02 04:00:00+00:00,kaspa,long,0.0002,0.11161639372797945,-2.232327874559589e-05,False
2024-08-02 08:00:00+00:00,ripple,long,0.00038188,1.1764338071258333,-0.00044925654226521324,False
2024-08-02 08:00:00+00:00,kaspa,long,0.0002,0.10890725795788286,-2.1781451591576573e-05,False
2024-08-02 12:00:00+00:00,kaspa,long,0.0002,0.10949423737473712,-2.1898847474947426e-05,False
2024-08-02 16:00:00+00:00,ripple,long,0.00029416,1.1535151976464102,-0.00033931803053966804,False
2024-08-02 16:00:00+00:00,kaspa,long,0.0002,0.10787439994553354,-2.1574879989106707e-05,False
2024-08-02 20:00:00+00:00,kaspa,long,0.0002,0.1050693156169127,-2.101386312338254e-05,False
2024-08-03 00:00:00+00:00,ripple,long,0.0004,1.15156249100915,-0.00046062499640366,False
2024-08-03 00:00:00+00:00,kaspa,long,0.0002,0.10551519421240776,-2.1103038842481553e-05,False
2024-08-03 04:00:00+00:00,kaspa,long,0.0002,0.10531200902965052,-2.1062401805930104e-05,False
2024-08-03 08:00:00+00:00,ripple,long,0.0,1.1823124818443225,-0.0,False
2024-08-03 08:00:00+00:00,kaspa,long,0.0002,0.1067230172432425,-2.13446034486485e-05,False
2024-08-03 12:00:00+00:00,kaspa,long,0.0002,0.10702779501737836,-2.1405559003475673e-05,False
2024-08-03 16:00:00+00:00,ripple,long,0.0,1.1426828145112928,-0.0,False
2024-08-03 16:00:00+00:00,kaspa,long,0.0002,0.10457828475858269,-2.091565695171654e-05,False
2024-08-03 20:00:00+00:00,kaspa,long,0.0002,0.09789010582615675,-1.957802116523135e-05,False
2024-08-04 00:00:00+00:00,ripple,long,0.0,1.1413673068819807,-0.0,False
2024-08-04 00:00:00+00:00,kaspa,long,0.0002,0.10098867986320471,-2.0197735972640944e-05,False
2024-08-25 08:00:00+00:00,tron,long,0.0004,1.9594618086853266,-0.0007837847234741307,False
2024-08-25 16:00:00+00:00,tron,long,0.0004,2.0271563210394574,-0.000810862528415783,False
2024-08-26 00:00:00+00:00,tron,long,0.0004,2.0386840097374432,-0.0008154736038949774,False
2024-08-26 08:00:00+00:00,tron,long,0.00015688,2.034269150236087,-0.0003191361442890373,False
2024-08-26 16:00:00+00:00,tron,long,8.496e-05,2.022128286607357,-0.00017180001923016103,False
2024-08-27 00:00:00+00:00,tron,long,0.0,1.9806776612890666,-0.0,False
2024-08-27 08:00:00+00:00,tron,long,0.0,1.0971740128080956,-0.0,False
2024-08-27 16:00:00+00:00,tron,long,0.0004,1.0983944510870813,-0.00043935778043483256,False
2024-08-28 00:00:00+00:00,tron,long,0.0,1.0710701940631249,-0.0,False
2024-09-20 08:00:00+00:00,sui,long,0.0004,1.4421943757383744,-0.0005768777502953498,False
2024-09-20 16:00:00+00:00,sui,long,0.0004,1.456338285112849,-0.0005825353140451396,False
2024-09-21 00:00:00+00:00,sui,long,0.00025396,1.4233035378752064,-0.0003614621664787874,False
2024-09-21 08:00:00+00:00,sui,long,0.0004,1.4330880231274115,-0.0005732352092509646,False
2024-09-21 16:00:00+00:00,sui,long,0.0004,1.4414193670055266,-0.0005765677468022107,False
2024-09-22 00:00:00+00:00,sui,long,0.0004,1.4347349166847132,-0.0005738939666738853,False
2024-09-22 08:00:00+00:00,sui,long,0.0004,1.4089658763175197,-0.000563586350527008,False
2024-09-22 16:00:00+00:00,sui,long,0.0,1.4589539395862108,-0.0,False
2024-09-23 00:00:00+00:00,sui,long,0.0,1.533451654031217,-0.0,False
2024-09-23 08:00:00+00:00,sui,long,0.0,1.1414439700345516,-0.0,False
2024-09-23 16:00:00+00:00,sui,long,3.336e-05,1.1312107377212295,-3.773719021038022e-05,False
2024-09-24 00:00:00+00:00,sui,long,0.0004,1.1217084505731447,-0.0004486833802292579,False
2024-09-24 08:00:00+00:00,sui,long,0.0004,1.2744240169850036,-0.0005097696067940015,False
2024-09-24 16:00:00+00:00,sui,long,0.0004,1.320867919814042,-0.0005283471679256169,False
2024-09-25 00:00:00+00:00,sui,long,0.00010844,1.4463246161858623,-0.0001568394413791949,False
2024-09-25 08:00:00+00:00,sui,long,0.0004,1.0946957266376436,-0.0004378782906550575,False
2024-09-25 16:00:00+00:00,sui,long,0.0003582,1.067615782989545,-0.000382419973466855,False
2024-09-26 00:00:00+00:00,sui,long,0.0004,1.0667361560496995,-0.0004266944624198798,False
2024-09-26 08:00:00+00:00,sui,long,0.0004,0.8798262895229907,-0.00035193051580919627,False
2024-09-26 16:00:00+00:00,sui,long,0.0004,0.8871814839838563,-0.00035487259359354254,False
2024-09-27 00:00:00+00:00,sui,long,0.00026736,0.8494213659418064,-0.00022710129639820137,False
2024-09-27 08:00:00+00:00,sui,long,0.0004,1.2888668864250792,-0.0005155467545700316,False
2024-09-27 16:00:00+00:00,sui,long,0.0004,1.2682552842931567,-0.0005073021137172627,False
2024-09-28 00:00:00+00:00,sui,long,0.00033336,1.2505126963773996,-0.0004168709124643699,False
2024-09-28 08:00:00+00:00,sui,long,0.0004,1.2327701084616423,-0.0004931080433846569,False
2024-09-28 16:00:00+00:00,sui,long,0.0004,1.2407731481172604,-0.0004963092592469041,False
2024-09-29 00:00:00+00:00,sui,long,0.0004,1.27338930973261,-0.0005093557238930441,False
2024-09-29 08:00:00+00:00,sui,long,0.00028856,1.2329211092098613,-0.0003557717152735976,False
2024-09-29 16:00:00+00:00,sui,long,0.00023188,1.3543257107781075,-0.00031404104581522757,False
2024-09-30 00:00:00+00:00,sui,long,0.0004,1.327221076472759,-0.0005308884305891036,False
2024-09-30 08:00:00+00:00,sui,long,2.82e-05,1.543379208645071,-4.352329368379101e-05,False
2024-09-30 16:00:00+00:00,sui,long,7.768e-05,1.5102981370648658,-0.00011731995928719878,False
2024-10-01 00:00:00+00:00,sui,long,0.0,1.5356718385648662,-0.0,False
2024-10-01 08:00:00+00:00,sui,long,0.0,1.0926894985040745,-0.0,False
2024-10-01 16:00:00+00:00,sui,long,0.0002788,1.0574072490510023,-0.00029480514103541943,False
2024-10-02 00:00:00+00:00,sui,long,0.0,1.0346711083349993,-0.0,False
2024-10-02 08:00:00+00:00,sui,long,0.0,1.1146599142736837,-0.0,False
2024-10-02 16:00:00+00:00,sui,long,0.0,1.1125394451913622,-0.0,False
2024-10-03 00:00:00+00:00,sui,long,0.0,1.0916292639629137,-0.0,False
2024-10-06 04:00:00+00:00,bittensor,long,0.00016132,1.1904672241869647,-0.00019204617260584116,False
2024-10-06 08:00:00+00:00,bittensor,long,0.0002,1.1833650657246093,-0.00023667301314492188,False
2024-10-06 08:00:00+00:00,sui,long,0.0,0.3457673273637526,-0.0,False
2024-10-06 12:00:00+00:00,bittensor,long,0.00018072,1.1827660885048927,-0.0002137494875146042,False
2024-10-06 16:00:00+00:00,bittensor,long,0.0,1.1990882177421731,-0.0,False
2024-10-06 16:00:00+00:00,sui,long,0.0,0.3504739609324784,-0.0,False
2024-10-06 20:00:00+00:00,bittensor,long,0.0002,1.2348129304895628,-0.00024696258609791254,False
2024-10-07 00:00:00+00:00,bittensor,long,0.0002,1.3574107321394369,-0.00027148214642788737,False
2024-10-07 00:00:00+00:00,sui,long,0.0,0.36847933786134857,-0.0,False
2024-10-07 04:00:00+00:00,bittensor,long,0.0002,1.0493132403711762,-0.00020986264807423526,False
2024-10-07 08:00:00+00:00,bittensor,long,0.0002,1.0221167576827535,-0.0002044233515365507,False
2024-10-07 08:00:00+00:00,sui,long,0.0,0.31579617831765405,-0.0,False
2024-10-07 12:00:00+00:00,bittensor,long,0.0002,1.0293124596568402,-0.00020586249193136805,False
2024-10-07 16:00:00+00:00,bittensor,long,0.0002,1.0240955757256274,-0.0002048191151451255,False
2024-10-07 16:00:00+00:00,sui,long,0.000136,0.34207965162235576,-4.652283262064038e-05,False
2024-10-07 20:00:00+00:00,bittensor,long,0.0002,1.0106690499967066,-0.00020213380999934132,False
2024-10-08 00:00:00+00:00,bittensor,long,0.0002,0.9987470801350951,-0.00019974941602701903,False
2024-10-08 00:00:00+00:00,sui,long,0.0004,0.33159256221122396,-0.00013263702488448958,False
2024-10-08 04:00:00+00:00,bittensor,long,0.0002,1.0575390359061576,-0.00021150780718123154,False
2024-10-08 08:00:00+00:00,bittensor,long,0.0002,1.0422829012400778,-0.00020845658024801558,False
2024-10-08 08:00:00+00:00,sui,long,0.0004,0.34155380932091045,-0.0001366215237283642,False
2024-10-08 12:00:00+00:00,bittensor,long,0.0002,1.0756504161520462,-0.00021513008323040925,False
2024-10-08 16:00:00+00:00,bittensor,long,0.0002,1.0713591003102032,-0.00021427182006204066,False
2024-10-08 16:00:00+00:00,sui,long,0.0,0.3393854322375006,-0.0,False
2024-10-08 20:00:00+00:00,bittensor,long,0.0002,1.0421815315745226,-0.00020843630631490453,False
2024-10-09 00:00:00+00:00,bittensor,long,0.0002,1.0257934356430747,-0.00020515868712861496,False
2024-10-09 00:00:00+00:00,sui,long,0.0,0.3417086933982969,-0.0,False
2024-10-09 04:00:00+00:00,bittensor,long,0.0002,1.2620328402558953,-0.00025240656805117906,False
2024-10-09 08:00:00+00:00,bittensor,long,0.0002,1.256866586651977,-0.0002513733173303954,False
2024-10-09 08:00:00+00:00,sui,long,0.0,0.42108768320622536,-0.0,False
2024-10-09 12:00:00+00:00,bittensor,long,0.0002,1.2729818962477382,-0.0002545963792495476,False
2024-10-09 16:00:00+00:00,bittensor,long,0.0002,1.255909873021622,-0.00025118197460432444,False
2024-10-09 16:00:00+00:00,sui,long,0.0,0.43535737686578674,-0.0,False
2024-10-09 20:00:00+00:00,bittensor,long,0.0002,1.2266556962356496,-0.00024533113924712994,False
2024-10-10 00:00:00+00:00,bittensor,long,0.0002,1.210774249971753,-0.00024215484999435063,False
2024-10-10 00:00:00+00:00,sui,long,0.0002626,0.41142819826744537,-0.00010804104486503114,False
2024-10-10 04:00:00+00:00,bittensor,long,0.0002,1.6000261247137315,-0.00032000522494274634,False
2024-10-10 08:00:00+00:00,bittensor,long,4.12e-05,1.607478415035747,-6.622811069947277e-05,False
2024-10-10 08:00:00+00:00,sui,long,0.00022804,0.5373646756434289,-0.00012254064063372752,False
2024-10-10 12:00:00+00:00,bittensor,long,0.0002,1.6406951291476295,-0.00032813902582952593,False
2024-10-10 16:00:00+00:00,bittensor,long,0.0002,1.5469458709703068,-0.0003093891741940614,False
2024-10-10 16:00:00+00:00,sui,long,0.0004,0.5258059478205849,-0.00021032237912823397,False
2024-10-10 20:00:00+00:00,bittensor,long,0.0002,1.5475276482816909,-0.00030950552965633817,False
2024-10-11 00:00:00+00:00,bittensor,long,0.0002,1.5607700080360527,-0.00031215400160721055,False
2024-10-11 00:00:00+00:00,sui,long,0.0,0.5323984885637648,-0.0,False
2024-10-13 08:00:00+00:00,sui,long,0.00038004,2.2176943268889264,-0.0008428125519908676,False
2024-10-13 16:00:00+00:00,sui,long,0.0004,2.134604089929345,-0.000853841635971738,False
2024-10-14 00:00:00+00:00,sui,long,7.092e-05,2.3282162688734416,-0.00016511709778850448,False
2024-10-14 08:00:00+00:00,sui,long,0.00025872,2.2490022511021657,-0.0005818618624051523,False
2024-10-14 16:00:00+00:00,sui,long,0.000328,2.2421443248459325,-0.0007354233385494658,False
2024-10-15 00:00:00+00:00,sui,long,0.00021336,2.23608152047448,-0.00047709035320843505,False
2024-10-15 08:00:00+00:00,sui,long,0.0004,2.217296765946536,-0.0008869187063786144,False
2024-10-15 16:00:00+00:00,sui,long,0.0004,2.0617510472363145,-0.0008247004188945259,False
2024-10-16 00:00:00+00:00,sui,long,0.0004,2.0456498290695055,-0.0008182599316278022,False
2024-10-16 08:00:00+00:00,sui,long,0.0004,1.8617788097102348,-0.000744711523884094,False
2024-10-16 08:00:00+00:00,aptos,long,0.0004,0.20724671626921692,-8.289868650768678e-05,False
2024-10-16 16:00:00+00:00,sui,long,0.0,1.8316255680755835,-0.0,False
2024-10-16 16:00:00+00:00,aptos,long,0.0004,0.19880092532407642,-7.952037012963057e-05,False
2024-10-17 00:00:00+00:00,sui,long,0.0001102,1.9139953988824356,-0.0002109222929568444,False
2024-10-17 00:00:00+00:00,aptos,long,0.0004,0.2036937994052756,-8.147751976211024e-05,False
2024-10-17 08:00:00+00:00,sui,long,0.0,1.7315818146493371,-0.0,False
2024-10-17 08:00:00+00:00,aptos,long,0.0004,0.442554461999918,-0.0001770217847999672,False
2024-10-17 16:00:00+00:00,sui,long,0.0004,1.7000730805648303,-0.0006800292322259321,False
2024-10-17 16:00:00+00:00,aptos,long,0.0004,0.44041059955424366,-0.00017616423982169747,False
2024-10-18 00:00:00+00:00,sui,long,0.0002688,1.6655204217776431,-0.00044769188937383045,False
2024-10-18 00:00:00+00:00,aptos,long,0.0004,0.4348540581134142,-0.00017394162324536568,False
2024-10-18 08:00:00+00:00,sui,long,0.0004,1.6847711888162187,-0.0006739084755264875,False
2024-10-18 08:00:00+00:00,aptos,long,0.0004,0.43791671875009186,-0.00017516668750003675,False
2024-10-18 16:00:00+00:00,sui,long,0.0,1.7153749723134422,-0.0,False
2024-10-18 16:00:00+00:00,aptos,long,0.0004,0.43424152598607874,-0.0001736966103944315,False
2024-10-19 00:00:00+00:00,sui,long,0.00026724,1.7475418522796093,-0.0004670130846032028,False
2024-10-19 00:00:00+00:00,aptos,long,0.0004,0.4382667371085693,-0.00017530669484342771,False
2024-10-19 08:00:00+00:00,sui,long,3.656e-05,1.6946433770411293,-6.195616186462369e-05,False
2024-10-19 08:00:00+00:00,aptos,long,0.0004,0.42995380109473,-0.000171981520437892,False
2024-10-19 16:00:00+00:00,sui,long,0.0004,1.695548327628413,-0.0006782193310513652,False
2024-10-19 16:00:00+00:00,aptos,long,0.0004,0.4265848743943846,-0.00017063394975775384,False
2024-10-20 00:00:00+00:00,sui,long,0.0004,1.6963710099804887,-0.0006785484039921956,False
2024-10-20 00:00:00+00:00,aptos,long,0.0004,0.42514104866566516,-0.00017005641946626608,False
2024-10-20 08:00:00+00:00,sui,long,0.0004,1.7009780311521139,-0.0006803912124608456,False
2024-10-20 08:00:00+00:00,aptos,long,0.0004,0.42785369094386533,-0.00017114147637754614,False
2024-10-20 16:00:00+00:00,sui,long,0.0004,1.756015480505991,-0.0007024061922023965,False
2024-10-20 16:00:00+00:00,aptos,long,0.0004,0.44386703084420837,-0.00017754681233768336,False
2024-10-21 00:00:00+00:00,sui,long,0.0004,1.7503389722766676,-0.000700135588910667,False
2024-10-21 00:00:00+00:00,aptos,long,0.0004,0.437347938917566,-0.00017493917556702643,False
2024-10-21 08:00:00+00:00,sui,long,0.0004,1.7245890146566918,-0.0006898356058626767,False
2024-10-21 08:00:00+00:00,aptos,long,0.00049472,0.4441295446130665,-0.00021971976831097626,False
2024-10-21 16:00:00+00:00,sui,long,0.0004,1.669880638243645,-0.0006679522552974581,False
2024-10-21 16:00:00+00:00,aptos,long,0.0004,0.44277322347396636,-0.00017710928938958654,False
2024-10-22 00:00:00+00:00,sui,long,0.0004,1.6531801864965046,-0.0006612720745986019,False
2024-10-22 00:00:00+00:00,aptos,long,0.0004,0.4423794528206793,-0.00017695178112827172,False
2024-10-22 08:00:00+00:00,sui,long,0.0004,1.5301686213260965,-0.0006120674485304387,False
2024-10-22 08:00:00+00:00,aptos,long,0.0004,0.42698434998131096,-0.0001707937399925244,False
2024-10-22 08:00:00+00:00,dogecoin,long,0.0004,0.24315594390700934,-9.726237756280374e-05,False
2024-10-22 16:00:00+00:00,sui,long,0.0004,1.4726584155932017,-0.0005890633662372806,False
2024-10-22 16:00:00+00:00,aptos,long,0.0004,0.40439954241052156,-0.00016175981696420864,False
2024-10-22 16:00:00+00:00,dogecoin,long,0.0004,0.23470332401632868,-9.388132960653147e-05,False
2024-10-23 00:00:00+00:00,sui,long,0.000335,1.4812887651918965,-0.0004962317363392853,False
2024-10-23 00:00:00+00:00,aptos,long,0.0004,0.4022338759311308,-0.00016089355037245232,False
2024-10-23 00:00:00+00:00,dogecoin,long,0.00027844,0.2351579469984968,-6.547737876226145e-05,False
2024-10-23 08:00:00+00:00,sui,long,0.0004,1.3940001026492768,-0.0005576000410597108,False
2024-10-23 08:00:00+00:00,aptos,long,0.0004,0.40064683803745527,-0.0001602587352149821,False
2024-10-23 08:00:00+00:00,dogecoin,long,0.0004,0.47429693348977414,-0.00018971877339590967,False
2024-10-23 16:00:00+00:00,sui,long,0.0004,1.4104295737602535,-0.0005641718295041014,False
2024-10-23 16:00:00+00:00,aptos,long,0.0004,0.37983053021482216,-0.00015193221208592886,False
2024-10-23 16:00:00+00:00,dogecoin,long,0.0004,0.4733797284185649,-0.00018935189136742598,False
2024-10-24 00:00:00+00:00,sui,long,0.0004,1.4562552734509595,-0.0005825021093803838,False
2024-10-24 00:00:00+00:00,aptos,long,0.0003142,0.3803672306006728,-0.00011951138385473138,False
2024-10-24 00:00:00+00:00,dogecoin,long,0.0004,0.475417961910141,-0.00019016718476405641,False
2024-10-24 08:00:00+00:00,sui,long,0.0004,1.087380869482594,-0.0004349523477930376,False
2024-10-24 08:00:00+00:00,aptos,long,0.0004,0.41977983340472913,-0.00016791193336189165,False
2024-10-24 08:00:00+00:00,dogecoin,long,0.0004,0.9327309856309609,-0.00037309239425238437,False
2024-10-24 16:00:00+00:00,sui,long,0.0004,1.0667672705537021,-0.0004267069082214809,False
2024-10-24 16:00:00+00:00,aptos,long,0.0004,0.42496947628630277,-0.0001699877905145211,False
2024-10-24 16:00:00+00:00,dogecoin,long,0.0004,0.9476304108441479,-0.00037905216433765915,False
2024-10-25 00:00:00+00:00,sui,long,0.0004,1.0476685817823141,-0.0004190674327129257,False
2024-10-25 00:00:00+00:00,aptos,long,0.0004,0.4228521019906207,-0.00016914084079624827,False
2024-10-25 00:00:00+00:00,dogecoin,long,0.0004,0.9565296150438797,-0.0003826118460175519,False
2024-10-25 08:00:00+00:00,sui,long,0.0004,1.0547512161585293,-0.0004219004864634117,False
2024-10-25 08:00:00+00:00,aptos,long,0.0004,0.19806016774197194,-7.922406709678878e-05,False
2024-10-25 08:00:00+00:00,dogecoin,long,0.0004,1.1524041688175164,-0.00046096166752700656,False
2024-10-25 16:00:00+00:00,sui,long,0.0004,1.0321234496985043,-0.00041284937987940177,False
2024-10-25 16:00:00+00:00,aptos,long,0.0004,0.19519951938140584,-7.807980775256234e-05,False
2024-10-25 16:00:00+00:00,dogecoin,long,8.284e-05,1.138209942712678,-9.428931165431824e-05,False
2024-10-26 00:00:00+00:00,sui,long,0.0,0.9628637654972605,-0.0,False
2024-10-26 00:00:00+00:00,aptos,long,0.0,0.1776184513320934,-0.0,False
2024-10-26 00:00:00+00:00,dogecoin,long,0.00022436,1.0983826141714554,-0.00024643312331550777,False
2024-10-26 08:00:00+00:00,sui,long,0.0,0.990690622525807,-0.0,False
2024-10-26 08:00:00+00:00,dogecoin,long,0.0004,1.2944067514276838,-0.0005177627005710735,False
2024-10-26 16:00:00+00:00,sui,long,0.0004,0.9955587436305652,-0.00039822349745222607,False
2024-10-26 16:00:00+00:00,dogecoin,long,0.0004,1.2862173525537464,-0.0005144869410214986,False
2024-10-27 00:00:00+00:00,sui,long,3.244e-05,1.0038401450501542,-3.2564574305427e-05,False
2024-10-27 00:00:00+00:00,dogecoin,long,0.0004,1.3236958956356495,-0.0005294783582542598,False
2024-10-27 08:00:00+00:00,sui,long,0.0,1.0188361962694095,-0.0,False
2024-10-27 08:00:00+00:00,dogecoin,long,0.0004,1.3309218358185357,-0.0005323687343274143,False
2024-10-27 16:00:00+00:00,sui,long,0.0,0.9949432340655958,-0.0,False
2024-10-27 16:00:00+00:00,dogecoin,long,0.0004,1.358284062644398,-0.0005433136250577592,False
2024-10-28 00:00:00+00:00,sui,long,0.0004,0.9822973102762238,-0.00039291892411048954,False
2024-10-28 00:00:00+00:00,dogecoin,long,0.0004,1.3905599287946233,-0.0005562239715178494,False
2024-10-28 08:00:00+00:00,sui,long,0.0002224,0.9723372464067184,-0.00021624780360085419,False
2024-10-28 08:00:00+00:00,dogecoin,long,0.0004,1.3813107253605288,-0.0005525242901442116,False
2024-10-28 16:00:00+00:00,sui,long,0.0004,0.9244394111690967,-0.0003697757644676387,False
2024-10-28 16:00:00+00:00,dogecoin,long,0.0004,1.425340787541582,-0.0005701363150166328,False
2024-10-29 00:00:00+00:00,sui,long,0.0,0.991697819995757,-0.0,False
2024-10-29 00:00:00+00:00,dogecoin,long,0.0004,1.5555040567026392,-0.0006222016226810558,False
2024-10-29 08:00:00+00:00,sui,long,0.0004,1.0294117697038843,-0.00041176470788155373,False
2024-10-29 08:00:00+00:00,dogecoin,long,0.0004,1.5868164641618128,-0.0006347265856647251,False
2024-10-29 16:00:00+00:00,sui,long,0.0,1.1252074401791274,-0.0,False
2024-10-29 16:00:00+00:00,dogecoin,long,0.0004,1.664856618136984,-0.0006659426472547936,False
2024-10-30 00:00:00+00:00,sui,long,4.968e-05,1.157885402537505,-5.752374679806324e-05,False
2024-10-30 00:00:00+00:00,dogecoin,long,0.0004,1.6946274916904749,-0.00067785099667619,False
2024-10-30 08:00:00+00:00,sui,long,0.0004,1.1469181411980496,-0.00045876725647921987,False
2024-10-30 08:00:00+00:00,dogecoin,long,0.0004,1.6637968135768273,-0.0006655187254307309,False
2024-10-30 16:00:00+00:00,sui,long,0.0004,1.1135687138597055,-0.0004454274855438822,False
2024-10-30 16:00:00+00:00,dogecoin,long,0.0004,1.5930789456536474,-0.0006372315782614589,False
2024-10-31 00:00:00+00:00,sui,long,0.0,1.164991740242152,-0.0,False
2024-10-31 00:00:00+00:00,dogecoin,long,0.0004,1.6215973229087717,-0.0006486389291635087,False
2024-10-31 08:00:00+00:00,sui,long,0.0004,1.1597878866474105,-0.0004639151546589642,False
2024-10-31 08:00:00+00:00,dogecoin,long,0.0004,1.6579197155614132,-0.0006631678862245653,False
2024-10-31 16:00:00+00:00,sui,long,0.0004,1.1318101791487996,-0.00045272407165951984,False
2024-10-31 16:00:00+00:00,dogecoin,long,0.0004,1.6004975775747439,-0.0006401990310298976,False
2024-11-01 00:00:00+00:00,sui,long,0.0004,1.1026574079352471,-0.0004410629631740989,False
2024-11-01 00:00:00+00:00,dogecoin,long,0.0004,1.5570455906083216,-0.0006228182362433286,False
2024-11-01 08:00:00+00:00,sui,long,0.00020876,1.081394350236303,-0.00022575188455533062,False
2024-11-01 08:00:00+00:00,dogecoin,long,0.0004,1.503091903909438,-0.0006012367615637752,False
2024-11-01 16:00:00+00:00,sui,long,0.0003166,1.091186547860817,-0.00034546966105273463,False
2024-11-01 16:00:00+00:00,dogecoin,long,0.0004,1.534211619630401,-0.0006136846478521605,False
2024-11-02 00:00:00+00:00,sui,long,0.00023832,1.1125615163897555,-0.0002651456605860066,False
2024-11-02 00:00:00+00:00,dogecoin,long,0.0004,1.5327664315938239,-0.0006131065726375296,False
2024-11-02 08:00:00+00:00,sui,long,0.0,1.0921377899157696,-0.0,False
2024-11-02 08:00:00+00:00,dogecoin,long,0.0004,1.5603213501578967,-0.0006241285400631587,False
2024-11-02 16:00:00+00:00,sui,long,0.0,1.0702592226518561,-0.0,False
2024-11-02 16:00:00+00:00,dogecoin,long,0.00032996,1.5118593779980065,-0.0004988531203642222,False
2024-11-03 00:00:00+00:00,sui,long,0.0,1.0671257194120116,-0.0,False
2024-11-03 00:00:00+00:00,dogecoin,long,0.0004,1.5369093039653452,-0.0006147637215861381,False
2024-11-03 08:00:00+00:00,sui,long,0.0,0.5485810980902354,-0.0,False
2024-11-03 08:00:00+00:00,dogecoin,long,0.0004,0.7106524514673727,-0.0002842609805869491,False
2024-11-03 16:00:00+00:00,sui,long,0.0004,0.5362612683449886,-0.00021450450733799542,False
2024-11-03 16:00:00+00:00,dogecoin,long,0.0004,0.6827020256470931,-0.0002730808102588373,False
2024-11-04 00:00:00+00:00,sui,long,0.0,0.5652884143721149,-0.0,False
2024-11-04 00:00:00+00:00,dogecoin,long,0.0004,0.7083115447822571,-0.00028332461791290287,False
2024-11-04 08:00:00+00:00,sui,long,0.00015976,0.5451524662271714,-8.709355800445291e-05,False
2024-11-04 08:00:00+00:00,dogecoin,long,0.0004,0.7060174562308438,-0.0002824069824923375,False
2024-11-04 16:00:00+00:00,sui,long,0.0,0.549365615550428,-0.0,False
2024-11-04 16:00:00+00:00,dogecoin,long,5.068e-05,0.7400542394324237,-3.750594885443523e-05,False
2024-11-05 00:00:00+00:00,sui,long,0.0,0.5371329544118693,-0.0,False
2024-11-05 00:00:00+00:00,dogecoin,long,0.00024192,0.7404287845020422,-0.00017912453154673403,False
2024-11-05 08:00:00+00:00,sui,long,0.00019504,0.5595933987351611,-0.00010914309648930583,False
2024-11-05 08:00:00+00:00,dogecoin,long,0.00021184,0.7848123752518326,-0.0001662546535733482,False
2024-11-05 16:00:00+00:00,sui,long,0.0003844,0.5807463139581321,-0.000223238883085506,False
2024-11-05 16:00:00+00:00,dogecoin,long,0.0004,0.8167891605705108,-0.00032671566422820433,False
2024-11-06 00:00:00+00:00,sui,long,0.0,0.583361372158774,-0.0,False
2024-11-06 00:00:00+00:00,dogecoin,long,0.0004,0.7956273641370664,-0.00031825094565482654,False
2024-11-06 08:00:00+00:00,sui,long,0.0004,0.6493770636238703,-0.0002597508254495481,False
2024-11-06 08:00:00+00:00,dogecoin,long,0.0004,0.9357540383080819,-0.0003743016153232328,False
2024-11-06 16:00:00+00:00,sui,long,0.0004,0.6549849106541359,-0.0002619939642616544,False
2024-11-06 16:00:00+00:00,dogecoin,long,0.0004,0.8974568049395919,-0.0003589827219758368,False
2024-11-07 00:00:00+00:00,sui,long,0.0004,0.6693967869598962,-0.0002677587147839585,False
2024-11-07 00:00:00+00:00,dogecoin,long,0.0004,0.9197422365818918,-0.00036789689463275675,False
2024-11-07 08:00:00+00:00,sui,long,0.0004,0.5388271800678543,-0.00021553087202714176,False
2024-11-07 08:00:00+00:00,dogecoin,long,0.00047388,2.1728419852750083,-0.001029666359982121,False
2024-11-07 16:00:00+00:00,sui,long,0.0004,0.5692351430826668,-0.00022769405723306672,False
2024-11-07 16:00:00+00:00,dogecoin,long,0.0004,2.2019688572870924,-0.000880787542914837,False
2024-11-08 00:00:00+00:00,sui,long,0.0004,0.5575675306916984,-0.00022302701227667937,False
2024-11-08 00:00:00+00:00,dogecoin,long,0.0004,2.1912021147145326,-0.0008764808458858131,False
2024-11-08 08:00:00+00:00,sui,long,0.0004,0.5523231193489538,-0.00022092924773958153,False
2024-11-08 08:00:00+00:00,dogecoin,long,0.0004,2.2648693007373133,-0.0009059477202949253,False
2024-11-08 16:00:00+00:00,sui,long,0.0004,0.5535981367854927,-0.00022143925471419711,False
2024-11-08 16:00:00+00:00,dogecoin,long,0.0004,2.234382419137116,-0.0008937529676548465,False
2024-11-09 00:00:00+00:00,sui,long,0.0004,0.5502061092656442,-0.0002200824437062577,False
2024-11-09 00:00:00+00:00,dogecoin,long,0.0004,2.2895761415880305,-0.0009158304566352122,False
2024-11-09 08:00:00+00:00,sui,long,0.0004,0.5457555767041408,-0.0002183022306816563,False
2024-11-09 08:00:00+00:00,dogecoin,long,0.0004,2.3733300653893155,-0.0009493320261557262,False
2024-11-09 16:00:00+00:00,sui,long,0.0004,0.5724828290059261,-0.00022899313160237045,False
2024-11-09 16:00:00+00:00,dogecoin,long,0.0004,2.329129753775647,-0.0009316519015102587,False
2024-11-10 00:00:00+00:00,sui,long,0.0004,0.6615415941015237,-0.0002646166376406095,False
2024-11-10 00:00:00+00:00,dogecoin,long,0.0004,2.4813374935119463,-0.0009925349974047786,False
2024-11-10 08:00:00+00:00,sui,long,0.00116608,0.7041464220281319,-0.000821091059798564,False
2024-11-10 08:00:00+00:00,dogecoin,long,0.00067424,2.5707581239303683,-0.0017333079574788114,False
2024-11-10 16:00:00+00:00,sui,long,0.0018086,0.7227424310553866,-0.0013071519608067724,False
2024-11-10 16:00:00+00:00,dogecoin,long,0.0015216,2.8020730880419,-0.004263634410764555,False
2024-11-11 00:00:00+00:00,sui,long,0.00099296,0.7301038524814408,-0.0007249639213599715,False
2024-11-11 00:00:00+00:00,dogecoin,long,0.00119768,3.149668871937083,-0.0037722954145416056,False
2024-11-11 08:00:00+00:00,sui,long,0.00045752,0.6019983883677134,-0.0002754263026459962,False
2024-11-11 08:00:00+00:00,dogecoin,long,0.00045916,2.0334873710237784,-0.0009336960612792781,False
2024-11-11 16:00:00+00:00,sui,long,0.0004,0.6148408180110033,-0.00024593632720440136,False
2024-11-11 16:00:00+00:00,dogecoin,long,0.0004,2.236648463777609,-0.0008946593855110437,False
2024-11-12 00:00:00+00:00,sui,long,0.00122332,0.6227628493146304,-0.0007618382488235736,False
2024-11-12 00:00:00+00:00,dogecoin,long,0.00105484,2.540127112100827,-0.0026794276829284363,False
2024-11-12 08:00:00+00:00,sui,long,0.00250396,0.5220825392100292,-0.0013072737948803448,False
2024-11-12 08:00:00+00:00,dogecoin,long,0.00149772,1.86326103100014,-0.0027906433113495297,False
2024-11-12 16:00:00+00:00,sui,long,0.00133924,0.5079925524151049,-0.0006803239458964051,False
2024-11-12 16:00:00+00:00,dogecoin,long,0.00134764,1.6830811249950293,-0.002268187447288301,False
2024-11-13 00:00:00+00:00,sui,long,0.00089344,0.5380467285239935,-0.00048071246913247674,False
2024-11-13 00:00:00+00:00,dogecoin,long,0.00102428,1.7196688619323122,-0.0017614224219000287,False
2024-11-13 08:00:00+00:00,sui,long,0.0004,0.44614620625139684,-0.00017845848250055873,False
2024-11-13 08:00:00+00:00,dogecoin,long,0.0004,1.3256311368653315,-0.0005302524547461326,False
2024-11-13 16:00:00+00:00,sui,long,0.0008082,0.5130127022719485,-0.0004146168659761888,False
2024-11-13 16:00:00+00:00,dogecoin,long,0.00060676,1.4777389247515085,-0.0008966328699822253,False
2024-11-14 00:00:00+00:00,sui,long,0.00125444,0.4952885111914393,-0.0006213097199789891,False
2024-11-14 00:00:00+00:00,dogecoin,long,0.0004,1.401562108329177,-0.0005606248433316708,False
2024-11-14 08:00:00+00:00,sui,long,0.0004,0.25557675769744076,-0.00010223070307897631,False
2024-11-14 08:00:00+00:00,dogecoin,long,0.0004,1.3072041313970522,-0.0005228816525588209,False
2024-11-14 16:00:00+00:00,sui,long,0.0004,0.24947961848862907,-9.979184739545163e-05,False
2024-11-14 16:00:00+00:00,dogecoin,long,0.0004,1.262045453926801,-0.0005048181815707203,False
2024-11-15 00:00:00+00:00,sui,long,0.00051072,0.25185990559354693,-0.00012862989098473627,False
2024-11-15 00:00:00+00:00,dogecoin,long,0.0004,1.1908425355591608,-0.0004763370142236643,False
2024-11-15 08:00:00+00:00,sui,long,0.0004,0.12444142321156655,-4.977656928462662e-05,False
2024-11-15 08:00:00+00:00,dogecoin,long,0.0004,1.3704368306499648,-0.000548174732259986,False
2024-11-15 16:00:00+00:00,sui,long,0.0004,0.12886536415789954,-5.1546145663159815e-05,False
2024-11-15 16:00:00+00:00,dogecoin,long,0.0004,1.3352465495340313,-0.0005340986198136125,False
2024-11-16 00:00:00+00:00,sui,long,0.0004,0.13755334457057758,-5.5021337828231034e-05,False
2024-11-16 00:00:00+00:00,dogecoin,long,0.0004,1.4301479991392345,-0.0005720591996556939,False
2024-11-16 08:00:00+00:00,dogecoin,long,0.00084096,1.4893317634398202,-0.0012524684397823512,False
2024-11-16 16:00:00+00:00,dogecoin,long,0.0013822,1.4383062492935685,-0.0019880268977735707,False
2024-11-17 00:00:00+00:00,dogecoin,long,0.00094896,1.431741333374906,-0.0013586652557194508,False
2024-11-17 08:00:00+00:00,dogecoin,long,0.0004,1.412007274745154,-0.0005648029098980616,False
2024-11-17 16:00:00+00:00,dogecoin,long,0.001387,1.4295006135703328,-0.0019827173510220514,False
2024-11-18 00:00:00+00:00,dogecoin,long,0.00134672,1.443809771620591,-0.0019444074956368824,False
2024-11-18 08:00:00+00:00,dogecoin,long,0.00163312,1.4754550250009706,-0.0024095951104295852,False
2024-11-18 16:00:00+00:00,dogecoin,long,0.0004,1.4864620696550157,-0.0005945848278620063,False
2024-11-19 00:00:00+00:00,dogecoin,long,0.000977,1.4602024059803653,-0.001426617750642817,False
2024-11-19 08:00:00+00:00,dogecoin,long,0.0016736,1.5273060674962755,-0.0025560994345617664,False
2024-11-19 16:00:00+00:00,dogecoin,long,0.0004,1.5530153789382237,-0.0006212061515752896,False
2024-11-20 00:00:00+00:00,dogecoin,long,0.00041,1.5360330814719825,-0.0006297735634035128,False
2024-11-20 08:00:00+00:00,dogecoin,long,0.0004,1.5336744290461157,-0.0006134697716184463,False
2024-11-20 16:00:00+00:00,dogecoin,long,0.00057092,1.5448780280689831,-0.000882001763785144,False
2024-11-21 00:00:00+00:00,dogecoin,long,0.0004,1.4849682564519666,-0.0005939873025807866,False
2024-11-21 08:00:00+00:00,dogecoin,long,0.0004,1.394319613262798,-0.0005577278453051192,False
2024-11-21 08:00:00+00:00,stellar,long,0.0004,0.09796827720032267,-3.918731088012907e-05,False
2024-11-21 16:00:00+00:00,dogecoin,long,0.0004,1.376014239273099,-0.0005504056957092396,False
2024-11-21 16:00:00+00:00,stellar,long,0.0004,0.0977303606874215,-3.90921442749686e-05,False
2024-11-22 00:00:00+00:00,dogecoin,long,0.00107132,1.399999343927586,-0.0014998472971365013,False
2024-11-22 00:00:00+00:00,stellar,long,0.0004,0.10773926226464327,-4.309570490585731e-05,False
2024-11-22 08:00:00+00:00,dogecoin,long,0.00146236,1.2348037484175691,-0.0018057276095359163,False
2024-11-22 08:00:00+00:00,stellar,long,0.00090856,0.1918056129988666,-0.00017426690774625023,False
2024-11-22 16:00:00+00:00,dogecoin,long,0.00150072,1.2730257416006132,-0.0019104551909348724,False
2024-11-22 16:00:00+00:00,stellar,long,0.00041108,0.20329849716143714,-8.357194621312358e-05,False
2024-11-23 00:00:00+00:00,dogecoin,long,0.00140344,1.3022283535539951,-0.0018275993605118188,False
2024-11-23 00:00:00+00:00,stellar,long,0.0004,0.2347487125859024,-9.389948503436097e-05,False
2024-11-23 08:00:00+00:00,dogecoin,long,0.00253324,0.7164653460427823,-0.001814978673209418,False
2024-11-23 08:00:00+00:00,stellar,long,0.00124092,0.26887058142828,-0.00033364688190598124,False
2024-11-23 16:00:00+00:00,dogecoin,long,0.00225356,0.7065336208274348,-0.0015922159065518738,False
2024-11-23 16:00:00+00:00,stellar,long,0.00150032,0.3141491554376279,-0.0004713242608861819,False
2024-11-24 00:00:00+00:00,dogecoin,long,0.0004,0.6679705940147181,-0.0002671882376058873,False
2024-11-24 00:00:00+00:00,stellar,long,0.00125756,0.3193778400375728,-0.00040163679651765004,False
2024-11-24 08:00:00+00:00,dogecoin,long,0.00110408,0.401289471354346,-0.0004430556795329063,False
2024-11-24 08:00:00+00:00,stellar,long,0.0004,0.18119841615489832,-7.247936646195932e-05,False
2024-11-24 16:00:00+00:00,dogecoin,long,0.00098692,0.36777858198792057,-0.0003629680381355186,False
2024-11-24 16:00:00+00:00,stellar,long,0.00126792,0.14150948369596664,-0.00017942270456779003,False
2024-11-25 00:00:00+00:00,dogecoin,long,0.0004,0.3935357921776124,-0.00015741431687104498,False
2024-11-25 00:00:00+00:00,stellar,long,0.0,0.16559673050023452,-0.0,False
2024-11-25 08:00:00+00:00,dogecoin,long,0.0011652,0.35339325703843477,-0.00041177382310118415,False
2024-11-25 08:00:00+00:00,stellar,long,0.0004,0.22088831956555086,-8.835532782622034e-05,False
2024-11-25 16:00:00+00:00,dogecoin,long,0.00071904,0.3416626683900947,-0.0002456691250792137,False
2024-11-25 16:00:00+00:00,stellar,long,0.0004,0.21042716772751593,-8.417086709100638e-05,False
2024-11-26 00:00:00+00:00,dogecoin,long,0.0004,0.32398022801715753,-0.00012959209120686301,False
2024-11-26 00:00:00+00:00,stellar,long,0.0004,0.2036460091249125,-8.145840364996501e-05,False
2024-11-26 08:00:00+00:00,dogecoin,long,0.00079304,0.2247370211487198,-0.00017822544725178073,False
2024-11-26 08:00:00+00:00,stellar,long,0.0004,0.2673430089151252,-0.00010693720356605008,False
2024-11-26 16:00:00+00:00,dogecoin,long,0.0004,0.21421561445724138,-8.568624578289655e-05,False
2024-11-26 16:00:00+00:00,stellar,long,0.0004,0.2550872403958034,-0.00010203489615832136,False
2024-11-27 00:00:00+00:00,dogecoin,long,0.0004,0.21859577089103283,-8.743830835641313e-05,False
2024-11-27 00:00:00+00:00,stellar,long,0.0004,0.25321282873990714,-0.00010128513149596286,False
2024-11-27 08:00:00+00:00,dogecoin,long,0.00053516,0.11559020407594335,-6.185925361328184e-05,False
2024-11-27 08:00:00+00:00,stellar,long,0.00077524,0.40452050254301314,-0.0003136004743914455,False
2024-11-27 16:00:00+00:00,dogecoin,long,0.0006624,0.11669728974092411,-7.730028472438812e-05,False
2024-11-27 16:00:00+00:00,stellar,long,0.0,0.4393494063761647,-0.0,False
2024-11-28 00:00:00+00:00,dogecoin,long,0.00065264,0.11660721190466583,-7.610253077746111e-05,False
2024-11-28 00:00:00+00:00,stellar,long,0.0004,0.41837939572252353,-0.00016735175828900943,False
2024-11-28 08:00:00+00:00,stellar,long,0.0004,0.46103770972283714,-0.00018441508388913487,False
2024-11-28 16:00:00+00:00,stellar,long,0.0004,0.4434468089595758,-0.0001773787235838303,False
2024-11-29 00:00:00+00:00,stellar,long,0.0004,0.47620129463402516,-0.00019048051785361007,False
2024-11-29 08:00:00+00:00,stellar,long,0.0004,0.48422571527440905,-0.00019369028610976362,False
2024-11-29 16:00:00+00:00,stellar,long,0.0004,0.5032254111204425,-0.00020129016444817702,False
2024-11-30 00:00:00+00:00,stellar,long,0.00111648,0.5218919459671717,-0.0005826819198334279,False
2024-11-30 08:00:00+00:00,stellar,long,0.0004,0.5189696480589893,-0.00020758785922359572,False
2024-11-30 16:00:00+00:00,stellar,long,0.0,0.5008266519254523,-0.0,False
2024-12-01 00:00:00+00:00,stellar,long,0.0004,0.4992465169001809,-0.00019969860676007236,False
2024-12-01 08:00:00+00:00,stellar,long,0.0004,0.4784382327722104,-0.00019137529310888417,False
2024-12-01 16:00:00+00:00,stellar,long,0.0004,0.4861485301846789,-0.00019445941207387157,False
2024-12-02 00:00:00+00:00,stellar,long,0.00158288,0.5341332329701772,-0.0008454688118038342,False
2024-12-02 08:00:00+00:00,stellar,long,0.0004,0.5077468818252852,-0.00020309875273011408,False
2024-12-02 16:00:00+00:00,stellar,long,0.0004,0.5490493268533106,-0.00021961973074132427,False
2024-12-03 00:00:00+00:00,stellar,long,0.00053064,0.5138770442124823,-0.00027268371474091155,False
2024-12-03 08:00:00+00:00,stellar,long,0.00154036,0.5081561939101445,-0.0007827434748514302,False
2024-12-03 16:00:00+00:00,stellar,long,0.0004,0.4868624466117593,-0.00019474497864470375,False
2024-12-04 00:00:00+00:00,stellar,long,0.0004,0.48251231584941606,-0.00019300492633976643,False
2024-12-04 08:00:00+00:00,stellar,long,0.0007116,0.48913746029272226,-0.00034807021674430113,False
2024-12-04 16:00:00+00:00,stellar,long,0.00146852,0.4789522525997084,-0.0007033509619877238,False
2024-12-05 00:00:00+00:00,stellar,long,0.00121932,0.46630165351184344,-0.000568570932160061,False
2024-12-05 08:00:00+00:00,stellar,long,0.00260348,0.4683767705932238,-0.0012194095547040462,False
2024-12-05 16:00:00+00:00,stellar,long,0.00257904,0.4709373508450189,-0.0012145662653233376,False
2024-12-06 00:00:00+00:00,stellar,long,0.00164828,0.4486726772058044,-0.0007395382003847833,False
2024-12-06 08:00:00+00:00,stellar,long,0.00261468,0.4558879925621638,-0.0011920012163924383,False
2024-12-06 16:00:00+00:00,stellar,long,0.00175388,0.4489487248909422,-0.0007874021896117256,False
2024-12-07 00:00:00+00:00,stellar,long,0.00158488,0.47224143818515246,-0.0007484460105508844,False
2024-12-07 08:00:00+00:00,stellar,long,0.00259696,0.4609234830945043,-0.001196999848657104,False
2024-12-07 16:00:00+00:00,stellar,long,0.00236212,0.4782097795155448,-0.0011295888843892586,False
2024-12-08 00:00:00+00:00,stellar,long,0.00221796,0.48025633993984196,-0.001065189351732972,False
2024-12-08 08:00:00+00:00,stellar,long,0.0012558,0.344555280647788,-0.0004326925214374922,False
2024-12-08 08:00:00+00:00,hedera-hashgraph,long,0.00162948,0.15496807666646517,-0.0002525173815664717,False
2024-12-08 16:00:00+00:00,stellar,long,0.00144408,0.3448450664178871,-0.0004979838635127423,False
2024-12-08 16:00:00+00:00,hedera-hashgraph,long,0.0018144,0.1542514074830827,-0.00027987375373730524,False
2024-12-09 00:00:00+00:00,stellar,long,0.00210304,0.34895154281855917,-0.0007338590526091426,False
2024-12-09 00:00:00+00:00,hedera-hashgraph,long,0.00158836,0.15506580428238095,-0.00024630032088996263,False
2024-12-09 08:00:00+00:00,stellar,long,0.00111228,0.22160688887021396,-0.00024648891035256157,False
2024-12-09 08:00:00+00:00,hedera-hashgraph,long,0.00142768,0.3024084551844269,-0.00043174250329770255,False
2024-12-09 16:00:00+00:00,stellar,long,0.0004,0.21305726219991966,-8.522290487996786e-05,False
2024-12-09 16:00:00+00:00,hedera-hashgraph,long,0.00041984,0.2906585514841823,-0.00012203008625511909,False
2024-12-10 00:00:00+00:00,stellar,long,0.0004,0.19346004737352288,-7.738401894940916e-05,False
2024-12-10 00:00:00+00:00,hedera-hashgraph,long,0.0004,0.26962227835663555,-0.00010784891134265423,False
2024-12-10 08:00:00+00:00,stellar,long,0.0004,0.23025201643648355,-9.210080657459343e-05,False
2024-12-10 08:00:00+00:00,hedera-hashgraph,long,0.0004,0.9056573801508127,-0.0003622629520603251,False
2024-12-10 08:00:00+00:00,ripple,long,0.0004,0.1816049627432166,-7.264198509728665e-05,False
2024-12-10 16:00:00+00:00,stellar,long,0.0004,0.21269042196251448,-8.50761687850058e-05,False
2024-12-10 16:00:00+00:00,hedera-hashgraph,long,0.0004,0.8384971887331567,-0.0003353988754932627,False
2024-12-10 16:00:00+00:00,ripple,long,0.0004,0.16781946894559754,-6.712778757823902e-05,False
2024-12-11 00:00:00+00:00,stellar,long,0.0004,0.24532810826636223,-9.81312433065449e-05,False
2024-12-11 00:00:00+00:00,hedera-hashgraph,long,0.0004,0.9097410213502023,-0.00036389640854008094,False
2024-12-11 00:00:00+00:00,ripple,long,4.12e-05,0.19486404150321773,-8.028398509932571e-06,False
2024-12-11 08:00:00+00:00,stellar,long,0.0004,0.10946496112540499,-4.3785984450161996e-05,False
2024-12-11 08:00:00+00:00,hedera-hashgraph,long,0.0004,0.9683837587729411,-0.00038735350350917647,False
2024-12-11 08:00:00+00:00,ripple,long,0.0004,0.14653576851357944,-5.8614307405431776e-05,False
2024-12-11 16:00:00+00:00,stellar,long,0.00027244,0.11783325620416897,-3.210249232026379e-05,False
2024-12-11 16:00:00+00:00,hedera-hashgraph,long,0.0004,1.0621391399268756,-0.00042485565597075024,False
2024-12-11 16:00:00+00:00,ripple,long,9.904e-05,0.15675457538570078,-1.5524973146199805e-05,False
2024-12-12 00:00:00+00:00,stellar,long,0.00023508,0.11735845932026745,-2.7588626617008472e-05,False
2024-12-12 00:00:00+00:00,hedera-hashgraph,long,6.976e-05,1.0505383616063664,-7.328555610566011e-05,False
2024-12-12 00:00:00+00:00,ripple,long,0.0004,0.15335257761197263,-6.134103104478905e-05,False
2024-12-12 08:00:00+00:00,hedera-hashgraph,long,0.00014684,1.1096666644200595,-0.00016294345300344154,False
2024-12-12 08:00:00+00:00,ripple,long,0.0004,0.15172365130745843,-6.0689460522983376e-05,False
2024-12-12 16:00:00+00:00,hedera-hashgraph,long,0.0,1.067353763239024,-0.0,False
2024-12-12 16:00:00+00:00,ripple,long,0.0004,0.15125424804666895,-6.050169921866759e-05,False
2024-12-13 00:00:00+00:00,hedera-hashgraph,long,0.00027828,1.0521182305612107,-0.0002927834612005737,False
2024-12-13 00:00:00+00:00,ripple,long,0.0004,0.14626605606201237,-5.850642242480495e-05,False
2024-12-13 08:00:00+00:00,hedera-hashgraph,long,0.0004,1.1596460693773196,-0.0004638584277509279,False
2024-12-13 16:00:00+00:00,hedera-hashgraph,long,0.0004,1.2038148143648053,-0.00048152592574592215,False
2024-12-14 00:00:00+00:00,hedera-hashgraph,long,0.0004,1.2371578865612403,-0.0004948631546244962,False
2024-12-14 08:00:00+00:00,hedera-hashgraph,long,0.0004,1.2072790296579412,-0.0004829116118631765,False
2024-12-14 16:00:00+00:00,hedera-hashgraph,long,0.0004,1.1642125349909989,-0.00046568501399639955,False
2024-12-15 00:00:00+00:00,hedera-hashgraph,long,0.0004,1.157520300901986,-0.00046300812036079446,False
2024-12-15 08:00:00+00:00,hedera-hashgraph,long,0.0004,1.177992034813406,-0.00047119681392536244,False
2024-12-15 16:00:00+00:00,hedera-hashgraph,long,0.0004,1.2126096646546678,-0.0004850438658618671,False
2024-12-16 00:00:00+00:00,hedera-hashgraph,long,0.0004,1.2236112053210664,-0.0004894444821284266,False
2024-12-16 08:00:00+00:00,hedera-hashgraph,long,0.0004,1.1705887424100776,-0.0004682354969640311,False
2024-12-16 16:00:00+00:00,hedera-hashgraph,long,0.0004,1.1625650623751853,-0.00046502602495007413,False
2024-12-17 00:00:00+00:00,hedera-hashgraph,long,0.0004,1.1679003960066343,-0.0004671601584026537,False
2024-12-17 08:00:00+00:00,hedera-hashgraph,long,0.0004,1.1448633352878972,-0.0004579453341151589,False
2024-12-17 16:00:00+00:00,hedera-hashgraph,long,0.0004,1.149206048708844,-0.00045968241948353764,False
2024-12-18 00:00:00+00:00,hedera-hashgraph,long,0.0004,1.1767099003748407,-0.0004706839601499363,False
2024-12-18 08:00:00+00:00,hedera-hashgraph,long,0.0004,1.1993333693392019,-0.0004797333477356808,False
2024-12-18 16:00:00+00:00,hedera-hashgraph,long,0.0004,1.2159597578651125,-0.000486383903146045,False
2024-12-19 00:00:00+00:00,hedera-hashgraph,long,0.0004,1.1272443265514844,-0.00045089773062059377,False
2024-12-19 08:00:00+00:00,hedera-hashgraph,long,0.0,1.307284659128029,-0.0,False
2024-12-19 16:00:00+00:00,hedera-hashgraph,long,0.0004,1.3189098110224562,-0.0005275639244089825,False
2024-12-20 00:00:00+00:00,hedera-hashgraph,long,0.0,1.2141018009742592,-0.0,False
2024-12-20 08:00:00+00:00,hedera-hashgraph,long,0.0002096,1.2497038286509432,-0.0002619379224852377,False
2024-12-20 16:00:00+00:00,hedera-hashgraph,long,0.0,1.205246704804676,-0.0,False
2024-12-21 00:00:00+00:00,hedera-hashgraph,long,0.0,1.2278612580993045,-0.0,False
2024-12-21 08:00:00+00:00,hedera-hashgraph,long,7.18e-05,1.8258041829311251,-0.0001310927403344548,False
2024-12-21 16:00:00+00:00,hedera-hashgraph,long,0.0,1.6929575920635485,-0.0,False
2024-12-22 00:00:00+00:00,hedera-hashgraph,long,0.0,1.6636985404453066,-0.0,False
2024-12-22 08:00:00+00:00,hedera-hashgraph,long,0.00037396,1.6525459871379053,-0.000617986097350091,False
2024-12-22 16:00:00+00:00,hedera-hashgraph,long,0.0004,1.7033885095687062,-0.0006813554038274825,False
2024-12-23 00:00:00+00:00,hedera-hashgraph,long,0.0004,1.7413071908138713,-0.0006965228763255486,False
2024-12-23 08:00:00+00:00,hedera-hashgraph,long,0.0004,0.8928029907968661,-0.00035712119631874643,False
2024-12-23 16:00:00+00:00,hedera-hashgraph,long,0.0004,0.8819770862677423,-0.00035279083450709696,False
2024-12-24 00:00:00+00:00,hedera-hashgraph,long,0.0004,0.9738302083373751,-0.00038953208333495005,False
2024-12-24 08:00:00+00:00,hedera-hashgraph,long,0.0004,1.6000967421216519,-0.0006400386968486608,False
2024-12-24 08:00:00+00:00,sui,long,0.00011276,0.602436962611923,-6.793079190412044e-05,False
2024-12-24 16:00:00+00:00,hedera-hashgraph,long,0.0004,1.7193246777165772,-0.0006877298710866309,False
2024-12-24 16:00:00+00:00,sui,long,0.0,0.6019668596368064,-0.0,False
2024-12-25 00:00:00+00:00,hedera-hashgraph,long,0.0004,1.7606206068916388,-0.0007042482427566556,False
2024-12-25 00:00:00+00:00,sui,long,0.0,0.6008960695268186,-0.0,False
2024-12-25 08:00:00+00:00,hedera-hashgraph,long,0.0004,1.463599453485458,-0.0005854397813941832,False
2024-12-25 08:00:00+00:00,sui,long,0.0,0.7681605052612821,-0.0,False
2024-12-25 16:00:00+00:00,hedera-hashgraph,long,0.0004,1.4969424447938207,-0.0005987769779175283,False
2024-12-25 16:00:00+00:00,sui,long,0.0,0.7619289644692643,-0.0,False
2024-12-26 00:00:00+00:00,hedera-hashgraph,long,0.0004,1.4981383913974207,-0.0005992553565589683,False
2024-12-26 00:00:00+00:00,sui,long,0.0,0.7635080742612469,-0.0,False
2024-12-26 08:00:00+00:00,hedera-hashgraph,long,0.0004,0.5156233262588998,-0.00020624933050355994,False
2024-12-26 08:00:00+00:00,sui,long,0.0,0.29378921531383967,-0.0,False
2024-12-26 16:00:00+00:00,hedera-hashgraph,long,0.00039168,0.5059469374176256,-0.0001981692964477356,False
2024-12-26 16:00:00+00:00,sui,long,5.384e-05,0.285577506301009,-1.5375492939246324e-05,False
2024-12-27 00:00:00+00:00,hedera-hashgraph,long,0.000193,0.49951942686244166,-9.640724938445124e-05,False
2024-12-27 00:00:00+00:00,sui,long,0.0,0.282876197593753,-0.0,False
2024-12-27 08:00:00+00:00,hedera-hashgraph,long,0.0,0.26557780565751826,-0.0,False
2024-12-27 08:00:00+00:00,sui,long,0.0,0.11726918438278278,-0.0,False
2024-12-27 16:00:00+00:00,hedera-hashgraph,long,0.0,0.26104737184148263,-0.0,False
2024-12-27 16:00:00+00:00,sui,long,0.0,0.11467485683446964,-0.0,False
2024-12-28 00:00:00+00:00,hedera-hashgraph,long,0.0004,0.2609435493998652,-0.00010437741975994609,False
2024-12-28 00:00:00+00:00,sui,long,0.0,0.11384076657968938,-0.0,False
2024-12-28 08:00:00+00:00,hedera-hashgraph,long,0.0004,0.2575079704227049,-0.00010300318816908196,False
2024-12-28 08:00:00+00:00,sui,long,0.0,0.11108185266003165,-0.0,False
2024-12-28 16:00:00+00:00,hedera-hashgraph,long,4.76e-05,0.2631426974813991,-1.2525592400114597e-05,False
2024-12-28 16:00:00+00:00,sui,long,0.0,0.11402209054811986,-0.0,False
2024-12-29 00:00:00+00:00,hedera-hashgraph,long,0.0004,0.27781941536459764,-0.00011112776614583907,False
2024-12-29 00:00:00+00:00,sui,long,0.0,0.11748398354538504,-0.0,False
2024-12-29 08:00:00+00:00,hedera-hashgraph,long,0.0004,0.2729419523610377,-0.00010917678094441508,False
2024-12-29 08:00:00+00:00,sui,long,0.00036824,0.1529236658443502,-5.631261071052351e-05,False
2024-12-29 16:00:00+00:00,hedera-hashgraph,long,0.0004,0.2653772481790937,-0.00010615089927163748,False
2024-12-29 16:00:00+00:00,sui,long,0.0004,0.14948810670511728,-5.9795242682046916e-05,False
2024-12-30 00:00:00+00:00,hedera-hashgraph,long,0.0004,0.25870360117686336,-0.00010348144047074535,False
2024-12-30 00:00:00+00:00,sui,long,0.0004,0.14680643201649976,-5.872257280659991e-05,False
2024-12-30 08:00:00+00:00,hedera-hashgraph,long,0.0004,0.40534323662897304,-0.00016213729465158923,False
2024-12-30 08:00:00+00:00,sui,long,0.00022012,0.18104872450751439,-3.9852445238594065e-05,False
2024-12-30 16:00:00+00:00,hedera-hashgraph,long,0.0004,0.38978264628191944,-0.00015591305851276777,False
2024-12-30 16:00:00+00:00,sui,long,0.0001722,0.17756430057258346,-3.0576572558598874e-05,False
2024-12-31 00:00:00+00:00,hedera-hashgraph,long,0.0004,0.403155481375337,-0.00016126219255013481,False
2024-12-31 00:00:00+00:00,sui,long,0.0,0.18450665092202764,-0.0,False
2024-12-31 08:00:00+00:00,hedera-hashgraph,long,0.0004,0.35690239571079346,-0.0001427609582843174,False
2024-12-31 08:00:00+00:00,sui,long,0.0,0.1870301577451351,-0.0,False
2024-12-31 16:00:00+00:00,hedera-hashgraph,long,0.0,0.3687814255605868,-0.0,False
2024-12-31 16:00:00+00:00,sui,long,0.0,0.19153019900004267,-0.0,False
2025-01-01 00:00:00+00:00,hedera-hashgraph,long,0.0,0.3571681458192899,-0.0,False
2025-01-01 00:00:00+00:00,sui,long,0.0,0.18503163642933285,-0.0,False
2025-01-01 08:00:00+00:00,hedera-hashgraph,long,0.00015692,0.40353595429522165,-6.332286194800619e-05,False
2025-01-01 08:00:00+00:00,sui,long,0.0,0.233720276183579,-0.0,False
2025-01-01 16:00:00+00:00,hedera-hashgraph,long,0.0004,0.4203430621781728,-0.00016813722487126913,False
2025-01-01 16:00:00+00:00,sui,long,0.00031348,0.2367971029310862,-7.42311558268369e-05,False
2025-01-02 00:00:00+00:00,hedera-hashgraph,long,0.0004,0.44319351296715825,-0.0001772774051868633,False
2025-01-02 00:00:00+00:00,sui,long,0.0004,0.24174260794175834,-9.669704317670334e-05,False
2025-01-02 08:00:00+00:00,hedera-hashgraph,long,0.0004,0.4354982712990373,-0.00017419930851961493,False
2025-01-02 08:00:00+00:00,sui,long,0.0002576,0.15515632065420987,-3.996826820052446e-05,False
2025-01-02 16:00:00+00:00,hedera-hashgraph,long,0.0004,0.4373097653735592,-0.00017492390614942368,False
2025-01-02 16:00:00+00:00,sui,long,0.00018068,0.1555677629822066,-2.810798341562509e-05,False
2025-01-03 00:00:00+00:00,hedera-hashgraph,long,0.0004,0.4409327535226032,-0.00017637310140904128,False
2025-01-03 00:00:00+00:00,sui,long,0.0,0.15426249766580322,-0.0,False
2025-01-03 08:00:00+00:00,hedera-hashgraph,long,0.0004,0.4450841959146149,-0.00017803367836584597,False
2025-01-03 08:00:00+00:00,ripple,long,0.0004,0.8120154931702459,-0.00032480619726809836,False
2025-01-03 16:00:00+00:00,hedera-hashgraph,long,0.0004,0.46491291518131755,-0.00018596516607252703,False
2025-01-03 16:00:00+00:00,ripple,long,0.0004,0.8226069996029012,-0.00032904279984116047,False
2025-01-04 00:00:00+00:00,hedera-hashgraph,long,0.0004,0.46577438762885964,-0.00018630975505154387,False
2025-01-04 00:00:00+00:00,ripple,long,0.0004,0.8251624106787164,-0.0003300649642714866,False
2025-01-04 08:00:00+00:00,hedera-hashgraph,long,0.0004,0.90255617788619,-0.000361022471154476,False
2025-01-04 08:00:00+00:00,ripple,long,0.0004,0.5439609583553977,-0.0002175843833421591,False
2025-01-04 08:00:00+00:00,sui,long,0.0004,1.3179122220456367,-0.0005271648888182547,False
2025-01-04 16:00:00+00:00,hedera-hashgraph,long,0.0004,0.8899332193675494,-0.0003559732877470198,False
2025-01-04 16:00:00+00:00,ripple,long,0.0004,0.5364204650050612,-0.00021456818600202452,False
2025-01-04 16:00:00+00:00,sui,long,0.0004,1.3530502733148415,-0.0005412201093259367,False
2025-01-05 00:00:00+00:00,hedera-hashgraph,long,0.0004,0.8952928514067867,-0.0003581171405627147,False
2025-01-05 00:00:00+00:00,ripple,long,0.0004,0.5383333925216657,-0.0002153333570086663,False
2025-01-05 00:00:00+00:00,sui,long,0.0004,1.3830378810572357,-0.0005532151524228943,False
2025-01-05 08:00:00+00:00,hedera-hashgraph,long,0.0004,0.9301651482019244,-0.0003720660592807698,False
2025-01-05 08:00:00+00:00,ripple,long,0.0004,0.27832904596726266,-0.00011133161838690507,False
2025-01-05 08:00:00+00:00,sui,long,0.0004,1.5954081782098928,-0.0006381632712839572,False
2025-01-05 16:00:00+00:00,hedera-hashgraph,long,0.0004,0.9201433314095507,-0.0003680573325638203,False
2025-01-05 16:00:00+00:00,ripple,long,0.0004,0.27445644020375237,-0.00010978257608150096,False
2025-01-05 16:00:00+00:00,sui,long,0.0004,1.6130618929862852,-0.0006452247571945141,False
2025-01-06 00:00:00+00:00,hedera-hashgraph,long,0.0004,0.9207849721188187,-0.0003683139888475275,False
2025-01-06 00:00:00+00:00,ripple,long,0.0004,0.2781319372906768,-0.00011125277491627073,False
2025-01-06 00:00:00+00:00,sui,long,0.0004,1.6190184785664319,-0.0006476073914265728,False
2025-01-06 08:00:00+00:00,hedera-hashgraph,long,0.0004,0.9245548596579146,-0.00036982194386316584,False
2025-01-06 08:00:00+00:00,sui,long,0.0004,1.5872261415044446,-0.0006348904566017779,False
2025-01-06 16:00:00+00:00,hedera-hashgraph,long,0.0004,0.9534021251698621,-0.0003813608500679449,False
2025-01-06 16:00:00+00:00,sui,long,0.0004,1.6149893309372039,-0.0006459957323748816,False
2025-01-07 00:00:00+00:00,hedera-hashgraph,long,0.0004,0.9455765371852382,-0.0003782306148740953,False
2025-01-07 00:00:00+00:00,sui,long,0.0004,1.5607207319244407,-0.0006242882927697763,False
2025-01-07 08:00:00+00:00,hedera-hashgraph,long,0.0004,0.9683933831329761,-0.00038735735325319044,False
2025-01-07 08:00:00+00:00,sui,long,0.0004,1.9265305622008353,-0.0007706122248803341,False
2025-01-07 16:00:00+00:00,hedera-hashgraph,long,0.0004,0.8988721512493174,-0.000359548860499727,False
2025-01-07 16:00:00+00:00,sui,long,0.0004,1.8598413563095997,-0.0007439365425238399,False
2025-01-08 00:00:00+00:00,hedera-hashgraph,long,0.0004,0.86379756845382,-0.00034551902738152806,False
2025-01-08 00:00:00+00:00,sui,long,0.0,1.8194778380833585,-0.0,False
2025-01-08 08:00:00+00:00,hedera-hashgraph,long,0.0004,0.4178946483502219,-0.00016715785934008875,False
2025-01-08 08:00:00+00:00,sui,long,0.0004,0.8970032223994925,-0.000358801288959797,False
2025-01-08 16:00:00+00:00,hedera-hashgraph,long,0.0,0.4175514880477457,-0.0,False
2025-01-08 16:00:00+00:00,sui,long,0.0,0.903270493822371,-0.0,False
2025-01-09 00:00:00+00:00,hedera-hashgraph,long,0.0,0.42448929416302483,-0.0,False
2025-01-09 00:00:00+00:00,sui,long,0.0,0.9584224823437023,-0.0,False
2025-01-09 08:00:00+00:00,hedera-hashgraph,long,0.00037716,0.4147434608048702,-0.00015642464367716482,False
2025-01-09 08:00:00+00:00,sui,long,0.0004,0.9889403987871351,-0.0003955761595148541,False
2025-01-09 16:00:00+00:00,hedera-hashgraph,long,0.0,0.4236505996700787,-0.0,False
2025-01-09 16:00:00+00:00,sui,long,0.00036608,1.0162995181493515,-0.0003720469276041146,False
2025-01-10 00:00:00+00:00,hedera-hashgraph,long,0.0,0.41314356021422827,-0.0,False
2025-01-10 00:00:00+00:00,sui,long,0.00016664,1.0136105563399604,-0.000168908063108491,False
2025-01-10 08:00:00+00:00,hedera-hashgraph,long,0.0,0.43349614176633666,-0.0,False
2025-01-10 08:00:00+00:00,sui,long,0.0,1.0890722147368381,-0.0,False
2025-01-10 16:00:00+00:00,hedera-hashgraph,long,0.00025384,0.4181432495599843,-0.00010614148246830642,False
2025-01-10 16:00:00+00:00,sui,long,0.00021048,1.061649072474398,-0.00022345589677441133,False
2025-01-11 00:00:00+00:00,hedera-hashgraph,long,1.528e-05,0.4330192483210492,-6.616534114345632e-06,False
2025-01-11 00:00:00+00:00,sui,long,0.0,1.092721520049583,-0.0,False
2025-01-11 08:00:00+00:00,hedera-hashgraph,long,0.0004,0.4276657348062089,-0.00017106629392248357,False
2025-01-11 08:00:00+00:00,sui,long,0.0,1.0656184922882608,-0.0,False
2025-01-11 16:00:00+00:00,hedera-hashgraph,long,0.0004,0.4283118485062758,-0.00017132473940251032,False
2025-01-11 16:00:00+00:00,sui,long,0.0,1.0554815330861917,-0.0,False
2025-01-12 00:00:00+00:00,hedera-hashgraph,long,0.0004,0.449341311077502,-0.00017973652443100082,False
2025-01-12 00:00:00+00:00,sui,long,0.0,1.059920454168361,-0.0,False
2025-01-12 08:00:00+00:00,hedera-hashgraph,long,0.0004,0.428514466698529,-0.0001714057866794116,False
2025-01-12 08:00:00+00:00,sui,long,0.0004,0.6816502381861613,-0.00027266009527446457,False
2025-01-12 16:00:00+00:00,hedera-hashgraph,long,0.00011408,0.423725840800791,-4.8338643918554244e-05,False
2025-01-12 16:00:00+00:00,sui,long,3.384e-05,0.6810451648976513,-2.304656838013652e-05,False
2025-01-13 00:00:00+00:00,hedera-hashgraph,long,0.00039732,0.41724093049413624,-0.00016577816650393022,False
2025-01-13 00:00:00+00:00,sui,long,0.0004,0.6657354035511638,-0.0002662941614204655,False
2025-01-13 08:00:00+00:00,hedera-hashgraph,long,0.0004,0.42022012027969846,-0.00016808804811187938,False
2025-01-13 08:00:00+00:00,sui,long,0.0004,0.32904346964134834,-0.00013161738785653934,False
2025-01-13 16:00:00+00:00,hedera-hashgraph,long,0.0,0.42166996154054104,-0.0,False
2025-01-13 16:00:00+00:00,sui,long,0.0004,0.32873770775531497,-0.00013149508310212598,False
2025-01-14 00:00:00+00:00,hedera-hashgraph,long,0.0,0.4285917843342411,-0.0,False
2025-01-14 00:00:00+00:00,sui,long,0.0,0.3453944504992285,-0.0,False
2025-01-14 08:00:00+00:00,hedera-hashgraph,long,0.00016996,0.428249388341904,-7.278526604259e-05,False
2025-01-14 16:00:00+00:00,hedera-hashgraph,long,0.0004,0.4455166400657556,-0.00017820665602630225,False
2025-01-15 00:00:00+00:00,hedera-hashgraph,long,0.0004,0.44173077204073996,-0.000176692308816296,False
2025-01-15 08:00:00+00:00,hedera-hashgraph,long,0.0004,0.48006653322087733,-0.00019202661328835094,False
2025-01-15 16:00:00+00:00,hedera-hashgraph,long,0.0004,0.48913107089052843,-0.00019565242835621139,False
2025-01-16 00:00:00+00:00,hedera-hashgraph,long,0.0004,0.4961487774734842,-0.00019845951098939368,False
2025-01-16 08:00:00+00:00,hedera-hashgraph,long,0.0004,0.45307297442923905,-0.00018122918977169563,False
2025-01-16 08:00:00+00:00,ripple,long,0.0004,0.8833235726880271,-0.00035332942907521085,False
2025-01-16 16:00:00+00:00,hedera-hashgraph,long,0.0004,0.4851198286670259,-0.00019404793146681037,False
2025-01-16 16:00:00+00:00,ripple,long,0.0004,0.9457013854200014,-0.00037828055416800054,False
2025-01-17 00:00:00+00:00,hedera-hashgraph,long,0.0004,0.4869322816716767,-0.00019477291266867068,False
2025-01-17 00:00:00+00:00,ripple,long,0.0004,0.9263762702014795,-0.0003705505080805918,False
2025-01-17 08:00:00+00:00,hedera-hashgraph,long,0.0004,0.4341024342531416,-0.00017364097370125664,False
2025-01-17 08:00:00+00:00,ripple,long,0.00026064,1.7907059990872547,-0.0004667296116021021,False
2025-01-17 16:00:00+00:00,hedera-hashgraph,long,0.0004,0.42030785680630056,-0.00016812314272252022,False
2025-01-17 16:00:00+00:00,ripple,long,0.0,1.735268536011186,-0.0,False
2025-01-18 00:00:00+00:00,hedera-hashgraph,long,0.0004,0.43177258087165177,-0.00017270903234866073,False
2025-01-18 00:00:00+00:00,ripple,long,0.00021504,1.7840882197376653,-0.00038365033077238754,False
2025-01-18 08:00:00+00:00,hedera-hashgraph,long,0.0004,0.5675455677648453,-0.00022701822710593814,False
2025-01-18 08:00:00+00:00,ripple,long,0.000328,2.561541980607622,-0.0008401857696393,False
2025-01-18 16:00:00+00:00,hedera-hashgraph,long,0.0004,0.5654200504722642,-0.00022616802018890568,False
2025-01-18 16:00:00+00:00,ripple,long,0.00027824,2.6101398205016575,-0.0007262453036563812,False
2025-01-19 00:00:00+00:00,hedera-hashgraph,long,0.0004,0.5751227935330543,-0.00023004911741322172,False
2025-01-19 00:00:00+00:00,ripple,long,0.0004,2.6880114861186652,-0.0010752045944474663,False
2025-01-19 08:00:00+00:00,hedera-hashgraph,long,0.0004,0.3884909035179011,-0.00015539636140716044,False
2025-01-19 08:00:00+00:00,ripple,long,0.0004,2.607099964487662,-0.0010428399857950648,False
2025-01-19 16:00:00+00:00,hedera-hashgraph,long,0.0004,0.38460388438662224,-0.0001538415537546489,False
2025-01-19 16:00:00+00:00,ripple,long,0.0,2.57866662106505,-0.0,False
2025-01-20 00:00:00+00:00,hedera-hashgraph,long,0.0004,0.3623257118799212,-0.0001449302847519685,False
2025-01-20 00:00:00+00:00,ripple,long,0.00022724,2.4207673335279565,-0.0005500951688708929,False
2025-01-20 08:00:00+00:00,hedera-hashgraph,long,0.0004,0.20719483295267005,-8.287793318106802e-05,False
2025-01-20 08:00:00+00:00,ripple,long,0.0004,0.882277066810058,-0.00035291082672402323,False
2025-01-20 16:00:00+00:00,hedera-hashgraph,long,0.0004,0.20176632149382875,-8.07065285975315e-05,False
2025-01-20 16:00:00+00:00,ripple,long,0.0004,0.9022329728480624,-0.00036089318913922494,False
2025-01-21 00:00:00+00:00,hedera-hashgraph,long,0.0004,0.19467450956701082,-7.786980382680434e-05,False
2025-01-21 00:00:00+00:00,ripple,long,0.0004,0.8557886335192815,-0.0003423154534077126,False
2025-01-21 08:00:00+00:00,ripple,long,0.00029192,0.8364302895330074,-0.0002441707301204755,False
2025-01-21 16:00:00+00:00,ripple,long,3.152e-05,0.8508261169296247,-2.6818039205621774e-05,False
2025-01-22 00:00:00+00:00,ripple,long,0.0004,0.8652219443262421,-0.00034608877773049685,False
2025-01-22 08:00:00+00:00,ripple,long,0.0004,1.7517683683552832,-0.0007007073473421133,False
2025-01-22 16:00:00+00:00,ripple,long,0.0004,1.7465749969664608,-0.0006986299987865843,False
2025-01-23 00:00:00+00:00,ripple,long,0.0004,1.75607776163537,-0.0007024311046541481,False
2025-01-23 08:00:00+00:00,ripple,long,0.00033356,0.8442103229264332,-0.00028159479531534107,False
2025-01-23 16:00:00+00:00,ripple,long,5.124e-05,0.8453977171727894,-4.331817902793373e-05,False
2025-01-24 00:00:00+00:00,ripple,long,0.000135,0.8415116996392599,-0.00011360407945130008,False
2025-01-24 08:00:00+00:00,ripple,long,0.0004,0.8540602979246159,-0.00034162411916984636,False
2025-01-24 16:00:00+00:00,ripple,long,0.0004,0.8539793392260007,-0.0003415917356904003,False
2025-01-25 00:00:00+00:00,ripple,long,6.036e-05,0.8362223979964002,-5.047438394306271e-05,False
2025-01-25 08:00:00+00:00,ripple,long,3e-05,0.838462255324754,-2.5153867659742622e-05,False
2025-01-25 16:00:00+00:00,ripple,long,0.0004,0.8472597672409391,-0.00033890390689637564,False
2025-01-26 00:00:00+00:00,ripple,long,0.0004,0.8384082828590105,-0.0003353633131436042,False
2025-01-26 08:00:00+00:00,ripple,long,0.0004,0.8478534643641172,-0.0003391413857456469,False
2025-01-26 16:00:00+00:00,ripple,long,0.0004,0.8403512916257753,-0.0003361405166503101,False
2025-01-27 00:00:00+00:00,ripple,long,0.00017024,0.8152271088221916,-0.0001387842630058899,False
2025-01-27 08:00:00+00:00,ripple,long,0.0004,0.7579623226683735,-0.00030318492906734944,False
2025-01-27 16:00:00+00:00,ripple,long,0.0,0.7970923603323868,-0.0,False
2025-01-28 00:00:00+00:00,ripple,long,0.00023704,0.823889689574018,-0.0001952948120166252,False
2025-01-28 08:00:00+00:00,ripple,long,0.0004,0.8375717096399868,-0.00033502868385599475,False
2025-01-28 16:00:00+00:00,ripple,long,0.0004,0.8590797372387582,-0.0003436318948955033,False
2025-01-29 00:00:00+00:00,ripple,long,0.0004,0.8246453040944266,-0.00032985812163777064,False
2025-01-29 08:00:00+00:00,ripple,long,0.0,0.960299265851518,-0.0,False
2025-01-29 16:00:00+00:00,ripple,long,0.00016512,0.9474330062426985,-0.00015644013799079437,False
2025-01-30 00:00:00+00:00,ripple,long,0.00028556,0.9486392180810255,-0.00027089341511521767,False
2025-01-30 08:00:00+00:00,ripple,long,0.0004,0.9613199066377945,-0.00038452796265511785,False
2025-01-30 16:00:00+00:00,ripple,long,0.0004,0.9648148281180747,-0.0003859259312472299,False
2025-01-31 00:00:00+00:00,ripple,long,0.0004,0.9669179667079779,-0.0003867671866831912,False
2025-01-31 08:00:00+00:00,ripple,long,0.0004,1.0399303748450803,-0.00041597214993803217,False
2025-01-31 16:00:00+00:00,ripple,long,0.0004,1.046755129091952,-0.00041870205163678075,False
2025-02-01 00:00:00+00:00,ripple,long,0.0,1.0253686467242802,-0.0,False
2025-02-01 08:00:00+00:00,ripple,long,0.0004,1.1167774681488953,-0.00044671098725955813,False
2025-02-01 16:00:00+00:00,ripple,long,0.0,1.0951790656295801,-0.0,False
2025-02-02 00:00:00+00:00,ripple,long,0.00011864,1.060201447897788,-0.00012578229977859356,False
2025-02-02 08:00:00+00:00,ripple,long,0.0004,0.9241799760175314,-0.0003696719904070126,False
2025-02-02 08:00:00+00:00,chainlink,long,0.0,0.1594004542323406,-0.0,False
2025-02-02 16:00:00+00:00,ripple,long,0.0004,0.9010834962281312,-0.0003604333984912525,False
2025-02-02 16:00:00+00:00,chainlink,long,0.0004,0.1560854765767669,-6.243419063070677e-05,False
2025-02-03 00:00:00+00:00,ripple,long,0.00033516,0.8270464471254424,-0.00027719288721856326,False
2025-02-03 00:00:00+00:00,chainlink,long,0.00035376,0.1439094439989698,-5.090940490907556e-05,False
2025-02-03 08:00:00+00:00,ripple,long,0.0,0.784221812125609,-0.0,False
2025-02-03 08:00:00+00:00,chainlink,long,0.0,0.16899304354318892,-0.0,False
2025-02-03 08:00:00+00:00,solana,long,0.0,0.20043096311092,-0.0,False
2025-02-03 16:00:00+00:00,ripple,long,0.0,0.8234732516623343,-0.0,False
2025-02-03 16:00:00+00:00,chainlink,long,0.0,0.17756673130471562,-0.0,False
2025-02-03 16:00:00+00:00,solana,long,0.0,0.20856761168852894,-0.0,False
2025-02-04 00:00:00+00:00,ripple,long,0.0,0.8714077810307859,-0.0,False
2025-02-04 00:00:00+00:00,chainlink,long,0.0,0.18829036919527495,-0.0,False
2025-02-04 00:00:00+00:00,solana,long,0.0,0.21782561859537003,-0.0,False
2025-02-04 08:00:00+00:00,ripple,long,0.00028128,0.3356683716526369,-9.441679957845371e-05,False
2025-02-04 08:00:00+00:00,chainlink,long,8.48e-05,0.14801408127520987,-1.2551594092137798e-05,False
2025-02-04 08:00:00+00:00,solana,long,0.0,0.5641766558132053,-0.0,False
2025-02-04 16:00:00+00:00,ripple,long,0.0,0.35362288338792774,-0.0,False
2025-02-04 16:00:00+00:00,chainlink,long,0.0,0.15472485724744303,-0.0,False
2025-02-04 16:00:00+00:00,solana,long,0.000228,0.5955466625549184,-0.0001357846390625214,False
2025-02-05 00:00:00+00:00,ripple,long,0.0,0.34089272957862005,-0.0,False
2025-02-05 00:00:00+00:00,chainlink,long,0.00022988,0.15049480632561968,-3.459574607813345e-05,False
2025-02-05 00:00:00+00:00,solana,long,0.0,0.5703346254325165,-0.0,False
2025-02-05 08:00:00+00:00,ripple,long,0.0,0.18078905011699828,-0.0,False
2025-02-05 08:00:00+00:00,solana,long,0.0,0.9635421588723275,-0.0,False
2025-02-05 16:00:00+00:00,ripple,long,0.0,0.18015518277525971,-0.0,False
2025-02-05 16:00:00+00:00,solana,long,0.0,0.9481769617360102,-0.0,False
2025-02-06 00:00:00+00:00,ripple,long,0.0003648,0.17145391290230327,-6.254638742676024e-05,False
2025-02-06 00:00:00+00:00,solana,long,0.0,0.9210093754870307,-0.0,False
2025-02-06 08:00:00+00:00,solana,long,0.0,0.7764010621026306,-0.0,False
2025-02-06 16:00:00+00:00,solana,long,0.00027428,0.7349451233737181,-0.0002015807484389434,False
2025-02-07 00:00:00+00:00,solana,long,0.00010812,0.7283741533043699,-7.875181345526848e-05,False
2025-02-07 08:00:00+00:00,solana,long,2.78e-05,0.3771695448217574,-1.0485313346044856e-05,False
2025-02-07 16:00:00+00:00,solana,long,2.908e-05,0.3880291548165214,-1.1283887822064442e-05,False
2025-02-08 00:00:00+00:00,solana,long,0.0,0.3761992367085068,-0.0,False
2025-02-08 08:00:00+00:00,bitcoin,long,4.548e-05,0.21798320693122025,-9.913876251231896e-06,False
2025-02-08 16:00:00+00:00,bitcoin,long,1.296e-05,0.21717682730369112,-2.8146116818558366e-06,False
2025-02-09 00:00:00+00:00,bitcoin,long,0.00015492,0.21856583151450668,-3.3860218618227374e-05,False
2025-02-09 08:00:00+00:00,bitcoin,long,0.000384,0.4398479526099498,-0.00016890161380222072,False
2025-02-09 16:00:00+00:00,bitcoin,long,0.00011356,0.43723332910176393,-4.965221685279631e-05,False
2025-02-10 00:00:00+00:00,bitcoin,long,7.208e-05,0.4371852711701066,-3.1512314345941284e-05,False
2025-02-10 08:00:00+00:00,bitcoin,long,0.00036704,0.44527762045178626,-0.00016343469781062364,False
2025-02-10 08:00:00+00:00,tron,long,0.0,0.22393698029369702,-0.0,False
2025-02-10 16:00:00+00:00,bitcoin,long,0.00029828,0.444354910269937,-0.00013254218263531682,False
2025-02-10 16:00:00+00:00,tron,long,0.0004,0.22872886630262976,-9.14915465210519e-05,False
2025-02-11 00:00:00+00:00,bitcoin,long,0.00016872,0.4452671039333608,-7.512546577563663e-05,False
2025-02-11 00:00:00+00:00,tron,long,0.0004,0.23540498692984543,-9.416199477193817e-05,False
2025-02-11 08:00:00+00:00,bitcoin,long,0.0002836,0.2214218013484627,-6.279522286242403e-05,False
2025-02-11 08:00:00+00:00,tron,long,0.0004,0.43939027767098454,-0.00017575611106839382,False
2025-02-11 08:00:00+00:00,litecoin,long,0.0004,0.18056428567801183,-7.222571427120473e-05,False
2025-02-11 16:00:00+00:00,bitcoin,long,0.0,0.21854312858905514,-0.0,False
2025-02-11 16:00:00+00:00,tron,long,0.0004,0.4371281337896721,-0.00017485125351586884,False
2025-02-11 16:00:00+00:00,litecoin,long,0.0004,0.17451941667394666,-6.980776666957867e-05,False
2025-02-12 00:00:00+00:00,bitcoin,long,5.192e-05,0.21578324531709636,-1.1203466096863643e-05,False
2025-02-12 00:00:00+00:00,tron,long,0.0,0.4288811053089819,-0.0,False
2025-02-12 00:00:00+00:00,litecoin,long,0.0004,0.16650612612352306,-6.660245044940923e-05,False
2025-02-12 08:00:00+00:00,tron,long,0.0004,0.43625917661904956,-0.00017450367064761983,False
2025-02-12 08:00:00+00:00,litecoin,long,0.0004,0.5108946146768197,-0.0002043578458707279,False
2025-02-12 16:00:00+00:00,tron,long,0.0004,0.44260423423025985,-0.00017704169369210394,False
2025-02-12 16:00:00+00:00,litecoin,long,0.0001832,0.5058695650114217,-9.267530431009245e-05,False
2025-02-13 00:00:00+00:00,tron,long,0.0,0.4432423865762149,-0.0,False
2025-02-13 00:00:00+00:00,litecoin,long,0.00018304,0.5330048332045713,-9.756120466976473e-05,False
2025-02-13 08:00:00+00:00,tron,long,0.0,0.21842264317321142,-0.0,False
2025-02-13 08:00:00+00:00,litecoin,long,0.0004,0.8452169789681776,-0.0003380867915872711,False
2025-02-13 16:00:00+00:00,tron,long,0.0,0.21483031507005873,-0.0,False
2025-02-13 16:00:00+00:00,litecoin,long,0.0,0.8498690398891394,-0.0,False
2025-02-14 00:00:00+00:00,tron,long,0.0,0.21274767422038285,-0.0,False
2025-02-14 00:00:00+00:00,litecoin,long,0.0004,0.878614610355978,-0.0003514458441423912,False
2025-02-14 08:00:00+00:00,litecoin,long,0.00036984,1.2226215911008556,-0.00045217436925274043,False
2025-02-14 16:00:00+00:00,litecoin,long,0.0003618,1.2311929437285023,-0.00044544560704097216,False
2025-02-15 00:00:00+00:00,litecoin,long,0.00038204,1.20230074386003,-0.00045932697618428583,False
2025-02-15 08:00:00+00:00,litecoin,long,0.0004,1.3942138286880987,-0.0005576855314752395,False
2025-02-15 16:00:00+00:00,litecoin,long,0.0004,1.4400952571176957,-0.0005760381028470783,False
2025-02-16 00:00:00+00:00,litecoin,long,0.00016988,1.4405260686522459,-0.00024471656854264354,False
2025-02-16 08:00:00+00:00,litecoin,long,0.00026312,1.7240207621397354,-0.00045362434293420715,False
2025-02-16 16:00:00+00:00,litecoin,long,0.00018852,1.653716335953702,-0.0003117586036539919,False
2025-02-17 00:00:00+00:00,litecoin,long,9.74e-05,1.6357496492617156,-0.00015932201583809108,False
2025-02-17 08:00:00+00:00,litecoin,long,0.0001286,1.8902144410411998,-0.0002430815771178983,False
2025-02-17 16:00:00+00:00,litecoin,long,0.0002502,1.8395715854324093,-0.0004602608106751888,False
2025-02-18 00:00:00+00:00,litecoin,long,0.00021072,1.8425860411234087,-0.00038826973058552465,False
2025-04-24 04:00:00+00:00,hyperliquid,long,0.0002,2.2385379190277566,-0.0004477075838055513,True
2025-04-24 08:00:00+00:00,hyperliquid,long,0.0004,2.227385502049484,-0.0008909542008197937,True
2025-04-24 08:00:00+00:00,sui,long,0.0,0.7867017272574497,-0.0,False
2025-04-24 12:00:00+00:00,hyperliquid,long,0.0002,2.2107807923262777,-0.00044215615846525554,True
2025-04-24 16:00:00+00:00,hyperliquid,long,0.0004,2.2596035955422717,-0.0009038414382169088,True
2025-04-24 16:00:00+00:00,sui,long,0.0,0.8450854889280501,-0.0,False
2025-04-24 20:00:00+00:00,hyperliquid,long,0.0002,2.3427510599025054,-0.0004685502119805011,True
2025-04-25 00:00:00+00:00,hyperliquid,long,0.0004,2.3296159910169845,-0.0009318463964067938,True
2025-04-25 00:00:00+00:00,sui,long,0.0004,0.8677902851332836,-0.00034711611405331347,False
2025-04-25 04:00:00+00:00,hyperliquid,long,0.0002,2.315861343410448,-0.00046317226868208963,True
2025-04-25 08:00:00+00:00,hyperliquid,long,0.0004,2.3403966607626483,-0.0009361586643050594,True
2025-04-25 08:00:00+00:00,sui,long,0.0,0.9277309471150998,-0.0,False
2025-04-25 12:00:00+00:00,hyperliquid,long,0.0002,2.3599753483467274,-0.0004719950696693455,True
2025-04-25 16:00:00+00:00,hyperliquid,long,0.00035408,2.2975218132683994,-0.0008135065236420749,True
2025-04-25 16:00:00+00:00,sui,long,0.0,0.9528489388027181,-0.0,False
2025-04-25 20:00:00+00:00,hyperliquid,long,0.0002,2.2707560125205446,-0.00045415120250410894,True
2025-04-26 00:00:00+00:00,hyperliquid,long,0.0004,2.2832715026850505,-0.0009133086010740202,True
2025-04-26 00:00:00+00:00,sui,long,0.0003164,0.9129922908355883,-0.00028887076082038016,False
2025-04-26 04:00:00+00:00,hyperliquid,long,0.0002,2.282528008219833,-0.0004565056016439666,True
2025-04-26 08:00:00+00:00,hyperliquid,long,0.0004,2.2462206951683443,-0.0008984882780673377,True
2025-04-26 08:00:00+00:00,sui,long,0.0,0.92093248242279,-0.0,False
2025-04-26 12:00:00+00:00,hyperliquid,long,0.0002,2.1904586102769805,-0.00043809172205539615,True
2025-04-26 16:00:00+00:00,hyperliquid,long,0.0003548,2.208178561698014,-0.0007834617536904554,True
2025-04-26 16:00:00+00:00,sui,long,0.0004,0.9023794203807992,-0.00036095176815231973,False
2025-04-26 20:00:00+00:00,hyperliquid,long,0.0002,2.2183396527226624,-0.0004436679305445325,True
2025-04-27 00:00:00+00:00,hyperliquid,long,0.00039468,2.220817967606723,-0.0008765124354550214,True
2025-04-27 00:00:00+00:00,sui,long,0.00012572,0.9135631542830343,-0.00011485315975646307,False
2025-04-27 04:00:00+00:00,hyperliquid,long,0.0002,2.196034818766117,-0.0004392069637532235,True
2025-04-27 08:00:00+00:00,hyperliquid,long,0.00023068,2.172119080134932,-0.0005010644294055261,True
2025-04-27 08:00:00+00:00,sui,long,0.00019176,0.9388887326788147,-0.0001800413033784895,False
2025-04-27 12:00:00+00:00,hyperliquid,long,0.0002,2.1825280026479863,-0.0004365056005295973,True
2025-04-27 16:00:00+00:00,hyperliquid,long,0.0003948,2.2289964067241232,-0.0008800077813746838,True
2025-04-27 16:00:00+00:00,sui,long,0.0,0.9191679954034119,-0.0,False
2025-04-27 20:00:00+00:00,hyperliquid,long,0.0002,2.1970261447197412,-0.00043940522894394824,True
2025-04-28 00:00:00+00:00,hyperliquid,long,0.0002,2.15526653892332,-0.000431053307784664,True
2025-04-28 00:00:00+00:00,sui,long,2.248e-05,0.923553264613337,-2.0761477388507817e-05,False
2025-04-28 04:00:00+00:00,hyperliquid,long,0.0002,2.1812888452059562,-0.00043625776904119125,True
2025-04-28 08:00:00+00:00,hyperliquid,long,0.00037748,2.2608427529843023,-0.0008534229223965145,True
2025-04-28 08:00:00+00:00,sui,long,0.0002786,0.9631763775337844,-0.0002683409387809123,False
2025-04-28 12:00:00+00:00,hyperliquid,long,0.0002,2.264931972543002,-0.00045298639450860043,True
2025-04-28 16:00:00+00:00,hyperliquid,long,0.0002,2.1702603439718864,-0.0004340520687943773,True
2025-04-28 16:00:00+00:00,sui,long,0.0,0.9301181942589644,-0.0,False
2025-04-28 20:00:00+00:00,hyperliquid,long,0.0002,2.1983892179059743,-0.0004396778435811949,True
2025-04-29 00:00:00+00:00,hyperliquid,long,0.0004,2.3133830285263874,-0.000925353211410555,True
2025-04-29 00:00:00+00:00,sui,long,0.0,0.9159244530883784,-0.0,False
2025-04-29 04:00:00+00:00,hyperliquid,long,0.0002,2.311152545130733,-0.0004622305090261466,True
2025-04-29 08:00:00+00:00,hyperliquid,long,0.0004,2.3421314811814904,-0.0009368525924725962,True
2025-04-29 08:00:00+00:00,sui,long,0.0,0.93940769944922,-0.0,False
2025-04-29 12:00:00+00:00,hyperliquid,long,0.0002,2.333705210575684,-0.00046674104211513685,True
2025-04-29 16:00:00+00:00,hyperliquid,long,0.0004,2.3403966607626483,-0.0009361586643050594,True
2025-04-29 16:00:00+00:00,sui,long,0.0,0.9279125854847418,-0.0,False
2025-04-29 20:00:00+00:00,hyperliquid,long,0.00011530000000000001,2.363073241951803,-0.0002724623447970429,True
2025-04-30 00:00:00+00:00,hyperliquid,long,0.00020606,2.3070633255720328,-0.00047539346886737305,True
2025-04-30 00:00:00+00:00,sui,long,0.0,0.9165472132128649,-0.0,False
2025-04-30 04:00:00+00:00,hyperliquid,long,0.0002,2.2987609707104295,-0.00045975219414208594,True
2025-04-30 08:00:00+00:00,hyperliquid,long,0.0002,2.279430114614757,-0.00045588602292295137,True
2025-04-30 08:00:00+00:00,sui,long,0.00017828,0.92287860781181,-0.0001645307982006895,False
2025-04-30 12:00:00+00:00,hyperliquid,long,0.0002,2.32738550762133,-0.000465477101524266,True
2025-04-30 16:00:00+00:00,hyperliquid,long,0.00025472,2.2749691478234477,-0.0005794801413335886,True
2025-04-30 16:00:00+00:00,sui,long,0.0,0.888159730871693,-0.0,False
2025-04-30 20:00:00+00:00,hyperliquid,long,0.0002,2.3304834012264055,-0.0004660966802452811,True
2025-05-01 00:00:00+00:00,hyperliquid,long,0.00033624,2.4810410304330883,-0.0008342252360728216,True
2025-05-01 00:00:00+00:00,sui,long,0.0004,0.909748748520555,-0.000363899499408222,False
2025-05-01 04:00:00+00:00,hyperliquid,long,0.0002,2.4018588698873513,-0.0004803717739774703,True
2025-05-01 08:00:00+00:00,hyperliquid,long,0.00030872,2.4700125291990185,-0.000762542268014321,True
2025-05-01 08:00:00+00:00,sui,long,0.0004,0.9069982246374068,-0.0003627992898549627,False
2025-05-01 12:00:00+00:00,hyperliquid,long,0.0002,2.48190844064251,-0.0004963816881285019,True
2025-05-01 16:00:00+00:00,hyperliquid,long,0.0004,2.513011292437471,-0.0010052045169749884,True
2025-05-01 16:00:00+00:00,sui,long,0.0001698,0.9610226654366022,-0.00016318164859113507,False
2025-05-01 20:00:00+00:00,hyperliquid,long,0.0002,2.514374365623704,-0.0005028748731247407,True
2025-05-02 00:00:00+00:00,hyperliquid,long,0.0004,2.4743495802461246,-0.00098973983209845,True
2025-05-02 00:00:00+00:00,sui,long,0.0004,0.9216071392243169,-0.0003686428556897268,False
2025-05-02 04:00:00+00:00,hyperliquid,long,0.0002,2.552416499094034,-0.0005104832998188069,True
2025-05-02 08:00:00+00:00,hyperliquid,long,0.0004,2.508550325646161,-0.0010034201302584645,True
2025-05-02 08:00:00+00:00,sui,long,0.0004,0.8893533544436253,-0.0003557413417774501,False
2025-05-02 12:00:00+00:00,hyperliquid,long,0.0002,2.5027262856686185,-0.0005005452571337237,True
2025-05-02 16:00:00+00:00,hyperliquid,long,0.00036208,2.6252789566854164,-0.0009505610046366555,True
2025-05-02 16:00:00+00:00,sui,long,0.0,0.8952176789492056,-0.0,False
2025-05-02 20:00:00+00:00,hyperliquid,long,0.0002,2.5973979142397345,-0.000519479582847947,True
2025-05-03 00:00:00+00:00,hyperliquid,long,0.00035309999999999996,2.5800497100513105,-0.0009110155526191176,True
2025-05-03 00:00:00+00:00,sui,long,0.00014088,0.8896387861673483,-0.00012533231219525603,False
2025-05-03 04:00:00+00:00,hyperliquid,long,0.0002,2.2014816248276903,-0.00044029632496553805,True
2025-05-03 08:00:00+00:00,hyperliquid,long,0.0003042,2.18494188617073,-0.0006646593217731361,True
2025-05-03 08:00:00+00:00,sui,long,0.0004,1.2557363432369033,-0.0005022945372947613,False
2025-05-03 12:00:00+00:00,hyperliquid,long,8.632e-05,2.1574816790415463,-0.00018623381853486627,True
2025-05-03 16:00:00+00:00,hyperliquid,long,0.00027122,2.194165971190958,-0.0005951016947064117,True
2025-05-03 16:00:00+00:00,sui,long,0.0004,1.2312917171655289,-0.0004925166868662116,False
2025-05-03 20:00:00+00:00,hyperliquid,long,0.0002,2.2564020390860575,-0.0004512804078172115,True
2025-05-04 00:00:00+00:00,hyperliquid,long,0.00026832,2.2225803940118896,-0.0005963627713212702,True
2025-05-04 00:00:00+00:00,sui,long,0.0004,1.2337694629246545,-0.0004935077851698619,False
2025-05-04 04:00:00+00:00,hyperliquid,long,0.0002,1.8874742151810229,-0.00037749484303620457,True
2025-05-04 08:00:00+00:00,hyperliquid,long,0.00019712,1.8860992400351964,-0.0003717878821957379,True
2025-05-04 08:00:00+00:00,sui,long,0.0004,1.5310836364416753,-0.0006124334545766702,False
2025-05-04 12:00:00+00:00,hyperliquid,long,0.0002,1.9149737180975546,-0.0003829947436195109,True
2025-05-04 16:00:00+00:00,hyperliquid,long,0.00018146,1.9003073165420712,-0.0003448297656597242,True
2025-05-04 16:00:00+00:00,sui,long,0.0,1.5618960984086947,-0.0,False
2025-05-04 20:00:00+00:00,hyperliquid,long,0.00011816,1.8561247818561766,-0.0002193197042241258,True
2025-05-05 00:00:00+00:00,hyperliquid,long,0.00020216,1.8239503634438343,-0.00036872980547380553,True
2025-05-05 00:00:00+00:00,sui,long,0.0,1.562134584956427,-0.0,False
2025-05-05 04:00:00+00:00,hyperliquid,long,0.0002,1.6237957304945192,-0.00032475914609890385,True
2025-05-05 08:00:00+00:00,hyperliquid,long,0.0004,1.6473659313687041,-0.0006589463725474817,True
2025-05-05 08:00:00+00:00,sui,long,0.0,1.9302726548534026,-0.0,False
2025-05-05 12:00:00+00:00,hyperliquid,long,0.0002,1.5947311246868252,-0.00031894622493736503,True
2025-05-05 16:00:00+00:00,hyperliquid,long,0.0002,1.5948107537438325,-0.0003189621507487665,True
2025-05-05 16:00:00+00:00,sui,long,0.0004,1.9253667589995789,-0.0007701467035998316,False
2025-05-05 20:00:00+00:00,hyperliquid,long,9.404e-05,1.608745838720124,-0.00015128645867324046,True
2025-05-06 00:00:00+00:00,hyperliquid,long,0.0002,1.6146383889386706,-0.0003229276777877341,True
2025-05-06 00:00:00+00:00,sui,long,0.0004,1.9299343172083112,-0.0007719737268833245,False
2025-05-06 04:00:00+00:00,hyperliquid,long,0.00019814000000000002,0.8805263573817292,-0.00017446749245161584,True
2025-05-06 08:00:00+00:00,hyperliquid,long,0.0002,0.8759101155358188,-0.00017518202310716377,True
2025-05-06 08:00:00+00:00,sui,long,0.00028036,0.945466893012011,-0.0002650710981248474,False
2025-05-06 12:00:00+00:00,hyperliquid,long,0.0002,0.8562693129650111,-0.00017125386259300222,True
2025-05-06 16:00:00+00:00,hyperliquid,long,0.00015824,0.8933734455378007,-0.00014136741402190158,True
2025-05-06 16:00:00+00:00,sui,long,0.00034712,0.9054776956388795,-0.00031430941771016786,False
2025-05-06 20:00:00+00:00,hyperliquid,long,0.0002,0.8981638851892172,-0.00017963277703784346,True
2025-05-07 00:00:00+00:00,hyperliquid,long,0.00029288,0.9120997096297015,-0.00026713576295634697,True
2025-05-07 00:00:00+00:00,sui,long,0.00036324,0.9381476920902808,-0.00034077276767487363,False
2025-05-07 04:00:00+00:00,hyperliquid,long,0.0002,1.3221480110606907,-0.0002644296022121382,True
2025-05-07 08:00:00+00:00,hyperliquid,long,0.0003094,1.3520548026680728,-0.0004183257559455017,True
2025-05-07 08:00:00+00:00,sui,long,0.0004,2.3792944937775533,-0.0009517177975110213,False
2025-05-07 12:00:00+00:00,hyperliquid,long,1.216e-05,1.3651270676563745,-1.6599945142701514e-05,True
2025-05-07 16:00:00+00:00,hyperliquid,long,0.00023196,1.342936100749404,-0.00031150745792983173,True
2025-05-07 16:00:00+00:00,sui,long,0.00025492,2.3202875428857967,-0.0005914877004324473,False
2025-05-07 20:00:00+00:00,hyperliquid,long,0.0002,1.3278870542262864,-0.0002655774108452573,True
2025-05-08 00:00:00+00:00,hyperliquid,long,0.00029816,1.3422346621402756,-0.0004002006868637446,True
2025-05-08 00:00:00+00:00,sui,long,0.0,2.328537329858815,-0.0,False
2025-05-08 04:00:00+00:00,hyperliquid,long,0.0002,1.530764451890349,-0.0003061528903780698,True
2025-05-08 08:00:00+00:00,hyperliquid,long,0.0004,1.5531373823452719,-0.0006212549529381088,True
2025-05-08 08:00:00+00:00,sui,long,0.0004,2.3407740338747116,-0.0009363096135498847,False
2025-05-08 12:00:00+00:00,hyperliquid,long,0.0002,1.5371058238982729,-0.0003074211647796546,True
2025-05-08 16:00:00+00:00,hyperliquid,long,0.0004,1.5616162954794626,-0.000624646518191785,True
2025-05-08 16:00:00+00:00,sui,long,0.0004,2.503135774267911,-0.0010012543097071645,False
2025-05-08 20:00:00+00:00,hyperliquid,long,0.0002,1.5646088530562356,-0.00031292177061124714,True
2025-05-09 00:00:00+00:00,hyperliquid,long,0.0004,1.6647882805072611,-0.0006659153122029045,True
2025-05-09 00:00:00+00:00,sui,long,0.0004,2.595923097589649,-0.0010383692390358596,False
2025-05-09 04:00:00+00:00,hyperliquid,long,0.0002,1.6793948115367492,-0.00033587896230734987,True
2025-05-09 08:00:00+00:00,hyperliquid,long,0.0004,1.766820243601051,-0.0007067280974404204,True
2025-05-09 08:00:00+00:00,sui,long,0.0004,2.561200190733281,-0.0010244800762933125,False
2025-05-09 12:00:00+00:00,hyperliquid,long,0.0002,1.7713803313370862,-0.0003542760662674173,True
2025-05-09 16:00:00+00:00,hyperliquid,long,0.0004,1.7683165223894375,-0.000707326608955775,True
2025-05-09 16:00:00+00:00,sui,long,0.0004,2.5204329260167317,-0.0010081731704066927,False
2025-05-09 20:00:00+00:00,hyperliquid,long,0.0002,1.7966033166270314,-0.0003593206633254063,True
2025-05-10 00:00:00+00:00,hyperliquid,long,0.0004,1.757272559903727,-0.0007029090239614909,True
2025-05-10 00:00:00+00:00,sui,long,0.0004,2.541781083565461,-0.0010167124334261844,False
2025-05-10 04:00:00+00:00,hyperliquid,long,0.0002,1.493217929804793,-0.0002986435859609586,True
2025-05-10 08:00:00+00:00,hyperliquid,long,0.0004,1.545227521234907,-0.0006180910084939628,True
2025-05-10 08:00:00+00:00,sui,long,0.0004,2.725036226277324,-0.0010900144905109297,False
2025-05-10 12:00:00+00:00,hyperliquid,long,0.0002,1.5365084455320859,-0.00030730168910641717,True
2025-05-10 16:00:00+00:00,hyperliquid,long,0.0004,1.5182166783233706,-0.0006072866713293483,True
2025-05-10 16:00:00+00:00,sui,long,0.0004,2.6965603096106427,-0.0010786241238442571,False
2025-05-10 20:00:00+00:00,hyperliquid,long,0.0002,1.5426057012683243,-0.0003085211402536649,True
2025-05-11 00:00:00+00:00,hyperliquid,long,0.0004,1.6029075604997225,-0.000641163024199889,True
2025-05-11 00:00:00+00:00,sui,long,0.0004,2.8103277278722647,-0.001124131091148906,False
2025-05-11 04:00:00+00:00,hyperliquid,long,0.0002,1.3469401640207808,-0.00026938803280415616,True
2025-05-11 08:00:00+00:00,hyperliquid,long,0.0004,1.2764105258905074,-0.000510564210356203,True
2025-05-11 08:00:00+00:00,sui,long,0.0004,2.88083079044829,-0.001152332316179316,False
2025-05-11 12:00:00+00:00,hyperliquid,long,0.0002,1.3274285634495941,-0.00026548571268991884,True
2025-05-11 16:00:00+00:00,hyperliquid,long,0.0004,1.2772634920356958,-0.0005109053968142784,True
2025-05-11 16:00:00+00:00,sui,long,0.0,2.8609825468133114,-0.0,False
2025-05-11 20:00:00+00:00,hyperliquid,long,0.0002,1.3042385463772819,-0.0002608477092754564,True
2025-05-12 00:00:00+00:00,hyperliquid,long,0.0004,1.3256160103910686,-0.0005302464041564275,True
2025-05-12 00:00:00+00:00,sui,long,0.0004,2.9221994740684467,-0.0011688797896273787,False
2025-05-12 04:00:00+00:00,hyperliquid,long,0.0002,1.1810529280097366,-0.00023621058560194732,True
2025-05-12 08:00:00+00:00,hyperliquid,long,0.0004,1.1911068870223454,-0.00047644275480893816,True
2025-05-12 08:00:00+00:00,sui,long,0.0004,3.223323082115289,-0.0012893292328461157,False
2025-05-12 12:00:00+00:00,hyperliquid,long,0.0002,1.1827764638404694,-0.0002365552927680939,True
2025-05-12 16:00:00+00:00,hyperliquid,long,0.0004,1.1711425969830223,-0.0004684570387932089,True
2025-05-12 16:00:00+00:00,sui,long,0.0004,3.008246413959545,-0.001203298565583818,False
2025-05-12 20:00:00+00:00,hyperliquid,long,0.0002,1.1627642978058483,-0.00023255285956116968,True
2025-05-13 00:00:00+00:00,hyperliquid,long,0.0004,1.1904366230881713,-0.00047617464923526857,True
2025-05-13 00:00:00+00:00,sui,long,0.0002876,3.0313203584650634,-0.0008718077350945522,False
2025-05-13 04:00:00+00:00,hyperliquid,long,0.0002,1.12905959711596,-0.000225811919423192,True
2025-05-13 08:00:00+00:00,hyperliquid,long,0.0004,1.1834467277746437,-0.0004733786911098575,True
2025-05-13 08:00:00+00:00,sui,long,0.0004,3.024978843915534,-0.0012099915375662137,False
2025-05-13 12:00:00+00:00,hyperliquid,long,0.0002,1.198719170274749,-0.00023974383405494983,True
2025-05-13 16:00:00+00:00,hyperliquid,long,0.0004,1.2101136571557056,-0.00048404546286228225,True
2025-05-13 16:00:00+00:00,sui,long,0.0004,3.061576259207399,-0.0012246305036829597,False
2025-05-13 20:00:00+00:00,hyperliquid,long,0.0002,1.2587077923833145,-0.0002517415584766629,True
2025-05-14 00:00:00+00:00,hyperliquid,long,0.0004,1.2347697947342462,-0.0004939079178936985,True
2025-05-14 00:00:00+00:00,sui,long,0.00024768,3.105584842105342,-0.0007691912536926511,False
2025-05-14 04:00:00+00:00,hyperliquid,long,0.0002,1.2262478675711779,-0.00024524957351423557,True
2025-05-14 08:00:00+00:00,hyperliquid,long,0.0004,1.2381689904004138,-0.0004952675961601656,True
2025-05-14 08:00:00+00:00,sui,long,0.0001816,3.0546999181295957,-0.0005547335051323346,False
2025-05-14 12:00:00+00:00,hyperliquid,long,0.0002,1.2212208880648734,-0.0002442441776129747,True
2025-05-14 16:00:00+00:00,hyperliquid,long,0.0004,1.2302215751809231,-0.0004920886300723693,True
2025-05-14 16:00:00+00:00,sui,long,0.0,2.9868533528286005,-0.0,False
2025-05-14 20:00:00+00:00,hyperliquid,long,0.0002,1.2033631418186685,-0.00024067262836373373,True
2025-05-15 00:00:00+00:00,hyperliquid,long,0.0004,1.208150741348482,-0.0004832602965393928,True
2025-05-15 00:00:00+00:00,sui,long,0.0004,2.99296565600887,-0.0011971862624035481,False
2025-05-15 04:00:00+00:00,hyperliquid,long,0.0002,0.9932062876446683,-0.00019864125752893367,True
2025-05-15 08:00:00+00:00,hyperliquid,long,0.00038428,0.9730804864649049,-0.00037393536933873363,True
2025-05-15 08:00:00+00:00,sui,long,0.0004,2.5208835560628753,-0.0010083534224251502,False
2025-05-15 08:00:00+00:00,ethereum,long,0.0004,0.21271496998833847,-8.50859879953354e-05,False
2025-05-15 12:00:00+00:00,hyperliquid,long,0.0002,0.9976475678254909,-0.00019952951356509818,True
2025-05-15 16:00:00+00:00,hyperliquid,long,0.0002,1.0156127462145839,-0.00020312254924291677,True
2025-05-15 16:00:00+00:00,sui,long,9.496e-05,2.57979828172879,-0.0002449776448329659,False
2025-05-15 16:00:00+00:00,ethereum,long,0.00022792,0.2155403613450565,-4.912595915776528e-05,False
2025-05-15 20:00:00+00:00,hyperliquid,long,0.0002,1.0246553527088713,-0.00020493107054177427,True
2025-05-16 00:00:00+00:00,hyperliquid,long,0.00024797999999999997,1.0470217997456261,-0.00025964046590092033,True
2025-05-16 00:00:00+00:00,sui,long,0.0004,2.6182357182198306,-0.0010472942872879322,False
2025-05-16 00:00:00+00:00,ethereum,long,0.00027204,0.2142352996231439,-5.8280570909480055e-05,False
2025-05-16 04:00:00+00:00,hyperliquid,long,0.0002,1.1888544941459793,-0.00023777089882919588,True
2025-05-16 08:00:00+00:00,hyperliquid,long,0.0002946,1.1793648443876208,-0.00034744088315659307,True
2025-05-16 08:00:00+00:00,sui,long,0.00029596,1.7803424257366283,-0.0005269101443210125,False
2025-05-16 08:00:00+00:00,ethereum,long,0.0004,0.6749198541291506,-0.00026996794165166026,False
2025-05-16 12:00:00+00:00,hyperliquid,long,0.0001924,1.1828958768558473,-0.000227589166707065,True
2025-05-16 16:00:00+00:00,hyperliquid,long,0.0002774,1.2243855083575075,-0.0003396445400183726,True
2025-05-16 16:00:00+00:00,sui,long,0.00029596,1.7775020142599378,-0.0005260694961403712,False
2025-05-16 16:00:00+00:00,ethereum,long,0.00028808,0.6733055548214443,-0.0001939658642329617,False
2025-05-16 20:00:00+00:00,hyperliquid,long,0.0002,1.2257537834389454,-0.0002451507566877891,True
2025-05-17 00:00:00+00:00,hyperliquid,long,0.00026367999999999997,1.1833372559143756,-0.0003120223676395025,True
2025-05-17 00:00:00+00:00,sui,long,0.0,1.7319638044562218,-0.0,False
2025-05-17 00:00:00+00:00,ethereum,long,0.00010172,0.6581384082712262,-6.694583888934912e-05,False
2025-05-17 04:00:00+00:00,hyperliquid,long,0.0002,1.349098552321039,-0.00026981971046420784,True
2025-05-17 08:00:00+00:00,hyperliquid,long,0.00021572,1.3085714940960105,-0.0002822850427063914,True
2025-05-17 08:00:00+00:00,sui,long,0.0004,0.8971555972695793,-0.0003588622389078317,False
2025-05-17 08:00:00+00:00,ethereum,long,0.0,1.090697143605068,-0.0,False
2025-05-17 12:00:00+00:00,hyperliquid,long,0.0002,1.3406390207497951,-0.000268127804149959,True
2025-05-17 16:00:00+00:00,hyperliquid,long,0.00023146,1.2978987129857784,-0.0003004116361076883,True
2025-05-17 16:00:00+00:00,sui,long,0.0004,0.8915916954207428,-0.00035663667816829715,False
2025-05-17 16:00:00+00:00,ethereum,long,9.356e-05,1.0827519866150088,-0.00010130227586770022,False
2025-05-17 20:00:00+00:00,hyperliquid,long,0.0002,1.2728152182105785,-0.0002545630436421157,True
2025-05-18 00:00:00+00:00,hyperliquid,long,0.0002,1.2739956179647056,-0.0002547991235929411,True
2025-05-18 00:00:00+00:00,sui,long,9.78e-05,0.8962597147684954,-8.765420010435886e-05,False
2025-05-18 00:00:00+00:00,ethereum,long,0.00021464,1.0830321464207189,-0.00023246201990774308,False
2025-05-18 04:00:00+00:00,hyperliquid,long,0.0002,1.4945168953856813,-0.00029890337907713627,True
2025-05-18 08:00:00+00:00,hyperliquid,long,0.00028586,1.5285925372075266,-0.00043696346268614353,True
2025-05-18 08:00:00+00:00,sui,long,0.00014576,0.5347665281362812,-7.794756914114435e-05,False
2025-05-18 08:00:00+00:00,ethereum,long,0.00019636,1.3124614135192365,-0.0002577149231586373,False
2025-05-18 12:00:00+00:00,hyperliquid,long,0.0002,1.5232151518701924,-0.0003046430303740385,True
2025-05-18 16:00:00+00:00,hyperliquid,long,0.0003086,1.5293849939940811,-0.00047196820914657345,True
2025-05-18 16:00:00+00:00,sui,long,0.00029984,0.5534907879853087,-0.00016595867786951495,False
2025-05-18 16:00:00+00:00,ethereum,long,5.2e-06,1.3490361308954544,-7.014987880656363e-06,False
2025-05-18 20:00:00+00:00,hyperliquid,long,0.0002,1.4786677596545907,-0.0002957335519309182,True
2025-05-19 00:00:00+00:00,hyperliquid,long,0.00028952,1.534705775275233,-0.0004443280160576855,True
2025-05-19 00:00:00+00:00,sui,long,0.0,0.5477957237879043,-0.0,False
2025-05-19 00:00:00+00:00,ethereum,long,0.0,1.3065897819702141,-0.0,False
2025-05-19 04:00:00+00:00,hyperliquid,long,0.00012264,1.465875242957353,-0.00017977493979628978,True
2025-05-19 08:00:00+00:00,hyperliquid,long,0.00017542000000000002,1.4771960541938467,-0.0002591297318266846,True
2025-05-19 08:00:00+00:00,sui,long,0.0,0.5152227346588468,-0.0,False
2025-05-19 08:00:00+00:00,ethereum,long,0.00026124,1.2573664608025643,-0.0003284744142200619,False
2025-05-19 12:00:00+00:00,hyperliquid,long,0.0002,1.4419883312483521,-0.0002883976662496704,True
2025-05-19 16:00:00+00:00,hyperliquid,long,0.00029214,1.460667669788566,-0.00042671945305203165,True
2025-05-19 16:00:00+00:00,sui,long,0.0,0.5216123188803251,-0.0,False
2025-05-19 16:00:00+00:00,ethereum,long,0.00036724,1.2901523535428712,-0.00047379555031508403,False
2025-05-19 20:00:00+00:00,hyperliquid,long,0.0002,1.5024980673074093,-0.0003004996134614819,True
2025-05-20 00:00:00+00:00,hyperliquid,long,0.0004,1.5014225902399425,-0.000600569036095977,True
2025-05-20 00:00:00+00:00,sui,long,0.0004,0.5329052144717638,-0.00021316208578870552,False
2025-05-20 00:00:00+00:00,ethereum,long,0.00032052,1.32216373516976,-0.0004237799203966114,False
2025-05-20 04:00:00+00:00,hyperliquid,long,0.0002,1.8639401825028004,-0.0003727880365005601,True
2025-05-20 08:00:00+00:00,hyperliquid,long,0.00039028,1.8521151931697557,-0.0007228435175902923,True
2025-05-20 08:00:00+00:00,sui,long,0.0004,0.5316034143067672,-0.00021264136572270688,False
2025-05-20 08:00:00+00:00,ethereum,long,0.00027228,1.2993875355191327,-0.00035379723817114946,False
2025-05-20 12:00:00+00:00,hyperliquid,long,0.0002,1.8244769044919298,-0.000364895380898386,True
2025-05-20 16:00:00+00:00,hyperliquid,long,0.00022264,1.8240570823854312,-0.0004061080688222924,True
2025-05-20 16:00:00+00:00,sui,long,0.0004,0.5307658110968301,-0.00021230632443873203,False
2025-05-20 16:00:00+00:00,ethereum,long,4.696e-05,1.2734763534039486,-5.980244955584942e-05,False
2025-05-20 20:00:00+00:00,hyperliquid,long,0.0002,1.817829721139035,-0.00036356594422780705,True
2025-05-21 00:00:00+00:00,hyperliquid,long,0.00035068,1.8562434438836588,-0.0006509474509011215,True
2025-05-21 00:00:00+00:00,sui,long,0.0004,0.5292416478787478,-0.00021169665915149913,False
2025-05-21 00:00:00+00:00,ethereum,long,0.00014652,1.294835501742906,-0.0001897192977153706,False
2025-05-21 04:00:00+00:00,hyperliquid,long,0.0002,2.346438548248579,-0.0004692877096497158,True
2025-05-21 08:00:00+00:00,hyperliquid,long,0.0004,2.3262495603999556,-0.0009304998241599822,True
2025-05-21 08:00:00+00:00,sui,long,0.0004,0.1757320400855467,-7.029281603421868e-05,False
2025-05-21 08:00:00+00:00,ethereum,long,0.00037352,1.3070433937794046,-0.0004882068484444832,False
2025-05-21 12:00:00+00:00,hyperliquid,long,0.0002,2.360517710827225,-0.000472103542165445,True
2025-05-21 16:00:00+00:00,hyperliquid,long,0.00035488,2.4555299211850015,-0.0008714184584301334,True
2025-05-21 16:00:00+00:00,sui,long,0.0004,0.18150252346005516,-7.260100938402206e-05,False
2025-05-21 16:00:00+00:00,ethereum,long,2.588e-05,1.314888472426376,-3.402931366639461e-05,False
2025-05-21 20:00:00+00:00,hyperliquid,long,0.0002,2.4834226017653362,-0.0004966845203530672,True
2025-05-22 00:00:00+00:00,hyperliquid,long,0.0004,2.5085702883837975,-0.001003428115353519,True
2025-05-22 00:00:00+00:00,sui,long,0.00038048,0.17983681691895992,-6.842431210132587e-05,False
2025-05-22 00:00:00+00:00,ethereum,long,4.564e-05,1.306664206437879,-5.96361543818248e-05,False
2025-05-22 04:00:00+00:00,hyperliquid,long,0.0002,2.546811151627225,-0.000509362230325445,True
2025-05-22 08:00:00+00:00,hyperliquid,long,0.0004,2.6035307808408805,-0.0010414123123363523,True
2025-05-22 08:00:00+00:00,ethereum,long,0.0004,0.9430183374434405,-0.00037720733497737625,False
2025-05-22 12:00:00+00:00,hyperliquid,long,0.0002,2.5809926290565683,-0.0005161985258113137,True
2025-05-22 16:00:00+00:00,hyperliquid,long,0.0004,2.6796282305923387,-0.0010718512922369356,True
2025-05-22 16:00:00+00:00,ethereum,long,0.0004,0.9532093185427984,-0.0003812837274171194,False
2025-05-22 20:00:00+00:00,hyperliquid,long,0.0002,2.72037987034995,-0.00054407597406999,True
2025-05-23 00:00:00+00:00,hyperliquid,long,0.0004,2.784584494621126,-0.0011138337978484506,True
2025-05-23 00:00:00+00:00,ethereum,long,0.0004,0.9534813644028446,-0.00038139254576113787,False
2025-05-23 04:00:00+00:00,hyperliquid,long,0.0002,3.1400278034458915,-0.0006280055606891783,True
2025-05-23 08:00:00+00:00,hyperliquid,long,0.0004,3.0737594072006234,-0.0012295037628802495,True
2025-05-23 08:00:00+00:00,ethereum,long,0.0004,0.49477902542760677,-0.0001979116101710427,False
2025-05-23 12:00:00+00:00,hyperliquid,long,0.0002,3.127409453694795,-0.000625481890738959,True
2025-05-23 16:00:00+00:00,hyperliquid,long,0.0004,3.0915839292266476,-0.001236633571690659,True
2025-05-23 16:00:00+00:00,ethereum,long,0.0,0.478464454238529,-0.0,False
2025-05-23 20:00:00+00:00,hyperliquid,long,0.0002,3.0362573187795325,-0.0006072514637559066,True
2025-05-24 00:00:00+00:00,hyperliquid,long,0.00038108,2.9166035966642414,-0.0011114592986168092,True
2025-05-24 00:00:00+00:00,ethereum,long,0.0004,0.4707535687125133,-0.00018830142748500533,False
2025-05-24 04:00:00+00:00,hyperliquid,long,0.0002,3.452022136810898,-0.0006904044273621796,True
2025-05-24 08:00:00+00:00,hyperliquid,long,0.00024724,3.4750184306573155,-0.0008591635567957148,True
2025-05-24 12:00:00+00:00,hyperliquid,long,0.0002,3.589278043131893,-0.0007178556086263787,True
2025-05-24 16:00:00+00:00,hyperliquid,long,0.00031358,3.602271464767089,-0.0011296002859216637,True
2025-05-24 20:00:00+00:00,hyperliquid,long,0.0002,3.6436235447330683,-0.0007287247089466137,True
2025-05-25 00:00:00+00:00,hyperliquid,long,0.00020132,3.5878343296168715,-0.0007223028072384686,True
2025-05-25 04:00:00+00:00,hyperliquid,long,0.0002,3.540707395590805,-0.000708141479118161,True
2025-05-25 08:00:00+00:00,hyperliquid,long,0.00025388,3.5979403242220234,-0.0009134450895134873,True
2025-05-25 12:00:00+00:00,hyperliquid,long,0.0002,3.7282870301497004,-0.0007456574060299401,True
2025-05-25 16:00:00+00:00,hyperliquid,long,0.00022712,3.887920495953532,-0.0008830245030409661,True
2025-05-25 20:00:00+00:00,hyperliquid,long,0.0002,4.023423321577715,-0.000804684664315543,True
2025-05-26 00:00:00+00:00,hyperliquid,long,0.0002,4.029610665213522,-0.0008059221330427045,True
2025-05-26 04:00:00+00:00,hyperliquid,long,0.0002,3.9324693701313453,-0.0007864938740262691,True
2025-05-26 08:00:00+00:00,hyperliquid,long,0.00028152,4.035076152091818,-0.0011359546383368888,True
2025-05-26 12:00:00+00:00,hyperliquid,long,0.0002,3.99454905127728,-0.000798909810255456,True
2025-05-26 16:00:00+00:00,hyperliquid,long,0.00039218,3.9189603365264993,-0.0015369378647789626,True
2025-05-26 20:00:00+00:00,hyperliquid,long,0.0002,3.813981739505633,-0.0007627963479011266,True
2025-05-27 00:00:00+00:00,hyperliquid,long,0.00022972,3.8313063016858937,-0.0008801276836232835,True
2025-05-27 04:00:00+00:00,hyperliquid,long,0.0002,3.8086193750212667,-0.0007617238750042534,True
2025-05-27 08:00:00+00:00,hyperliquid,long,0.00028334,3.8794644596512615,-0.0010992074599975885,True
2025-05-27 12:00:00+00:00,hyperliquid,long,0.0002,3.9108136674060194,-0.0007821627334812039,True
2025-05-27 16:00:00+00:00,hyperliquid,long,0.0004,3.8835893554084664,-0.0015534357421633867,True
2025-05-27 20:00:00+00:00,hyperliquid,long,0.0002,3.829553220989082,-0.0007659106441978164,True
2025-05-28 00:00:00+00:00,hyperliquid,long,0.0004,3.692709804243807,-0.001477083921697523,True
2025-05-28 04:00:00+00:00,hyperliquid,long,0.0002,4.350078122247066,-0.0008700156244494132,True
2025-05-28 08:00:00+00:00,hyperliquid,long,0.00029726000000000004,4.358628284221494,-0.0012956458437676814,True
2025-05-28 12:00:00+00:00,hyperliquid,long,0.0002,4.356429671142355,-0.0008712859342284711,True
2025-05-28 16:00:00+00:00,hyperliquid,long,0.00039476,4.136324072886355,-0.0016328552910126175,True
2025-05-28 20:00:00+00:00,hyperliquid,long,0.0002,4.049723146602501,-0.0008099446293205003,True
2025-05-29 00:00:00+00:00,hyperliquid,long,0.0003566,4.194953754996721,-0.0014959205090318308,True
2025-05-29 04:00:00+00:00,hyperliquid,long,0.0002,4.159775945730501,-0.0008319551891461001,True
2025-05-29 08:00:00+00:00,hyperliquid,long,0.0004,4.214619127537907,-0.0016858476510151629,True
2025-05-29 12:00:00+00:00,hyperliquid,long,0.0002,4.167959672191739,-0.0008335919344383479,True
2025-05-29 16:00:00+00:00,hyperliquid,long,0.00033516,3.8986295699972437,-0.0013066646866802761,True
2025-05-29 20:00:00+00:00,hyperliquid,long,0.0002,3.891056569391322,-0.0007782113138782644,True
2025-05-30 00:00:00+00:00,hyperliquid,long,0.00034048,3.834136919675841,-0.0013054469384112303,True
2025-05-30 04:00:00+00:00,hyperliquid,long,0.0002,4.4383220304486235,-0.0008876644060897247,True
2025-05-30 08:00:00+00:00,hyperliquid,long,0.0002,4.457532007005497,-0.0008915064014010995,True
2025-05-30 12:00:00+00:00,hyperliquid,long,0.0002,4.49976670723692,-0.000899953341447384,False
2025-05-30 16:00:00+00:00,hyperliquid,long,0.00020644,4.430556295244782,-0.0009146440415903328,False
2025-05-30 20:00:00+00:00,hyperliquid,long,0.0002,4.543908781027181,-0.0009087817562054362,False
2025-05-31 00:00:00+00:00,hyperliquid,long,0.0002,4.471019862885854,-0.0008942039725771709,False
2025-05-31 04:00:00+00:00,hyperliquid,long,0.0002,2.2774503098202508,-0.0004554900619640502,False
2025-05-31 08:00:00+00:00,hyperliquid,long,0.0002,2.2649285430205945,-0.00045298570860411895,False
2025-05-31 12:00:00+00:00,hyperliquid,long,0.0002,2.25658069848749,-0.00045131613969749804,False
2025-05-31 16:00:00+00:00,hyperliquid,long,0.0,2.347471454050513,-0.0,False
2025-05-31 20:00:00+00:00,hyperliquid,long,0.0002,2.366613925135045,-0.00047332278502700903,False
2025-06-01 00:00:00+00:00,hyperliquid,long,0.0002,2.3518612688480935,-0.00047037225376961875,False
2025-06-01 04:00:00+00:00,hyperliquid,long,0.0002,2.3428657467219036,-0.00046857314934438074,False
2025-06-01 08:00:00+00:00,hyperliquid,long,0.0002,2.336388970791047,-0.0004672777941582094,False
2025-06-01 12:00:00+00:00,hyperliquid,long,0.0002,2.2911235034520594,-0.0004582247006904119,False
2025-06-01 16:00:00+00:00,hyperliquid,long,0.0002,2.3343020096577707,-0.00046686040193155416,False
2025-06-01 20:00:00+00:00,hyperliquid,long,0.0002,2.398206198842224,-0.00047964123976844484,False
2025-06-02 00:00:00+00:00,hyperliquid,long,0.0002,2.45563361209582,-0.000491126722419164,False
2025-06-02 04:00:00+00:00,hyperliquid,long,0.0002,4.633342687683146,-0.0009266685375366292,False
2025-06-02 08:00:00+00:00,hyperliquid,long,0.00054508,4.652026637227241,-0.0025357266794198245,False
2025-06-02 12:00:00+00:00,hyperliquid,long,0.00089792,4.516810202378492,-0.004055734216919696,False
2025-06-02 16:00:00+00:00,hyperliquid,long,0.00094392,4.653133834237262,-0.0043921860888132365,False
2025-06-02 20:00:00+00:00,hyperliquid,long,0.00050476,4.903775557380645,-0.0024752297503434547,False
2025-06-03 00:00:00+00:00,hyperliquid,long,0.0002,5.044251178026992,-0.0010088502356053984,False
2025-06-03 04:00:00+00:00,hyperliquid,long,0.0002,2.429016291111931,-0.0004858032582223862,False
2025-06-03 08:00:00+00:00,hyperliquid,long,0.0002,2.44984670540762,-0.000489969341081524,False
2025-06-03 12:00:00+00:00,hyperliquid,long,0.0002,2.543888901543856,-0.0005087777803087712,False
2025-06-03 16:00:00+00:00,hyperliquid,long,0.0002,2.563294434079905,-0.000512658886815981,False
2025-06-03 20:00:00+00:00,hyperliquid,long,0.00052608,2.5092846302383145,-0.0013200844582757724,False
2025-06-04 00:00:00+00:00,hyperliquid,long,0.0002,2.4457077631534276,-0.0004891415526306856,False
2025-06-04 04:00:00+00:00,hyperliquid,long,0.0002,2.4794978163106034,-0.0004958995632621207,False
2025-06-04 08:00:00+00:00,hyperliquid,long,0.0002,2.4537142416123565,-0.0004907428483224714,False
2025-06-04 12:00:00+00:00,hyperliquid,long,0.0002,2.478887152699329,-0.0004957774305398658,False
2025-06-04 16:00:00+00:00,hyperliquid,long,0.0002,2.495850030790281,-0.0004991700061580562,False
2025-06-04 20:00:00+00:00,hyperliquid,long,0.00064148,2.4431294056836026,-0.0015672186511579175,False
2025-06-05 00:00:00+00:00,hyperliquid,long,0.00089884,2.4154459886391693,-0.002171099472428431,False
2025-06-05 04:00:00+00:00,hyperliquid,long,0.00081924,2.404114786074414,-0.001969546997343603,False
2025-06-05 08:00:00+00:00,hyperliquid,long,0.0002,2.3566187274197485,-0.00047132374548394974,False
2025-06-05 12:00:00+00:00,hyperliquid,long,0.0002,2.3892553048667398,-0.00047785106097334796,False
2025-06-05 16:00:00+00:00,hyperliquid,long,0.0002,2.3706639904790565,-0.00047413279809581133,False
2025-06-05 20:00:00+00:00,hyperliquid,long,0.0015812,2.272007891502081,-0.0035924988780430905,False
2025-06-06 00:00:00+00:00,hyperliquid,long,0.00043984,2.3045087659243446,-0.0010136151356041638,False
2025-06-06 04:00:00+00:00,hyperliquid,long,0.00130328,2.5129057520964184,-0.00327501980859222,False
2025-06-06 08:00:00+00:00,hyperliquid,long,0.0002,2.524212004391772,-0.0005048424008783544,False
2025-06-06 12:00:00+00:00,hyperliquid,long,0.0002,2.5096962353158014,-0.0005019392470631603,False
2025-06-06 16:00:00+00:00,hyperliquid,long,0.0002,2.5506175742686636,-0.0005101235148537328,False
2025-06-06 20:00:00+00:00,hyperliquid,long,0.0002,2.4614805400433566,-0.0004922961080086714,False
2025-06-07 00:00:00+00:00,hyperliquid,long,0.0002,2.430041864305953,-0.00048600837286119067,False
2025-06-07 04:00:00+00:00,hyperliquid,long,0.0002,2.5111612103253433,-0.0005022322420650686,False
2025-06-07 08:00:00+00:00,hyperliquid,long,0.0002,2.5138235322587774,-0.0005027647064517555,False
2025-06-07 12:00:00+00:00,hyperliquid,long,0.0002,2.5018430835583207,-0.0005003686167116642,False
2025-06-07 16:00:00+00:00,hyperliquid,long,0.0002,2.5631504414143613,-0.0005126300882828723,False
2025-06-07 20:00:00+00:00,hyperliquid,long,0.0002,2.5403727982060857,-0.0005080745596412172,False
2025-06-08 00:00:00+00:00,hyperliquid,long,0.0002,2.5798639068853686,-0.0005159727813770738,False
2025-06-08 04:00:00+00:00,hyperliquid,long,0.0002,2.6012364357398874,-0.0005202472871479775,False
2025-06-08 08:00:00+00:00,hyperliquid,long,0.0002,2.6160271131478585,-0.0005232054226295717,False
2025-06-08 12:00:00+00:00,hyperliquid,long,0.0002,2.6223871044332863,-0.0005244774208866573,False
2025-06-08 16:00:00+00:00,hyperliquid,long,0.0002,2.6016801560621263,-0.0005203360312124253,False
2025-06-08 20:00:00+00:00,hyperliquid,long,0.00072948,2.6600293784365725,-0.001940438230981911,False
2025-06-09 00:00:00+00:00,hyperliquid,long,0.00030264,2.583561576237362,-0.0007818890754324752,False
2025-06-09 04:00:00+00:00,hyperliquid,long,0.0002,2.9299106965965027,-0.0005859821393193005,False
2025-06-09 08:00:00+00:00,hyperliquid,long,0.0002,2.8909453857065994,-0.0005781890771413199,False
2025-06-09 12:00:00+00:00,hyperliquid,long,0.0002,3.0843685285350806,-0.0006168737057070161,False
2025-06-09 16:00:00+00:00,hyperliquid,long,0.0002,3.105337149225833,-0.0006210674298451666,False
2025-06-09 20:00:00+00:00,hyperliquid,long,0.0002,3.1074009898450017,-0.0006214801979690003,False
2025-06-10 00:00:00+00:00,hyperliquid,long,0.0002,3.204236391696392,-0.0006408472783392784,False
2025-06-10 04:00:00+00:00,hyperliquid,long,0.0002,6.078429426381431,-0.0012156858852762863,False
2025-06-10 08:00:00+00:00,hyperliquid,long,0.0002,6.061814483256566,-0.0012123628966513133,False
2025-06-10 12:00:00+00:00,hyperliquid,long,0.00167212,6.453740805192618,-0.010791429075178681,False
2025-06-10 16:00:00+00:00,hyperliquid,long,0.00083468,6.231224791193267,-0.005201078708713196,False
2025-06-10 20:00:00+00:00,hyperliquid,long,0.0002,6.377964242155854,-0.001275592848431171,False
2025-06-11 00:00:00+00:00,hyperliquid,long,0.00104008,6.551411825992055,-0.006813992411977817,False
2025-06-11 04:00:00+00:00,hyperliquid,long,0.0003718,6.4847967736503085,-0.0024110474404431845,False
2025-06-11 08:00:00+00:00,hyperliquid,long,0.0002,6.608244248269628,-0.0013216488496539257,False
2025-06-11 12:00:00+00:00,hyperliquid,long,0.00052628,6.416628922885678,-0.0033769434695362743,False
2025-06-11 16:00:00+00:00,hyperliquid,long,0.00039456,6.753896740336194,-0.002664817497867049,False
2025-06-11 20:00:00+00:00,hyperliquid,long,0.00059008,6.554051583310958,-0.00386741475828013,False
2025-06-12 00:00:00+00:00,hyperliquid,long,0.00079376,6.491318527026424,-0.0051525489940124946,False
2025-06-12 04:00:00+00:00,hyperliquid,long,0.00086832,3.263848005460749,-0.002834064500101678,False
2025-06-12 08:00:00+00:00,hyperliquid,long,0.0002,3.2336640214687473,-0.0006467328042937495,False
2025-06-12 12:00:00+00:00,hyperliquid,long,0.0002,3.149897616281641,-0.0006299795232563283,False
2025-06-12 16:00:00+00:00,hyperliquid,long,0.0002,3.30604318721701,-0.000661208637443402,False
2025-06-12 20:00:00+00:00,hyperliquid,long,0.0002,3.263770010670072,-0.0006527540021340144,False
2025-06-13 00:00:00+00:00,hyperliquid,long,0.0002,3.1580090745120497,-0.00063160181490241,False
2025-06-13 04:00:00+00:00,hyperliquid,long,0.0002,3.0477244404947603,-0.0006095448880989521,False
2025-06-13 08:00:00+00:00,hyperliquid,long,0.00065,3.070186940209738,-0.00199562151113633,False
2025-06-13 12:00:00+00:00,hyperliquid,long,0.0002,3.126265194706507,-0.0006252530389413014,False
2025-06-13 16:00:00+00:00,hyperliquid,long,0.00118456,3.2122154540325702,-0.0038050619382288217,False
2025-06-13 20:00:00+00:00,hyperliquid,long,0.00120852,3.1764938399025002,-0.0038388563353989697,False
2025-06-14 00:00:00+00:00,hyperliquid,long,0.0007582,3.2941099842434283,-0.0024975941900533673,False
2025-06-14 04:00:00+00:00,hyperliquid,long,0.0006558,3.2541766514168002,-0.0021340890479991377,False
2025-06-14 08:00:00+00:00,hyperliquid,long,0.00040712,3.3086950101000285,-0.0013470359125119238,False
2025-06-14 12:00:00+00:00,hyperliquid,long,0.00056812,3.2085496988707503,-0.0018228412549224505,False
2025-06-14 16:00:00+00:00,hyperliquid,long,0.00023764,3.155123267257,-0.0007497834932309535,False
2025-06-14 20:00:00+00:00,hyperliquid,long,0.00101352,3.062621445514069,-0.003104028087457419,False
2025-06-15 00:00:00+00:00,hyperliquid,long,0.0002,3.1274351165666623,-0.0006254870233133325,False
2025-06-15 04:00:00+00:00,hyperliquid,long,0.0002,3.116437851081204,-0.0006232875702162408,False
2025-06-15 08:00:00+00:00,hyperliquid,long,0.0005028,3.1655745692077195,-0.0015916508933976412,False
2025-06-15 12:00:00+00:00,hyperliquid,long,0.0003944,3.131568840472544,-0.0012350907506823714,False
2025-06-15 16:00:00+00:00,hyperliquid,long,0.00049612,3.1753239180423454,-0.0015753417022191683,False
2025-06-15 20:00:00+00:00,hyperliquid,long,0.0002,3.1867891522718654,-0.0006373578304543731,False
2025-06-16 00:00:00+00:00,hyperliquid,long,0.00054164,3.2087836832427814,-0.00173800559419162,False
2025-06-16 04:00:00+00:00,hyperliquid,long,0.00111564,3.281942796897815,-0.0036614666619310785,False
2025-06-16 08:00:00+00:00,hyperliquid,long,0.00050652,3.4798935756360607,-0.0017626356939311775,False
2025-06-16 12:00:00+00:00,hyperliquid,long,0.000541,3.46741440912774,-0.0018758711953381073,False
2025-06-16 16:00:00+00:00,hyperliquid,long,0.0003948,3.474901909032732,-0.0013718912736861227,False
2025-06-16 20:00:00+00:00,hyperliquid,long,0.00150524,3.454233289503325,-0.005199450116691985,False
2025-06-17 00:00:00+00:00,hyperliquid,long,0.00179948,3.2650959221115814,-0.005875474809921348,False
2025-06-17 04:00:00+00:00,hyperliquid,long,0.0002,3.363369358364611,-0.0006726738716729223,False
2025-06-17 08:00:00+00:00,hyperliquid,long,0.00043132,3.294343968615459,-0.00142091644054322,False
2025-06-17 12:00:00+00:00,hyperliquid,long,0.00063524,3.1582430588840804,-0.0020062423207255235,False
2025-06-17 16:00:00+00:00,hyperliquid,long,0.0002,3.0893736587162826,-0.0006178747317432565,False
2025-06-17 20:00:00+00:00,hyperliquid,long,0.0002,3.166276522323812,-0.0006332553044647624,False
2025-06-18 00:00:00+00:00,hyperliquid,long,0.0002,3.115033944849018,-0.0006230067889698036,False
2025-06-18 04:00:00+00:00,hyperliquid,long,0.0002,3.1466998298638833,-0.0006293399659727767,False
2025-06-18 08:00:00+00:00,hyperliquid,long,0.0002,3.1398362882843065,-0.0006279672576568613,False
2025-06-18 12:00:00+00:00,hyperliquid,long,0.0002,3.0611395444912053,-0.0006122279088982411,False
2025-06-18 16:00:00+00:00,hyperliquid,long,0.0002,3.0407049093338294,-0.0006081409818667659,False
2025-06-18 20:00:00+00:00,hyperliquid,long,0.00077208,2.9439133741036625,-0.0022729366378779555,False
2025-06-19 00:00:00+00:00,hyperliquid,long,0.00031504,3.0777524349054084,-0.0009696151270925999,False
2025-06-19 04:00:00+00:00,hyperliquid,long,0.0004068,3.002487461902096,-0.0012214118995017727,False
2025-06-19 08:00:00+00:00,hyperliquid,long,0.00020544,2.9503089469391774,-0.0006061114700591846,False
2025-06-19 12:00:00+00:00,hyperliquid,long,0.0002,2.9237127233183173,-0.0005847425446636635,False
2025-06-19 16:00:00+00:00,hyperliquid,long,0.00071556,2.8284030891110143,-0.002023892114444277,False
2025-06-19 20:00:00+00:00,hyperliquid,long,0.0002,2.8301189745059085,-0.0005660237949011817,False
2025-06-20 00:00:00+00:00,hyperliquid,long,0.0002,2.8744200156104487,-0.0005748840031220897,False
2025-06-20 04:00:00+00:00,hyperliquid,long,0.0002,2.812414157022227,-0.0005624828314044455,False
2025-06-20 08:00:00+00:00,hyperliquid,long,0.00026128,2.938375743965595,-0.0007677388143833308,False
2025-06-20 12:00:00+00:00,hyperliquid,long,0.0002,2.8914228799780366,-0.0005782845759956073,False
2025-06-20 16:00:00+00:00,hyperliquid,long,0.0002,2.7830101209369955,-0.0005566020241873992,False
2025-06-20 20:00:00+00:00,hyperliquid,long,0.0002,2.697293845982964,-0.0005394587691965927,False
2025-06-21 00:00:00+00:00,hyperliquid,long,0.0002,2.6015162430315977,-0.0005203032486063195,False
2025-06-21 04:00:00+00:00,hyperliquid,long,0.0002,2.688402439845785,-0.0005376804879691571,False
2025-06-21 08:00:00+00:00,hyperliquid,long,0.0002,2.727321840393612,-0.0005454643680787224,False
2025-06-21 12:00:00+00:00,hyperliquid,long,0.0002,2.744480694342554,-0.0005488961388685108,False
2025-06-21 16:00:00+00:00,hyperliquid,long,0.0002,2.5944187170799906,-0.0005188837434159982,False
2025-06-21 20:00:00+00:00,hyperliquid,long,0.0002,2.4839000986906705,-0.0004967800197381341,False
2025-06-22 00:00:00+00:00,hyperliquid,long,0.00072356,2.6893383773339092,-0.0019458976763037236,False
2025-06-22 04:00:00+00:00,hyperliquid,long,0.0002,2.5888810869419228,-0.0005177762173883846,False
2025-06-22 08:00:00+00:00,hyperliquid,long,0.0002,2.638251789440469,-0.0005276503578880938,False
2025-06-22 12:00:00+00:00,hyperliquid,long,0.0002,2.6380178050684377,-0.0005276035610136876,False
2025-06-22 16:00:00+00:00,hyperliquid,long,0.00125256,2.566340592436268,-0.003214495572461972,False
2025-06-22 20:00:00+00:00,hyperliquid,long,0.0002,2.6217948886076203,-0.0005243589777215241,False
2025-06-23 00:00:00+00:00,hyperliquid,long,0.0002,2.788079782331001,-0.0005576159564662002,False
2025-06-23 04:00:00+00:00,hyperliquid,long,0.0002,2.750798272387391,-0.0005501596544774782,False
2025-06-23 08:00:00+00:00,hyperliquid,long,0.0002,2.797517152002919,-0.0005595034304005838,False
2025-06-23 12:00:00+00:00,hyperliquid,long,0.0002,2.733951397601157,-0.0005467902795202314,False
2025-06-23 16:00:00+00:00,hyperliquid,long,0.0002,2.689416372124586,-0.0005378832744249172,False
2025-06-23 20:00:00+00:00,hyperliquid,long,0.0002,2.903122098579588,-0.0005806244197159176,False
2025-06-24 00:00:00+00:00,hyperliquid,long,0.0002,2.9787770455362854,-0.0005957554091072571,False
2025-06-24 04:00:00+00:00,hyperliquid,long,0.0002,2.8922028278848066,-0.0005784405655769614,False
2025-06-24 08:00:00+00:00,hyperliquid,long,0.0,2.883311421747628,-0.0,False
2025-06-24 12:00:00+00:00,hyperliquid,long,0.0002,2.896102567418657,-0.0005792205134837314,False
2025-06-24 16:00:00+00:00,hyperliquid,long,0.0002,2.9426654574528306,-0.0005885330914905661,False
2025-06-24 20:00:00+00:00,hyperliquid,long,0.0002,2.8983644163482905,-0.0005796728832696581,False
2025-06-25 00:00:00+00:00,hyperliquid,long,0.0002,2.92574058787592,-0.000585148117575184,False
2025-06-25 04:00:00+00:00,hyperliquid,long,0.0002,2.9696516550270755,-0.0005939303310054151,False
2025-06-25 08:00:00+00:00,hyperliquid,long,0.0002,2.9616961863780205,-0.0005923392372756041,False
2025-06-25 12:00:00+00:00,hyperliquid,long,0.0002,2.997573790089444,-0.0005995147580178889,False
2025-06-25 16:00:00+00:00,hyperliquid,long,0.0,2.92184084834207,-0.0,False
2025-06-25 20:00:00+00:00,hyperliquid,long,0.0002,2.9063198849973446,-0.0005812639769994689,False
2025-06-26 00:00:00+00:00,hyperliquid,long,0.0002,2.887757124816217,-0.0005775514249632435,False
2025-06-26 04:00:00+00:00,hyperliquid,long,0.0002,2.7649067112110495,-0.00055298134224221,False
2025-06-26 08:00:00+00:00,hyperliquid,long,0.0002,2.7705010062446487,-0.0005541002012489297,False
2025-06-26 08:00:00+00:00,bitcoin-cash,long,0.0,0.31570128615873094,-0.0,False
2025-06-26 12:00:00+00:00,hyperliquid,long,0.0002,2.7496696181590106,-0.0005499339236318022,False
2025-06-26 16:00:00+00:00,hyperliquid,long,0.0002,2.749596009013832,-0.0005499192018027664,False
2025-06-26 16:00:00+00:00,bitcoin-cash,long,0.00038268,0.3105910704162733,-0.00011885699082689947,False
2025-06-26 20:00:00+00:00,hyperliquid,long,0.0002,2.7014556280668107,-0.0005402911256133622,False
2025-06-27 00:00:00+00:00,hyperliquid,long,0.0002,2.635796270567203,-0.0005271592541134406,False
2025-06-27 00:00:00+00:00,bitcoin-cash,long,0.0,0.3090858336010445,-0.0,False
2025-06-27 04:00:00+00:00,hyperliquid,long,0.0002,2.2431535482221916,-0.00044863070964443837,False
2025-06-27 08:00:00+00:00,hyperliquid,long,0.0002,2.2157190324466476,-0.00044314380648932954,False
2025-06-27 08:00:00+00:00,bitcoin-cash,long,0.0,0.9185758856062144,-0.0,False
2025-06-27 12:00:00+00:00,hyperliquid,long,0.0002,2.254151795080984,-0.0004508303590161968,False
2025-06-27 16:00:00+00:00,hyperliquid,long,0.00033052,2.2482860634229613,-0.0007431035096825572,False
2025-06-27 16:00:00+00:00,bitcoin-cash,long,0.0,0.9208628730535625,-0.0,False
2025-06-27 20:00:00+00:00,hyperliquid,long,0.0002,2.1989161553012697,-0.00043978323106025395,False
2025-06-28 00:00:00+00:00,hyperliquid,long,0.0002,2.2352714713067234,-0.00044705429426134473,False
2025-06-28 00:00:00+00:00,bitcoin-cash,long,0.0,0.9302690311031392,-0.0,False
2025-06-28 04:00:00+00:00,hyperliquid,long,0.0002,2.2499969018232178,-0.00044999938036464356,False
2025-06-28 08:00:00+00:00,hyperliquid,long,0.0002,2.265761055654154,-0.0004531522111308308,False
2025-06-28 08:00:00+00:00,bitcoin-cash,long,0.0,0.9161597940287741,-0.0,False
2025-06-28 12:00:00+00:00,hyperliquid,long,0.0002,2.251768841594912,-0.00045035376831898245,False
2025-06-28 16:00:00+00:00,hyperliquid,long,0.0002,2.25262426079504,-0.00045052485215900807,False
2025-06-28 16:00:00+00:00,bitcoin-cash,long,0.0,0.9019767831657849,-0.0,False
2025-06-28 20:00:00+00:00,hyperliquid,long,0.0002,2.2911181248008146,-0.00045822362496016295,False
2025-06-29 00:00:00+00:00,hyperliquid,long,0.0002,2.3071877854889395,-0.0004614375570977879,False
2025-06-29 00:00:00+00:00,bitcoin-cash,long,0.0,0.9048724043692821,-0.0,False
2025-06-29 04:00:00+00:00,hyperliquid,long,0.0002,2.302544081259671,-0.00046050881625193425,False
2025-06-29 08:00:00+00:00,hyperliquid,long,0.00043804,2.3475757920092835,-0.0010283320999317465,False
2025-06-29 08:00:00+00:00,bitcoin-cash,long,0.0,0.9021058872958772,-0.0,False
2025-06-29 12:00:00+00:00,hyperliquid,long,0.0002,2.369938893955495,-0.000473987778791099,False
2025-06-29 16:00:00+00:00,hyperliquid,long,0.0002,2.347881298866472,-0.00046957625977329443,False
2025-06-29 16:00:00+00:00,bitcoin-cash,long,0.0,0.9038580147757003,-0.0,False
2025-06-29 20:00:00+00:00,hyperliquid,long,0.0002,2.336638646521928,-0.0004673277293043857,False
2025-06-30 00:00:00+00:00,hyperliquid,long,0.0002,2.428535109164285,-0.00048570702183285696,False
2025-06-30 00:00:00+00:00,bitcoin-cash,long,0.00021668,0.9297895014770824,-0.0002014667891800542,False
2025-06-30 04:00:00+00:00,hyperliquid,long,0.00166348,2.4950134012885425,-0.0041504048927754646,False
2025-06-30 08:00:00+00:00,hyperliquid,long,0.0002,2.4453379863096623,-0.0004890675972619324,False
2025-06-30 08:00:00+00:00,bitcoin-cash,long,0.00039632,0.9193320669396118,-0.0003643496847695069,False
2025-06-30 12:00:00+00:00,hyperliquid,long,0.0002,2.4406331807089567,-0.0004881266361417914,False
2025-06-30 16:00:00+00:00,hyperliquid,long,0.0002,2.4356839696224997,-0.0004871367939245,False
2025-06-30 16:00:00+00:00,bitcoin-cash,long,0.0004,0.9459644046329231,-0.00037838576185316927,False
2025-06-30 20:00:00+00:00,hyperliquid,long,0.0002,2.495807719117233,-0.0004991615438234466,False
2025-07-01 00:00:00+00:00,hyperliquid,long,0.0002,2.414970604705107,-0.00048299412094102146,False
2025-07-01 00:00:00+00:00,bitcoin-cash,long,0.0004,0.9322055930545227,-0.0003728822372218091,False
2025-07-01 04:00:00+00:00,hyperliquid,long,0.0002,2.06442463471612,-0.00041288492694322403,False
2025-07-01 08:00:00+00:00,hyperliquid,long,0.0002,2.039101332812716,-0.00040782026656254323,False
2025-07-01 08:00:00+00:00,bitcoin-cash,long,0.0004,1.2662082665684378,-0.0005064833066273751,False
2025-07-01 12:00:00+00:00,hyperliquid,long,0.0002,2.0561056161156213,-0.0004112211232231243,False
2025-07-01 16:00:00+00:00,hyperliquid,long,0.00027404,2.040984884193961,-0.0005593114976645132,False
2025-07-01 16:00:00+00:00,bitcoin-cash,long,0.0,1.2460570487132199,-0.0,False
2025-07-01 20:00:00+00:00,hyperliquid,long,0.0002,1.9356106485876483,-0.0003871221297175297,False
2025-07-02 00:00:00+00:00,hyperliquid,long,0.0002,1.9304832031609263,-0.00038609664063218526,False
2025-07-02 00:00:00+00:00,bitcoin-cash,long,0.0,1.202436154692498,-0.0,False
2025-07-02 04:00:00+00:00,hyperliquid,long,0.0002,1.7624879404904,-0.00035249758809808,False
2025-07-02 08:00:00+00:00,hyperliquid,long,0.0002,1.793626970470999,-0.0003587253940941998,False
2025-07-02 08:00:00+00:00,bitcoin-cash,long,0.0,1.5364756629458296,-0.0,False
2025-07-02 12:00:00+00:00,hyperliquid,long,0.0002,1.801023078953532,-0.0003602046157907064,False
2025-07-02 16:00:00+00:00,hyperliquid,long,0.0002,1.8317852371643204,-0.0003663570474328641,False
2025-07-02 16:00:00+00:00,bitcoin-cash,long,0.0,1.5300271676962005,-0.0,False
2025-07-02 20:00:00+00:00,hyperliquid,long,0.0002,1.8534553639284288,-0.00037069107278568577,False
2025-07-03 00:00:00+00:00,hyperliquid,long,0.00036548,1.876303214973195,-0.0006857512990084034,False
2025-07-03 00:00:00+00:00,bitcoin-cash,long,0.0,1.5523231441960974,-0.0,False
2025-07-03 04:00:00+00:00,hyperliquid,long,0.0002,1.669846191624802,-0.0003339692383249604,False
2025-07-03 08:00:00+00:00,hyperliquid,long,0.0002,1.7091100405800312,-0.0003418220081160063,False
2025-07-03 08:00:00+00:00,bitcoin-cash,long,0.0,1.5708031540687128,-0.0,False
2025-07-03 12:00:00+00:00,hyperliquid,long,0.0002,1.6917852867141019,-0.0003383570573428204,False
2025-07-03 16:00:00+00:00,hyperliquid,long,0.0002,1.6745024814047489,-0.0003349004962809498,False
2025-07-03 16:00:00+00:00,bitcoin-cash,long,0.0,1.528323855767149,-0.0,False
2025-07-03 20:00:00+00:00,hyperliquid,long,0.0002,1.6932954347508415,-0.0003386590869501683,False
2025-07-04 00:00:00+00:00,hyperliquid,long,0.0002,1.6866256142552418,-0.00033732512285104837,False
2025-07-04 00:00:00+00:00,bitcoin-cash,long,0.0,1.5391531290375986,-0.0,False
2025-07-04 04:00:00+00:00,hyperliquid,long,0.0002,1.4178539709165294,-0.0002835707941833059,False
2025-07-04 08:00:00+00:00,hyperliquid,long,0.0002,1.3914648678935047,-0.0002782929735787009,False
2025-07-04 08:00:00+00:00,bitcoin-cash,long,3.916e-05,1.794289186509874,-7.026436454372666e-05,False
2025-07-04 12:00:00+00:00,hyperliquid,long,0.0002,1.4007191286796612,-0.00028014382573593227,False
2025-07-04 16:00:00+00:00,hyperliquid,long,0.0002,1.3698836425445384,-0.0002739767285089077,False
2025-07-04 16:00:00+00:00,bitcoin-cash,long,0.0,1.8092833515051694,-0.0,False
2025-07-04 20:00:00+00:00,hyperliquid,long,0.0002,1.3840180799171447,-0.0002768036159834289,False
2025-07-05 00:00:00+00:00,hyperliquid,long,0.0002,1.4081659166560216,-0.0002816331833312043,False
2025-07-05 00:00:00+00:00,bitcoin-cash,long,0.0,1.822017089616752,-0.0,False
2025-07-05 04:00:00+00:00,hyperliquid,long,0.0002,1.4129376448738835,-0.00028258752897477674,False
2025-07-05 08:00:00+00:00,hyperliquid,long,0.0002,1.4267828865969225,-0.00028535657731938453,False
2025-07-05 08:00:00+00:00,bitcoin-cash,long,0.0,1.8209622237376861,-0.0,False
2025-07-05 12:00:00+00:00,hyperliquid,long,0.0002,1.4168779355992394,-0.0002833755871198479,False
2025-07-05 16:00:00+00:00,hyperliquid,long,0.0002,1.419950639375893,-0.0002839901278751786,False
2025-07-05 16:00:00+00:00,bitcoin-cash,long,0.0,1.8127493393935292,-0.0,False
2025-07-05 20:00:00+00:00,hyperliquid,long,0.0002,1.3994177482566081,-0.00027988354965132167,False
2025-07-06 00:00:00+00:00,hyperliquid,long,0.0002,1.4149981638770515,-0.0002829996327754103,False
2025-07-06 00:00:00+00:00,bitcoin-cash,long,0.0,1.8416828035050539,-0.0,False
2025-07-06 04:00:00+00:00,hyperliquid,long,0.0002,1.4186492589528397,-0.00028372985179056796,False
2025-07-06 08:00:00+00:00,hyperliquid,long,0.0002,1.4062861449338337,-0.00028125722898676676,False
2025-07-06 08:00:00+00:00,bitcoin-cash,long,0.0,1.822205458523728,-0.0,False
2025-07-06 12:00:00+00:00,hyperliquid,long,0.0002,1.4102264356591894,-0.00028204528713183787,False
2025-07-06 16:00:00+00:00,hyperliquid,long,0.0002,1.4224811013096077,-0.00028449622026192157,False
2025-07-06 16:00:00+00:00,bitcoin-cash,long,0.0,1.8631945326817212,-0.0,False
2025-07-06 20:00:00+00:00,hyperliquid,long,0.0002,1.4229510442401545,-0.0002845902088480309,False
2025-07-07 00:00:00+00:00,hyperliquid,long,0.0002,1.4402666337580021,-0.0002880533267516004,False
2025-07-07 00:00:00+00:00,bitcoin-cash,long,0.0,1.8502347518817674,-0.0,False
2025-07-07 04:00:00+00:00,hyperliquid,long,0.0002,1.440845025057137,-0.00028816900501142743,False
2025-07-07 08:00:00+00:00,hyperliquid,long,0.0002,1.4433393375346557,-0.00028866786750693114,False
2025-07-07 08:00:00+00:00,bitcoin-cash,long,0.0,1.8651912430956674,-0.0,False
2025-07-07 12:00:00+00:00,hyperliquid,long,0.0002,1.4314461664461966,-0.00028628923328923934,False
2025-07-07 16:00:00+00:00,hyperliquid,long,0.0002,1.4268551855093143,-0.0002853710371018629,False
2025-07-07 16:00:00+00:00,bitcoin-cash,long,0.0,1.8606327155468467,-0.0,False
2025-07-07 20:00:00+00:00,hyperliquid,long,0.0,1.4059607998280703,-0.0,False
2025-07-08 00:00:00+00:00,hyperliquid,long,0.0002,1.3951159629692933,-0.00027902319259385866,False
2025-07-08 00:00:00+00:00,bitcoin-cash,long,0.00010772,1.8704278987096024,-0.00020148249324899837,False
2025-07-08 04:00:00+00:00,hyperliquid,long,0.0,1.3517366155341843,-0.0,False
2025-07-08 08:00:00+00:00,hyperliquid,long,0.0002,1.3708958273180243,-0.0002741791654636049,False
2025-07-08 08:00:00+00:00,bitcoin-cash,long,0.0,1.8781886976770166,-0.0,False
2025-07-08 12:00:00+00:00,hyperliquid,long,0.0,1.379969340823201,-0.0,False
2025-07-08 16:00:00+00:00,hyperliquid,long,0.0002,1.360918577407949,-0.00027218371548158983,False
2025-07-08 16:00:00+00:00,bitcoin-cash,long,0.00013176,1.8980427804722946,-0.00025008611675502953,False
2025-07-08 20:00:00+00:00,hyperliquid,long,0.0002,1.4082382155684137,-0.00028164764311368275,False
2025-07-09 00:00:00+00:00,hyperliquid,long,0.0002,1.402779647682829,-0.0002805559295365658,False
2025-07-09 00:00:00+00:00,bitcoin-cash,long,0.0,1.8859494966444308,-0.0,False
2025-07-09 04:00:00+00:00,hyperliquid,long,0.0,1.402851946595221,-0.0,False
2025-07-09 08:00:00+00:00,hyperliquid,long,0.0002,1.42334868825831,-0.000284669737651662,False
2025-07-09 08:00:00+00:00,bitcoin-cash,long,0.0,1.909721652704811,-0.0,False
2025-07-09 12:00:00+00:00,hyperliquid,long,0.0002,1.4202398350254601,-0.00028404796700509205,False
2025-07-09 16:00:00+00:00,hyperliquid,long,0.0002,1.412829196505296,-0.0002825658393010592,False
2025-07-09 16:00:00+00:00,bitcoin-cash,long,0.0,1.9071598355699364,-0.0,False
2025-07-09 20:00:00+00:00,hyperliquid,long,0.0002,1.470234532944423,-0.00029404690658888465,False
2025-07-10 00:00:00+00:00,hyperliquid,long,0.0002,1.4700176362072475,-0.0002940035272414495,False
2025-07-10 00:00:00+00:00,bitcoin-cash,long,0.00013396,1.9370728179977363,-0.00025949027469897675,False
2025-07-10 04:00:00+00:00,hyperliquid,long,0.0002,2.202935563394953,-0.00044058711267899064,False
2025-07-10 08:00:00+00:00,hyperliquid,long,0.0002,2.223852035005067,-0.0004447704070010134,False
2025-07-10 08:00:00+00:00,bitcoin-cash,long,0.00015824,3.4939660004870055,-0.0005528851799170637,False
2025-07-10 08:00:00+00:00,hedera-hashgraph,long,0.0,1.2827282073004855,-0.0,False
2025-07-10 12:00:00+00:00,hyperliquid,long,0.0,2.201232441024664,-0.0,False
2025-07-10 16:00:00+00:00,hyperliquid,long,0.0002,2.2278437280604324,-0.0004455687456120865,False
2025-07-10 16:00:00+00:00,bitcoin-cash,long,0.0,3.4187518324543156,-0.0,False
2025-07-10 16:00:00+00:00,hedera-hashgraph,long,0.00015888,1.2891751697157636,-0.0002048241509644405,False
2025-07-10 20:00:00+00:00,hyperliquid,long,0.0002,2.2771278316506742,-0.0004554255663301349,False
2025-07-11 00:00:00+00:00,hyperliquid,long,0.0002,2.3312019669073556,-0.00046624039338147115,False
2025-07-11 00:00:00+00:00,bitcoin-cash,long,0.0002322,3.512684765479812,-0.0008156454025444125,False
2025-07-11 00:00:00+00:00,hedera-hashgraph,long,0.00026836,1.3754485656325741,-0.0003691153770731576,False
2025-07-11 04:00:00+00:00,hyperliquid,long,0.0002,2.6392789085466837,-0.0005278557817093367,False
2025-07-11 08:00:00+00:00,hyperliquid,long,0.0002,2.6796310554211393,-0.0005359262110842279,False
2025-07-11 08:00:00+00:00,bitcoin-cash,long,0.00013432,2.3293149450954664,-0.00031287358342522303,False
2025-07-11 08:00:00+00:00,hedera-hashgraph,long,0.0004,2.357348790000146,-0.0009429395160000585,False
2025-07-11 12:00:00+00:00,hyperliquid,long,0.00033348,2.6991562877797466,-0.0009001146388487899,False
2025-07-11 16:00:00+00:00,hyperliquid,long,0.0002,2.6750160005000136,-0.0005350032001000028,False
2025-07-11 16:00:00+00:00,bitcoin-cash,long,0.00025232,2.373451507627346,-0.000598869284404532,False
2025-07-11 16:00:00+00:00,hedera-hashgraph,long,0.0004,2.3690375373811947,-0.0009476150149524779,False
2025-07-11 20:00:00+00:00,hyperliquid,long,0.0002,2.7722279906975658,-0.0005544455981395132,False
2025-07-12 00:00:00+00:00,hyperliquid,long,0.0002,2.743709317979842,-0.0005487418635959684,False
2025-07-12 00:00:00+00:00,bitcoin-cash,long,0.0004,2.385439770288599,-0.0009541759081154396,False
2025-07-12 00:00:00+00:00,hedera-hashgraph,long,0.0004,2.2883969872674963,-0.0009153587949069985,False
2025-07-12 04:00:00+00:00,hyperliquid,long,0.0002,2.6910860894563995,-0.0005382172178912799,False
2025-07-12 08:00:00+00:00,hyperliquid,long,0.0002,2.7174874903512776,-0.0005434974980702555,False
2025-07-12 08:00:00+00:00,bitcoin-cash,long,0.00010504,1.0045693946580523,-0.0001055199692148818,False
2025-07-12 08:00:00+00:00,hedera-hashgraph,long,0.0004,2.036988507941129,-0.0008147954031764517,False
2025-07-12 08:00:00+00:00,stellar,long,0.00035248,1.6626148451396359,-0.0005860384806148189,False
2025-07-12 12:00:00+00:00,hyperliquid,long,0.0002,2.7108146088064187,-0.0005421629217612837,False
2025-07-12 16:00:00+00:00,hyperliquid,long,0.00049528,2.6375289619267894,-0.0013063153442631002,False
2025-07-12 16:00:00+00:00,bitcoin-cash,long,0.0,0.9794212019696837,-0.0,False
2025-07-12 16:00:00+00:00,hedera-hashgraph,long,0.0004,1.9787711723658983,-0.0007915084689463593,False
2025-07-12 16:00:00+00:00,stellar,long,0.00018064,1.660979718105715,-0.0003000393762786164,False
2025-07-12 20:00:00+00:00,hyperliquid,long,0.0002,2.7102923832942123,-0.0005420584766588425,False
2025-07-13 00:00:00+00:00,hyperliquid,long,0.0002,2.7319937545792325,-0.0005463987509158466,False
2025-07-13 00:00:00+00:00,bitcoin-cash,long,0.0,0.9815362891633813,-0.0,False
2025-07-13 00:00:00+00:00,hedera-hashgraph,long,0.0004,2.033794282449391,-0.0008135177129797564,False
2025-07-13 00:00:00+00:00,stellar,long,0.00016568,1.7349581682349944,-0.0002874478693131739,False
2025-07-13 04:00:00+00:00,hyperliquid,long,0.0002,2.753010006805865,-0.000550602001361173,False
2025-07-13 08:00:00+00:00,hyperliquid,long,0.0002,2.7827033104394148,-0.000556540662087883,False
2025-07-13 08:00:00+00:00,hedera-hashgraph,long,0.0004,2.3669231864851312,-0.0009467692745940525,False
2025-07-13 08:00:00+00:00,stellar,long,3.496e-05,2.9719728395610256,-0.00010390017047105344,False
2025-07-13 12:00:00+00:00,hyperliquid,long,0.0002,2.7887347627399794,-0.0005577469525479959,False
2025-07-13 16:00:00+00:00,hyperliquid,long,0.0002,2.8100188299929343,-0.0005620037659985869,False
2025-07-13 16:00:00+00:00,hedera-hashgraph,long,0.0004,2.5604333856714074,-0.001024173354268563,False
2025-07-13 16:00:00+00:00,stellar,long,0.0004,3.1158669908129273,-0.001246346796325171,False
2025-07-13 20:00:00+00:00,hyperliquid,long,0.0002,2.845685591193389,-0.0005691371182386778,False
2025-07-14 00:00:00+00:00,hyperliquid,long,0.0002,2.8373343495464534,-0.0005674668699092907,False
2025-07-14 00:00:00+00:00,hedera-hashgraph,long,0.0004,2.5202275428831094,-0.0010080910171532437,False
2025-07-14 00:00:00+00:00,stellar,long,0.0,3.167555815958606,-0.0,False
2025-07-14 04:00:00+00:00,hyperliquid,long,0.0002,1.4701389809954084,-0.0002940277961990817,False
2025-07-14 08:00:00+00:00,hyperliquid,long,0.0002,1.4595973785696437,-0.0002919194757139287,False
2025-07-14 08:00:00+00:00,hedera-hashgraph,long,0.0004,1.6111661522132301,-0.0006444664608852921,False
2025-07-14 08:00:00+00:00,stellar,long,0.00036432,3.037075474159942,-0.0011064673367459502,False
2025-07-14 12:00:00+00:00,hyperliquid,long,0.0002,1.43271037013539,-0.000286542074027078,False
2025-07-14 16:00:00+00:00,hyperliquid,long,0.0002,1.4124562800813927,-0.00028249125601627855,False
2025-07-14 16:00:00+00:00,hedera-hashgraph,long,0.0004,1.5281360282690581,-0.0006112544113076233,False
2025-07-14 16:00:00+00:00,stellar,long,0.0004,2.852081340660725,-0.0011408325362642902,False
2025-07-14 20:00:00+00:00,hyperliquid,long,0.000602,1.3894483444498782,-0.0008364479033588267,False
2025-07-15 00:00:00+00:00,hyperliquid,long,0.00041992,1.4100281581743346,-0.0005920990241805666,False
2025-07-15 00:00:00+00:00,hedera-hashgraph,long,0.0004,1.5086032711419617,-0.0006034413084567847,False
2025-07-15 00:00:00+00:00,stellar,long,0.0004,2.896410005792161,-0.0011585640023168643,False
2025-07-15 04:00:00+00:00,hyperliquid,long,0.00152048,0.8155407810274096,-0.0012400134467365558,False
2025-07-15 08:00:00+00:00,hyperliquid,long,0.0003848,0.8189372871764604,-0.00031512706810550193,False
2025-07-15 08:00:00+00:00,hedera-hashgraph,long,0.0004,1.800925638351752,-0.0007203702553407009,False
2025-07-15 08:00:00+00:00,stellar,long,0.0004,4.560370053267767,-0.001824148021307107,False
2025-07-15 12:00:00+00:00,hyperliquid,long,0.00044572,0.8125580624295122,-0.00036217337958608216,False
2025-07-15 16:00:00+00:00,hyperliquid,long,0.0002,0.8173511015637056,-0.00016347022031274112,False
2025-07-15 16:00:00+00:00,hedera-hashgraph,long,0.0004,1.814760273913935,-0.000725904109565574,False
2025-07-15 16:00:00+00:00,stellar,long,0.0004,4.5583312612196325,-0.0018233325044878532,False
2025-07-15 20:00:00+00:00,hyperliquid,long,0.0002,0.8141097657463375,-0.00016282195314926753,False
2025-07-16 00:00:00+00:00,hyperliquid,long,0.00029352,0.8246785894487138,-0.0002420596595749865,False
2025-07-16 00:00:00+00:00,hedera-hashgraph,long,0.0004,1.822889099329003,-0.0007291556397316012,False
2025-07-16 00:00:00+00:00,stellar,long,0.0004,4.6061409347483915,-0.0018424563738993567,False
2025-07-16 08:00:00+00:00,hedera-hashgraph,long,0.0004,2.0525617283286195,-0.0008210246913314479,False
2025-07-16 08:00:00+00:00,stellar,long,0.0004,5.983625124214739,-0.0023934500496858957,False
2025-07-16 16:00:00+00:00,hedera-hashgraph,long,0.0004,2.0804462434237223,-0.000832178497369489,False
2025-07-16 16:00:00+00:00,stellar,long,0.0004,6.046766878859854,-0.0024187067515439417,False
2025-07-17 00:00:00+00:00,hedera-hashgraph,long,0.0004,2.0589228833346898,-0.000823569153333876,False
2025-07-17 00:00:00+00:00,stellar,long,0.0004,5.904339910650047,-0.002361735964260019,False
2025-07-17 08:00:00+00:00,hedera-hashgraph,long,0.0004,2.0855003117847097,-0.000834200124713884,False
2025-07-17 08:00:00+00:00,stellar,long,0.0004,6.077361337296147,-0.002430944534918459,False
2025-07-17 16:00:00+00:00,hedera-hashgraph,long,0.0004,2.1355181607365514,-0.0008542072642946206,False
2025-07-17 16:00:00+00:00,stellar,long,0.0004,6.047548013968866,-0.0024190192055875467,False
2025-07-18 00:00:00+00:00,hedera-hashgraph,long,0.0004,2.412533390384468,-0.0009650133561537873,False
2025-07-18 00:00:00+00:00,stellar,long,0.0004,6.483681783167086,-0.0025934727132668344,False
2025-07-18 08:00:00+00:00,hedera-hashgraph,long,0.0004,1.3165218361018025,-0.000526608734440721,False
2025-07-18 08:00:00+00:00,stellar,long,0.0004,4.271943150051396,-0.0017087772600205583,False
2025-07-18 16:00:00+00:00,hedera-hashgraph,long,0.0004,1.2911461475099282,-0.0005164584590039712,False
2025-07-18 16:00:00+00:00,stellar,long,0.0004,4.1350435212767325,-0.001654017408510693,False
2025-07-19 00:00:00+00:00,hedera-hashgraph,long,0.0004,1.26163840234658,-0.0005046553609386321,False
2025-07-19 00:00:00+00:00,stellar,long,0.0004,4.0752054215399465,-0.0016300821686159787,False
2025-07-19 08:00:00+00:00,hedera-hashgraph,long,0.00022488,1.6467735952291327,-0.00037032644609512734,False
2025-07-19 08:00:00+00:00,stellar,long,0.0004,5.124230039307577,-0.0020496920157230306,False
2025-07-19 16:00:00+00:00,hedera-hashgraph,long,0.0004,1.6375754556169797,-0.0006550301822467919,False
2025-07-19 16:00:00+00:00,stellar,long,0.0004,5.0625623958443144,-0.002025024958337726,False
2025-07-20 00:00:00+00:00,hedera-hashgraph,long,3.08e-05,1.6352452602485676,-5.036555401565589e-05,False
2025-07-20 00:00:00+00:00,stellar,long,0.0004,5.061135920105841,-0.0020244543680423364,False
2025-07-20 08:00:00+00:00,hedera-hashgraph,long,0.00037832,1.6543160697110983,-0.0006258608554931028,False
2025-07-20 08:00:00+00:00,stellar,long,8.256e-05,5.073754743946187,-0.0004188891916601972,False
2025-07-20 16:00:00+00:00,hedera-hashgraph,long,0.0004,1.6907407025752244,-0.0006762962810300898,False
2025-07-20 16:00:00+00:00,stellar,long,0.00011676,5.186556056188595,-0.0006055822851205803,False
2025-07-21 00:00:00+00:00,hedera-hashgraph,long,0.0004,1.6623491116390452,-0.0006649396446556181,False
2025-07-21 00:00:00+00:00,stellar,long,0.0004,5.0793509179971235,-0.0020317403671988496,False
2025-07-21 08:00:00+00:00,hedera-hashgraph,long,0.0004,1.7393068797273923,-0.0006957227518909569,False
2025-07-21 08:00:00+00:00,stellar,long,0.0004,5.330081461259674,-0.0021320325845038696,False
2025-07-21 16:00:00+00:00,hedera-hashgraph,long,0.0004,1.7159436051125236,-0.0006863774420450095,False
2025-07-21 16:00:00+00:00,stellar,long,0.0004,5.288384478135049,-0.0021153537912540197,False
2025-07-22 00:00:00+00:00,hedera-hashgraph,long,0.0004,1.665537800037925,-0.0006662151200151701,False
2025-07-22 00:00:00+00:00,stellar,long,0.0004,5.197090030872711,-0.0020788360123490846,False
2025-07-22 08:00:00+00:00,hedera-hashgraph,long,0.0004,1.6286225997278174,-0.000651449039891127,False
2025-07-22 08:00:00+00:00,stellar,long,0.0004,5.029314538247574,-0.0020117258152990295,False
2025-07-22 16:00:00+00:00,hedera-hashgraph,long,0.0004,1.6642500604922232,-0.0006657000241968894,False
2025-07-22 16:00:00+00:00,stellar,long,0.0004,5.092628115255229,-0.0020370512461020916,False
2025-07-23 00:00:00+00:00,hedera-hashgraph,long,0.0004,1.690434097921486,-0.0006761736391685944,False
2025-07-23 00:00:00+00:00,stellar,long,0.0004,5.191603585724734,-0.0020766414342898937,False
2025-07-23 08:00:00+00:00,hedera-hashgraph,long,0.0004,1.4340929896216492,-0.0005736371958486597,False
2025-07-23 08:00:00+00:00,stellar,long,0.0004,4.566274859901824,-0.00182650994396073,False
2025-07-23 16:00:00+00:00,hedera-hashgraph,long,0.0004,1.3573770114779482,-0.0005429508045911793,False
2025-07-23 16:00:00+00:00,stellar,long,0.0004,4.269144933493783,-0.0017076579733975134,False
2025-07-24 00:00:00+00:00,hedera-hashgraph,long,0.0004,1.3075302848870098,-0.0005230121139548039,False
2025-07-24 00:00:00+00:00,stellar,long,0.0004,4.150506376524461,-0.0016602025506097847,False
2025-07-24 08:00:00+00:00,hedera-hashgraph,long,0.0004,1.7619365479318567,-0.0007047746191727427,False
2025-07-24 08:00:00+00:00,stellar,long,0.0004,5.569926810017705,-0.0022279707240070823,False
2025-07-24 16:00:00+00:00,hedera-hashgraph,long,0.0004,1.8063718360290089,-0.0007225487344116036,False
2025-07-24 16:00:00+00:00,stellar,long,0.0004,5.881310741574528,-0.0023525242966298114,False
2025-07-25 00:00:00+00:00,hedera-hashgraph,long,0.0004,1.7614944057617359,-0.0007045977623046944,False
2025-07-25 00:00:00+00:00,stellar,long,0.0004,5.669804674856686,-0.0022679218699426748,False
2025-07-25 08:00:00+00:00,hedera-hashgraph,long,0.0004,1.7489670442749765,-0.0006995868177099906,False
2025-07-25 08:00:00+00:00,stellar,long,0.0004,5.54402265790706,-0.002217609063162824,False
2025-07-25 16:00:00+00:00,hedera-hashgraph,long,0.0,1.8011398203492448,-0.0,False
2025-07-25 16:00:00+00:00,stellar,long,0.0004,5.472185370095066,-0.0021888741480380267,False
2025-07-26 00:00:00+00:00,hedera-hashgraph,long,0.0,1.9062959664763361,-0.0,False
2025-07-26 00:00:00+00:00,stellar,long,0.0004,5.761537419702113,-0.0023046149678808453,False
2025-07-26 08:00:00+00:00,hedera-hashgraph,long,0.0,1.9401935328522735,-0.0,False
2025-07-26 08:00:00+00:00,stellar,long,0.0004,5.85513953634934,-0.0023420558145397364,False
2025-07-26 16:00:00+00:00,hedera-hashgraph,long,6.912e-05,2.0715834477398727,-0.00014318784790778,False
2025-07-26 16:00:00+00:00,stellar,long,0.0004,5.887319436651739,-0.002354927774660696,False
2025-07-27 00:00:00+00:00,hedera-hashgraph,long,0.0004,2.0614878681887783,-0.0008245951472755114,False
2025-07-27 00:00:00+00:00,stellar,long,0.0004,5.813879830152489,-0.0023255519320609956,False
2025-07-27 08:00:00+00:00,hedera-hashgraph,long,0.0004,2.2955126933804766,-0.0009182050773521907,False
2025-07-27 08:00:00+00:00,stellar,long,0.0004,4.98276396095752,-0.001993105584383008,False
2025-07-27 16:00:00+00:00,hedera-hashgraph,long,0.0004,2.263672271564811,-0.0009054689086259245,False
2025-07-27 16:00:00+00:00,stellar,long,0.0,4.947492343258904,-0.0,False
2025-07-28 00:00:00+00:00,hedera-hashgraph,long,0.0004,2.3042826358656847,-0.0009217130543462739,False
2025-07-28 00:00:00+00:00,stellar,long,0.0004,5.006992068961361,-0.0020027968275845446,False
2025-07-28 08:00:00+00:00,hedera-hashgraph,long,0.0004,2.8563525800629086,-0.0011425410320251635,False
2025-07-28 08:00:00+00:00,stellar,long,0.0004,4.340868649144208,-0.0017363474596576833,False
2025-07-28 16:00:00+00:00,hedera-hashgraph,long,0.0004,2.7262909914786086,-0.0010905163965914434,False
2025-07-28 16:00:00+00:00,stellar,long,0.0004,4.152386267146964,-0.0016609545068587857,False
2025-07-29 00:00:00+00:00,hedera-hashgraph,long,0.0004,2.7174868224052093,-0.0010869947289620838,False
2025-07-29 00:00:00+00:00,stellar,long,0.0,4.1020851537790595,-0.0,False
2025-07-29 08:00:00+00:00,hedera-hashgraph,long,0.0004,3.5735218741137484,-0.0014294087496454994,False
2025-07-29 08:00:00+00:00,stellar,long,0.00012416,3.9527277162953163,-0.0004907706732552265,False
2025-07-29 16:00:00+00:00,hedera-hashgraph,long,0.0004,3.394969054520425,-0.0013579876218081702,False
2025-07-29 16:00:00+00:00,stellar,long,0.0004,3.818181910984454,-0.0015272727643937817,False
2025-07-30 00:00:00+00:00,hedera-hashgraph,long,0.0004,3.4235167436995906,-0.0013694066974798364,False
2025-07-30 00:00:00+00:00,stellar,long,0.0004,3.84180724222209,-0.0015367228968888361,False
2025-07-30 08:00:00+00:00,hedera-hashgraph,long,0.0004,3.4529946800788416,-0.0013811978720315366,False
2025-07-30 08:00:00+00:00,stellar,long,0.0004,3.7448502267521446,-0.001497940090700858,False
2025-07-30 16:00:00+00:00,hedera-hashgraph,long,0.0004,3.4309662188117134,-0.0013723864875246855,False
2025-07-30 16:00:00+00:00,stellar,long,0.0003328,3.718900442176032,-0.0012376500671561835,False
2025-07-31 00:00:00+00:00,hedera-hashgraph,long,0.0004,3.415880060489377,-0.0013663520241957508,False
2025-07-31 00:00:00+00:00,stellar,long,0.0003002,3.6595481667268595,-0.0010985963596514031,False
2025-07-31 08:00:00+00:00,hedera-hashgraph,long,0.0,3.6516513489605815,-0.0,False
2025-07-31 08:00:00+00:00,stellar,long,0.00018312,3.8113858335718676,-0.0006979409738436804,False
2025-07-31 16:00:00+00:00,hedera-hashgraph,long,0.0004,3.508266091985455,-0.0014033064367941822,False
2025-07-31 16:00:00+00:00,stellar,long,7.4e-06,3.6915139913258086,-2.7317203535810984e-05,False
2025-08-01 00:00:00+00:00,hedera-hashgraph,long,0.0,3.349661170862131,-0.0,False
2025-08-01 00:00:00+00:00,stellar,long,0.0,3.6011835993411387,-0.0,False
2025-08-01 08:00:00+00:00,hedera-hashgraph,long,0.0,3.3040021784175373,-0.0,False
2025-08-01 08:00:00+00:00,stellar,long,0.0,3.5136367482625563,-0.0,False
2025-08-01 16:00:00+00:00,hedera-hashgraph,long,0.0,3.3712891146516752,-0.0,False
2025-08-01 16:00:00+00:00,stellar,long,0.00037272,3.5777479807447183,-0.0013334982273831713,False
2025-08-02 00:00:00+00:00,hedera-hashgraph,long,0.0002016,3.218558449866251,-0.0006488613834930362,False
2025-08-02 00:00:00+00:00,stellar,long,0.0004,3.4321957288489426,-0.001372878291539577,False
2025-08-02 08:00:00+00:00,hedera-hashgraph,long,0.0,4.271349631866361,-0.0,False
2025-08-02 08:00:00+00:00,stellar,long,0.0003502,2.3316834349701705,-0.0008165555389265537,False
2025-08-02 16:00:00+00:00,hedera-hashgraph,long,0.00017488,4.069402942237644,-0.0007116571865385191,False
2025-08-02 16:00:00+00:00,stellar,long,0.0003886,2.226081175333352,-0.0008650551447345406,False
2025-08-03 00:00:00+00:00,hedera-hashgraph,long,0.0,4.074540182587847,-0.0,False
2025-08-03 00:00:00+00:00,stellar,long,0.0001744,2.2102378243439147,-0.00038546547656557876,False
2025-08-03 04:00:00+00:00,the-open-network,long,0.0002,1.3950882273480583,-0.0002790176454696117,True
2025-08-03 08:00:00+00:00,hedera-hashgraph,long,0.0,4.21711954386143,-0.0,False
2025-08-03 08:00:00+00:00,stellar,long,4.052e-05,1.1404471630228565,-4.6210919045686145e-05,False
2025-08-03 08:00:00+00:00,the-open-network,long,0.00017628,1.4140929610203072,-0.0002492763071686598,True
2025-08-03 12:00:00+00:00,the-open-network,long,0.0002,1.4377902215252103,-0.0002875580443050421,True
2025-08-03 16:00:00+00:00,hedera-hashgraph,long,0.0,4.384219966057289,-0.0,False
2025-08-03 16:00:00+00:00,stellar,long,0.0,1.205711086815883,-0.0,False
2025-08-03 16:00:00+00:00,the-open-network,long,0.00023754,1.4167911639490833,-0.0003365445730844653,True
2025-08-03 20:00:00+00:00,the-open-network,long,0.0002,1.4315335190816716,-0.0002863067038163343,True
2025-08-04 00:00:00+00:00,hedera-hashgraph,long,0.0,4.392707606549777,-0.0,False
2025-08-04 00:00:00+00:00,stellar,long,5.232e-05,1.202398197283242,-6.290947368185923e-05,False
2025-08-04 00:00:00+00:00,the-open-network,long,0.00017244,1.391373310272207,-0.00023992841362333937,True
2025-08-04 04:00:00+00:00,the-open-network,long,0.0002,2.221992452917605,-0.000444398490583521,True
2025-08-04 08:00:00+00:00,hedera-hashgraph,long,0.0,3.786367649352303,-0.0,False
2025-08-04 08:00:00+00:00,stellar,long,0.0,1.2097006765884366,-0.0,False
2025-08-04 08:00:00+00:00,the-open-network,long,0.00031516,2.2550729779589185,-0.0007107087997335328,True
2025-08-04 12:00:00+00:00,the-open-network,long,0.0002,2.2443186627838907,-0.0004488637325567782,True
2025-08-04 16:00:00+00:00,hedera-hashgraph,long,0.0,3.8090825013776475,-0.0,False
2025-08-04 16:00:00+00:00,stellar,long,0.0,1.1866532299846881,-0.0,False
2025-08-04 16:00:00+00:00,the-open-network,long,0.00029056,2.1243860368261234,-0.0006172616068601984,True
2025-08-04 20:00:00+00:00,the-open-network,long,0.0002,2.1514290515937375,-0.0004302858103187475,True
2025-08-05 00:00:00+00:00,hedera-hashgraph,long,0.00015168,3.824174919837441,-0.0005800508518409431,False
2025-08-05 00:00:00+00:00,stellar,long,0.0,1.2000637089908994,-0.0,False
2025-08-05 00:00:00+00:00,the-open-network,long,0.0004,2.149856783293295,-0.000859942713317318,True
2025-08-05 04:00:00+00:00,the-open-network,long,0.0002,2.166250477701293,-0.00043325009554025863,True
2025-08-05 08:00:00+00:00,hedera-hashgraph,long,0.0,2.6039443733869074,-0.0,False
2025-08-05 08:00:00+00:00,stellar,long,0.00014016,1.129010870545269,-0.00015824216361562493,False
2025-08-05 08:00:00+00:00,the-open-network,long,0.0004,2.1361833382765023,-0.0008544733353106009,True
2025-08-05 08:00:00+00:00,litecoin,long,0.0004,1.4378307834945874,-0.0005751323133978349,False
2025-08-05 12:00:00+00:00,the-open-network,long,0.0002,2.1469353988416846,-0.00042938707976833694,True
2025-08-05 16:00:00+00:00,hedera-hashgraph,long,0.00033208,2.5671782526826585,-0.0008525085541508572,False
2025-08-05 16:00:00+00:00,stellar,long,0.0,1.1129640440634312,-0.0,False
2025-08-05 16:00:00+00:00,the-open-network,long,0.0004,2.1041203073695525,-0.000841648122947821,True
2025-08-05 16:00:00+00:00,litecoin,long,0.0004,1.4521115063897496,-0.0005808446025558999,False
2025-08-05 20:00:00+00:00,the-open-network,long,0.0002,2.09143673891841,-0.000418287347783682,True
2025-08-06 00:00:00+00:00,hedera-hashgraph,long,0.0004,2.5726609198052217,-0.0010290643679220887,False
2025-08-06 00:00:00+00:00,stellar,long,0.0,1.1126549108037112,-0.0,False
2025-08-06 00:00:00+00:00,the-open-network,long,0.00038376,2.057313432933101,-0.0007895146030224069,True
2025-08-06 00:00:00+00:00,litecoin,long,0.0004,1.4308094280711325,-0.0005723237712284531,False
2025-08-06 04:00:00+00:00,the-open-network,long,0.0002,0.6845366573248702,-0.00013690733146497406,True
2025-08-06 08:00:00+00:00,hedera-hashgraph,long,0.0004,1.5668631959250074,-0.000626745278370003,False
2025-08-06 08:00:00+00:00,stellar,long,0.0,1.1044397263641492,-0.0,False
2025-08-06 08:00:00+00:00,the-open-network,long,0.00027008,0.6895503113373519,-0.000186233748085992,True
2025-08-06 08:00:00+00:00,litecoin,long,0.0004,4.104934758271857,-0.0016419739033087428,False
2025-08-06 12:00:00+00:00,the-open-network,long,0.0002,0.6863087246913508,-0.00013726174493827018,True
2025-08-06 16:00:00+00:00,hedera-hashgraph,long,0.00033416,1.5807985749780722,-0.0005282396518146727,False
2025-08-06 16:00:00+00:00,stellar,long,0.00011064,1.1158034844143745,-0.0001234524975156064,False
2025-08-06 16:00:00+00:00,the-open-network,long,0.000249,0.7005068742008356,-0.00017442621167600803,True
2025-08-06 16:00:00+00:00,litecoin,long,0.0002388,4.100425365686295,-0.0009791815773258872,False
2025-08-06 20:00:00+00:00,the-open-network,long,0.00018958,0.698734806834355,-0.000132466144679657,True
2025-08-07 00:00:00+00:00,hedera-hashgraph,long,0.0004,1.5707162961240115,-0.0006282865184496047,False
2025-08-07 00:00:00+00:00,stellar,long,2.304e-05,1.1193301679472032,-2.578936706950356e-05,False
2025-08-07 00:00:00+00:00,the-open-network,long,0.0004,0.7148995189090804,-0.0002859598075636322,True
2025-08-07 00:00:00+00:00,litecoin,long,0.0004,4.133031742843432,-0.0016532126971373728,False
2025-08-07 08:00:00+00:00,hedera-hashgraph,long,0.0004,2.064468514055488,-0.0008257874056221953,False
2025-08-07 08:00:00+00:00,stellar,long,0.00024072,0.5562587972522034,-0.0001339026176745504,False
2025-08-07 08:00:00+00:00,litecoin,long,0.00013752,4.8616079020164005,-0.0006685683186852954,False
2025-08-07 16:00:00+00:00,hedera-hashgraph,long,0.0004,2.1323925404508235,-0.0008529570161803294,False
2025-08-07 16:00:00+00:00,stellar,long,0.0,0.5714332711682762,-0.0,False
2025-08-07 16:00:00+00:00,litecoin,long,0.0004,4.930385043774376,-0.0019721540175097504,False
2025-08-08 00:00:00+00:00,hedera-hashgraph,long,0.0004,2.1929757093351103,-0.0008771902837340442,False
2025-08-08 00:00:00+00:00,stellar,long,1e-06,0.6089190720294424,-6.089190720294424e-07,False
2025-08-08 00:00:00+00:00,litecoin,long,0.0004,5.001603977547427,-0.002000641591018971,False
2025-08-08 08:00:00+00:00,hedera-hashgraph,long,0.00020384,1.6142860575107456,-0.00032905606996299036,False
2025-08-08 08:00:00+00:00,stellar,long,0.0,1.1534337870295392,-0.0,False
2025-08-08 08:00:00+00:00,litecoin,long,0.00029288,5.130494293095649,-0.0015026191685618535,False
2025-08-08 16:00:00+00:00,hedera-hashgraph,long,0.0004,1.5705509004071807,-0.0006282203601628723,False
2025-08-08 16:00:00+00:00,stellar,long,0.0004,1.1028388987148787,-0.0004411355594859515,False
2025-08-08 16:00:00+00:00,litecoin,long,0.0004,5.089806046310408,-0.0020359224185241636,False
2025-08-09 00:00:00+00:00,hedera-hashgraph,long,0.0004,1.6016242707688746,-0.0006406497083075498,False
2025-08-09 00:00:00+00:00,stellar,long,0.0004,1.1220395216829855,-0.0004488158086731942,False
2025-08-09 00:00:00+00:00,litecoin,long,0.0004,5.1913169300426585,-0.0020765267720170635,False
2025-08-09 08:00:00+00:00,hedera-hashgraph,long,0.0004,1.6359905110806068,-0.0006543962044322427,False
2025-08-09 08:00:00+00:00,stellar,long,0.0004,1.7138360021119,-0.00068553440084476,False
2025-08-09 08:00:00+00:00,litecoin,long,0.0004,3.7330757108478623,-0.001493230284339145,False
2025-08-09 08:00:00+00:00,ethereum,long,0.0004,0.7592810749722729,-0.0003037124299889092,False
2025-08-09 16:00:00+00:00,hedera-hashgraph,long,0.0004,1.6143327330790522,-0.0006457330932316209,False
2025-08-09 16:00:00+00:00,stellar,long,0.00014788,1.69952571692132,-0.0002513258630183248,False
2025-08-09 16:00:00+00:00,litecoin,long,0.00021436,3.611432480273154,-0.0007741466664713532,False
2025-08-09 16:00:00+00:00,ethereum,long,0.0004,0.7662445673796653,-0.0003064978269518661,False
2025-08-10 00:00:00+00:00,hedera-hashgraph,long,0.00024032,1.632554716270162,-0.0003923355494140453,False
2025-08-10 00:00:00+00:00,stellar,long,0.0004,1.6874431542274269,-0.0006749772616909708,False
2025-08-10 00:00:00+00:00,litecoin,long,0.0003314,3.5834068340132945,-0.0011875410247920058,False
2025-08-10 00:00:00+00:00,ethereum,long,0.00039664,0.7755280099248765,-0.000307605429856603,False
2025-08-10 08:00:00+00:00,stellar,long,0.0,1.66309174088952,-0.0,False
2025-08-10 08:00:00+00:00,litecoin,long,0.0002042,2.869099596626205,-0.0005858701376310711,False
2025-08-10 08:00:00+00:00,ethereum,long,0.0004,1.442320116780097,-0.0005769280467120388,False
2025-08-10 08:00:00+00:00,chainlink,long,0.0004,2.2438836354586154,-0.0008975534541834462,False
2025-08-10 16:00:00+00:00,stellar,long,0.0,1.675373873549262,-0.0,False
2025-08-10 16:00:00+00:00,litecoin,long,0.0004,2.9904105191681185,-0.0011961642076672475,False
2025-08-10 16:00:00+00:00,ethereum,long,0.0004,1.4532192612393924,-0.000581287704495757,False
2025-08-10 16:00:00+00:00,chainlink,long,0.0004,2.3053851740486833,-0.0009221540696194734,False
2025-08-11 00:00:00+00:00,stellar,long,1.076e-05,1.6846233808609197,-1.8126547578063495e-05,False
2025-08-11 00:00:00+00:00,litecoin,long,0.0004,2.978375705423881,-0.0011913502821695524,False
2025-08-11 00:00:00+00:00,ethereum,long,0.00035492,1.4644217341972388,-0.000519752561901284,False
2025-08-11 00:00:00+00:00,chainlink,long,0.0004,2.261411573956785,-0.000904564629582714,False
2025-08-11 08:00:00+00:00,stellar,long,0.0001304,0.5672806479703819,-7.39733964953378e-05,False
2025-08-11 08:00:00+00:00,litecoin,long,0.0004,1.4886499455940927,-0.0005954599782376371,False
2025-08-11 08:00:00+00:00,ethereum,long,0.00037416,2.240556983995355,-0.0008383268011317021,False
2025-08-11 08:00:00+00:00,chainlink,long,0.0004,4.440959069990403,-0.0017763836279961612,False
2025-08-11 16:00:00+00:00,stellar,long,0.0,0.5610541654538973,-0.0,False
2025-08-11 16:00:00+00:00,litecoin,long,0.0004,1.5113405722984619,-0.0006045362289193848,False
2025-08-11 16:00:00+00:00,ethereum,long,0.0004,2.269326237126274,-0.0009077304948505097,False
2025-08-11 16:00:00+00:00,chainlink,long,0.0004,4.444399320807894,-0.0017777597283231577,False
2025-08-12 00:00:00+00:00,stellar,long,0.0,0.5443489684584505,-0.0,False
2025-08-12 00:00:00+00:00,litecoin,long,0.00023352,1.44857926439276,-0.00033827222982099733,False
2025-08-12 00:00:00+00:00,ethereum,long,0.00014636,2.213439328228431,-0.00032395898007951316,False
2025-08-12 00:00:00+00:00,chainlink,long,0.0004,4.262673130566318,-0.0017050692522265272,False
2025-08-12 08:00:00+00:00,ethereum,long,0.0004,3.6408035133969188,-0.0014563214053587676,False
2025-08-12 08:00:00+00:00,chainlink,long,0.0004,5.073131361641718,-0.0020292525446566874,False
2025-08-12 16:00:00+00:00,ethereum,long,0.0004,3.7729649746253635,-0.0015091859898501456,False
2025-08-12 16:00:00+00:00,chainlink,long,0.0004,5.671373528263621,-0.002268549411305449,False
2025-08-13 00:00:00+00:00,ethereum,long,0.0004,3.873461697505843,-0.0015493846790023374,False
2025-08-13 00:00:00+00:00,chainlink,long,0.0004,5.5743038360087445,-0.002229721534403498,False
2025-08-13 08:00:00+00:00,ethereum,long,0.0004,3.9032782008596167,-0.0015613112803438468,False
2025-08-13 08:00:00+00:00,chainlink,long,8.408e-05,5.528957410429824,-0.00046487473906893956,False
2025-08-13 16:00:00+00:00,ethereum,long,0.0004,3.936327005595925,-0.0015745308022383701,False
2025-08-13 16:00:00+00:00,chainlink,long,0.0004,5.576901808307537,-0.002230760723323015,False
2025-08-14 00:00:00+00:00,ethereum,long,0.0004,4.007446075440886,-0.0016029784301763545,False
2025-08-14 00:00:00+00:00,chainlink,long,0.0004,5.664760507866695,-0.002265904203146678,False
2025-08-14 08:00:00+00:00,ethereum,long,0.0004,4.007437636011689,-0.0016029750544046756,False
2025-08-14 08:00:00+00:00,chainlink,long,0.0004,5.5615501538146725,-0.002224620061525869,False
2025-08-14 16:00:00+00:00,ethereum,long,0.0004,3.8978263295982134,-0.0015591305318392854,False
2025-08-14 16:00:00+00:00,chainlink,long,0.0004,5.37803883779998,-0.002151215535119992,False
2025-08-15 00:00:00+00:00,ethereum,long,0.0004,3.8355433421227394,-0.0015342173368490958,False
2025-08-15 00:00:00+00:00,chainlink,long,0.0004,5.305767972033575,-0.00212230718881343,False
2025-08-15 08:00:00+00:00,ethereum,long,0.0003906,3.9152199931736806,-0.0015292849293336397,False
2025-08-15 08:00:00+00:00,chainlink,long,0.00020104,5.334818025920071,-0.0010725118159309712,False
2025-08-15 16:00:00+00:00,ethereum,long,0.00025896,3.7376375240058057,-0.0009678986132165433,False
2025-08-15 16:00:00+00:00,chainlink,long,0.0004,5.099347263929531,-0.0020397389055718126,False
2025-08-16 00:00:00+00:00,ethereum,long,0.00023868,3.745190813137316,-0.0008939021432796146,False
2025-08-16 00:00:00+00:00,chainlink,long,0.0004,5.139497744910867,-0.002055799097964347,False
2025-08-16 08:00:00+00:00,ethereum,long,0.0003596,3.718388979889058,-0.0013371326771681052,False
2025-08-16 08:00:00+00:00,chainlink,long,0.0004,5.091261167351024,-0.0020365044669404097,False
2025-08-16 16:00:00+00:00,ethereum,long,7.872e-05,3.676098659238131,-0.0002893824864552257,False
2025-08-16 16:00:00+00:00,chainlink,long,0.0004,5.079494533031229,-0.002031797813212492,False
2025-08-17 00:00:00+00:00,ethereum,long,0.00018676,3.694393819693641,-0.0006899649897659844,False
2025-08-17 00:00:00+00:00,chainlink,long,0.0,5.224616356308694,-0.0,False
2025-08-17 08:00:00+00:00,ethereum,long,0.0,3.7317029089003078,-0.0,False
2025-08-17 08:00:00+00:00,chainlink,long,0.0004,5.606224457582025,-0.00224248978303281,False
2025-08-17 16:00:00+00:00,ethereum,long,0.00021336,3.8111435211111893,-0.0008131455816642834,False
2025-08-17 16:00:00+00:00,chainlink,long,0.0004,6.069276125813932,-0.002427710450325573,False
2025-08-18 00:00:00+00:00,ethereum,long,2.528e-05,3.736525342697855,-9.445936066340177e-05,False
2025-08-18 00:00:00+00:00,chainlink,long,0.0004,5.918617062856565,-0.002367446825142626,False
2025-08-18 08:00:00+00:00,ethereum,long,0.00036764,3.1565111711365224,-0.0011604597669566312,False
2025-08-18 08:00:00+00:00,chainlink,long,0.0004,5.733708343753987,-0.002293483337501595,False
2025-08-18 16:00:00+00:00,ethereum,long,0.00035836,3.2221078535555585,-0.0011546745704001699,False
2025-08-18 16:00:00+00:00,chainlink,long,4.14e-05,5.890999634753995,-0.00024388738487881537,False
2025-08-19 00:00:00+00:00,ethereum,long,0.0004,3.1987636536717288,-0.0012795054614686916,False
2025-08-19 00:00:00+00:00,chainlink,long,0.00028592,5.983332870473764,-0.0017107545343258586,False
2025-08-19 08:00:00+00:00,ethereum,long,0.0004,3.1400953102077285,-0.0012560381240830914,False
2025-08-19 08:00:00+00:00,chainlink,long,0.0,5.639983149706784,-0.0,False
2025-08-19 16:00:00+00:00,ethereum,long,0.0004,3.1077680070320914,-0.0012431072028128366,False
2025-08-19 16:00:00+00:00,chainlink,long,0.0004,5.634183323342477,-0.002253673329336991,False
2025-08-20 00:00:00+00:00,ethereum,long,0.0004,3.022001995256801,-0.0012088007981027205,False
2025-08-20 00:00:00+00:00,chainlink,long,0.0004,5.467148324050433,-0.002186859329620173,False
2025-08-20 08:00:00+00:00,ethereum,long,1.272e-05,3.1029092682574144,-3.946900589223431e-05,False
2025-08-20 08:00:00+00:00,chainlink,long,0.0004,5.667126337091742,-0.002266850534836697,False
2025-08-20 16:00:00+00:00,ethereum,long,0.0003628,3.155287214040612,-0.0011447382012539338,False
2025-08-20 16:00:00+00:00,chainlink,long,0.0004,6.020915745314474,-0.0024083662981257896,False
2025-08-21 00:00:00+00:00,ethereum,long,0.00024928,3.215083081617209,-0.0008014559105855378,False
2025-08-21 00:00:00+00:00,chainlink,long,0.0004,6.138536223982622,-0.0024554144895930488,False
2025-08-21 08:00:00+00:00,ethereum,long,0.00023336,3.1963825007760476,-0.0007459078203810984,False
2025-08-21 08:00:00+00:00,chainlink,long,0.00020296,5.964309439998837,-0.0012105162439421638,False
2025-08-21 16:00:00+00:00,ethereum,long,0.00010756,3.1457922741450597,-0.0003383614170070426,False
2025-08-21 16:00:00+00:00,chainlink,long,0.0,5.8176898295091535,-0.0,False
2025-08-22 00:00:00+00:00,ethereum,long,0.00025504,3.133337583453941,-0.0007991264172840932,False
2025-08-22 00:00:00+00:00,chainlink,long,0.00016204,5.758531600593221,-0.0009331124605601255,False
2025-08-22 08:00:00+00:00,ethereum,long,0.0002668,3.2076046028999743,-0.0008557889080537131,False
2025-08-22 08:00:00+00:00,chainlink,long,0.0,5.384056878373571,-0.0,False
2025-08-22 16:00:00+00:00,ethereum,long,0.00024016,3.4211329766122844,-0.0008216192956632063,False
2025-08-22 16:00:00+00:00,chainlink,long,0.0004,5.691342495403519,-0.0022765369981614077,False
2025-08-23 00:00:00+00:00,ethereum,long,0.0004,3.5817241694684965,-0.0014326896677873987,False
2025-08-23 00:00:00+00:00,chainlink,long,0.0004,5.765959786592736,-0.0023063839146370948,False
2025-08-23 08:00:00+00:00,ethereum,long,0.0004,3.4944174924269378,-0.0013977669969707752,False
2025-08-23 08:00:00+00:00,chainlink,long,0.0004,5.5666219510526656,-0.0022266487804210662,False
2025-08-23 16:00:00+00:00,ethereum,long,0.0004,3.521972411051571,-0.0014087889644206284,False
2025-08-23 16:00:00+00:00,chainlink,long,0.0,5.59457655582096,-0.0,False
2025-08-24 00:00:00+00:00,ethereum,long,0.0004,3.5423123308005944,-0.001416924932320238,False
2025-08-24 00:00:00+00:00,chainlink,long,0.0004,5.655001509204736,-0.0022620006036818945,False
2025-08-24 08:00:00+00:00,ethereum,long,0.0004,3.5280380524495665,-0.0014112152209798266,False
2025-08-24 08:00:00+00:00,chainlink,long,0.0004,5.509852599830897,-0.002203941039932359,False
2025-08-24 16:00:00+00:00,ethereum,long,0.0004,3.556653346037419,-0.0014226613384149677,False
2025-08-24 16:00:00+00:00,chainlink,long,0.0004,5.500391041293937,-0.0022001564165175748,False
2025-08-25 00:00:00+00:00,ethereum,long,0.00019728,3.5429203779823,-0.0006989473321683482,False
2025-08-25 00:00:00+00:00,chainlink,long,0.0004,5.557375427936999,-0.0022229501711747996,False
2025-08-25 08:00:00+00:00,ethereum,long,0.00018268,3.403558930019071,-0.0006217621453358839,False
2025-08-25 08:00:00+00:00,chainlink,long,0.0004,5.371799859359781,-0.0021487199437439123,False
2025-08-25 16:00:00+00:00,ethereum,long,6.928e-05,3.418826846447521,-0.00023685632392188427,False
2025-08-25 16:00:00+00:00,chainlink,long,0.00015276,5.251380023434818,-0.0008022008123799027,False
2025-08-26 00:00:00+00:00,ethereum,long,0.0,3.2437834102114884,-0.0,False
2025-08-26 00:00:00+00:00,chainlink,long,6.932e-05,5.0296785040801115,-0.0003486573139028333,False
2025-08-26 08:00:00+00:00,ethereum,long,4.32e-05,1.5435458512869684,-6.668118077559704e-05,False
2025-08-26 08:00:00+00:00,chainlink,long,0.0,2.554245301365145,-0.0,False
2025-08-26 16:00:00+00:00,ethereum,long,4.116e-05,1.574592955224114,-6.481024603702453e-05,False
2025-08-26 16:00:00+00:00,chainlink,long,0.0,2.6667865630235665,-0.0,False
2025-08-27 00:00:00+00:00,ethereum,long,0.0,1.602910451887199,-0.0,False
2025-08-27 00:00:00+00:00,chainlink,long,0.0003266,2.690287826487531,-0.0008786480041308277,False
2025-08-27 08:00:00+00:00,ethereum,long,7.732e-05,0.7827773267570222,-6.0524342904852955e-05,False
2025-08-27 08:00:00+00:00,chainlink,long,0.0004,3.5722825003531256,-0.0014289130001412503,False
2025-08-27 16:00:00+00:00,ethereum,long,0.00016608,0.7959293974884533,-0.00013218795433488233,False
2025-08-27 16:00:00+00:00,chainlink,long,0.0001154,3.5907610980168596,-0.0004143738307111456,False
2025-08-28 00:00:00+00:00,ethereum,long,0.0002386,0.7703074812234382,-0.00018379536501991235,False
2025-08-28 00:00:00+00:00,chainlink,long,0.0004,3.5153684195488237,-0.0014061473678195296,False
2025-08-28 08:00:00+00:00,ethereum,long,0.00010572,0.2901230886593491,-3.067181293306639e-05,False
2025-08-28 08:00:00+00:00,chainlink,long,0.0004,1.6577966904973473,-0.0006631186761989389,False
2025-08-28 16:00:00+00:00,ethereum,long,8.7e-05,0.28428676954211085,-2.4732948950163643e-05,False
2025-08-28 16:00:00+00:00,chainlink,long,0.0004,1.6973006423606072,-0.0006789202569442429,False
2025-08-29 00:00:00+00:00,ethereum,long,6.912e-05,0.2847426629103512,-1.9681412860363478e-05,False
2025-08-29 00:00:00+00:00,chainlink,long,0.00013208,1.7239332892840178,-0.00022769710884863305,False
2025-08-29 08:00:00+00:00,chainlink,long,0.0,1.1258512213442562,-0.0,False
2025-08-29 16:00:00+00:00,chainlink,long,0.0,1.1210691153197723,-0.0,False
2025-08-30 00:00:00+00:00,chainlink,long,2.172e-05,1.1198257677534065,-2.4322615675603986e-05,False
2025-08-30 08:00:00+00:00,chainlink,long,0.00033016,1.5128483369540853,-0.0004994820069287608,False
2025-08-30 16:00:00+00:00,chainlink,long,0.00017008,1.5158915157187693,-0.00025782282899344827,False
2025-08-31 00:00:00+00:00,chainlink,long,0.000284,1.5217836277950725,-0.00043218655029380064,False
2025-09-13 04:00:00+00:00,hyperliquid,long,0.0002,2.2219465663351006,-0.00044438931326702013,False
2025-09-13 08:00:00+00:00,hyperliquid,long,0.0002,2.1926152500907743,-0.0004385230500181549,False
2025-09-13 08:00:00+00:00,solana,long,0.00025308,6.965935269987706,-0.0017629388981284886,False
2025-09-13 12:00:00+00:00,hyperliquid,long,0.0002,2.2351416842119516,-0.00044702833684239033,False
2025-09-13 16:00:00+00:00,hyperliquid,long,0.0002,2.213957955813272,-0.00044279159116265436,False
2025-09-13 16:00:00+00:00,solana,long,0.00022492,6.881908938106267,-0.0015478789583588616,False
2025-09-13 20:00:00+00:00,hyperliquid,long,0.0002,2.1850240828784893,-0.00043700481657569785,False
2025-09-14 00:00:00+00:00,hyperliquid,long,0.0002,2.1647942184227142,-0.00043295884368454285,False
2025-09-14 00:00:00+00:00,solana,long,0.0,6.9638080210793145,-0.0,False
2025-09-14 04:00:00+00:00,hyperliquid,long,0.0002,2.146511826183703,-0.00042930236523674065,False
2025-09-14 08:00:00+00:00,hyperliquid,long,0.00107108,2.16093901832014,-0.002314538563742336,False
2025-09-14 08:00:00+00:00,solana,long,0.00023252,7.079858073014098,-0.001646208599137238,False
2025-09-14 12:00:00+00:00,hyperliquid,long,0.00056016,2.1427361147430375,-0.0012002750620344598,False
2025-09-14 16:00:00+00:00,hyperliquid,long,0.000348,2.14766441178138,-0.0007473872152999202,False
2025-09-14 16:00:00+00:00,solana,long,0.0001168,7.006726705136445,-0.0008183856791599368,False
2025-09-14 20:00:00+00:00,hyperliquid,long,0.0002,2.1541427377269424,-0.0004308285475453885,False
2025-09-15 00:00:00+00:00,hyperliquid,long,0.0002,2.13438980524262,-0.00042687796104852395,False
2025-09-15 00:00:00+00:00,solana,long,0.0,6.8901592142779995,-0.0,False
2025-09-15 04:00:00+00:00,hyperliquid,long,0.0002,2.1587530801176498,-0.00043175061602353,False
2025-09-15 08:00:00+00:00,hyperliquid,long,0.0002,2.1160279243417,-0.00042320558486834,False
2025-09-15 08:00:00+00:00,solana,long,3.432e-05,6.838817774407917,-0.0002347082260176797,False
2025-09-15 12:00:00+00:00,hyperliquid,long,0.0002,2.118690794515643,-0.0004237381589031286,False
2025-09-15 16:00:00+00:00,hyperliquid,long,0.0002,2.094407008302522,-0.00041888140166050446,False
2025-09-15 16:00:00+00:00,solana,long,0.00019252,6.695113486664053,-0.0012889432484525635,False
2025-09-15 20:00:00+00:00,hyperliquid,long,0.0002,2.1324423330258555,-0.0004264884666051711,False
2025-09-16 00:00:00+00:00,hyperliquid,long,0.0002,2.146829780831338,-0.00042936595616626766,False
2025-09-16 00:00:00+00:00,solana,long,0.0002562,6.7340651389731025,-0.0017252674886049089,False
2025-09-16 04:00:00+00:00,hyperliquid,long,0.0002,1.396183083965986,-0.00027923661679319717,False
2025-09-16 08:00:00+00:00,hyperliquid,long,0.0002,1.398987875096496,-0.0002797975750192992,False
2025-09-16 08:00:00+00:00,solana,long,0.00030544,5.187770613626009,-0.0015845526562259281,False
2025-09-16 12:00:00+00:00,hyperliquid,long,0.0002,1.3838367603914974,-0.0002767673520782995,False
2025-09-16 16:00:00+00:00,hyperliquid,long,0.00064944,1.4169962069344442,-0.0009202540166315054,False
2025-09-16 16:00:00+00:00,solana,long,0.00031132,5.23146799403867,-0.001628660615904119,False
2025-09-16 20:00:00+00:00,hyperliquid,long,0.0002,1.4122516537136747,-0.00028245033074273497,False
2025-09-17 00:00:00+00:00,hyperliquid,long,0.0002,1.4273503424162337,-0.00028547006848324676,False
2025-09-17 00:00:00+00:00,solana,long,0.0,5.2145614005087335,-0.0,False
2025-09-17 04:00:00+00:00,hyperliquid,long,0.0002,0.6986839980205236,-0.00013973679960410472,False
2025-09-17 08:00:00+00:00,hyperliquid,long,0.0002,0.7099930738199689,-0.00014199861476399379,False
2025-09-17 08:00:00+00:00,solana,long,0.00015128,4.487525370926307,-0.0006788728381137318,False
2025-09-17 08:00:00+00:00,avalanche-2,long,5.404e-05,3.5991111872574733,-0.00019449596855939383,False
2025-09-17 12:00:00+00:00,hyperliquid,long,0.0002,0.7135820270987884,-0.00014271640541975767,False
2025-09-17 16:00:00+00:00,hyperliquid,long,0.0002,0.7052551390957721,-0.00014105102781915443,False
2025-09-17 16:00:00+00:00,solana,long,0.00013712,4.416655192746023,-0.0006056117600293346,False
2025-09-17 16:00:00+00:00,avalanche-2,long,0.0,3.5264815081492205,-0.0,False
2025-09-17 20:00:00+00:00,hyperliquid,long,0.0002,0.7165642148952174,-0.0001433128429790435,False
2025-09-18 00:00:00+00:00,hyperliquid,long,0.0002,0.7456114986266693,-0.00014912229972533387,False
2025-09-18 00:00:00+00:00,solana,long,0.00034876,4.622409150879775,-0.00161211141546083,False
2025-09-18 00:00:00+00:00,avalanche-2,long,0.0004,3.805174010385328,-0.0015220696041541313,False
2025-09-18 08:00:00+00:00,solana,long,0.0004,3.187077370795398,-0.0012748309483181593,False
2025-09-18 08:00:00+00:00,avalanche-2,long,0.0004,6.181962548874159,-0.002472785019549664,False
2025-09-18 16:00:00+00:00,solana,long,5.872e-05,3.2324239268612653,-0.0001898079329852935,False
2025-09-18 16:00:00+00:00,avalanche-2,long,0.0004,6.24449413032033,-0.0024977976521281323,False
2025-09-19 00:00:00+00:00,solana,long,0.0004,3.2229794416134188,-0.0012891917766453677,False
2025-09-19 00:00:00+00:00,avalanche-2,long,0.0004,6.630607810936746,-0.0026522431243746983,False
2025-09-19 08:00:00+00:00,solana,long,0.00038668,2.529664100900166,-0.000978170514536076,False
2025-09-19 08:00:00+00:00,avalanche-2,long,0.0004,7.14088245856422,-0.002856352983425688,False
2025-09-19 16:00:00+00:00,solana,long,3.212e-05,2.4638152686073282,-7.913774642766738e-05,False
2025-09-19 16:00:00+00:00,avalanche-2,long,0.0004,7.038698113618437,-0.0028154792454473747,False
2025-09-20 00:00:00+00:00,solana,long,0.0,2.4746914823571933,-0.0,False
2025-09-20 00:00:00+00:00,avalanche-2,long,0.0004,6.996207665922927,-0.0027984830663691706,False
2025-09-20 08:00:00+00:00,solana,long,0.0,0.8103780737558552,-0.0,False
2025-09-20 08:00:00+00:00,avalanche-2,long,1.4e-06,8.237027828823225,-1.1531838960352514e-05,False
2025-09-20 16:00:00+00:00,solana,long,0.0,0.811361944401045,-0.0,False
2025-09-20 16:00:00+00:00,avalanche-2,long,0.0,8.156477217949313,-0.0,False
2025-09-21 00:00:00+00:00,solana,long,0.0,0.809363774121639,-0.0,False
2025-09-21 00:00:00+00:00,avalanche-2,long,0.0,8.051906997206371,-0.0,False
2025-09-21 08:00:00+00:00,avalanche-2,long,0.0004,8.589881877451269,-0.0034359527509805077,False
2025-09-21 16:00:00+00:00,avalanche-2,long,0.00028468,8.612538914903919,-0.0024518175782948476,False
2025-09-22 00:00:00+00:00,avalanche-2,long,6.396e-05,8.604465717650676,-0.0005503416273009373,False
2025-09-22 08:00:00+00:00,avalanche-2,long,0.0,7.953401423034251,-0.0,False
2025-09-22 16:00:00+00:00,avalanche-2,long,0.0004,8.32398721952992,-0.0033295948878119684,False
2025-09-23 00:00:00+00:00,avalanche-2,long,0.0004,8.820879489181177,-0.003528351795672471,False
2025-09-23 08:00:00+00:00,avalanche-2,long,0.0004,4.54221073610572,-0.0018168842944422882,False
2025-09-23 16:00:00+00:00,avalanche-2,long,0.0004,4.563897201682073,-0.001825558880672829,False
2025-09-24 00:00:00+00:00,avalanche-2,long,0.0,4.364433662009754,-0.0,False
2025-10-01 08:00:00+00:00,avalanche-2,long,0.0004,2.159456917480219,-0.0008637827669920876,False
2025-10-01 08:00:00+00:00,binancecoin,long,0.0,2.3772389522134616,-0.0,False
2025-10-01 16:00:00+00:00,avalanche-2,long,7.992e-05,2.200410521654676,-0.0001758568088906417,False
2025-10-01 16:00:00+00:00,binancecoin,long,0.0,2.399045027198599,-0.0,False
2025-10-02 00:00:00+00:00,avalanche-2,long,0.00038868,2.211494625420698,-0.000859563731008517,False
2025-10-02 00:00:00+00:00,binancecoin,long,0.0,2.4163768535366783,-0.0,False
2025-10-02 08:00:00+00:00,avalanche-2,long,0.0,2.1456682351039342,-0.0,False
2025-10-02 08:00:00+00:00,binancecoin,long,0.0,7.269973360302242,-0.0,False
2025-10-02 16:00:00+00:00,avalanche-2,long,0.0,2.1051031534995754,-0.0,False
2025-10-02 16:00:00+00:00,binancecoin,long,0.0,7.408263186108461,-0.0,False
2025-10-03 00:00:00+00:00,avalanche-2,long,0.0004,2.1738111377394844,-0.0008695244550957938,False
2025-10-03 00:00:00+00:00,binancecoin,long,0.000841,7.650867063258867,-0.006434379200200707,False
2025-10-03 08:00:00+00:00,avalanche-2,long,0.0004,2.1178060596767185,-0.0008471224238706874,False
2025-10-03 08:00:00+00:00,binancecoin,long,0.00039972,7.623911076908821,-0.003047429735661994,False
2025-10-03 16:00:00+00:00,avalanche-2,long,0.0,2.1923391334895723,-0.0,False
2025-10-03 16:00:00+00:00,binancecoin,long,0.00011872,8.173911475483308,-0.0009704067703693784,False
2025-10-04 00:00:00+00:00,avalanche-2,long,0.0004,2.197953677656266,-0.0008791814710625063,False
2025-10-04 00:00:00+00:00,binancecoin,long,0.0003796,8.347932022779561,-0.0031688749958471217,False
2025-10-04 08:00:00+00:00,avalanche-2,long,0.0004,1.6252836668571558,-0.0006501134667428624,False
2025-10-04 08:00:00+00:00,binancecoin,long,0.00013888,8.545192027637142,-0.0011867562687982464,False
2025-10-04 16:00:00+00:00,avalanche-2,long,0.0,1.5783888182694432,-0.0,False
2025-10-04 16:00:00+00:00,binancecoin,long,0.00015948,8.377436712604101,-0.0013360336069261022,False
2025-10-05 00:00:00+00:00,avalanche-2,long,0.0,1.5886223397835222,-0.0,False
2025-10-05 00:00:00+00:00,binancecoin,long,0.00018428,8.428569118670941,-0.001553216717188681,False
2025-10-05 08:00:00+00:00,avalanche-2,long,0.0004,0.824356615141278,-0.00032974264605651124,False
2025-10-05 08:00:00+00:00,binancecoin,long,0.0,9.036619860271857,-0.0,False
2025-10-05 16:00:00+00:00,avalanche-2,long,0.0,0.8020810069344109,-0.0,False
2025-10-05 16:00:00+00:00,binancecoin,long,0.0,8.886049180058073,-0.0,False
2025-10-06 00:00:00+00:00,avalanche-2,long,0.0,0.7976258852930375,-0.0,False
2025-10-06 00:00:00+00:00,binancecoin,long,0.0,8.955655503683916,-0.0,False
2025-10-06 08:00:00+00:00,binancecoin,long,0.00027536,9.189993654734685,-0.002530556652767743,False
2025-10-06 16:00:00+00:00,binancecoin,long,0.00015364,9.370582212190008,-0.001439696251080873,False
2025-10-07 00:00:00+00:00,binancecoin,long,0.0,9.383854013566292,-0.0,False
2025-10-07 08:00:00+00:00,binancecoin,long,0.0,9.584388630893484,-0.0,False
2025-10-07 16:00:00+00:00,binancecoin,long,0.00025004,9.825505808498447,-0.0024567694723569514,False
2025-10-08 00:00:00+00:00,binancecoin,long,0.0,10.005480641034634,-0.0,False
2025-10-08 08:00:00+00:00,binancecoin,long,0.0,4.036454255293559,-0.0,False
2025-10-08 16:00:00+00:00,binancecoin,long,0.0,3.9777787799082733,-0.0,False
2025-10-09 00:00:00+00:00,binancecoin,long,0.0,4.0190393003548746,-0.0,False
2025-10-09 08:00:00+00:00,binancecoin,long,0.0,3.5090330549254127,-0.0,False
2025-10-09 16:00:00+00:00,binancecoin,long,0.0,3.326330713149326,-0.0,False
2025-10-10 00:00:00+00:00,binancecoin,long,0.0,3.3674528229632648,-0.0,False
2025-10-10 08:00:00+00:00,binancecoin,long,0.0,3.96126517709428,-0.0,False
2025-10-10 16:00:00+00:00,binancecoin,long,0.0,3.8115545361408105,-0.0,False
2025-10-11 00:00:00+00:00,binancecoin,long,1.104e-05,3.4552275341646457,-3.814571197717769e-05,False
2025-10-11 08:00:00+00:00,binancecoin,long,0.0,3.4313678906535277,-0.0,False
2025-10-11 16:00:00+00:00,binancecoin,long,0.0,3.5819564159937403,-0.0,False
2025-10-12 00:00:00+00:00,binancecoin,long,0.0,3.556591827819634,-0.0,False
2026-04-18 04:00:00+00:00,hyperliquid,long,0.0,2.6880477920502037,-0.0,False
2026-04-18 08:00:00+00:00,hyperliquid,long,0.0,2.656347990991268,-0.0,False
2026-04-18 08:00:00+00:00,zcash,long,0.0,5.300955947519894,-0.0,False
2026-04-18 12:00:00+00:00,hyperliquid,long,1.932e-05,2.638948852064183,-5.0984491821880014e-05,False
2026-04-18 16:00:00+00:00,hyperliquid,long,9.224e-05,2.6551562691469472,-0.00024491161426611443,False
2026-04-18 16:00:00+00:00,zcash,long,0.00025168,5.146588318288092,-0.001295293347946747,False
2026-04-18 20:00:00+00:00,hyperliquid,long,9.072e-05,2.6212517826760178,-0.00023779996172436832,False
2026-04-19 00:00:00+00:00,hyperliquid,long,0.00010448,2.6077257397429756,-0.0002724551852883461,False
2026-04-19 00:00:00+00:00,zcash,long,0.0001148,5.102347851363932,-0.0005857495333365794,False
2026-04-19 04:00:00+00:00,hyperliquid,long,0.0,2.581686617444564,-0.0,False
2026-04-19 08:00:00+00:00,hyperliquid,long,5.112e-05,2.5703652599235154,-0.0001313970720872901,False
2026-04-19 08:00:00+00:00,zcash,long,0.0004,5.101873846361173,-0.002040749538544469,False
2026-04-19 12:00:00+00:00,hyperliquid,long,0.0001592,2.585380955161959,-0.0004115926480617839,False
2026-04-19 16:00:00+00:00,hyperliquid,long,6.648e-05,2.5838317167643416,-0.00017177313253049343,False
2026-04-19 16:00:00+00:00,zcash,long,0.0,5.130472148194291,-0.0,False
2026-04-19 20:00:00+00:00,hyperliquid,long,0.00017924,2.476338406406597,-0.00044385889596431846,False
2026-04-20 00:00:00+00:00,hyperliquid,long,0.0002,2.423902645256478,-0.00048478052905129564,False
2026-04-20 00:00:00+00:00,zcash,long,0.00024472,4.763750277726522,-0.0011657849679652342,False
2026-04-20 04:00:00+00:00,hyperliquid,long,0.0002,2.455840790684278,-0.0004911681581368555,False
2026-04-20 08:00:00+00:00,hyperliquid,long,0.0002,2.437071171636224,-0.0004874142343272448,False
2026-04-20 08:00:00+00:00,zcash,long,0.00031448,4.868663385003815,-0.0015310972613159998,False
2026-04-20 12:00:00+00:00,hyperliquid,long,0.00016164,2.454053207917797,-0.0003966731605278327,False
2026-04-20 16:00:00+00:00,hyperliquid,long,2.8e-05,2.453338174811204,-6.869346889471372e-05,False
2026-04-20 16:00:00+00:00,zcash,long,0.00010412,4.911797840254871,-0.0005114163911273371,False
2026-04-20 20:00:00+00:00,hyperliquid,long,3.42e-05,2.4610247807070738,-8.416704750018191e-05,False
2026-04-21 00:00:00+00:00,hyperliquid,long,9.692e-05,2.4255710558385273,-0.00023508634673187007,False
2026-04-21 00:00:00+00:00,zcash,long,0.00023736,4.932338057041089,-0.0011707397612192728,False
2026-04-21 04:00:00+00:00,hyperliquid,long,0.0002,2.4574496151741108,-0.0004914899230348222,False
2026-04-21 08:00:00+00:00,hyperliquid,long,0.0002,2.4364753107140635,-0.0004872950621428127,False
2026-04-21 08:00:00+00:00,zcash,long,0.00010524,5.020660989221822,-0.0005283743625057046,False
2026-04-21 12:00:00+00:00,hyperliquid,long,0.0002,2.4343897974865016,-0.00048687795949730033,False
2026-04-21 16:00:00+00:00,hyperliquid,long,0.0002,2.3829074138118393,-0.0004765814827623679,False
2026-04-21 16:00:00+00:00,zcash,long,0.0,5.06458545281081,-0.0,False
2026-04-21 20:00:00+00:00,hyperliquid,long,0.0002,2.3196269838784,-0.00046392539677568003,False
2026-04-22 00:00:00+00:00,hyperliquid,long,0.0002,2.3677725463889643,-0.0004735545092777929,False
2026-04-22 00:00:00+00:00,zcash,long,0.00018552,5.0029648024521585,-0.0009281500301509244,False
2026-04-22 04:00:00+00:00,hyperliquid,long,0.0002,1.6624732055864795,-0.00033249464111729594,False
2026-04-22 08:00:00+00:00,hyperliquid,long,0.00010812,1.6748348348318016,-0.00018108314234201438,False
2026-04-22 08:00:00+00:00,zcash,long,0.0,5.007984175724827,-0.0,False
2026-04-22 08:00:00+00:00,monero,long,0.0004,0.8663007674053834,-0.0003465203069621534,False
2026-04-22 12:00:00+00:00,hyperliquid,long,0.00011748,1.7013833003251106,-0.00019987851012219398,False
2026-04-22 16:00:00+00:00,hyperliquid,long,0.0,1.6984380799344467,-0.0,False
2026-04-22 16:00:00+00:00,zcash,long,0.0,5.114891301718331,-0.0,False
2026-04-22 16:00:00+00:00,monero,long,0.0004,0.8435422841948578,-0.00033741691367794314,False
2026-04-22 20:00:00+00:00,hyperliquid,long,2.632e-05,1.6976914043424474,-4.468323776229321e-05,False
2026-04-23 00:00:00+00:00,hyperliquid,long,0.0,1.7060292817864398,-0.0,False
2026-04-23 00:00:00+00:00,zcash,long,0.0,4.920528855770898,-0.0,False
2026-04-23 00:00:00+00:00,monero,long,0.00246624,0.8223294066354406,-0.0020280616758205894,False
2026-04-23 04:00:00+00:00,hyperliquid,long,0.0,1.686408306507791,-0.0,False
2026-04-23 08:00:00+00:00,hyperliquid,long,0.0,1.7090574661317703,-0.0,False
2026-04-23 08:00:00+00:00,zcash,long,0.0,4.928776421531678,-0.0,False
2026-04-23 08:00:00+00:00,monero,long,0.00086256,0.8329918456198995,-0.0007185054463579004,False
2026-04-23 12:00:00+00:00,hyperliquid,long,0.0002,1.7030010974411092,-0.00034060021948822185,False
2026-04-23 16:00:00+00:00,hyperliquid,long,0.0002,1.7342785083504137,-0.0003468557016700828,False
2026-04-23 16:00:00+00:00,zcash,long,8.876e-05,5.059336943669305,-0.00044906674712008756,False
2026-04-23 16:00:00+00:00,monero,long,0.00165904,0.8385918660949304,-0.0013912574495261335,False
2026-04-23 20:00:00+00:00,hyperliquid,long,0.0002,1.6978158502744474,-0.00033956317005488947,False
2026-04-24 00:00:00+00:00,hyperliquid,long,0.0002,1.7120441684997674,-0.00034240883369995347,False
2026-04-24 00:00:00+00:00,zcash,long,7.12e-06,5.327460638118808,-3.793151974340591e-05,False
2026-04-24 00:00:00+00:00,monero,long,0.00138928,0.850105508191594,-0.0011810345804204178,False
2026-04-24 04:00:00+00:00,hyperliquid,long,0.0002,0.8692185866741828,-0.00017384371733483657,False
2026-04-24 08:00:00+00:00,hyperliquid,long,0.0002,0.8678843574277711,-0.00017357687148555423,False
2026-04-24 08:00:00+00:00,zcash,long,0.00015192,5.781447805069838,-0.0008783175505462098,False
2026-04-24 08:00:00+00:00,monero,long,0.0004,0.9126264063717353,-0.00036505056254869416,False
2026-04-24 12:00:00+00:00,hyperliquid,long,0.0002,0.8687738435920457,-0.00017375476871840914,False
2026-04-24 16:00:00+00:00,hyperliquid,long,0.0002,0.8716540845049343,-0.00017433081690098687,False
2026-04-24 16:00:00+00:00,zcash,long,0.0004,6.027843113238599,-0.0024111372452954396,False
2026-04-24 16:00:00+00:00,monero,long,0.0009722,0.8892834935617019,-0.0008645614124406865,False
2026-04-24 20:00:00+00:00,hyperliquid,long,0.0002,0.8736871957375616,-0.00017473743914751233,False
2026-04-25 00:00:00+00:00,hyperliquid,long,0.0002,0.8713364108748364,-0.0001742672821749673,False
2026-04-25 00:00:00+00:00,zcash,long,0.0,6.047042747641359,-0.0,False
2026-04-25 00:00:00+00:00,monero,long,0.002431,0.8841787292613558,-0.002149438490834356,False
2026-04-25 04:00:00+00:00,hyperliquid,long,0.0002,0.896600262701137,-0.00017932005254022742,False
2026-04-25 08:00:00+00:00,hyperliquid,long,0.0002,0.8981255377664884,-0.0001796251075532977,False
2026-04-25 08:00:00+00:00,zcash,long,0.0003234,6.467947053645874,-0.002091734077149076,False
2026-04-25 12:00:00+00:00,hyperliquid,long,0.0002,0.9086281460736223,-0.00018172562921472447,False
2026-04-25 16:00:00+00:00,hyperliquid,long,0.0002,0.9018079875671224,-0.00018036159751342448,False
2026-04-25 16:00:00+00:00,zcash,long,0.0,6.46013091326123,-0.0,False
2026-04-25 20:00:00+00:00,hyperliquid,long,0.00017004,0.8966220523449276,-0.00015246161378073148,False
2026-04-26 00:00:00+00:00,hyperliquid,long,0.0002,0.9035729487141719,-0.0001807145897428344,False
2026-04-26 00:00:00+00:00,zcash,long,0.00014956,6.519569934325846,-0.0009750668793777735,False
2026-04-26 04:00:00+00:00,hyperliquid,long,0.0,0.8991278613808622,-0.0,False
2026-04-26 08:00:00+00:00,hyperliquid,long,0.0001436,0.8983434342043957,-0.0001290021171517512,False
2026-04-26 08:00:00+00:00,zcash,long,0.0,6.4659475758730585,-0.0,False
2026-04-26 12:00:00+00:00,hyperliquid,long,0.0002,0.8960773112501593,-0.00017921546225003188,False
2026-04-26 16:00:00+00:00,hyperliquid,long,0.0,0.900783874308958,-0.0,False
2026-04-26 16:00:00+00:00,zcash,long,0.0,6.454677792062642,-0.0,False
2026-04-26 20:00:00+00:00,hyperliquid,long,0.00014352,0.9143152431030039,-0.00013122252369014313,False
2026-04-27 00:00:00+00:00,hyperliquid,long,8.124e-05,0.9244256378219046,-7.510033881665153e-05,False
2026-04-27 00:00:00+00:00,zcash,long,0.0,6.45122414863687,-0.0,False
2026-04-27 04:00:00+00:00,hyperliquid,long,0.0002,0.9435569450701694,-0.0001887113890140339,False
2026-04-27 08:00:00+00:00,hyperliquid,long,0.0002,0.9222902527304127,-0.00018445805054608254,False
2026-04-27 08:00:00+00:00,zcash,long,0.0,6.470855384951788,-0.0,False
2026-04-27 12:00:00+00:00,hyperliquid,long,0.0002,0.9229657316879254,-0.00018459314633758507,False
2026-04-27 16:00:00+00:00,hyperliquid,long,0.00015888,0.9080834049788539,-0.0001442762913830403,False
2026-04-27 16:00:00+00:00,zcash,long,0.0001722,6.362338273099875,-0.0010955946506277987,False
2026-04-27 20:00:00+00:00,hyperliquid,long,0.0002,0.9059044405997806,-0.00018118088811995613,False
2026-04-28 00:00:00+00:00,hyperliquid,long,7.068e-05,0.9073425570899689,-6.4130971935119e-05,False
2026-04-28 00:00:00+00:00,zcash,long,0.0004,6.452860084996446,-0.0025811440339985783,False
2026-04-28 04:00:00+00:00,hyperliquid,long,0.0,0.893811188295923,-0.0,False
2026-04-28 08:00:00+00:00,hyperliquid,long,2.284e-05,0.8840712175214647,-2.0192186608190254e-05,False
2026-04-28 08:00:00+00:00,zcash,long,0.00035024,6.124945730254654,-0.00214520099256439,False
2026-04-28 12:00:00+00:00,hyperliquid,long,0.0,0.8740697710215175,-0.0,False
2026-04-28 16:00:00+00:00,hyperliquid,long,0.0001218,0.86583328566862,-0.00010545849419443791,False
2026-04-28 16:00:00+00:00,zcash,long,0.00016224,6.071686913215106,-0.0009850704848000187,False
2026-04-28 20:00:00+00:00,hyperliquid,long,0.0002,0.8737211367208658,-0.00017474422734417317,False
2026-04-29 00:00:00+00:00,hyperliquid,long,0.00014732,0.8750503049921006,-0.00012891241093143625,False
2026-04-29 00:00:00+00:00,zcash,long,0.0,6.1076775131257905,-0.0,False
2026-04-29 04:00:00+00:00,hyperliquid,long,0.0002,0.8571049323723223,-0.00017142098647446446,False
2026-04-29 08:00:00+00:00,hyperliquid,long,0.0002,0.861847133089827,-0.0001723694266179654,False
2026-04-29 08:00:00+00:00,zcash,long,0.0,5.617351716389359,-0.0,False
2026-04-29 08:00:00+00:00,monero,long,0.0004,0.8886293167686828,-0.0003554517267074732,False
2026-04-29 12:00:00+00:00,hyperliquid,long,0.00013872,0.8582320024980072,-0.00011905394338652356,False
2026-04-29 16:00:00+00:00,hyperliquid,long,0.0,0.8409431720794811,-0.0,False
2026-04-29 16:00:00+00:00,zcash,long,0.000312,5.345768525117381,-0.001667879779836623,False
2026-04-29 16:00:00+00:00,monero,long,0.0004,0.8736423512063145,-0.00034945694048252584,False
2026-04-29 20:00:00+00:00,hyperliquid,long,7.572e-05,0.8487476010629978,-6.426716835249019e-05,False
2026-04-30 00:00:00+00:00,hyperliquid,long,0.0,0.8491729105443885,-0.0,False
2026-04-30 00:00:00+00:00,zcash,long,0.00030768,5.480890371822983,-0.0016863603496024954,False
2026-04-30 00:00:00+00:00,monero,long,0.0010162,0.8767607570841985,-0.0008909642813489626,False
2026-04-30 04:00:00+00:00,hyperliquid,long,0.0,0.8332116799802478,-0.0,False
2026-04-30 08:00:00+00:00,hyperliquid,long,1.364e-05,0.8295987924677914,-1.1315727529260675e-05,False
2026-04-30 08:00:00+00:00,zcash,long,7.024e-05,4.5046847980697695,-0.00031640906021642063,False
2026-04-30 08:00:00+00:00,monero,long,0.00061476,2.6204039861531196,-0.0016109195545274918,False
2026-04-30 12:00:00+00:00,hyperliquid,long,0.0,0.8162185055757296,-0.0,False
2026-04-30 16:00:00+00:00,hyperliquid,long,7.948e-05,0.8236123218802913,-6.546070734304556e-05,False
2026-04-30 16:00:00+00:00,zcash,long,0.00028216,4.545058310692978,-0.0012824336529451306,False
2026-04-30 16:00:00+00:00,monero,long,0.0004,2.626199508397376,-0.0010504798033589503,False
2026-04-30 20:00:00+00:00,hyperliquid,long,7.228e-05,0.8240954405592824,-5.9565618443624934e-05,False
2026-05-01 00:00:00+00:00,hyperliquid,long,0.00017132,0.8339258554187565,-0.00014286817755034136,False
2026-05-01 00:00:00+00:00,zcash,long,0.0003808,4.730722457371613,-0.00180145911176711,False
2026-05-01 00:00:00+00:00,monero,long,0.0004,2.6210939292774356,-0.0010484375717109743,False
2026-05-01 04:00:00+00:00,hyperliquid,long,7.172e-05,0.8619943184603944,-6.182223251997949e-05,False
2026-05-01 08:00:00+00:00,hyperliquid,long,0.0,0.8534379066336045,-0.0,False
2026-05-01 08:00:00+00:00,zcash,long,0.0001056,4.045709826185033,-0.00042722695764513946,False
2026-05-01 08:00:00+00:00,monero,long,0.0004,2.7133322452407076,-0.0010853328980962832,False
2026-05-01 08:00:00+00:00,dogecoin,long,0.00012216,0.8962469292095565,-0.00010948552487223943,False
2026-05-01 12:00:00+00:00,hyperliquid,long,0.0002,0.8699945635184432,-0.00017399891270368864,False
2026-05-01 16:00:00+00:00,hyperliquid,long,0.0,0.8763690903294018,-0.0,False
2026-05-01 16:00:00+00:00,zcash,long,0.0,4.1609382991662205,-0.0,False
2026-05-01 16:00:00+00:00,monero,long,0.0004,2.6658251421547945,-0.0010663300568619178,False
2026-05-01 16:00:00+00:00,dogecoin,long,0.00012416,0.9059392196908873,-0.00011248141351682057,False
2026-05-01 20:00:00+00:00,hyperliquid,long,0.0,0.8756845773832586,-0.0,False
2026-05-02 00:00:00+00:00,hyperliquid,long,0.0002,0.8799413922670867,-0.00017598827845341736,False
2026-05-02 00:00:00+00:00,zcash,long,0.00033276,4.4464090396512095,-0.0014795870720343363,False
2026-05-02 00:00:00+00:00,monero,long,0.00092616,2.676468424893627,-0.0024788379963994814,False
2026-05-02 00:00:00+00:00,dogecoin,long,0.0,0.8984836116283252,-0.0,False
2026-05-02 08:00:00+00:00,zcash,long,6.096e-05,4.721628246064334,-0.0002878304578800818,False
2026-05-02 08:00:00+00:00,monero,long,0.0004,2.8587282761726662,-0.0011434913104690666,False
2026-05-02 08:00:00+00:00,dogecoin,long,7.772e-05,0.9418953284595654,-7.320410492787742e-05,False
2026-05-02 16:00:00+00:00,zcash,long,0.0,4.694200219913457,-0.0,False
2026-05-02 16:00:00+00:00,monero,long,0.00116072,2.8432057696957105,-0.0033001658010012053,False
2026-05-02 16:00:00+00:00,dogecoin,long,9.272e-05,0.9513265073464218,-8.820699376116024e-05,False
2026-05-03 00:00:00+00:00,zcash,long,0.0,4.853508207419924,-0.0,False
2026-05-03 00:00:00+00:00,monero,long,0.0004,2.8337444324145187,-0.0011334977729658075,False
2026-05-03 00:00:00+00:00,dogecoin,long,0.00017652,0.9470475465551629,-0.00016717283291791735,False
2026-05-03 08:00:00+00:00,zcash,long,0.0,5.441311922845512,-0.0,False
2026-05-03 08:00:00+00:00,monero,long,0.0004,1.8898324414852343,-0.0007559329765940937,False
2026-05-03 08:00:00+00:00,dogecoin,long,0.0,0.9490463224845865,-0.0,False
2026-05-03 16:00:00+00:00,zcash,long,0.0,5.698519610572183,-0.0,False
2026-05-03 16:00:00+00:00,monero,long,0.0004,1.9389209014292175,-0.000775568360571687,False
2026-05-03 16:00:00+00:00,dogecoin,long,0.00024156,0.9538857020262751,-0.00023042063018146702,False
2026-05-04 00:00:00+00:00,zcash,long,0.0,5.826276447779997,-0.0,False
2026-05-04 00:00:00+00:00,monero,long,0.0004,1.9157198880228572,-0.000766287955209143,False
2026-05-04 00:00:00+00:00,dogecoin,long,2.076e-05,0.952213916366419,-1.976796090376686e-05,False
2026-05-04 08:00:00+00:00,zcash,long,0.0,5.848298620823553,-0.0,False
2026-05-04 08:00:00+00:00,monero,long,0.00220824,1.9625126687455798,-0.00433369897563074,False
2026-05-04 08:00:00+00:00,dogecoin,long,0.000322,0.988025324974914,-0.00031814415464192234,False
2026-05-04 16:00:00+00:00,zcash,long,0.0004,5.878790860422325,-0.00235151634416893,False
2026-05-04 16:00:00+00:00,monero,long,0.0004,1.9193343616903744,-0.0007677337446761498,False
2026-05-04 16:00:00+00:00,dogecoin,long,8.452e-05,0.9694597052786181,-8.19387342901488e-05,False
2026-05-05 00:00:00+00:00,zcash,long,0.0004,5.962503351543025,-0.00238500134061721,False
2026-05-05 00:00:00+00:00,monero,long,0.0011064,1.9897677539682093,-0.002201479042990427,False
2026-05-05 00:00:00+00:00,dogecoin,long,7.328e-05,0.9681398744945212,-7.094529000295852e-05,False
2026-05-05 08:00:00+00:00,zcash,long,0.0,5.950362922813885,-0.0,False
2026-05-05 08:00:00+00:00,monero,long,0.0004,1.9988039381370024,-0.000799521575254801,False
2026-05-05 08:00:00+00:00,dogecoin,long,0.00025244,0.9801063402703328,-0.0002474180445378428,False
2026-05-05 16:00:00+00:00,zcash,long,0.0,6.058497439168786,-0.0,False
2026-05-05 16:00:00+00:00,monero,long,0.0004,1.9888397134319549,-0.000795535885372782,False
2026-05-05 16:00:00+00:00,dogecoin,long,0.00017268,0.9881133136938538,-0.0001706274070086547,False
2026-05-06 00:00:00+00:00,zcash,long,0.0004,7.292727304039413,-0.0029170909216157657,False
2026-05-06 00:00:00+00:00,monero,long,0.0029834,2.016827462235838,-0.0060170030508344,False
2026-05-06 00:00:00+00:00,dogecoin,long,0.0003822,1.009846527271982,-0.00038596334272335156,False
2026-05-06 08:00:00+00:00,zcash,long,0.0004,8.338782444022675,-0.00333551297760907,False
2026-05-06 08:00:00+00:00,monero,long,0.00416608,1.213902007724712,-0.005057212876341768,False
2026-05-06 08:00:00+00:00,dogecoin,long,0.00018012,1.17528827874177,-0.00021169292476696763,False
2026-05-06 16:00:00+00:00,zcash,long,0.0,8.205153964719186,-0.0,False
2026-05-06 16:00:00+00:00,monero,long,0.00242972,1.2083244180913786,-0.0029358900051249842,False
2026-05-06 16:00:00+00:00,dogecoin,long,0.0,1.14816389716825,-0.0,False
2026-05-07 00:00:00+00:00,zcash,long,0.0004,7.784315588784432,-0.0031137262355137732,False
2026-05-07 00:00:00+00:00,monero,long,0.00148552,1.197974251761482,-0.0017796147104767166,False
2026-05-07 00:00:00+00:00,dogecoin,long,0.0,1.1420685305225151,-0.0,False
2026-05-07 04:00:00+00:00,the-open-network,long,0.0002,0.7057709051377405,-0.00014115418102754812,True
2026-05-07 08:00:00+00:00,zcash,long,0.0004,5.912145533283237,-0.002364858213313295,False
2026-05-07 08:00:00+00:00,monero,long,0.00225488,0.9544287460610704,-0.0021521222909181865,False
2026-05-07 08:00:00+00:00,the-open-network,long,0.00030254,0.7251023848910262,-0.00021937247552493108,True
2026-05-07 12:00:00+00:00,the-open-network,long,0.0002,0.6470888893066311,-0.00012941777786132624,True
2026-05-07 16:00:00+00:00,zcash,long,0.0001708,5.899487260828141,-0.0010076324241494465,False
2026-05-07 16:00:00+00:00,monero,long,0.0004,0.9378059934538954,-0.0003751223973815582,False
2026-05-07 16:00:00+00:00,the-open-network,long,0.0002,0.6398428900557417,-0.00012796857801114834,True
2026-05-07 20:00:00+00:00,the-open-network,long,0.0002,0.6987893584142556,-0.00013975787168285113,True
2026-05-08 00:00:00+00:00,zcash,long,0.00027976,6.0096456153340565,-0.0016812584573458556,False
2026-05-08 00:00:00+00:00,monero,long,0.00322848,0.9125640357911483,-0.0029461947382710065,False
2026-05-08 00:00:00+00:00,the-open-network,long,0.00021984,0.7176448236182128,-0.0001577670380242279,True
2026-05-08 04:00:00+00:00,the-open-network,long,0.0002,1.1178807815668022,-0.00022357615631336044,True
2026-05-08 08:00:00+00:00,zcash,long,0.00021828,4.637130515212718,-0.001012192848860632,False
2026-05-08 08:00:00+00:00,the-open-network,long,0.00021828,1.1424809594930534,-0.0002493807438381437,True
2026-05-08 12:00:00+00:00,the-open-network,long,0.0002,1.079385281296542,-0.00021587705625930842,True
2026-05-08 16:00:00+00:00,zcash,long,0.0001392,4.694465509113272,-0.0006534695988685674,False
2026-05-08 16:00:00+00:00,the-open-network,long,0.00032646,1.0939942606793671,-0.00035714536634138616,True
2026-05-08 20:00:00+00:00,the-open-network,long,0.0002,1.0654059993009077,-0.00021308119986018155,True
2026-05-09 00:00:00+00:00,zcash,long,0.0,4.9922979987358955,-0.0,False
2026-05-09 00:00:00+00:00,the-open-network,long,0.00027758,1.0562963770995486,-0.0002932067483552927,True
2026-05-09 04:00:00+00:00,the-open-network,long,0.0002,1.0931546641631127,-0.00021863093283262255,True
2026-05-09 08:00:00+00:00,zcash,long,0.0004,4.976172531701365,-0.001990469012680546,False
2026-05-09 08:00:00+00:00,the-open-network,long,0.0004,1.0711992152630625,-0.00042847968610522504,True
2026-05-09 12:00:00+00:00,the-open-network,long,0.0002,1.0446259855236135,-0.0002089251971047227,True
2026-05-09 16:00:00+00:00,zcash,long,0.00011368,4.836499925821464,-0.000549813311567384,False
2026-05-09 16:00:00+00:00,the-open-network,long,0.00020664,1.014610410067522,-0.00020965909513635271,True
2026-05-09 20:00:00+00:00,the-open-network,long,0.0002,1.0208654041136165,-0.0002041730808227233,True
2026-05-10 00:00:00+00:00,zcash,long,0.0,4.838780294897053,-0.0,False
2026-05-10 00:00:00+00:00,the-open-network,long,0.0002,1.0217889602814965,-0.0002043577920562993,True
2026-05-10 04:00:00+00:00,the-open-network,long,0.0002,1.0763627338380266,-0.00021527254676760533,True
2026-05-10 08:00:00+00:00,zcash,long,7.324e-05,4.964200594054516,-0.0003635780515085527,False
2026-05-10 08:00:00+00:00,the-open-network,long,0.0002,1.0224606374944998,-0.00020449212749889997,True
2026-05-10 12:00:00+00:00,the-open-network,long,0.0002,1.0093209520151198,-0.00020186419040302397,True
2026-05-10 16:00:00+00:00,zcash,long,0.000165,4.854498553168087,-0.0008009922612727343,False
2026-05-10 16:00:00+00:00,the-open-network,long,0.00021824,1.0166254417065324,-0.00022186833639803363,True
2026-05-10 20:00:00+00:00,the-open-network,long,0.0002,1.0162056434484052,-0.00020324112868968106,True
2026-05-11 00:00:00+00:00,zcash,long,0.0004,4.826889799002904,-0.0019307559196011619,False
2026-05-11 00:00:00+00:00,the-open-network,long,0.00027888,1.0424430345813525,-0.0002907165134840476,True
2026-05-11 04:00:00+00:00,the-open-network,long,0.0002,0.9714131693062377,-0.00019428263386124756,True
2026-05-11 08:00:00+00:00,zcash,long,0.0004,4.626135878598265,-0.0018504543514393061,False
2026-05-11 08:00:00+00:00,the-open-network,long,0.0002,0.9659557919505847,-0.00019319115839011694,True
2026-05-11 12:00:00+00:00,the-open-network,long,0.0002,0.9688523999316621,-0.00019377047998633243,True
2026-05-11 16:00:00+00:00,zcash,long,0.0004,4.490291035095248,-0.001796116414038099,False
2026-05-11 16:00:00+00:00,the-open-network,long,0.00020792,0.9955515691485491,-0.00020699508225736633,True
2026-05-11 20:00:00+00:00,the-open-network,long,0.0002,1.0294292885794105,-0.00020588585771588212,True
2026-05-12 00:00:00+00:00,zcash,long,0.00017076,4.532885071757166,-0.0007740354548532537,False
2026-05-12 00:00:00+00:00,the-open-network,long,0.0002,1.019312150558546,-0.00020386243011170924,True
2026-05-12 04:00:00+00:00,the-open-network,long,0.0002,0.9908918084833376,-0.00019817836169666752,True
2026-05-12 08:00:00+00:00,zcash,long,0.0001874,4.579632637806765,-0.0008582231563249878,False
2026-05-12 08:00:00+00:00,the-open-network,long,0.0002,1.0304787842247285,-0.0002060957568449457,True
2026-05-12 12:00:00+00:00,the-open-network,long,0.0002,0.9924870418642208,-0.00019849740837284417,True
2026-05-12 16:00:00+00:00,zcash,long,0.00038676,4.4319787401622985,-0.0017141120975451706,False
2026-05-12 16:00:00+00:00,the-open-network,long,0.00021548,0.9801869529010953,-0.000211210684611128,True
2026-05-12 20:00:00+00:00,the-open-network,long,0.0002,0.9756111518875091,-0.00019512223037750184,True
2026-05-13 00:00:00+00:00,zcash,long,8.152e-05,4.650324079150062,-0.00037909441893231306,False
2026-05-13 00:00:00+00:00,the-open-network,long,0.00021468,0.9607083137239952,-0.00020624486079026728,True
2026-05-13 04:00:00+00:00,the-open-network,long,0.0002,0.9667114288152135,-0.00019334228576304272,True
2026-05-13 08:00:00+00:00,zcash,long,0.0,4.477341796416003,-0.0,False
2026-05-13 08:00:00+00:00,the-open-network,long,0.00029808,0.9532778845551445,-0.00028415307182819746,True
2026-05-13 12:00:00+00:00,the-open-network,long,0.00017528,0.9351425998040513,-0.0001639117948936541,True
2026-05-13 16:00:00+00:00,zcash,long,0.00031656,4.344917506526371,-0.001375427085865988,False
2026-05-13 16:00:00+00:00,the-open-network,long,0.0002,0.8773363796599422,-0.00017546727593198845,True
2026-05-13 20:00:00+00:00,the-open-network,long,0.0002,0.8936245520752757,-0.00017872491041505514,True
2026-05-14 00:00:00+00:00,zcash,long,0.0004,4.270642628064289,-0.0017082570512257156,False
2026-05-14 00:00:00+00:00,the-open-network,long,0.0002,0.8818282210219027,-0.00017636564420438056,True
2026-05-14 04:00:00+00:00,the-open-network,long,0.0002,1.2913428055975995,-0.0002582685611195199,True
2026-05-14 08:00:00+00:00,zcash,long,0.00025212,5.607856057268497,-0.0014138526691585332,False
2026-05-14 08:00:00+00:00,the-open-network,long,0.00025212,1.320488785838736,-0.00033292163268566213,True
2026-05-14 12:00:00+00:00,the-open-network,long,0.0002,1.3191068643617858,-0.0002638213728723572,True
2026-05-14 16:00:00+00:00,zcash,long,0.0,5.832153234628958,-0.0,False
2026-05-14 16:00:00+00:00,the-open-network,long,0.0002664,1.3415944956685248,-0.00035740077364609506,True
2026-05-14 20:00:00+00:00,the-open-network,long,0.0002,1.3540317889610787,-0.00027080635779221573,True
2026-05-15 00:00:00+00:00,zcash,long,0.0,5.9748587140908205,-0.0,False
2026-05-15 00:00:00+00:00,the-open-network,long,0.00034842,1.3363180682110776,-0.0004655999413261036,True
2026-05-15 04:00:00+00:00,the-open-network,long,0.0002,1.3199234543254383,-0.00026398469086508767,True
2026-05-15 08:00:00+00:00,zcash,long,7.02e-05,5.812635220621842,-0.0004080469924876533,False
2026-05-15 08:00:00+00:00,the-open-network,long,0.0002,1.316657094470828,-0.0002633314188941656,True
2026-05-15 12:00:00+00:00,the-open-network,long,0.0002,1.3129510323280973,-0.0002625902064656195,True
2026-05-15 16:00:00+00:00,zcash,long,6.02e-05,5.511225889561138,-0.0003317757985515805,False
2026-05-15 16:00:00+00:00,the-open-network,long,0.00018396,1.2463047283715327,-0.00022927021783122716,True
2026-05-15 20:00:00+00:00,the-open-network,long,0.0002,1.2480635375240152,-0.00024961270750480303,True
2026-05-16 00:00:00+00:00,zcash,long,0.00035128,5.493307712767719,-0.0019296891333410444,False
2026-05-16 00:00:00+00:00,the-open-network,long,0.0002,1.2264553107935172,-0.00024529106215870344,True
2026-05-16 04:00:00+00:00,the-open-network,long,0.0002,1.5300469754148818,-0.00030600939508297636,True
2026-05-16 08:00:00+00:00,zcash,long,0.00025028,6.912317787861057,-0.0017300148959458654,False
2026-05-16 08:00:00+00:00,the-open-network,long,0.0002,1.4761847073415368,-0.0002952369414683074,True
2026-05-16 12:00:00+00:00,the-open-network,long,0.00016753999999999998,1.4935671759093456,-0.00025023224465185175,True
2026-05-16 16:00:00+00:00,zcash,long,0.0,6.988645337570567,-0.0,False
2026-05-16 16:00:00+00:00,the-open-network,long,0.0002,1.5113393859248632,-0.00030226787718497266,True
2026-05-16 20:00:00+00:00,the-open-network,long,0.0002,1.487721054193715,-0.000297544210838743,True
2026-05-17 00:00:00+00:00,zcash,long,9.232e-05,7.1315327432424835,-0.000658383102856146,False
2026-05-17 00:00:00+00:00,the-open-network,long,0.0002,1.486785674719214,-0.0002973571349438428,True
2026-05-17 04:00:00+00:00,the-open-network,long,0.0002,1.4820308290571675,-0.0002964061658114335,True
2026-05-17 08:00:00+00:00,zcash,long,0.00017596,7.273164302575487,-0.0012797859906811826,False
2026-05-17 08:00:00+00:00,the-open-network,long,0.0002,1.5133660414529486,-0.00030267320829058974,True
2026-05-17 12:00:00+00:00,the-open-network,long,0.0002,1.5252141814632936,-0.0003050428362926587,True
2026-05-17 16:00:00+00:00,zcash,long,0.0,7.189859828760903,-0.0,False
2026-05-17 16:00:00+00:00,the-open-network,long,0.00019552,1.5038563501288558,-0.0002940339935771939,True
2026-05-17 20:00:00+00:00,the-open-network,long,0.0002,1.522641887908416,-0.00030452837758168324,True
2026-05-18 00:00:00+00:00,zcash,long,0.0,7.475774178586837,-0.0,False
2026-05-18 00:00:00+00:00,the-open-network,long,7.748e-05,1.4925538481453031,-0.00011564307215429808,True
2026-05-18 04:00:00+00:00,the-open-network,long,0.0002,1.5128204034261563,-0.0003025640806852313,True
2026-05-18 08:00:00+00:00,zcash,long,0.00019688,7.438517403865743,-0.0014644953064730875,False
2026-05-18 08:00:00+00:00,the-open-network,long,0.00021002,1.5012840565739782,-0.0003152996775616669,True
2026-05-18 12:00:00+00:00,the-open-network,long,0.0002,1.5348797693664697,-0.00030697595387329396,True
2026-05-18 16:00:00+00:00,zcash,long,3.36e-06,7.436842942080524,-2.498779228539056e-05,False
2026-05-18 16:00:00+00:00,the-open-network,long,0.0002,1.498633814729559,-0.00029972676294591185,True
2026-05-18 20:00:00+00:00,the-open-network,long,0.0002,1.5313720963370911,-0.00030627441926741824,True
2026-05-19 00:00:00+00:00,zcash,long,0.0,7.858388696509097,-0.0,False
2026-05-19 00:00:00+00:00,the-open-network,long,0.00020328000000000002,1.5577965664917421,-0.00031666888603644136,True
2026-05-19 04:00:00+00:00,the-open-network,long,0.0002,1.418523505585455,-0.000283704701117091,True
2026-05-19 08:00:00+00:00,zcash,long,0.00012092,6.654860992875511,-0.0008047057912585068,False
2026-05-19 08:00:00+00:00,the-open-network,long,0.00022886,1.4588713646205063,-0.00033387730050704904,True
2026-05-19 12:00:00+00:00,the-open-network,long,0.0002,1.3987022671434106,-0.00027974045342868214,True
2026-05-19 16:00:00+00:00,zcash,long,4.144e-05,6.6195980202700095,-0.0002743161419599892,False
2026-05-19 16:00:00+00:00,the-open-network,long,9.963999999999999e-05,1.4027934836189926,-0.0001397743427077964,True
2026-05-19 20:00:00+00:00,the-open-network,long,0.0002,1.4161252062721827,-0.00028322504125443657,True
2026-05-20 00:00:00+00:00,zcash,long,0.0,6.719646454173993,-0.0,False
2026-05-20 00:00:00+00:00,the-open-network,long,0.0002,1.3967977353358119,-0.00027935954706716237,True
2026-05-20 04:00:00+00:00,the-open-network,long,0.0002,1.2428728322654459,-0.0002485745664530892,True
2026-05-20 08:00:00+00:00,zcash,long,0.0,5.956309255873083,-0.0,False
2026-05-20 08:00:00+00:00,the-open-network,long,0.0002,1.2560399520090142,-0.00025120799040180287,True
2026-05-20 12:00:00+00:00,the-open-network,long,0.0002,1.2495209368418554,-0.0002499041873683711,True
2026-05-20 16:00:00+00:00,zcash,long,0.0,6.432216189726596,-0.0,False
2026-05-20 16:00:00+00:00,the-open-network,long,0.00023066,1.3036093993178859,-0.00030069054404666356,True
2026-05-20 20:00:00+00:00,the-open-network,long,0.0002,1.318648315495589,-0.0002637296630991178,True
2026-05-21 00:00:00+00:00,zcash,long,0.0,6.843462407935837,-0.0,False
2026-05-21 00:00:00+00:00,the-open-network,long,0.00018584,1.3201328437019717,-0.0002453334876735744,True
2026-05-21 04:00:00+00:00,the-open-network,long,0.0002,1.0583726779000768,-0.0002116745355800154,True
2026-05-21 08:00:00+00:00,zcash,long,0.0,4.71021023625338,-0.0,False
2026-05-21 08:00:00+00:00,the-open-network,long,0.00022158,1.0474653148077255,-0.00023209736445509583,True
2026-05-21 12:00:00+00:00,the-open-network,long,0.0002,1.0271356286684603,-0.00020542712573369206,True
2026-05-21 16:00:00+00:00,zcash,long,0.0,4.646039400704978,-0.0,False
2026-05-21 16:00:00+00:00,the-open-network,long,0.0002,1.0369164096573764,-0.0002073832819314753,True
2026-05-21 20:00:00+00:00,the-open-network,long,0.0002,1.0503841866211716,-0.00021007683732423432,True
2026-05-22 00:00:00+00:00,zcash,long,0.0,4.7085793752394425,-0.0,False
2026-05-22 00:00:00+00:00,the-open-network,long,0.0002596,1.059960134500372,-0.00027516565091629657,True
2026-05-22 04:00:00+00:00,the-open-network,long,0.0002,1.0427541532842686,-0.0002085508306568537,True
2026-05-22 08:00:00+00:00,zcash,long,0.0,4.646181214706189,-0.0,False
2026-05-22 08:00:00+00:00,the-open-network,long,0.0002,1.0296960425399044,-0.0002059392085079809,True
2026-05-22 12:00:00+00:00,the-open-network,long,0.0002,1.0216563429835703,-0.00020433126859671408,True
2026-05-22 16:00:00+00:00,zcash,long,0.0002416,4.461184850125213,-0.0010778222597902514,False
2026-05-22 16:00:00+00:00,the-open-network,long,0.0002,1.0040919038254648,-0.00020081838076509297,True
2026-05-22 20:00:00+00:00,the-open-network,long,0.0001768,0.9721379387098441,-0.00017187398756390043,True
2026-05-23 00:00:00+00:00,zcash,long,0.0,4.130049157295334,-0.0,False
2026-05-23 00:00:00+00:00,the-open-network,long,0.00016308,0.9392622246005036,-0.0001531748835878501,True
2026-05-23 04:00:00+00:00,the-open-network,long,0.0002,0.7437307975006457,-0.00014874615950012914,True
2026-05-23 08:00:00+00:00,zcash,long,0.0,3.2262611070769145,-0.0,False
2026-05-23 08:00:00+00:00,the-open-network,long,0.0002,0.7096634141529065,-0.0001419326828305813,True
2026-05-23 12:00:00+00:00,the-open-network,long,0.0002,0.7070490340848982,-0.00014140980681697963,True
2026-05-23 16:00:00+00:00,zcash,long,0.0,3.411759053545186,-0.0,False
2026-05-23 16:00:00+00:00,the-open-network,long,0.0002,0.7104678387892167,-0.00014209356775784335,True
2026-05-23 20:00:00+00:00,the-open-network,long,0.0002,0.7309404457833126,-0.00014618808915666253,True
2026-05-24 00:00:00+00:00,zcash,long,0.0,3.537594574265871,-0.0,False
2026-05-24 00:00:00+00:00,the-open-network,long,0.00032888,0.7324286313604866,-0.00024088112828183684,True
2026-05-24 04:00:00+00:00,the-open-network,long,0.0002,0.7571694954394554,-0.0001514338990878911,True
2026-05-24 08:00:00+00:00,zcash,long,0.0,7.127248731854105,-0.0,False
2026-05-24 08:00:00+00:00,the-open-network,long,0.00017312,0.7442956011605502,-0.00012885245447291445,True
2026-05-24 12:00:00+00:00,the-open-network,long,0.0002,0.7507954500635805,-0.0001501590900127161,True
2026-05-24 16:00:00+00:00,zcash,long,0.0,7.4858966700135126,-0.0,False
2026-05-24 16:00:00+00:00,the-open-network,long,0.0002,0.7297023920105208,-0.00014594047840210417,True
2026-05-24 20:00:00+00:00,the-open-network,long,0.00014756,0.7340216464428571,-0.000108312234149108,True
2026-05-25 00:00:00+00:00,zcash,long,1.48e-06,7.5127782517161625,-1.111891181253992e-05,False
2026-05-25 00:00:00+00:00,the-open-network,long,0.0002,0.7390118530200223,-0.00014780237060400445,True
2026-05-25 04:00:00+00:00,the-open-network,long,0.0002,0.3478757098800691,-6.957514197601383e-05,True
2026-05-25 08:00:00+00:00,zcash,long,0.0,3.8547085753397683,-0.0,False
2026-05-25 08:00:00+00:00,the-open-network,long,0.0002,0.35454874217458837,-7.090974843491767e-05,True
2026-05-25 12:00:00+00:00,the-open-network,long,0.0002,0.349865912494224,-6.99731824988448e-05,True
2026-05-25 16:00:00+00:00,zcash,long,0.0,3.903086731081199,-0.0,False
2026-05-25 16:00:00+00:00,the-open-network,long,0.00021884,0.385104205838966,-8.427620440579932e-05,True
2026-05-25 20:00:00+00:00,the-open-network,long,0.0002,0.39027483027770166,-7.805496605554034e-05,True
2026-05-26 00:00:00+00:00,zcash,long,0.0,3.797365033335786,-0.0,False
2026-05-26 00:00:00+00:00,the-open-network,long,0.00021416,0.37770923730205724,-8.089021026060857e-05,True
2026-05-26 08:00:00+00:00,zcash,long,0.0004,2.1723555938489976,-0.000868942237539599,False
2026-05-26 08:00:00+00:00,near,long,0.0,0.28687227611217025,-0.0,False
2026-05-26 16:00:00+00:00,zcash,long,0.00013724,2.1500773774027904,-0.000295076619274759,False
2026-05-26 16:00:00+00:00,near,long,0.0,0.2916972965451047,-0.0,False
2026-05-27 00:00:00+00:00,zcash,long,0.00013928,2.0063105036009548,-0.000279438926941541,False
2026-05-27 00:00:00+00:00,near,long,0.0004,0.2693142695914482,-0.0001077257078365793,False
2026-05-27 08:00:00+00:00,zcash,long,0.0004,2.1853492384125635,-0.0008741396953650254,False
2026-05-27 08:00:00+00:00,near,long,0.0004,1.034463082659014,-0.0004137852330636056,False
2026-05-27 16:00:00+00:00,zcash,long,0.0,2.1667613589604104,-0.0,False
2026-05-27 16:00:00+00:00,near,long,0.0004,1.0578560826239285,-0.0004231424330495714,False
2026-05-28 00:00:00+00:00,zcash,long,0.0004,2.060555765526226,-0.0008242223062104903,False
2026-05-28 00:00:00+00:00,near,long,0.0004,1.0207556054865903,-0.0004083022421946361,False
2026-05-28 08:00:00+00:00,zcash,long,0.00018824,1.9427379957384587,-0.0003657010003178075,False
2026-05-28 08:00:00+00:00,near,long,0.0004,2.078353497863703,-0.0008313413991454813,False
2026-05-28 16:00:00+00:00,zcash,long,0.0002118,1.9863709319376897,-0.00042071336338440267,False
2026-05-28 16:00:00+00:00,near,long,0.0004,1.980076834596743,-0.0007920307338386973,False
2026-05-29 00:00:00+00:00,zcash,long,0.0,2.0247161479026063,-0.0,False
2026-05-29 00:00:00+00:00,near,long,4.928e-05,2.08041885681152,-0.0001025230412636717,False
2026-05-29 04:00:00+00:00,hyperliquid,long,0.0002,3.476787849141287,-0.0006953575698282575,False
2026-05-29 08:00:00+00:00,zcash,long,0.00038108,2.0614836818747215,-0.0007855902014888189,False
2026-05-29 08:00:00+00:00,hyperliquid,long,0.0002,3.5637288127288183,-0.0007127457625457637,False
2026-05-29 12:00:00+00:00,hyperliquid,long,0.0002,3.5268086775067156,-0.0007053617355013432,False
2026-05-29 16:00:00+00:00,zcash,long,0.00017392,2.0448661902814402,-0.0003556431278137481,False
2026-05-29 16:00:00+00:00,hyperliquid,long,0.0002,3.7195760194728074,-0.0007439152038945615,False
2026-05-29 20:00:00+00:00,hyperliquid,long,0.0002,3.754170923444362,-0.0007508341846888724,False
2026-05-30 00:00:00+00:00,zcash,long,0.0,2.018034277250088,-0.0,False
2026-05-30 00:00:00+00:00,hyperliquid,long,0.0002,3.6536755630548616,-0.0007307351126109723,False
2026-05-30 04:00:00+00:00,hyperliquid,long,5.94e-05,2.728073633533122,-0.00016204757383186746,False
2026-05-30 08:00:00+00:00,zcash,long,0.0,1.0547976106883517,-0.0,False
2026-05-30 08:00:00+00:00,hyperliquid,long,0.0,2.767819736028216,-0.0,False
2026-05-30 08:00:00+00:00,stellar,long,0.00038496,0.6188454631665895,-0.00023823074950061029,False
2026-05-30 12:00:00+00:00,hyperliquid,long,0.0,2.8409458634849427,-0.0,False
2026-05-30 16:00:00+00:00,zcash,long,0.0,1.0866995212963164,-0.0,False
2026-05-30 16:00:00+00:00,hyperliquid,long,0.00016716,2.8129686280089445,-0.00047021583585797513,False
2026-05-30 16:00:00+00:00,stellar,long,0.0,0.6174242381868366,-0.0,False
2026-05-30 20:00:00+00:00,hyperliquid,long,0.0,2.840401396327476,-0.0,False
2026-05-31 00:00:00+00:00,zcash,long,0.0,1.074553194362034,-0.0,False
2026-05-31 00:00:00+00:00,hyperliquid,long,0.0,2.8590389259484628,-0.0,False
2026-05-31 00:00:00+00:00,stellar,long,0.0004,0.5625600531925782,-0.0002250240212770313,False
2026-05-31 04:00:00+00:00,hyperliquid,long,0.0,3.7269973548277844,-0.0,False
2026-05-31 08:00:00+00:00,zcash,long,0.0,0.5590969228175473,-0.0,False
2026-05-31 08:00:00+00:00,hyperliquid,long,0.0001694,3.7499172181839735,-0.0006352359767603651,False
2026-05-31 08:00:00+00:00,stellar,long,0.0004,0.6714178453730805,-0.0002685671381492322,False
2026-05-31 12:00:00+00:00,hyperliquid,long,0.0002,3.671621231068858,-0.0007343242462137717,False
2026-05-31 16:00:00+00:00,zcash,long,0.0,0.5641939223148792,-0.0,False
2026-05-31 16:00:00+00:00,hyperliquid,long,0.0002,3.7172442214847248,-0.000743448844296945,False
2026-05-31 16:00:00+00:00,stellar,long,0.0,0.7112238503895775,-0.0,False
2026-05-31 20:00:00+00:00,hyperliquid,long,0.0002,3.753547551150557,-0.0007507095102301114,False
2026-06-01 00:00:00+00:00,zcash,long,0.0,0.5807719387160206,-0.0,False
2026-06-01 00:00:00+00:00,hyperliquid,long,0.0002,3.9045585657455946,-0.000780911713149119,False
2026-06-01 00:00:00+00:00,stellar,long,0.0,0.7537590782153748,-0.0,False
2026-06-01 04:00:00+00:00,hyperliquid,long,0.0002,3.835223721347974,-0.0007670447442695948,False
2026-06-01 08:00:00+00:00,hyperliquid,long,0.0002,3.775624528421518,-0.0007551249056843036,False
2026-06-01 08:00:00+00:00,stellar,long,0.0,0.8535161369430229,-0.0,False
2026-06-01 12:00:00+00:00,hyperliquid,long,0.0002,3.816227130958105,-0.000763245426191621,False
2026-06-01 16:00:00+00:00,hyperliquid,long,0.0002,3.702926038275675,-0.000740585207655135,False
2026-06-01 16:00:00+00:00,stellar,long,0.0,0.8353954152537452,-0.0,False
2026-06-01 20:00:00+00:00,hyperliquid,long,0.0002,3.8514543246755815,-0.0007702908649351163,False
2026-06-02 00:00:00+00:00,hyperliquid,long,0.0002,3.841642898869825,-0.000768328579773965,False
2026-06-02 00:00:00+00:00,stellar,long,0.0,0.8137242379284906,-0.0,False
2026-06-02 04:00:00+00:00,hyperliquid,long,0.0002,3.154671428778848,-0.0006309342857557696,False
2026-06-02 08:00:00+00:00,hyperliquid,long,0.0002,3.0487123535808878,-0.0006097424707161775,False
2026-06-02 08:00:00+00:00,stellar,long,0.0004,0.2402986825366832,-9.61194730146733e-05,False
2026-06-02 08:00:00+00:00,near,long,0.0004,0.5626444293449994,-0.00022505777173799976,False
2026-06-02 12:00:00+00:00,hyperliquid,long,0.0002,3.0705299444835807,-0.0006141059888967161,False
2026-06-02 16:00:00+00:00,hyperliquid,long,0.0002,3.0412706946683414,-0.0006082541389336683,False
2026-06-02 16:00:00+00:00,stellar,long,0.0004,0.22815890300067931,-9.126356120027173e-05,False
2026-06-02 16:00:00+00:00,near,long,7.064e-05,0.5375379691957379,-3.7971682143986926e-05,False
2026-06-02 20:00:00+00:00,hyperliquid,long,0.00076884,2.994633480006191,-0.00230239400476796,False
2026-06-03 00:00:00+00:00,hyperliquid,long,0.0002,2.9517170948003133,-0.0005903434189600627,False
2026-06-03 00:00:00+00:00,stellar,long,0.0004,0.23248409123467725,-9.299363649387091e-05,False
2026-06-03 00:00:00+00:00,near,long,0.0,0.5679687303766531,-0.0,False
2026-08-21 04:00:00+00:00,hyperliquid,long,0.00033936,7.543443977937611,-0.0025599431483529075,False
2026-08-21 08:00:00+00:00,chainlink,long,0.0004,8.161818275973403,-0.003264727310389361,False
2026-08-21 08:00:00+00:00,hyperliquid,long,0.0002,7.701694399921947,-0.0015403388799843894,False
2026-08-21 12:00:00+00:00,hyperliquid,long,0.00058084,7.750723864874248,-0.004501930449673558,False
2026-08-21 16:00:00+00:00,chainlink,long,0.0004,8.146262527721527,-0.003258505011088611,False
2026-08-21 16:00:00+00:00,hyperliquid,long,0.00069484,8.000356864088827,-0.00555896796344348,False
2026-08-21 20:00:00+00:00,hyperliquid,long,0.0002,7.815818303449215,-0.0015631636606898431,False
2026-08-22 00:00:00+00:00,chainlink,long,0.0004,8.480711115136879,-0.003392284446054752,False
2026-08-22 00:00:00+00:00,hyperliquid,long,0.0004954,7.887484776688002,-0.003907459958371236,False
2026-08-22 04:00:00+00:00,hyperliquid,long,0.0018828,5.908248275876998,-0.011124049853821212,False
2026-08-22 08:00:00+00:00,chainlink,long,0.0004,8.373195692552544,-0.003349278277021018,False
2026-08-22 08:00:00+00:00,hyperliquid,long,0.00048864,5.666570395551967,-0.0027689129580825136,False
2026-08-22 08:00:00+00:00,zcash,long,0.0004254,2.1779957874452274,-0.0009265194079791997,False
2026-08-22 12:00:00+00:00,hyperliquid,long,0.00063176,5.597386150976163,-0.0035362046747407006,False
2026-08-22 16:00:00+00:00,chainlink,long,0.0004,8.27696025763899,-0.003310784103055596,False
2026-08-22 16:00:00+00:00,hyperliquid,long,0.00037552,5.563692058861882,-0.002089277641943814,False
2026-08-22 16:00:00+00:00,zcash,long,0.0004,2.1199090965923117,-0.0008479636386369248,False
2026-08-22 20:00:00+00:00,hyperliquid,long,0.00021244,5.68912891351334,-0.001208598546386774,False
2026-08-23 00:00:00+00:00,chainlink,long,0.0004,8.304761605502906,-0.0033219046422011626,False
2026-08-23 00:00:00+00:00,hyperliquid,long,0.0002,5.700048960424578,-0.0011400097920849157,False
2026-08-23 00:00:00+00:00,zcash,long,0.0004,2.152537542910524,-0.0008610150171642095,False
2026-08-23 04:00:00+00:00,hyperliquid,long,0.0002,4.856851961601711,-0.0009713703923203423,False
2026-08-23 08:00:00+00:00,chainlink,long,0.0004,7.217272784048099,-0.0028869091136192395,False
2026-08-23 08:00:00+00:00,hyperliquid,long,0.0002,4.907326033204921,-0.0009814652066409842,False
2026-08-23 08:00:00+00:00,zcash,long,0.0004,1.860851916317284,-0.0007443407665269137,False
2026-08-23 12:00:00+00:00,hyperliquid,long,0.0002,5.020363028128653,-0.0010040726056257307,False
2026-08-23 16:00:00+00:00,chainlink,long,0.0004,7.313681859631189,-0.002925472743852476,False
2026-08-23 16:00:00+00:00,hyperliquid,long,0.0002,4.964966176702414,-0.000992993235340483,False
2026-08-23 16:00:00+00:00,zcash,long,0.0004,1.9393784702300385,-0.0007757513880920154,False
2026-08-23 20:00:00+00:00,hyperliquid,long,0.0002,5.041487361799626,-0.0010082974723599253,False
2026-08-24 00:00:00+00:00,chainlink,long,0.0004,7.366674927666929,-0.0029466699710667715,False
2026-08-24 00:00:00+00:00,hyperliquid,long,0.00024408,5.125174618791121,-0.0012509526209545368,False
2026-08-24 00:00:00+00:00,zcash,long,0.0004,1.9814727872506464,-0.0007925891149002586,False
2026-08-24 04:00:00+00:00,hyperliquid,long,0.0002,4.883505351799455,-0.000976701070359891,False
2026-08-24 08:00:00+00:00,chainlink,long,0.0004,4.997068637636694,-0.001998827455054678,False
2026-08-24 08:00:00+00:00,hyperliquid,long,0.0002,4.885349552659892,-0.0009770699105319785,False
2026-08-24 08:00:00+00:00,zcash,long,0.0004,3.6946077131141437,-0.0014778430852456575,False
2026-08-24 12:00:00+00:00,hyperliquid,long,0.0002,4.926659651933683,-0.0009853319303867367,False
2026-08-24 16:00:00+00:00,chainlink,long,0.0004,5.020504603107632,-0.002008201841243053,False
2026-08-24 16:00:00+00:00,hyperliquid,long,0.0002,4.824675344351511,-0.0009649350688703022,False
2026-08-24 16:00:00+00:00,zcash,long,0.0004,3.684976905013476,-0.0014739907620053905,False
2026-08-24 20:00:00+00:00,hyperliquid,long,0.0002,4.777525275686336,-0.0009555050551372672,False
2026-08-25 00:00:00+00:00,chainlink,long,0.0004,5.045676566020862,-0.002018270626408345,False
2026-08-25 00:00:00+00:00,hyperliquid,long,0.0002,4.852338357258067,-0.0009704676714516135,False
2026-08-25 00:00:00+00:00,zcash,long,0.0004,3.6690286402229195,-0.001467611456089168,False
2026-08-25 04:00:00+00:00,hyperliquid,long,0.0002,5.042404558918427,-0.0010084809117836856,False
2026-08-25 08:00:00+00:00,chainlink,long,0.0004,3.7030884627807588,-0.0014812353851123036,False
2026-08-25 08:00:00+00:00,hyperliquid,long,0.0002,5.061461265490303,-0.0010122922530980607,False
2026-08-25 08:00:00+00:00,zcash,long,0.0004,4.728642605891606,-0.0018914570423566425,False
2026-08-25 12:00:00+00:00,hyperliquid,long,0.0002,4.98729631237287,-0.0009974592624745742,False
2026-08-25 16:00:00+00:00,chainlink,long,0.0004,3.699892011798643,-0.0014799568047194572,False
2026-08-25 16:00:00+00:00,hyperliquid,long,0.0002,5.095201008273297,-0.0010190402016546595,False
2026-08-25 16:00:00+00:00,zcash,long,0.0004,4.531384762982702,-0.0018125539051930808,False
2026-08-25 20:00:00+00:00,hyperliquid,long,0.0002,5.105135488092734,-0.0010210270976185468,False
2026-08-26 00:00:00+00:00,chainlink,long,0.0004,3.605916352924449,-0.0014423665411697796,False
2026-08-26 00:00:00+00:00,hyperliquid,long,0.0002,4.974175301290595,-0.000994835060258119,False
2026-08-26 00:00:00+00:00,zcash,long,0.0004,4.257930047384218,-0.0017031720189536873,False
2026-08-26 04:00:00+00:00,hyperliquid,long,0.0002,5.43599300888917,-0.001087198601777834,False
2026-08-26 08:00:00+00:00,chainlink,long,0.0004,1.3500423737421936,-0.0005400169494968774,False
2026-08-26 08:00:00+00:00,hyperliquid,long,0.0002,5.452511330086568,-0.0010905022660173138,False
2026-08-26 08:00:00+00:00,zcash,long,0.0004,6.932124534435958,-0.0027728498137743834,False
2026-08-26 12:00:00+00:00,hyperliquid,long,0.0002,5.4465167780391255,-0.001089303355607825,False
2026-08-26 16:00:00+00:00,chainlink,long,0.00024212,1.3385993163627787,-0.000324101666477756,False
2026-08-26 16:00:00+00:00,hyperliquid,long,6.544e-05,5.35826365067399,-0.0003506447733001059,False
2026-08-26 16:00:00+00:00,zcash,long,0.0004,6.785308988775879,-0.0027141235955103517,False
2026-08-26 20:00:00+00:00,hyperliquid,long,0.00018628,5.397428057383952,-0.0010054328985294827,False
2026-08-27 00:00:00+00:00,chainlink,long,0.0004,1.3846099429091752,-0.0005538439771636701,False
2026-08-27 00:00:00+00:00,hyperliquid,long,0.0002,5.477288811882667,-0.0010954577623765334,False
2026-08-27 00:00:00+00:00,zcash,long,0.0004,7.188677434560617,-0.002875470973824247,False
2026-08-27 04:00:00+00:00,hyperliquid,long,0.00019472,5.376047488414738,-0.0010468239669441178,False
2026-08-27 08:00:00+00:00,chainlink,long,0.0004,1.3904506701132515,-0.0005561802680453007,False
2026-08-27 08:00:00+00:00,hyperliquid,long,0.0002,5.441787742535031,-0.0010883575485070064,False
2026-08-27 08:00:00+00:00,zcash,long,0.0004,6.920058709747637,-0.0027680234838990546,False
2026-08-27 12:00:00+00:00,hyperliquid,long,0.0,5.46097030908685,-0.0,False
2026-08-27 16:00:00+00:00,chainlink,long,0.0004,1.4206078942485838,-0.0005682431576994335,False
2026-08-27 16:00:00+00:00,hyperliquid,long,0.00015036,5.637676382218701,-0.0008476810208304038,False
2026-08-27 16:00:00+00:00,zcash,long,0.0004,7.078059362965501,-0.0028312237451862004,False
2026-08-27 20:00:00+00:00,hyperliquid,long,0.0,5.653195611408194,-0.0,False
2026-08-28 00:00:00+00:00,chainlink,long,0.00030364,1.4196543061336326,-0.0004310638335144162,False
2026-08-28 00:00:00+00:00,hyperliquid,long,9.036e-05,5.634479287793398,-0.0005091315484450114,False
2026-08-28 00:00:00+00:00,zcash,long,0.0002796,7.130197817093135,-0.0019936033096592406,False
2026-08-28 04:00:00+00:00,hyperliquid,long,0.0,5.098212359668843,-0.0,False
2026-08-28 08:00:00+00:00,hyperliquid,long,0.0002,5.121565370967961,-0.0010243130741935922,False
2026-08-28 08:00:00+00:00,zcash,long,1.836e-05,7.946319734109624,-0.0001458944303182527,False
2026-08-28 12:00:00+00:00,hyperliquid,long,1.14e-05,5.058518337852326,-5.766710905151651e-05,False
2026-08-28 16:00:00+00:00,hyperliquid,long,0.00016236,4.982422885890709,-0.0008089461797532155,False
2026-08-28 16:00:00+00:00,zcash,long,0.00031888,8.11136696576073,-0.0025865526980417817,False
2026-08-28 20:00:00+00:00,hyperliquid,long,0.00016028,4.8546825238237306,-0.0007781085149184676,False
2026-08-29 00:00:00+00:00,hyperliquid,long,9.492e-05,4.932180375941692,-0.0004681625612843854,False
2026-08-29 00:00:00+00:00,zcash,long,0.0004,8.055814482912309,-0.0032223257931649238,False
2026-08-29 04:00:00+00:00,hyperliquid,long,0.0,4.968703753926476,-0.0,False
2026-08-29 08:00:00+00:00,hyperliquid,long,0.0,4.96138688354555,-0.0,False
2026-08-29 08:00:00+00:00,zcash,long,0.0004,7.980234927442809,-0.003192093970977124,False
2026-08-29 12:00:00+00:00,hyperliquid,long,3.488e-05,4.931509662823441,-0.0001720110570392816,False
2026-08-29 16:00:00+00:00,hyperliquid,long,0.0,5.055530615780115,-0.0,False
2026-08-29 16:00:00+00:00,zcash,long,0.0004,8.399293874147206,-0.0033597175496588826,False
2026-08-29 20:00:00+00:00,hyperliquid,long,0.0,5.049677119475375,-0.0,False
2026-08-30 00:00:00+00:00,hyperliquid,long,7.164e-05,5.081200636033193,-0.00036401721356541796,False
2026-08-30 00:00:00+00:00,zcash,long,0.0004,8.467728092148883,-0.0033870912368595533,False
2026-08-30 04:00:00+00:00,hyperliquid,long,0.0002,5.230480711661278,-0.0010460961423322556,False
2026-08-30 08:00:00+00:00,hyperliquid,long,0.0002,5.234399148153822,-0.0010468798296307646,False
2026-08-30 08:00:00+00:00,zcash,long,0.0004,7.647649589534959,-0.003059059835813984,False
2026-08-30 12:00:00+00:00,hyperliquid,long,0.0002,5.281420386064359,-0.0010562840772128717,False
2026-08-30 16:00:00+00:00,hyperliquid,long,0.0002,5.2526009176675785,-0.0010505201835335157,False
2026-08-30 16:00:00+00:00,zcash,long,0.0002366,7.9260454496601955,-0.0018753023533896022,False
2026-08-30 20:00:00+00:00,hyperliquid,long,0.0002,5.223212643973493,-0.0010446425287946987,False
2026-08-31 00:00:00+00:00,hyperliquid,long,0.0002,5.055351880679966,-0.0010110703761359932,False
2026-08-31 00:00:00+00:00,zcash,long,0.00019488,7.639870612509763,-0.0014888579849659026,False
2026-08-31 04:00:00+00:00,hyperliquid,long,0.0002,5.0801897119956125,-0.0010160379423991225,False
2026-08-31 08:00:00+00:00,hyperliquid,long,0.0002,5.129675772861137,-0.0010259351545722274,False
2026-08-31 08:00:00+00:00,zcash,long,0.0,7.554576417362913,-0.0,False
2026-08-31 12:00:00+00:00,hyperliquid,long,0.0002,5.170629754267087,-0.0010341259508534174,False
2026-08-31 16:00:00+00:00,hyperliquid,long,0.0002,5.1919283526217255,-0.0010383856705243452,False
2026-08-31 16:00:00+00:00,zcash,long,0.0,7.708234092954718,-0.0,False
2026-08-31 20:00:00+00:00,hyperliquid,long,0.0002,5.2835692060763995,-0.0010567138412152799,False
2026-09-01 00:00:00+00:00,hyperliquid,long,0.0002,5.318013526857639,-0.0010636027053715278,False
2026-09-01 00:00:00+00:00,zcash,long,0.0001218,7.757470441655368,-0.0009448598997936239,False
2026-09-01 04:00:00+00:00,hyperliquid,long,6.428e-05,5.327304013380286,-0.0003424391019800848,False
2026-09-01 08:00:00+00:00,hyperliquid,long,0.0002,5.273773114845038,-0.0010547546229690075,False
2026-09-01 08:00:00+00:00,zcash,long,0.00018672,7.794626496622773,-0.0014554126594494043,False
2026-09-01 12:00:00+00:00,hyperliquid,long,2.952e-05,5.301075769115672,-0.00015648775670429462,False
2026-09-01 16:00:00+00:00,hyperliquid,long,0.0002,5.259805784766774,-0.001051961156953355,False
2026-09-01 16:00:00+00:00,zcash,long,0.00029812,7.809909898542863,-0.0023282903389535985,False
2026-09-01 20:00:00+00:00,hyperliquid,long,0.0002,5.225045461042587,-0.0010450090922085175,False
2026-09-02 00:00:00+00:00,hyperliquid,long,0.0002,5.229911906363974,-0.0010459823812727948,False
2026-09-02 00:00:00+00:00,zcash,long,0.0,7.59072578118588,-0.0,False
2026-09-02 04:00:00+00:00,hyperliquid,long,0.0002,2.2740417489157796,-0.00045480834978315596,False
2026-09-02 08:00:00+00:00,hyperliquid,long,3.08e-05,2.2578293567470733,-6.954114418780986e-05,False
2026-09-02 08:00:00+00:00,zcash,long,0.00028712,8.574213654909599,-0.002461828224597644,False
2026-09-02 12:00:00+00:00,hyperliquid,long,8.928e-05,2.2275442789903024,-0.0001988751532282542,False
2026-09-02 16:00:00+00:00,hyperliquid,long,0.00011216,2.2403276542028525,-0.00025127514969539196,False
2026-09-02 16:00:00+00:00,zcash,long,0.0004,8.375473262860432,-0.003350189305144173,False
2026-09-02 20:00:00+00:00,hyperliquid,long,0.0,2.22326486582902,-0.0,False
2026-09-03 00:00:00+00:00,hyperliquid,long,0.0,2.2462529955030903,-0.0,False
2026-09-03 00:00:00+00:00,zcash,long,0.0004,8.381436502766718,-0.0033525746011066875,False
2026-09-03 04:00:00+00:00,hyperliquid,long,0.00013004,2.2575276032549314,-0.00029356888952727125,False
2026-09-03 08:00:00+00:00,hyperliquid,long,0.00019376,2.2497368767305446,-0.0004359090172353103,False
2026-09-03 08:00:00+00:00,zcash,long,0.0004,8.50162663122273,-0.0034006506524890926,False
2026-09-03 12:00:00+00:00,hyperliquid,long,0.0002,2.2519040154468355,-0.0004503808030893671,False
2026-09-03 16:00:00+00:00,hyperliquid,long,0.0002,2.317933165954577,-0.0004635866331909155,False
2026-09-03 16:00:00+00:00,zcash,long,0.00015484,9.821764569097175,-0.0015208020258790065,False
2026-09-03 20:00:00+00:00,hyperliquid,long,0.0002,2.3537595351124962,-0.00047075190702249926,False
2026-09-04 00:00:00+00:00,hyperliquid,long,0.0002,2.399159719612003,-0.0004798319439224006,False
2026-09-04 00:00:00+00:00,zcash,long,0.0004,9.791023039235457,-0.003916409215694183,False
2026-09-04 08:00:00+00:00,zcash,long,0.00020964,9.113767121801688,-0.0019106101394145059,False
2026-09-04 16:00:00+00:00,zcash,long,0.0,9.293637905619063,-0.0,False
2026-09-05 00:00:00+00:00,zcash,long,0.0,9.636419420300891,-0.0,False
2026-09-05 08:00:00+00:00,zcash,long,0.0,7.920205822194861,-0.0,False
2026-09-05 16:00:00+00:00,zcash,long,0.0,8.027594690625515,-0.0,False
2026-09-06 00:00:00+00:00,zcash,long,0.0,8.10801772390532,-0.0,False
2026-09-06 08:00:00+00:00,zcash,long,0.00024992,9.193689133834962,-0.0022976867883280337,False
2026-09-06 16:00:00+00:00,zcash,long,9.264e-05,9.23109335678614,-0.0008551684885726679,False
2026-09-07 00:00:00+00:00,zcash,long,0.00023212,9.698369368241766,-0.0022511854977562786,False
2026-09-07 08:00:00+00:00,zcash,long,0.0,6.214540062841273,-0.0,False
2026-09-07 16:00:00+00:00,zcash,long,0.0004,6.004275442088517,-0.0024017101768354066,False
2026-09-08 00:00:00+00:00,zcash,long,0.00022328,5.9686551276610444,-0.001332681316904158,False
2026-09-08 08:00:00+00:00,zcash,long,0.00034664,7.303755383477843,-0.0025317737661287596,False
2026-09-08 16:00:00+00:00,zcash,long,0.0,7.68522938292982,-0.0,False
2026-09-09 00:00:00+00:00,zcash,long,3.852e-05,7.648323024270525,-0.0002946134028949006,False
2026-09-09 08:00:00+00:00,zcash,long,5.56e-05,8.043377004285519,-0.0004472117614382749,False
2026-09-09 16:00:00+00:00,zcash,long,0.0,8.246621880845863,-0.0,False
2026-09-10 00:00:00+00:00,zcash,long,0.00011988,8.083012354254127,-0.0009689915210279846,False
2026-09-10 08:00:00+00:00,zcash,long,5.156e-05,7.898285633006985,-0.0004072356072378402,False
2026-09-10 16:00:00+00:00,zcash,long,0.00034916,7.588869999317612,-0.0026497298489617373,False
2026-09-11 00:00:00+00:00,zcash,long,0.00024968,7.015391968460321,-0.001751603066685173,False
2026-09-11 08:00:00+00:00,zcash,long,0.0,9.064040215534911,-0.0,False
2026-09-11 16:00:00+00:00,zcash,long,0.0,9.496333242933247,-0.0,False
2026-09-12 00:00:00+00:00,zcash,long,0.0,9.500656989008377,-0.0,False
2026-09-12 08:00:00+00:00,zcash,long,0.00011904,10.931723508114079,-0.0013013123664059,False
2026-09-12 16:00:00+00:00,zcash,long,0.00013044,10.832205816299568,-0.0014129529266781158,False
2026-09-13 00:00:00+00:00,zcash,long,0.00035912,10.681407019429587,-0.003835906888817553,False
2026-09-13 08:00:00+00:00,zcash,long,0.00027104,12.715051331863437,-0.003446287512988266,False
2026-09-13 16:00:00+00:00,zcash,long,0.00023008,12.232813702595008,-0.0028145257766930593,False
2026-09-14 00:00:00+00:00,zcash,long,0.00026276,11.953439919703381,-0.0031408858733012607,False
2026-09-14 08:00:00+00:00,zcash,long,0.0,12.832516587336194,-0.0,False
2026-09-14 16:00:00+00:00,zcash,long,0.0,12.805513080330963,-0.0,False
2026-09-15 00:00:00+00:00,zcash,long,0.0,13.08927493311094,-0.0,False
2026-09-15 08:00:00+00:00,zcash,long,0.00020152,12.806300682618616,-0.0025807257135613037,False
2026-09-15 16:00:00+00:00,zcash,long,0.00019516,12.635278471585481,-0.0024659009465146224,False
2026-09-16 00:00:00+00:00,zcash,long,0.0004,12.491597311395145,-0.004996638924558058,False
2026-09-16 08:00:00+00:00,zcash,long,0.0,13.263560067907205,-0.0,False
2026-09-16 16:00:00+00:00,zcash,long,0.0,14.030572181468308,-0.0,False
2026-09-17 00:00:00+00:00,zcash,long,0.0,15.038703109663624,-0.0,False
2026-09-17 08:00:00+00:00,zcash,long,0.0,11.127178723668912,-0.0,False
2026-09-17 16:00:00+00:00,zcash,long,0.0,12.02535812770342,-0.0,False
2026-09-18 00:00:00+00:00,zcash,long,0.0,11.902196403404373,-0.0,False
2026-09-18 08:00:00+00:00,zcash,long,0.0,8.971568315648367,-0.0,False
2026-09-18 16:00:00+00:00,zcash,long,0.0,8.972233911635875,-0.0,False
2026-09-19 00:00:00+00:00,zcash,long,0.00024276,9.443415362066876,-0.002292483513295355,False
2026-09-19 08:00:00+00:00,zcash,long,0.0,6.836719750518874,-0.0,False
2026-09-19 08:00:00+00:00,near,long,0.0004,0.7497958388275997,-0.0002999183355310399,False
2026-09-19 16:00:00+00:00,zcash,long,0.00019664,6.639641407234557,-0.0013056190863186034,False
2026-09-19 16:00:00+00:00,near,long,0.0004,0.7363230402470701,-0.00029452921609882804,False
2026-09-20 00:00:00+00:00,zcash,long,0.0004,6.417508142788513,-0.0025670032571154053,False
2026-09-20 00:00:00+00:00,near,long,0.0004,0.7299936741465494,-0.0002919974696586198,False
2026-09-20 08:00:00+00:00,zcash,long,0.0004,6.417579688747333,-0.0025670318754989333,False
2026-09-20 08:00:00+00:00,near,long,0.0004,2.7047023976439077,-0.001081880959057563,False
2026-09-20 16:00:00+00:00,zcash,long,0.0004,6.40945465271625,-0.0025637818610865,False
2026-09-20 16:00:00+00:00,near,long,0.0004,3.0564083422468817,-0.0012225633368987527,False
