,TOP20_SECTOR_top4_biweekly__bull_only__NO_STOP,TOP20_SECTOR_top4_biweekly__bull_only__BTC_LT_10D,TOP20_SECTOR_top4_biweekly__bull_only__BTC_LT_14D,TOP20_SECTOR_top4_biweekly__bull_only__BTC_LT_21D,TOP20_SECTOR_top4_biweekly__bull_only__BTC_LT_28D,TOP20_SECTOR_top4_biweekly__bull_only__BTC_LT_20DMA
2021-04-22,0.0,0.0,0.0,0.0,0.0,0.0
2021-04-23,0.0,0.0,0.0,0.0,0.0,0.0
2021-04-24,0.0,0.0,0.0,0.0,0.0,0.0
2021-04-25,0.0,0.0,0.0,0.0,0.0,0.0
2021-04-26,0.0,0.0,0.0,0.0,0.0,0.0
2021-04-27,0.0,0.0,0.0,0.0,0.0,0.0
2021-04-28,0.0,0.0,0.0,0.0,0.0,0.0
2021-04-29,0.0,0.0,0.0,0.0,0.0,0.0
2021-04-30,0.0,0.0,0.0,0.0,0.0,0.0
2021-05-01,0.0,0.0,0.0,0.0,0.0,0.0
2021-05-02,0.0,0.0,0.0,0.0,0.0,0.0
2021-05-03,0.0,0.0,0.0,0.0,0.0,0.0
2021-05-04,0.0,0.0,0.0,0.0,0.0,0.0
2021-05-05,0.0,0.0,0.0,0.0,0.0,0.0
2021-05-06,0.0,0.0,0.0,0.0,0.0,0.0
2021-05-07,0.0,0.0,0.0,0.0,0.0,0.0
2021-05-08,0.0,0.0,0.0,0.0,0.0,0.0
2021-05-09,0.0,0.0,0.0,0.0,0.0,0.0
2021-05-10,0.0,0.0,0.0,0.0,0.0,0.0
2021-05-11,0.0,0.0,0.0,0.0,0.0,0.0
2021-05-12,0.0,0.0,0.0,0.0,0.0,0.0
2021-05-13,0.0,0.0,0.0,0.0,0.0,0.0
2021-05-14,0.0,0.0,0.0,0.0,0.0,0.0
2021-05-15,0.0,0.0,0.0,0.0,0.0,0.0
2021-05-16,0.0,0.0,0.0,0.0,0.0,0.0
2021-05-17,0.0,0.0,0.0,0.0,0.0,0.0
2021-05-18,0.0,0.0,0.0,0.0,0.0,0.0
2021-05-19,0.0,0.0,0.0,0.0,0.0,0.0
2021-05-20,0.0,0.0,0.0,0.0,0.0,0.0
2021-05-21,0.0,0.0,0.0,0.0,0.0,0.0
2021-05-22,0.0,0.0,0.0,0.0,0.0,0.0
2021-05-23,0.0,0.0,0.0,0.0,0.0,0.0
2021-05-24,0.0,0.0,0.0,0.0,0.0,0.0
2021-05-25,0.0,0.0,0.0,0.0,0.0,0.0
2021-05-26,0.0,0.0,0.0,0.0,0.0,0.0
2021-05-27,0.0,0.0,0.0,0.0,0.0,0.0
2021-05-28,0.0,0.0,0.0,0.0,0.0,0.0
2021-05-29,0.0,0.0,0.0,0.0,0.0,0.0
2021-05-30,0.0,0.0,0.0,0.0,0.0,0.0
2021-05-31,0.0,0.0,0.0,0.0,0.0,0.0
2021-06-01,0.0,0.0,0.0,0.0,0.0,0.0
2021-06-02,0.0,0.0,0.0,0.0,0.0,0.0
2021-06-03,0.0,0.0,0.0,0.0,0.0,0.0
2021-06-04,0.0,0.0,0.0,0.0,0.0,0.0
2021-06-05,0.0,0.0,0.0,0.0,0.0,0.0
2021-06-06,0.0,0.0,0.0,0.0,0.0,0.0
2021-06-07,0.0,0.0,0.0,0.0,0.0,0.0
2021-06-08,0.0,0.0,0.0,0.0,0.0,0.0
2021-06-09,0.0,0.0,0.0,0.0,0.0,0.0
2021-06-10,0.0,0.0,0.0,0.0,0.0,0.0
2021-06-11,0.0,0.0,0.0,0.0,0.0,0.0
2021-06-12,0.0,0.0,0.0,0.0,0.0,0.0
2021-06-13,0.0,0.0,0.0,0.0,0.0,0.0
2021-06-14,0.0,0.0,0.0,0.0,0.0,0.0
2021-06-15,0.0,0.0,0.0,0.0,0.0,0.0
2021-06-16,0.0,0.0,0.0,0.0,0.0,0.0
2021-06-17,0.0,0.0,0.0,0.0,0.0,0.0
2021-06-18,0.0,0.0,0.0,0.0,0.0,0.0
2021-06-19,0.0,0.0,0.0,0.0,0.0,0.0
2021-06-20,0.0,0.0,0.0,0.0,0.0,0.0
2021-06-21,0.0,0.0,0.0,0.0,0.0,0.0
2021-06-22,0.0,0.0,0.0,0.0,0.0,0.0
2021-06-23,0.0,0.0,0.0,0.0,0.0,0.0
2021-06-24,0.0,0.0,0.0,0.0,0.0,0.0
2021-06-25,0.0,0.0,0.0,0.0,0.0,0.0
2021-06-26,0.0,0.0,0.0,0.0,0.0,0.0
2021-06-27,0.0,0.0,0.0,0.0,0.0,0.0
2021-06-28,0.0,0.0,0.0,0.0,0.0,0.0
2021-06-29,0.0,0.0,0.0,0.0,0.0,0.0
2021-06-30,0.0,0.0,0.0,0.0,0.0,0.0
2021-07-01,0.0,0.0,0.0,0.0,0.0,0.0
2021-07-02,0.0,0.0,0.0,0.0,0.0,0.0
2021-07-03,0.0,0.0,0.0,0.0,0.0,0.0
2021-07-04,0.0,0.0,0.0,0.0,0.0,0.0
2021-07-05,0.0,0.0,0.0,0.0,0.0,0.0
2021-07-06,0.0,0.0,0.0,0.0,0.0,0.0
2021-07-07,0.0,0.0,0.0,0.0,0.0,0.0
2021-07-08,0.0,0.0,0.0,0.0,0.0,0.0
2021-07-09,0.0,0.0,0.0,0.0,0.0,0.0
2021-07-10,0.0,0.0,0.0,0.0,0.0,0.0
2021-07-11,0.0,0.0,0.0,0.0,0.0,0.0
2021-07-12,0.0,0.0,0.0,0.0,0.0,0.0
2021-07-13,0.0,0.0,0.0,0.0,0.0,0.0
2021-07-14,0.0,0.0,0.0,0.0,0.0,0.0
2021-07-15,0.0,0.0,0.0,0.0,0.0,0.0
2021-07-16,0.0,0.0,0.0,0.0,0.0,0.0
2021-07-17,0.0,0.0,0.0,0.0,0.0,0.0
2021-07-18,0.0,0.0,0.0,0.0,0.0,0.0
2021-07-19,0.0,0.0,0.0,0.0,0.0,0.0
2021-07-20,0.0,0.0,0.0,0.0,0.0,0.0
2021-07-21,0.0,0.0,0.0,0.0,0.0,0.0
2021-07-22,0.0,0.0,0.0,0.0,0.0,0.0
2021-07-23,0.0,0.0,0.0,0.0,0.0,0.0
2021-07-24,0.0,0.0,0.0,0.0,0.0,0.0
2021-07-25,0.0,0.0,0.0,0.0,0.0,0.0
2021-07-26,0.0,0.0,0.0,0.0,0.0,0.0
2021-07-27,0.0,0.0,0.0,0.0,0.0,0.0
2021-07-28,0.0,0.0,0.0,0.0,0.0,0.0
2021-07-29,0.0,0.0,0.0,0.0,0.0,0.0
2021-07-30,0.0,0.0,0.0,0.0,0.0,0.0
2021-07-31,0.0,0.0,0.0,0.0,0.0,0.0
2021-08-01,0.0,0.0,0.0,0.0,0.0,0.0
2021-08-02,0.0,0.0,0.0,0.0,0.0,0.0
2021-08-03,0.0,0.0,0.0,0.0,0.0,0.0
2021-08-04,0.0,0.0,0.0,0.0,0.0,0.0
2021-08-05,0.0,0.0,0.0,0.0,0.0,0.0
2021-08-06,0.0,0.0,0.0,0.0,0.0,0.0
2021-08-07,0.0,0.0,0.0,0.0,0.0,0.0
2021-08-08,0.0,0.0,0.0,0.0,0.0,0.0
2021-08-09,0.0,0.0,0.0,0.0,0.0,0.0
2021-08-10,0.0,0.0,0.0,0.0,0.0,0.0
2021-08-11,0.0,0.0,0.0,0.0,0.0,0.0
2021-08-12,0.0,0.0,0.0,0.0,0.0,0.0
2021-08-13,0.0,0.0,0.0,0.0,0.0,0.0
2021-08-14,0.0,0.0,0.0,0.0,0.0,0.0
2021-08-15,0.0,0.0,0.0,0.0,0.0,0.0
2021-08-16,0.0,0.0,0.0,0.0,0.0,0.0
2021-08-17,0.0,0.0,0.0,0.0,0.0,0.0
2021-08-18,0.0,0.0,0.0,0.0,0.0,0.0
2021-08-19,0.0,0.0,0.0,0.0,0.0,0.0
2021-08-20,0.0,0.0,0.0,0.0,0.0,0.0
2021-08-21,0.0,0.0,0.0,0.0,0.0,0.0
2021-08-22,0.0,0.0,0.0,0.0,0.0,0.0
2021-08-23,0.0,0.0,0.0,0.0,0.0,0.0
2021-08-24,0.0,0.0,0.0,0.0,0.0,0.0
2021-08-25,0.0,0.0,0.0,0.0,0.0,0.0
2021-08-26,0.0,0.0,0.0,0.0,0.0,0.0
2021-08-27,0.0,0.0,0.0,0.0,0.0,0.0
2021-08-28,0.0,0.0,0.0,0.0,0.0,0.0
2021-08-29,0.0,0.0,0.0,0.0,0.0,0.0
2021-08-30,0.0,0.0,0.0,0.0,0.0,0.0
2021-08-31,0.0,0.0,0.0,0.0,0.0,0.0
2021-09-01,0.0,0.0,0.0,0.0,0.0,0.0
2021-09-02,0.0,0.0,0.0,0.0,0.0,0.0
2021-09-03,0.0,0.0,0.0,0.0,0.0,0.0
2021-09-04,0.0,0.0,0.0,0.0,0.0,0.0
2021-09-05,0.0,0.0,0.0,0.0,0.0,0.0
2021-09-06,0.0,0.0,0.0,0.0,0.0,0.0
2021-09-07,0.0,0.0,0.0,0.0,0.0,0.0
2021-09-08,0.0,0.0,0.0,0.0,0.0,0.0
2021-09-09,0.0,0.0,0.0,0.0,0.0,0.0
2021-09-10,0.0,0.0,0.0,0.0,0.0,0.0
2021-09-11,0.0,0.0,0.0,0.0,0.0,0.0
2021-09-12,0.0,0.0,0.0,0.0,0.0,0.0
2021-09-13,0.0,0.0,0.0,0.0,0.0,0.0
2021-09-14,0.0,0.0,0.0,0.0,0.0,0.0
2021-09-15,0.0,0.0,0.0,0.0,0.0,0.0
2021-09-16,0.0,0.0,0.0,0.0,0.0,0.0
2021-09-17,0.0,0.0,0.0,0.0,0.0,0.0
2021-09-18,0.0,0.0,0.0,0.0,0.0,0.0
2021-09-19,0.0,0.0,0.0,0.0,0.0,0.0
2021-09-20,0.0,0.0,0.0,0.0,0.0,0.0
2021-09-21,0.0,0.0,0.0,0.0,0.0,0.0
2021-09-22,0.0,0.0,0.0,0.0,0.0,0.0
2021-09-23,0.0,0.0,0.0,0.0,0.0,0.0
2021-09-24,0.0,0.0,0.0,0.0,0.0,0.0
2021-09-25,0.0,0.0,0.0,0.0,0.0,0.0
2021-09-26,0.0,0.0,0.0,0.0,0.0,0.0
2021-09-27,0.0,0.0,0.0,0.0,0.0,0.0
2021-09-28,0.0,0.0,0.0,0.0,0.0,0.0
2021-09-29,0.0,0.0,0.0,0.0,0.0,0.0
2021-09-30,0.0,0.0,0.0,0.0,0.0,0.0
2021-10-01,0.0,0.0,0.0,0.0,0.0,0.0
2021-10-02,0.0,0.0,0.0,0.0,0.0,0.0
2021-10-03,0.0,0.0,0.0,0.0,0.0,0.0
2021-10-04,0.0,0.0,0.0,0.0,0.0,0.0
2021-10-05,0.0,0.0,0.0,0.0,0.0,0.0
2021-10-06,0.0,0.0,0.0,0.0,0.0,0.0
2021-10-07,0.0,0.0,0.0,0.0,0.0,0.0
2021-10-08,0.0,0.0,0.0,0.0,0.0,0.0
2021-10-09,0.0,0.0,0.0,0.0,0.0,0.0
2021-10-10,0.0,0.0,0.0,0.0,0.0,0.0
2021-10-11,0.0,0.0,0.0,0.0,0.0,0.0
2021-10-12,0.0,0.0,0.0,0.0,0.0,0.0
2021-10-13,0.0,0.0,0.0,0.0,0.0,0.0
2021-10-14,0.0,0.0,0.0,0.0,0.0,0.0
2021-10-15,0.0,0.0,0.0,0.0,0.0,0.0
2021-10-16,0.0,0.0,0.0,0.0,0.0,0.0
2021-10-17,0.0,0.0,0.0,0.0,0.0,0.0
2021-10-18,0.0,0.0,0.0,0.0,0.0,0.0
2021-10-19,0.0,0.0,0.0,0.0,0.0,0.0
2021-10-20,0.0,0.0,0.0,0.0,0.0,0.0
2021-10-21,0.0,0.0,0.0,0.0,0.0,0.0
2021-10-22,0.0,0.0,0.0,0.0,0.0,0.0
2021-10-23,0.0,0.0,0.0,0.0,0.0,0.0
2021-10-24,0.0,0.0,0.0,0.0,0.0,0.0
2021-10-25,0.0,0.0,0.0,0.0,0.0,0.0
2021-10-26,0.0,0.0,0.0,0.0,0.0,0.0
2021-10-27,0.0,0.0,0.0,0.0,0.0,0.0
2021-10-28,0.0,0.0,0.0,0.0,0.0,0.0
2021-10-29,0.0,0.0,0.0,0.0,0.0,0.0
2021-10-30,0.0,0.0,0.0,0.0,0.0,0.0
2021-10-31,0.0,0.0,0.0,0.0,0.0,0.0
2021-11-01,0.0,0.0,0.0,0.0,0.0,0.0
2021-11-02,0.0,0.0,0.0,0.0,0.0,0.0
2021-11-03,0.0,0.0,0.0,0.0,0.0,0.0
2021-11-04,0.0,0.0,0.0,0.0,0.0,0.0
2021-11-05,0.0,0.0,0.0,0.0,0.0,0.0
2021-11-06,0.0,0.0,0.0,-0.0020000000000000018,0.0,0.0
2021-11-07,0.0,0.0,0.0,-0.0020000000000000018,0.0,0.0
2021-11-08,0.0,0.0,0.0,-0.0020000000000000018,0.0,0.0
2021-11-09,-0.012667005629694472,0.0,0.0,-0.0020000000000000018,-0.012667005629694472,0.0
2021-11-10,-0.062271370056306674,0.0,0.0,-0.0020000000000000018,-0.062271370056306674,0.0
2021-11-11,-0.030746176917232027,0.0,0.0,-0.0020000000000000018,-0.030746176917232027,0.0
2021-11-12,-0.05836277791454603,0.0,0.0,-0.0020000000000000018,-0.05836277791454603,0.0
2021-11-13,-0.03438109244705756,0.0,0.0,-0.0020000000000000018,-0.03438109244705756,0.0
2021-11-14,-0.03977374582013138,0.0,0.0,-0.0020000000000000018,-0.03977374582013138,0.0
2021-11-15,-0.05637104070800425,0.0,0.0,-0.0020000000000000018,-0.05637104070800425,0.0
2021-11-16,-0.11568146204085128,0.0,0.0,-0.0020000000000000018,-0.11568146204085128,0.0
2021-11-17,-0.09652835074189059,0.0,0.0,-0.0020000000000000018,-0.11745009911676962,0.0
2021-11-18,-0.17383469797207396,0.0,0.0,-0.0020000000000000018,-0.11745009911676962,0.0
2021-11-19,-0.17548702857612974,0.0,0.0,-0.0020000000000000018,-0.11745009911676962,0.0
2021-11-20,-0.17548702857612974,0.0,0.0,-0.0020000000000000018,-0.11745009911676962,0.0
2021-11-21,-0.17548702857612974,0.0,0.0,-0.0020000000000000018,-0.11745009911676962,0.0
2021-11-22,-0.17548702857612974,0.0,0.0,-0.0020000000000000018,-0.11745009911676962,0.0
2021-11-23,-0.17548702857612974,0.0,0.0,-0.0020000000000000018,-0.11745009911676962,0.0
2021-11-24,-0.17548702857612974,0.0,0.0,-0.0020000000000000018,-0.11745009911676962,0.0
2021-11-25,-0.17548702857612974,0.0,0.0,-0.0020000000000000018,-0.11745009911676962,0.0
2021-11-26,-0.17548702857612974,0.0,0.0,-0.0020000000000000018,-0.11745009911676962,0.0
2021-11-27,-0.17548702857612974,0.0,0.0,-0.0020000000000000018,-0.11745009911676962,0.0
2021-11-28,-0.17548702857612974,0.0,0.0,-0.0020000000000000018,-0.11745009911676962,0.0
2021-11-29,-0.17548702857612974,0.0,0.0,-0.0020000000000000018,-0.11745009911676962,0.0
2021-11-30,-0.17548702857612974,0.0,0.0,-0.0020000000000000018,-0.11745009911676962,0.0
2021-12-01,-0.17548702857612974,0.0,0.0,-0.0020000000000000018,-0.11745009911676962,0.0
2021-12-02,-0.17548702857612974,0.0,0.0,-0.0020000000000000018,-0.11745009911676962,0.0
2021-12-03,-0.17548702857612974,0.0,0.0,-0.0020000000000000018,-0.11745009911676962,0.0
2021-12-04,-0.17548702857612974,0.0,0.0,-0.0020000000000000018,-0.11745009911676962,0.0
2021-12-05,-0.17548702857612974,0.0,0.0,-0.0020000000000000018,-0.11745009911676962,0.0
2021-12-06,-0.17548702857612974,0.0,0.0,-0.0020000000000000018,-0.11745009911676962,0.0
2021-12-07,-0.17548702857612974,0.0,0.0,-0.0020000000000000018,-0.11745009911676962,0.0
2021-12-08,-0.17548702857612974,0.0,0.0,-0.0020000000000000018,-0.11745009911676962,0.0
2021-12-09,-0.17548702857612974,0.0,0.0,-0.0020000000000000018,-0.11745009911676962,0.0
2021-12-10,-0.17548702857612974,0.0,0.0,-0.0020000000000000018,-0.11745009911676962,0.0
2021-12-11,-0.17548702857612974,0.0,0.0,-0.0020000000000000018,-0.11745009911676962,0.0
2021-12-12,-0.17548702857612974,0.0,0.0,-0.0020000000000000018,-0.11745009911676962,0.0
2021-12-13,-0.17548702857612974,0.0,0.0,-0.0020000000000000018,-0.11745009911676962,0.0
2021-12-14,-0.17548702857612974,0.0,0.0,-0.0020000000000000018,-0.11745009911676962,0.0
2021-12-15,-0.17548702857612974,0.0,0.0,-0.0020000000000000018,-0.11745009911676962,0.0
2021-12-16,-0.17548702857612974,0.0,0.0,-0.0020000000000000018,-0.11745009911676962,0.0
2021-12-17,-0.17548702857612974,0.0,0.0,-0.0020000000000000018,-0.11745009911676962,0.0
2021-12-18,-0.17548702857612974,0.0,0.0,-0.0020000000000000018,-0.11745009911676962,0.0
2021-12-19,-0.17548702857612974,0.0,0.0,-0.0020000000000000018,-0.11745009911676962,0.0
2021-12-20,-0.17548702857612974,0.0,0.0,-0.0020000000000000018,-0.11745009911676962,0.0
2021-12-21,-0.17548702857612974,0.0,0.0,-0.0020000000000000018,-0.11745009911676962,0.0
2021-12-22,-0.17548702857612974,0.0,0.0,-0.0020000000000000018,-0.11745009911676962,0.0
2021-12-23,-0.17548702857612974,0.0,0.0,-0.0020000000000000018,-0.11745009911676962,0.0
2021-12-24,-0.17548702857612974,0.0,0.0,-0.0020000000000000018,-0.11745009911676962,0.0
2021-12-25,-0.17548702857612974,0.0,0.0,-0.0020000000000000018,-0.11745009911676962,0.0
2021-12-26,-0.17548702857612974,0.0,0.0,-0.0020000000000000018,-0.11745009911676962,0.0
2021-12-27,-0.17548702857612974,0.0,0.0,-0.0020000000000000018,-0.11745009911676962,0.0
2021-12-28,-0.17548702857612974,0.0,0.0,-0.0020000000000000018,-0.11745009911676962,0.0
2021-12-29,-0.17548702857612974,0.0,0.0,-0.0020000000000000018,-0.11745009911676962,0.0
2021-12-30,-0.17548702857612974,0.0,0.0,-0.0020000000000000018,-0.11745009911676962,0.0
2021-12-31,-0.17548702857612974,0.0,0.0,-0.0020000000000000018,-0.11745009911676962,0.0
2022-01-01,-0.17548702857612974,0.0,0.0,-0.0020000000000000018,-0.11745009911676962,0.0
2022-01-02,-0.17548702857612974,0.0,0.0,-0.0020000000000000018,-0.11745009911676962,0.0
2022-01-03,-0.17548702857612974,0.0,0.0,-0.0020000000000000018,-0.11745009911676962,0.0
2022-01-04,-0.17548702857612974,0.0,0.0,-0.0020000000000000018,-0.11745009911676962,0.0
2022-01-05,-0.17548702857612974,0.0,0.0,-0.0020000000000000018,-0.11745009911676962,0.0
2022-01-06,-0.17548702857612974,0.0,0.0,-0.0020000000000000018,-0.11745009911676962,0.0
2022-01-07,-0.17548702857612974,0.0,0.0,-0.0020000000000000018,-0.11745009911676962,0.0
2022-01-08,-0.17548702857612974,0.0,0.0,-0.0020000000000000018,-0.11745009911676962,0.0
2022-01-09,-0.17548702857612974,0.0,0.0,-0.0020000000000000018,-0.11745009911676962,0.0
2022-01-10,-0.17548702857612974,0.0,0.0,-0.0020000000000000018,-0.11745009911676962,0.0
2022-01-11,-0.17548702857612974,0.0,0.0,-0.0020000000000000018,-0.11745009911676962,0.0
2022-01-12,-0.17548702857612974,0.0,0.0,-0.0020000000000000018,-0.11745009911676962,0.0
2022-01-13,-0.17548702857612974,0.0,0.0,-0.0020000000000000018,-0.11745009911676962,0.0
2022-01-14,-0.17548702857612974,0.0,0.0,-0.0020000000000000018,-0.11745009911676962,0.0
2022-01-15,-0.17548702857612974,0.0,0.0,-0.0020000000000000018,-0.11745009911676962,0.0
2022-01-16,-0.17548702857612974,0.0,0.0,-0.0020000000000000018,-0.11745009911676962,0.0
2022-01-17,-0.17548702857612974,0.0,0.0,-0.0020000000000000018,-0.11745009911676962,0.0
2022-01-18,-0.17548702857612974,0.0,0.0,-0.0020000000000000018,-0.11745009911676962,0.0
2022-01-19,-0.17548702857612974,0.0,0.0,-0.0020000000000000018,-0.11745009911676962,0.0
2022-01-20,-0.17548702857612974,0.0,0.0,-0.0020000000000000018,-0.11745009911676962,0.0
2022-01-21,-0.17548702857612974,0.0,0.0,-0.0020000000000000018,-0.11745009911676962,0.0
2022-01-22,-0.17548702857612974,0.0,0.0,-0.0020000000000000018,-0.11745009911676962,0.0
2022-01-23,-0.17548702857612974,0.0,0.0,-0.0020000000000000018,-0.11745009911676962,0.0
2022-01-24,-0.17548702857612974,0.0,0.0,-0.0020000000000000018,-0.11745009911676962,0.0
2022-01-25,-0.17548702857612974,0.0,0.0,-0.0020000000000000018,-0.11745009911676962,0.0
2022-01-26,-0.17548702857612974,0.0,0.0,-0.0020000000000000018,-0.11745009911676962,0.0
2022-01-27,-0.17548702857612974,0.0,0.0,-0.0020000000000000018,-0.11745009911676962,0.0
2022-01-28,-0.17548702857612974,0.0,0.0,-0.0020000000000000018,-0.11745009911676962,0.0
2022-01-29,-0.17548702857612974,0.0,0.0,-0.0020000000000000018,-0.11745009911676962,0.0
2022-01-30,-0.17548702857612974,0.0,0.0,-0.0020000000000000018,-0.11745009911676962,0.0
2022-01-31,-0.17548702857612974,0.0,0.0,-0.0020000000000000018,-0.11745009911676962,0.0
2022-02-01,-0.17548702857612974,0.0,0.0,-0.0020000000000000018,-0.11745009911676962,0.0
2022-02-02,-0.17548702857612974,0.0,0.0,-0.0020000000000000018,-0.11745009911676962,0.0
2022-02-03,-0.17548702857612974,0.0,0.0,-0.0020000000000000018,-0.11745009911676962,0.0
2022-02-04,-0.17548702857612974,0.0,0.0,-0.0020000000000000018,-0.11745009911676962,0.0
2022-02-05,-0.17548702857612974,0.0,0.0,-0.0020000000000000018,-0.11745009911676962,0.0
2022-02-06,-0.17548702857612974,0.0,0.0,-0.0020000000000000018,-0.11745009911676962,0.0
2022-02-07,-0.17548702857612974,0.0,0.0,-0.0020000000000000018,-0.11745009911676962,0.0
2022-02-08,-0.17548702857612974,0.0,0.0,-0.0020000000000000018,-0.11745009911676962,0.0
2022-02-09,-0.17548702857612974,0.0,0.0,-0.0020000000000000018,-0.11745009911676962,0.0
2022-02-10,-0.17548702857612974,0.0,0.0,-0.0020000000000000018,-0.11745009911676962,0.0
2022-02-11,-0.17548702857612974,0.0,0.0,-0.0020000000000000018,-0.11745009911676962,0.0
2022-02-12,-0.17548702857612974,0.0,0.0,-0.0020000000000000018,-0.11745009911676962,0.0
2022-02-13,-0.17548702857612974,0.0,0.0,-0.0020000000000000018,-0.11745009911676962,0.0
2022-02-14,-0.17548702857612974,0.0,0.0,-0.0020000000000000018,-0.11745009911676962,0.0
2022-02-15,-0.17548702857612974,0.0,0.0,-0.0020000000000000018,-0.11745009911676962,0.0
2022-02-16,-0.17548702857612974,0.0,0.0,-0.0020000000000000018,-0.11745009911676962,0.0
2022-02-17,-0.17548702857612974,0.0,0.0,-0.0020000000000000018,-0.11745009911676962,0.0
2022-02-18,-0.17548702857612974,0.0,0.0,-0.0020000000000000018,-0.11745009911676962,0.0
2022-02-19,-0.17548702857612974,0.0,0.0,-0.0020000000000000018,-0.11745009911676962,0.0
2022-02-20,-0.17548702857612974,0.0,0.0,-0.0020000000000000018,-0.11745009911676962,0.0
2022-02-21,-0.17548702857612974,0.0,0.0,-0.0020000000000000018,-0.11745009911676962,0.0
2022-02-22,-0.17548702857612974,0.0,0.0,-0.0020000000000000018,-0.11745009911676962,0.0
2022-02-23,-0.17548702857612974,0.0,0.0,-0.0020000000000000018,-0.11745009911676962,0.0
2022-02-24,-0.17548702857612974,0.0,0.0,-0.0020000000000000018,-0.11745009911676962,0.0
2022-02-25,-0.17548702857612974,0.0,0.0,-0.0020000000000000018,-0.11745009911676962,0.0
2022-02-26,-0.17548702857612974,0.0,0.0,-0.0020000000000000018,-0.11745009911676962,0.0
2022-02-27,-0.17548702857612974,0.0,0.0,-0.0020000000000000018,-0.11745009911676962,0.0
2022-02-28,-0.17548702857612974,0.0,0.0,-0.0020000000000000018,-0.11745009911676962,0.0
2022-03-01,-0.17548702857612974,0.0,0.0,-0.0020000000000000018,-0.11745009911676962,0.0
2022-03-02,-0.17548702857612974,0.0,0.0,-0.0020000000000000018,-0.11745009911676962,0.0
2022-03-03,-0.17548702857612974,0.0,0.0,-0.0020000000000000018,-0.11745009911676962,0.0
2022-03-04,-0.17548702857612974,0.0,0.0,-0.0020000000000000018,-0.11745009911676962,0.0
2022-03-05,-0.17548702857612974,0.0,0.0,-0.0020000000000000018,-0.11745009911676962,0.0
2022-03-06,-0.17548702857612974,0.0,0.0,-0.0020000000000000018,-0.11745009911676962,0.0
2022-03-07,-0.17548702857612974,0.0,0.0,-0.0020000000000000018,-0.11745009911676962,0.0
2022-03-08,-0.17548702857612974,0.0,0.0,-0.0020000000000000018,-0.11745009911676962,0.0
2022-03-09,-0.17548702857612974,0.0,0.0,-0.0020000000000000018,-0.11745009911676962,0.0
2022-03-10,-0.17548702857612974,0.0,0.0,-0.0020000000000000018,-0.11745009911676962,0.0
2022-03-11,-0.17548702857612974,0.0,0.0,-0.0020000000000000018,-0.11745009911676962,0.0
2022-03-12,-0.17548702857612974,0.0,0.0,-0.0020000000000000018,-0.11745009911676962,0.0
2022-03-13,-0.17548702857612974,0.0,0.0,-0.0020000000000000018,-0.11745009911676962,0.0
2022-03-14,-0.17548702857612974,0.0,0.0,-0.0020000000000000018,-0.11745009911676962,0.0
2022-03-15,-0.17548702857612974,0.0,0.0,-0.0020000000000000018,-0.11745009911676962,0.0
2022-03-16,-0.17548702857612974,0.0,0.0,-0.0020000000000000018,-0.11745009911676962,0.0
2022-03-17,-0.17548702857612974,0.0,0.0,-0.0020000000000000018,-0.11745009911676962,0.0
2022-03-18,-0.17548702857612974,0.0,0.0,-0.0020000000000000018,-0.11745009911676962,0.0
2022-03-19,-0.17548702857612974,0.0,0.0,-0.0020000000000000018,-0.11745009911676962,0.0
2022-03-20,-0.17548702857612974,0.0,0.0,-0.0020000000000000018,-0.11745009911676962,0.0
2022-03-21,-0.17548702857612974,0.0,0.0,-0.0020000000000000018,-0.11745009911676962,0.0
2022-03-22,-0.17548702857612974,0.0,0.0,-0.0020000000000000018,-0.11745009911676962,0.0
2022-03-23,-0.17548702857612974,0.0,0.0,-0.0020000000000000018,-0.11745009911676962,0.0
2022-03-24,-0.17548702857612974,0.0,0.0,-0.0020000000000000018,-0.11745009911676962,0.0
2022-03-25,-0.18506990428377745,-0.01162246809907519,-0.01162246809907519,-0.013599223162876983,-0.12770750718562696,-0.01162246809907519
2022-03-26,-0.18905223386605086,-0.01645238554160644,-0.01645238554160644,-0.018419480770523244,-0.13197015034580706,-0.01645238554160644
2022-03-27,-0.1590373717186081,0.0,0.0,0.0,-0.09984256165850736,0.0
2022-03-28,-0.15365177247795847,0.0,0.0,0.0,-0.09407787360536002,0.0
2022-03-29,-0.13755860363943062,0.0,0.0,0.0,-0.07685191712487882,0.0
2022-03-30,-0.13895850113612573,-0.0016231798503673067,-0.0016231798503673067,-0.0016231798503674177,-0.07835035249190703,-0.0016231798503673067
2022-03-31,-0.18270162316099436,-0.0523432893087733,-0.0523432893087733,-0.05234328930877341,-0.12517252430165082,-0.0523432893087733
2022-04-01,-0.15571466422752644,-0.021051935429714952,-0.021051935429714952,-0.021051935429715063,-0.09628597095763114,-0.021051935429714952
2022-04-02,-0.16537528616143493,-0.032253417611200486,-0.032253417611200486,-0.03225341761120082,-0.10662659775882932,-0.032253417611200486
2022-04-03,-0.12583633775972847,0.0,0.0,0.0,-0.06430452860727665,0.0
2022-04-04,-0.14030574294146692,-0.016552283979245797,-0.016552283979245797,-0.016552283979245797,-0.07979242576786327,-0.016552283979245797
2022-04-05,-0.1729220668171466,-0.05386374553335793,-0.05386374553335793,-0.05386374553335793,-0.1147045913750897,-0.05386374553335793
2022-04-06,-0.2489260756503523,-0.14080857304818017,-0.14080857304818017,-0.14080857304818017,-0.19605847274173016,-0.14080857304818017
2022-04-07,-0.20424667802036056,-0.14252695590208375,-0.08969755166862603,-0.08969755166862614,-0.1482341214986247,-0.14252695590208375
2022-04-08,-0.2430977231340653,-0.14252695590208375,-0.09151815656528883,-0.13414122599631295,-0.18981986629909442,-0.14252695590208375
2022-04-09,-0.21521627872321936,-0.14252695590208375,-0.09151815656528883,-0.10224623239821218,-0.15997586522925167,-0.14252695590208375
2022-04-10,-0.24774960981333505,-0.14252695590208375,-0.09151815656528883,-0.139462754309842,-0.19479919624295172,-0.14252695590208375
2022-04-11,-0.30059894780115026,-0.14252695590208375,-0.09151815656528883,-0.19991978343454275,-0.2513685646087923,-0.14252695590208375
2022-04-12,-0.27711220609023623,-0.14252695590208375,-0.09151815656528883,-0.2015199438676738,-0.25286582747957476,-0.14252695590208375
2022-04-13,-0.25356850251146534,-0.14252695590208375,-0.09151815656528883,-0.2015199438676738,-0.25286582747957476,-0.14252695590208375
2022-04-14,-0.2776279734422209,-0.14252695590208375,-0.09151815656528883,-0.2015199438676738,-0.25286582747957476,-0.14252695590208375
2022-04-15,-0.2657368895714357,-0.14252695590208375,-0.09151815656528883,-0.2015199438676738,-0.25286582747957476,-0.14252695590208375
2022-04-16,-0.2675157634682399,-0.14252695590208375,-0.09151815656528883,-0.2015199438676738,-0.25286582747957476,-0.14252695590208375
2022-04-17,-0.2811101587135574,-0.14252695590208375,-0.09151815656528883,-0.2015199438676738,-0.25286582747957476,-0.14252695590208375
2022-04-18,-0.25019623199992413,-0.14252695590208375,-0.09151815656528883,-0.2015199438676738,-0.25286582747957476,-0.14252695590208375
2022-04-19,-0.22588371319797862,-0.14252695590208375,-0.09151815656528883,-0.2015199438676738,-0.25286582747957476,-0.14252695590208375
2022-04-20,-0.21754082616510084,-0.14252695590208375,-0.09151815656528883,-0.2015199438676738,-0.25286582747957476,-0.14252695590208375
2022-04-21,-0.2371542773625802,-0.14252695590208375,-0.09151815656528883,-0.2015199438676738,-0.25286582747957476,-0.14252695590208375
2022-04-22,-0.23867996880785503,-0.14252695590208375,-0.09151815656528883,-0.2015199438676738,-0.25286582747957476,-0.14252695590208375
2022-04-23,-0.23867996880785503,-0.14252695590208375,-0.09151815656528883,-0.2015199438676738,-0.25286582747957476,-0.14252695590208375
2022-04-24,-0.23867996880785503,-0.14252695590208375,-0.09151815656528883,-0.2015199438676738,-0.25286582747957476,-0.14252695590208375
2022-04-25,-0.23867996880785503,-0.14252695590208375,-0.09151815656528883,-0.2015199438676738,-0.25286582747957476,-0.14252695590208375
2022-04-26,-0.23867996880785503,-0.14252695590208375,-0.09151815656528883,-0.2015199438676738,-0.25286582747957476,-0.14252695590208375
2022-04-27,-0.23867996880785503,-0.14252695590208375,-0.09151815656528883,-0.2015199438676738,-0.25286582747957476,-0.14252695590208375
2022-04-28,-0.23867996880785503,-0.14252695590208375,-0.09151815656528883,-0.2015199438676738,-0.25286582747957476,-0.14252695590208375
2022-04-29,-0.23867996880785503,-0.14252695590208375,-0.09151815656528883,-0.2015199438676738,-0.25286582747957476,-0.14252695590208375
2022-04-30,-0.23867996880785503,-0.14252695590208375,-0.09151815656528883,-0.2015199438676738,-0.25286582747957476,-0.14252695590208375
2022-05-01,-0.23867996880785503,-0.14252695590208375,-0.09151815656528883,-0.2015199438676738,-0.25286582747957476,-0.14252695590208375
2022-05-02,-0.23867996880785503,-0.14252695590208375,-0.09151815656528883,-0.2015199438676738,-0.25286582747957476,-0.14252695590208375
2022-05-03,-0.23867996880785503,-0.14252695590208375,-0.09151815656528883,-0.2015199438676738,-0.25286582747957476,-0.14252695590208375
2022-05-04,-0.23867996880785503,-0.14252695590208375,-0.09151815656528883,-0.2015199438676738,-0.25286582747957476,-0.14252695590208375
2022-05-05,-0.23867996880785503,-0.14252695590208375,-0.09151815656528883,-0.2015199438676738,-0.25286582747957476,-0.14252695590208375
2022-05-06,-0.23867996880785503,-0.14252695590208375,-0.09151815656528883,-0.2015199438676738,-0.25286582747957476,-0.14252695590208375
2022-05-07,-0.23867996880785503,-0.14252695590208375,-0.09151815656528883,-0.2015199438676738,-0.25286582747957476,-0.14252695590208375
2022-05-08,-0.23867996880785503,-0.14252695590208375,-0.09151815656528883,-0.2015199438676738,-0.25286582747957476,-0.14252695590208375
2022-05-09,-0.23867996880785503,-0.14252695590208375,-0.09151815656528883,-0.2015199438676738,-0.25286582747957476,-0.14252695590208375
2022-05-10,-0.23867996880785503,-0.14252695590208375,-0.09151815656528883,-0.2015199438676738,-0.25286582747957476,-0.14252695590208375
2022-05-11,-0.23867996880785503,-0.14252695590208375,-0.09151815656528883,-0.2015199438676738,-0.25286582747957476,-0.14252695590208375
2022-05-12,-0.23867996880785503,-0.14252695590208375,-0.09151815656528883,-0.2015199438676738,-0.25286582747957476,-0.14252695590208375
2022-05-13,-0.23867996880785503,-0.14252695590208375,-0.09151815656528883,-0.2015199438676738,-0.25286582747957476,-0.14252695590208375
2022-05-14,-0.23867996880785503,-0.14252695590208375,-0.09151815656528883,-0.2015199438676738,-0.25286582747957476,-0.14252695590208375
2022-05-15,-0.23867996880785503,-0.14252695590208375,-0.09151815656528883,-0.2015199438676738,-0.25286582747957476,-0.14252695590208375
2022-05-16,-0.23867996880785503,-0.14252695590208375,-0.09151815656528883,-0.2015199438676738,-0.25286582747957476,-0.14252695590208375
2022-05-17,-0.23867996880785503,-0.14252695590208375,-0.09151815656528883,-0.2015199438676738,-0.25286582747957476,-0.14252695590208375
2022-05-18,-0.23867996880785503,-0.14252695590208375,-0.09151815656528883,-0.2015199438676738,-0.25286582747957476,-0.14252695590208375
2022-05-19,-0.23867996880785503,-0.14252695590208375,-0.09151815656528883,-0.2015199438676738,-0.25286582747957476,-0.14252695590208375
2022-05-20,-0.23867996880785503,-0.14252695590208375,-0.09151815656528883,-0.2015199438676738,-0.25286582747957476,-0.14252695590208375
2022-05-21,-0.23867996880785503,-0.14252695590208375,-0.09151815656528883,-0.2015199438676738,-0.25286582747957476,-0.14252695590208375
2022-05-22,-0.23867996880785503,-0.14252695590208375,-0.09151815656528883,-0.2015199438676738,-0.25286582747957476,-0.14252695590208375
2022-05-23,-0.23867996880785503,-0.14252695590208375,-0.09151815656528883,-0.2015199438676738,-0.25286582747957476,-0.14252695590208375
2022-05-24,-0.23867996880785503,-0.14252695590208375,-0.09151815656528883,-0.2015199438676738,-0.25286582747957476,-0.14252695590208375
2022-05-25,-0.23867996880785503,-0.14252695590208375,-0.09151815656528883,-0.2015199438676738,-0.25286582747957476,-0.14252695590208375
2022-05-26,-0.23867996880785503,-0.14252695590208375,-0.09151815656528883,-0.2015199438676738,-0.25286582747957476,-0.14252695590208375
2022-05-27,-0.23867996880785503,-0.14252695590208375,-0.09151815656528883,-0.2015199438676738,-0.25286582747957476,-0.14252695590208375
2022-05-28,-0.23867996880785503,-0.14252695590208375,-0.09151815656528883,-0.2015199438676738,-0.25286582747957476,-0.14252695590208375
2022-05-29,-0.23867996880785503,-0.14252695590208375,-0.09151815656528883,-0.2015199438676738,-0.25286582747957476,-0.14252695590208375
2022-05-30,-0.23867996880785503,-0.14252695590208375,-0.09151815656528883,-0.2015199438676738,-0.25286582747957476,-0.14252695590208375
2022-05-31,-0.23867996880785503,-0.14252695590208375,-0.09151815656528883,-0.2015199438676738,-0.25286582747957476,-0.14252695590208375
2022-06-01,-0.23867996880785503,-0.14252695590208375,-0.09151815656528883,-0.2015199438676738,-0.25286582747957476,-0.14252695590208375
2022-06-02,-0.23867996880785503,-0.14252695590208375,-0.09151815656528883,-0.2015199438676738,-0.25286582747957476,-0.14252695590208375
2022-06-03,-0.23867996880785503,-0.14252695590208375,-0.09151815656528883,-0.2015199438676738,-0.25286582747957476,-0.14252695590208375
2022-06-04,-0.23867996880785503,-0.14252695590208375,-0.09151815656528883,-0.2015199438676738,-0.25286582747957476,-0.14252695590208375
2022-06-05,-0.23867996880785503,-0.14252695590208375,-0.09151815656528883,-0.2015199438676738,-0.25286582747957476,-0.14252695590208375
2022-06-06,-0.23867996880785503,-0.14252695590208375,-0.09151815656528883,-0.2015199438676738,-0.25286582747957476,-0.14252695590208375
2022-06-07,-0.23867996880785503,-0.14252695590208375,-0.09151815656528883,-0.2015199438676738,-0.25286582747957476,-0.14252695590208375
2022-06-08,-0.23867996880785503,-0.14252695590208375,-0.09151815656528883,-0.2015199438676738,-0.25286582747957476,-0.14252695590208375
2022-06-09,-0.23867996880785503,-0.14252695590208375,-0.09151815656528883,-0.2015199438676738,-0.25286582747957476,-0.14252695590208375
2022-06-10,-0.23867996880785503,-0.14252695590208375,-0.09151815656528883,-0.2015199438676738,-0.25286582747957476,-0.14252695590208375
2022-06-11,-0.23867996880785503,-0.14252695590208375,-0.09151815656528883,-0.2015199438676738,-0.25286582747957476,-0.14252695590208375
2022-06-12,-0.23867996880785503,-0.14252695590208375,-0.09151815656528883,-0.2015199438676738,-0.25286582747957476,-0.14252695590208375
2022-06-13,-0.23867996880785503,-0.14252695590208375,-0.09151815656528883,-0.2015199438676738,-0.25286582747957476,-0.14252695590208375
2022-06-14,-0.23867996880785503,-0.14252695590208375,-0.09151815656528883,-0.2015199438676738,-0.25286582747957476,-0.14252695590208375
2022-06-15,-0.23867996880785503,-0.14252695590208375,-0.09151815656528883,-0.2015199438676738,-0.25286582747957476,-0.14252695590208375
2022-06-16,-0.23867996880785503,-0.14252695590208375,-0.09151815656528883,-0.2015199438676738,-0.25286582747957476,-0.14252695590208375
2022-06-17,-0.23867996880785503,-0.14252695590208375,-0.09151815656528883,-0.2015199438676738,-0.25286582747957476,-0.14252695590208375
2022-06-18,-0.23867996880785503,-0.14252695590208375,-0.09151815656528883,-0.2015199438676738,-0.25286582747957476,-0.14252695590208375
2022-06-19,-0.23867996880785503,-0.14252695590208375,-0.09151815656528883,-0.2015199438676738,-0.25286582747957476,-0.14252695590208375
2022-06-20,-0.23867996880785503,-0.14252695590208375,-0.09151815656528883,-0.2015199438676738,-0.25286582747957476,-0.14252695590208375
2022-06-21,-0.23867996880785503,-0.14252695590208375,-0.09151815656528883,-0.2015199438676738,-0.25286582747957476,-0.14252695590208375
2022-06-22,-0.23867996880785503,-0.14252695590208375,-0.09151815656528883,-0.2015199438676738,-0.25286582747957476,-0.14252695590208375
2022-06-23,-0.23867996880785503,-0.14252695590208375,-0.09151815656528883,-0.2015199438676738,-0.25286582747957476,-0.14252695590208375
2022-06-24,-0.23867996880785503,-0.14252695590208375,-0.09151815656528883,-0.2015199438676738,-0.25286582747957476,-0.14252695590208375
2022-06-25,-0.23867996880785503,-0.14252695590208375,-0.09151815656528883,-0.2015199438676738,-0.25286582747957476,-0.14252695590208375
2022-06-26,-0.23867996880785503,-0.14252695590208375,-0.09151815656528883,-0.2015199438676738,-0.25286582747957476,-0.14252695590208375
2022-06-27,-0.23867996880785503,-0.14252695590208375,-0.09151815656528883,-0.2015199438676738,-0.25286582747957476,-0.14252695590208375
2022-06-28,-0.23867996880785503,-0.14252695590208375,-0.09151815656528883,-0.2015199438676738,-0.25286582747957476,-0.14252695590208375
2022-06-29,-0.23867996880785503,-0.14252695590208375,-0.09151815656528883,-0.2015199438676738,-0.25286582747957476,-0.14252695590208375
2022-06-30,-0.23867996880785503,-0.14252695590208375,-0.09151815656528883,-0.2015199438676738,-0.25286582747957476,-0.14252695590208375
2022-07-01,-0.23867996880785503,-0.14252695590208375,-0.09151815656528883,-0.2015199438676738,-0.25286582747957476,-0.14252695590208375
2022-07-02,-0.23867996880785503,-0.14252695590208375,-0.09151815656528883,-0.2015199438676738,-0.25286582747957476,-0.14252695590208375
2022-07-03,-0.23867996880785503,-0.14252695590208375,-0.09151815656528883,-0.2015199438676738,-0.25286582747957476,-0.14252695590208375
2022-07-04,-0.23867996880785503,-0.14252695590208375,-0.09151815656528883,-0.2015199438676738,-0.25286582747957476,-0.14252695590208375
2022-07-05,-0.23867996880785503,-0.14252695590208375,-0.09151815656528883,-0.2015199438676738,-0.25286582747957476,-0.14252695590208375
2022-07-06,-0.23867996880785503,-0.14252695590208375,-0.09151815656528883,-0.2015199438676738,-0.25286582747957476,-0.14252695590208375
2022-07-07,-0.23867996880785503,-0.14252695590208375,-0.09151815656528883,-0.2015199438676738,-0.25286582747957476,-0.14252695590208375
2022-07-08,-0.23867996880785503,-0.14252695590208375,-0.09151815656528883,-0.2015199438676738,-0.25286582747957476,-0.14252695590208375
2022-07-09,-0.23867996880785503,-0.14252695590208375,-0.09151815656528883,-0.2015199438676738,-0.25286582747957476,-0.14252695590208375
2022-07-10,-0.23867996880785503,-0.14252695590208375,-0.09151815656528883,-0.2015199438676738,-0.25286582747957476,-0.14252695590208375
2022-07-11,-0.23867996880785503,-0.14252695590208375,-0.09151815656528883,-0.2015199438676738,-0.25286582747957476,-0.14252695590208375
2022-07-12,-0.23867996880785503,-0.14252695590208375,-0.09151815656528883,-0.2015199438676738,-0.25286582747957476,-0.14252695590208375
2022-07-13,-0.23867996880785503,-0.14252695590208375,-0.09151815656528883,-0.2015199438676738,-0.25286582747957476,-0.14252695590208375
2022-07-14,-0.23867996880785503,-0.14252695590208375,-0.09151815656528883,-0.2015199438676738,-0.25286582747957476,-0.14252695590208375
2022-07-15,-0.23867996880785503,-0.14252695590208375,-0.09151815656528883,-0.2015199438676738,-0.25286582747957476,-0.14252695590208375
2022-07-16,-0.23867996880785503,-0.14252695590208375,-0.09151815656528883,-0.2015199438676738,-0.25286582747957476,-0.14252695590208375
2022-07-17,-0.23867996880785503,-0.14252695590208375,-0.09151815656528883,-0.2015199438676738,-0.25286582747957476,-0.14252695590208375
2022-07-18,-0.23867996880785503,-0.14252695590208375,-0.09151815656528883,-0.2015199438676738,-0.25286582747957476,-0.14252695590208375
2022-07-19,-0.23867996880785503,-0.14252695590208375,-0.09151815656528883,-0.2015199438676738,-0.25286582747957476,-0.14252695590208375
2022-07-20,-0.23867996880785503,-0.14252695590208375,-0.09151815656528883,-0.2015199438676738,-0.25286582747957476,-0.14252695590208375
2022-07-21,-0.23867996880785503,-0.14252695590208375,-0.09151815656528883,-0.2015199438676738,-0.25286582747957476,-0.14252695590208375
2022-07-22,-0.23867996880785503,-0.14252695590208375,-0.09151815656528883,-0.2015199438676738,-0.25286582747957476,-0.14252695590208375
2022-07-23,-0.23867996880785503,-0.14252695590208375,-0.09151815656528883,-0.2015199438676738,-0.25286582747957476,-0.14252695590208375
2022-07-24,-0.23867996880785503,-0.14252695590208375,-0.09151815656528883,-0.2015199438676738,-0.25286582747957476,-0.14252695590208375
2022-07-25,-0.23867996880785503,-0.14252695590208375,-0.09151815656528883,-0.2015199438676738,-0.25286582747957476,-0.14252695590208375
2022-07-26,-0.23867996880785503,-0.14252695590208375,-0.09151815656528883,-0.2015199438676738,-0.25286582747957476,-0.14252695590208375
2022-07-27,-0.23867996880785503,-0.14252695590208375,-0.09151815656528883,-0.2015199438676738,-0.25286582747957476,-0.14252695590208375
2022-07-28,-0.23867996880785503,-0.14252695590208375,-0.09151815656528883,-0.2015199438676738,-0.25286582747957476,-0.14252695590208375
2022-07-29,-0.23867996880785503,-0.14252695590208375,-0.09151815656528883,-0.2015199438676738,-0.25286582747957476,-0.14252695590208375
2022-07-30,-0.23867996880785503,-0.14252695590208375,-0.09151815656528883,-0.2015199438676738,-0.25286582747957476,-0.14252695590208375
2022-07-31,-0.23867996880785503,-0.14252695590208375,-0.09151815656528883,-0.2015199438676738,-0.25286582747957476,-0.14252695590208375
2022-08-01,-0.23867996880785503,-0.14252695590208375,-0.09151815656528883,-0.2015199438676738,-0.25286582747957476,-0.14252695590208375
2022-08-02,-0.23867996880785503,-0.14252695590208375,-0.09151815656528883,-0.2015199438676738,-0.25286582747957476,-0.14252695590208375
2022-08-03,-0.23867996880785503,-0.14252695590208375,-0.09151815656528883,-0.2015199438676738,-0.25286582747957476,-0.14252695590208375
2022-08-04,-0.23867996880785503,-0.14252695590208375,-0.09151815656528883,-0.2015199438676738,-0.25286582747957476,-0.14252695590208375
2022-08-05,-0.23867996880785503,-0.14252695590208375,-0.09151815656528883,-0.2015199438676738,-0.25286582747957476,-0.14252695590208375
2022-08-06,-0.23867996880785503,-0.14252695590208375,-0.09151815656528883,-0.2015199438676738,-0.25286582747957476,-0.14252695590208375
2022-08-07,-0.23867996880785503,-0.14252695590208375,-0.09151815656528883,-0.2015199438676738,-0.25286582747957476,-0.14252695590208375
2022-08-08,-0.23867996880785503,-0.14252695590208375,-0.09151815656528883,-0.2015199438676738,-0.25286582747957476,-0.14252695590208375
2022-08-09,-0.23867996880785503,-0.14252695590208375,-0.09151815656528883,-0.2015199438676738,-0.25286582747957476,-0.14252695590208375
2022-08-10,-0.23867996880785503,-0.14252695590208375,-0.09151815656528883,-0.2015199438676738,-0.25286582747957476,-0.14252695590208375
2022-08-11,-0.23867996880785503,-0.14252695590208375,-0.09151815656528883,-0.2015199438676738,-0.25286582747957476,-0.14252695590208375
2022-08-12,-0.23867996880785503,-0.14252695590208375,-0.09151815656528883,-0.2015199438676738,-0.25286582747957476,-0.14252695590208375
2022-08-13,-0.23867996880785503,-0.14252695590208375,-0.09151815656528883,-0.2015199438676738,-0.25286582747957476,-0.14252695590208375
2022-08-14,-0.23867996880785503,-0.14252695590208375,-0.09151815656528883,-0.2015199438676738,-0.25286582747957476,-0.14252695590208375
2022-08-15,-0.23867996880785503,-0.14252695590208375,-0.09151815656528883,-0.2015199438676738,-0.25286582747957476,-0.14252695590208375
2022-08-16,-0.23867996880785503,-0.14252695590208375,-0.09151815656528883,-0.2015199438676738,-0.25286582747957476,-0.14252695590208375
2022-08-17,-0.23867996880785503,-0.14252695590208375,-0.09151815656528883,-0.2015199438676738,-0.25286582747957476,-0.14252695590208375
2022-08-18,-0.23867996880785503,-0.14252695590208375,-0.09151815656528883,-0.2015199438676738,-0.25286582747957476,-0.14252695590208375
2022-08-19,-0.23867996880785503,-0.14252695590208375,-0.09151815656528883,-0.2015199438676738,-0.25286582747957476,-0.14252695590208375
2022-08-20,-0.23867996880785503,-0.14252695590208375,-0.09151815656528883,-0.2015199438676738,-0.25286582747957476,-0.14252695590208375
2022-08-21,-0.23867996880785503,-0.14252695590208375,-0.09151815656528883,-0.2015199438676738,-0.25286582747957476,-0.14252695590208375
2022-08-22,-0.23867996880785503,-0.14252695590208375,-0.09151815656528883,-0.2015199438676738,-0.25286582747957476,-0.14252695590208375
2022-08-23,-0.23867996880785503,-0.14252695590208375,-0.09151815656528883,-0.2015199438676738,-0.25286582747957476,-0.14252695590208375
2022-08-24,-0.23867996880785503,-0.14252695590208375,-0.09151815656528883,-0.2015199438676738,-0.25286582747957476,-0.14252695590208375
2022-08-25,-0.23867996880785503,-0.14252695590208375,-0.09151815656528883,-0.2015199438676738,-0.25286582747957476,-0.14252695590208375
2022-08-26,-0.23867996880785503,-0.14252695590208375,-0.09151815656528883,-0.2015199438676738,-0.25286582747957476,-0.14252695590208375
2022-08-27,-0.23867996880785503,-0.14252695590208375,-0.09151815656528883,-0.2015199438676738,-0.25286582747957476,-0.14252695590208375
2022-08-28,-0.23867996880785503,-0.14252695590208375,-0.09151815656528883,-0.2015199438676738,-0.25286582747957476,-0.14252695590208375
2022-08-29,-0.23867996880785503,-0.14252695590208375,-0.09151815656528883,-0.2015199438676738,-0.25286582747957476,-0.14252695590208375
2022-08-30,-0.23867996880785503,-0.14252695590208375,-0.09151815656528883,-0.2015199438676738,-0.25286582747957476,-0.14252695590208375
2022-08-31,-0.23867996880785503,-0.14252695590208375,-0.09151815656528883,-0.2015199438676738,-0.25286582747957476,-0.14252695590208375
2022-09-01,-0.23867996880785503,-0.14252695590208375,-0.09151815656528883,-0.2015199438676738,-0.25286582747957476,-0.14252695590208375
2022-09-02,-0.23867996880785503,-0.14252695590208375,-0.09151815656528883,-0.2015199438676738,-0.25286582747957476,-0.14252695590208375
2022-09-03,-0.23867996880785503,-0.14252695590208375,-0.09151815656528883,-0.2015199438676738,-0.25286582747957476,-0.14252695590208375
2022-09-04,-0.23867996880785503,-0.14252695590208375,-0.09151815656528883,-0.2015199438676738,-0.25286582747957476,-0.14252695590208375
2022-09-05,-0.23867996880785503,-0.14252695590208375,-0.09151815656528883,-0.2015199438676738,-0.25286582747957476,-0.14252695590208375
2022-09-06,-0.23867996880785503,-0.14252695590208375,-0.09151815656528883,-0.2015199438676738,-0.25286582747957476,-0.14252695590208375
2022-09-07,-0.23867996880785503,-0.14252695590208375,-0.09151815656528883,-0.2015199438676738,-0.25286582747957476,-0.14252695590208375
2022-09-08,-0.23867996880785503,-0.14252695590208375,-0.09151815656528883,-0.2015199438676738,-0.25286582747957476,-0.14252695590208375
2022-09-09,-0.23867996880785503,-0.14252695590208375,-0.09151815656528883,-0.2015199438676738,-0.25286582747957476,-0.14252695590208375
2022-09-10,-0.23867996880785503,-0.14252695590208375,-0.09151815656528883,-0.2015199438676738,-0.25286582747957476,-0.14252695590208375
2022-09-11,-0.23867996880785503,-0.14252695590208375,-0.09151815656528883,-0.2015199438676738,-0.25286582747957476,-0.14252695590208375
2022-09-12,-0.23867996880785503,-0.14252695590208375,-0.09151815656528883,-0.2015199438676738,-0.25286582747957476,-0.14252695590208375
2022-09-13,-0.23867996880785503,-0.14252695590208375,-0.09151815656528883,-0.2015199438676738,-0.25286582747957476,-0.14252695590208375
2022-09-14,-0.23867996880785503,-0.14252695590208375,-0.09151815656528883,-0.2015199438676738,-0.25286582747957476,-0.14252695590208375
2022-09-15,-0.23867996880785503,-0.14252695590208375,-0.09151815656528883,-0.2015199438676738,-0.25286582747957476,-0.14252695590208375
2022-09-16,-0.23867996880785503,-0.14252695590208375,-0.09151815656528883,-0.2015199438676738,-0.25286582747957476,-0.14252695590208375
2022-09-17,-0.23867996880785503,-0.14252695590208375,-0.09151815656528883,-0.2015199438676738,-0.25286582747957476,-0.14252695590208375
2022-09-18,-0.23867996880785503,-0.14252695590208375,-0.09151815656528883,-0.2015199438676738,-0.25286582747957476,-0.14252695590208375
2022-09-19,-0.23867996880785503,-0.14252695590208375,-0.09151815656528883,-0.2015199438676738,-0.25286582747957476,-0.14252695590208375
2022-09-20,-0.23867996880785503,-0.14252695590208375,-0.09151815656528883,-0.2015199438676738,-0.25286582747957476,-0.14252695590208375
2022-09-21,-0.23867996880785503,-0.14252695590208375,-0.09151815656528883,-0.2015199438676738,-0.25286582747957476,-0.14252695590208375
2022-09-22,-0.23867996880785503,-0.14252695590208375,-0.09151815656528883,-0.2015199438676738,-0.25286582747957476,-0.14252695590208375
2022-09-23,-0.23867996880785503,-0.14252695590208375,-0.09151815656528883,-0.2015199438676738,-0.25286582747957476,-0.14252695590208375
2022-09-24,-0.23867996880785503,-0.14252695590208375,-0.09151815656528883,-0.2015199438676738,-0.25286582747957476,-0.14252695590208375
2022-09-25,-0.23867996880785503,-0.14252695590208375,-0.09151815656528883,-0.2015199438676738,-0.25286582747957476,-0.14252695590208375
2022-09-26,-0.23867996880785503,-0.14252695590208375,-0.09151815656528883,-0.2015199438676738,-0.25286582747957476,-0.14252695590208375
2022-09-27,-0.23867996880785503,-0.14252695590208375,-0.09151815656528883,-0.2015199438676738,-0.25286582747957476,-0.14252695590208375
2022-09-28,-0.23867996880785503,-0.14252695590208375,-0.09151815656528883,-0.2015199438676738,-0.25286582747957476,-0.14252695590208375
2022-09-29,-0.23867996880785503,-0.14252695590208375,-0.09151815656528883,-0.2015199438676738,-0.25286582747957476,-0.14252695590208375
2022-09-30,-0.23867996880785503,-0.14252695590208375,-0.09151815656528883,-0.2015199438676738,-0.25286582747957476,-0.14252695590208375
2022-10-01,-0.23867996880785503,-0.14252695590208375,-0.09151815656528883,-0.2015199438676738,-0.25286582747957476,-0.14252695590208375
2022-10-02,-0.23867996880785503,-0.14252695590208375,-0.09151815656528883,-0.2015199438676738,-0.25286582747957476,-0.14252695590208375
2022-10-03,-0.23867996880785503,-0.14252695590208375,-0.09151815656528883,-0.2015199438676738,-0.25286582747957476,-0.14252695590208375
2022-10-04,-0.23867996880785503,-0.14252695590208375,-0.09151815656528883,-0.2015199438676738,-0.25286582747957476,-0.14252695590208375
2022-10-05,-0.23867996880785503,-0.14252695590208375,-0.09151815656528883,-0.2015199438676738,-0.25286582747957476,-0.14252695590208375
2022-10-06,-0.23867996880785503,-0.14252695590208375,-0.09151815656528883,-0.2015199438676738,-0.25286582747957476,-0.14252695590208375
2022-10-07,-0.23867996880785503,-0.14252695590208375,-0.09151815656528883,-0.2015199438676738,-0.25286582747957476,-0.14252695590208375
2022-10-08,-0.23867996880785503,-0.14252695590208375,-0.09151815656528883,-0.2015199438676738,-0.25286582747957476,-0.14252695590208375
2022-10-09,-0.23867996880785503,-0.14252695590208375,-0.09151815656528883,-0.2015199438676738,-0.25286582747957476,-0.14252695590208375
2022-10-10,-0.23867996880785503,-0.14252695590208375,-0.09151815656528883,-0.2015199438676738,-0.25286582747957476,-0.14252695590208375
2022-10-11,-0.23867996880785503,-0.14252695590208375,-0.09151815656528883,-0.2015199438676738,-0.25286582747957476,-0.14252695590208375
2022-10-12,-0.23867996880785503,-0.14252695590208375,-0.09151815656528883,-0.2015199438676738,-0.25286582747957476,-0.14252695590208375
2022-10-13,-0.23867996880785503,-0.14252695590208375,-0.09151815656528883,-0.2015199438676738,-0.25286582747957476,-0.14252695590208375
2022-10-14,-0.23867996880785503,-0.14252695590208375,-0.09151815656528883,-0.2015199438676738,-0.25286582747957476,-0.14252695590208375
2022-10-15,-0.23867996880785503,-0.14252695590208375,-0.09151815656528883,-0.2015199438676738,-0.25286582747957476,-0.14252695590208375
2022-10-16,-0.23867996880785503,-0.14252695590208375,-0.09151815656528883,-0.2015199438676738,-0.25286582747957476,-0.14252695590208375
2022-10-17,-0.23867996880785503,-0.14252695590208375,-0.09151815656528883,-0.2015199438676738,-0.25286582747957476,-0.14252695590208375
2022-10-18,-0.23867996880785503,-0.14252695590208375,-0.09151815656528883,-0.2015199438676738,-0.25286582747957476,-0.14252695590208375
2022-10-19,-0.23867996880785503,-0.14252695590208375,-0.09151815656528883,-0.2015199438676738,-0.25286582747957476,-0.14252695590208375
2022-10-20,-0.23867996880785503,-0.14252695590208375,-0.09151815656528883,-0.2015199438676738,-0.25286582747957476,-0.14252695590208375
2022-10-21,-0.23867996880785503,-0.14252695590208375,-0.09151815656528883,-0.2015199438676738,-0.25286582747957476,-0.14252695590208375
2022-10-22,-0.23867996880785503,-0.14252695590208375,-0.09151815656528883,-0.2015199438676738,-0.25286582747957476,-0.14252695590208375
2022-10-23,-0.23867996880785503,-0.14252695590208375,-0.09151815656528883,-0.2015199438676738,-0.25286582747957476,-0.14252695590208375
2022-10-24,-0.23867996880785503,-0.14252695590208375,-0.09151815656528883,-0.2015199438676738,-0.25286582747957476,-0.14252695590208375
2022-10-25,-0.23867996880785503,-0.14252695590208375,-0.09151815656528883,-0.2015199438676738,-0.25286582747957476,-0.14252695590208375
2022-10-26,-0.23867996880785503,-0.14252695590208375,-0.09151815656528883,-0.2015199438676738,-0.25286582747957476,-0.14252695590208375
2022-10-27,-0.23867996880785503,-0.14252695590208375,-0.09151815656528883,-0.2015199438676738,-0.25286582747957476,-0.14252695590208375
2022-10-28,-0.23867996880785503,-0.14252695590208375,-0.09151815656528883,-0.2015199438676738,-0.25286582747957476,-0.14252695590208375
2022-10-29,-0.23867996880785503,-0.14252695590208375,-0.09151815656528883,-0.2015199438676738,-0.25286582747957476,-0.14252695590208375
2022-10-30,-0.23867996880785503,-0.14252695590208375,-0.09151815656528883,-0.2015199438676738,-0.25286582747957476,-0.14252695590208375
2022-10-31,-0.23867996880785503,-0.14252695590208375,-0.09151815656528883,-0.2015199438676738,-0.25286582747957476,-0.14252695590208375
2022-11-01,-0.23867996880785503,-0.14252695590208375,-0.09151815656528883,-0.2015199438676738,-0.25286582747957476,-0.14252695590208375
2022-11-02,-0.23867996880785503,-0.14252695590208375,-0.09151815656528883,-0.2015199438676738,-0.25286582747957476,-0.14252695590208375
2022-11-03,-0.23867996880785503,-0.14252695590208375,-0.09151815656528883,-0.2015199438676738,-0.25286582747957476,-0.14252695590208375
2022-11-04,-0.23867996880785503,-0.14252695590208375,-0.09151815656528883,-0.2015199438676738,-0.25286582747957476,-0.14252695590208375
2022-11-05,-0.23867996880785503,-0.14252695590208375,-0.09151815656528883,-0.2015199438676738,-0.25286582747957476,-0.14252695590208375
2022-11-06,-0.23867996880785503,-0.14252695590208375,-0.09151815656528883,-0.2015199438676738,-0.25286582747957476,-0.14252695590208375
2022-11-07,-0.23867996880785503,-0.14252695590208375,-0.09151815656528883,-0.2015199438676738,-0.25286582747957476,-0.14252695590208375
2022-11-08,-0.23867996880785503,-0.14252695590208375,-0.09151815656528883,-0.2015199438676738,-0.25286582747957476,-0.14252695590208375
2022-11-09,-0.23867996880785503,-0.14252695590208375,-0.09151815656528883,-0.2015199438676738,-0.25286582747957476,-0.14252695590208375
2022-11-10,-0.23867996880785503,-0.14252695590208375,-0.09151815656528883,-0.2015199438676738,-0.25286582747957476,-0.14252695590208375
2022-11-11,-0.23867996880785503,-0.14252695590208375,-0.09151815656528883,-0.2015199438676738,-0.25286582747957476,-0.14252695590208375
2022-11-12,-0.23867996880785503,-0.14252695590208375,-0.09151815656528883,-0.2015199438676738,-0.25286582747957476,-0.14252695590208375
2022-11-13,-0.23867996880785503,-0.14252695590208375,-0.09151815656528883,-0.2015199438676738,-0.25286582747957476,-0.14252695590208375
2022-11-14,-0.23867996880785503,-0.14252695590208375,-0.09151815656528883,-0.2015199438676738,-0.25286582747957476,-0.14252695590208375
2022-11-15,-0.23867996880785503,-0.14252695590208375,-0.09151815656528883,-0.2015199438676738,-0.25286582747957476,-0.14252695590208375
2022-11-16,-0.23867996880785503,-0.14252695590208375,-0.09151815656528883,-0.2015199438676738,-0.25286582747957476,-0.14252695590208375
2022-11-17,-0.23867996880785503,-0.14252695590208375,-0.09151815656528883,-0.2015199438676738,-0.25286582747957476,-0.14252695590208375
2022-11-18,-0.23867996880785503,-0.14252695590208375,-0.09151815656528883,-0.2015199438676738,-0.25286582747957476,-0.14252695590208375
2022-11-19,-0.23867996880785503,-0.14252695590208375,-0.09151815656528883,-0.2015199438676738,-0.25286582747957476,-0.14252695590208375
2022-11-20,-0.23867996880785503,-0.14252695590208375,-0.09151815656528883,-0.2015199438676738,-0.25286582747957476,-0.14252695590208375
2022-11-21,-0.23867996880785503,-0.14252695590208375,-0.09151815656528883,-0.2015199438676738,-0.25286582747957476,-0.14252695590208375
2022-11-22,-0.23867996880785503,-0.14252695590208375,-0.09151815656528883,-0.2015199438676738,-0.25286582747957476,-0.14252695590208375
2022-11-23,-0.23867996880785503,-0.14252695590208375,-0.09151815656528883,-0.2015199438676738,-0.25286582747957476,-0.14252695590208375
2022-11-24,-0.23867996880785503,-0.14252695590208375,-0.09151815656528883,-0.2015199438676738,-0.25286582747957476,-0.14252695590208375
2022-11-25,-0.23867996880785503,-0.14252695590208375,-0.09151815656528883,-0.2015199438676738,-0.25286582747957476,-0.14252695590208375
2022-11-26,-0.23867996880785503,-0.14252695590208375,-0.09151815656528883,-0.2015199438676738,-0.25286582747957476,-0.14252695590208375
2022-11-27,-0.23867996880785503,-0.14252695590208375,-0.09151815656528883,-0.2015199438676738,-0.25286582747957476,-0.14252695590208375
2022-11-28,-0.23867996880785503,-0.14252695590208375,-0.09151815656528883,-0.2015199438676738,-0.25286582747957476,-0.14252695590208375
2022-11-29,-0.23867996880785503,-0.14252695590208375,-0.09151815656528883,-0.2015199438676738,-0.25286582747957476,-0.14252695590208375
2022-11-30,-0.23867996880785503,-0.14252695590208375,-0.09151815656528883,-0.2015199438676738,-0.25286582747957476,-0.14252695590208375
2022-12-01,-0.23867996880785503,-0.14252695590208375,-0.09151815656528883,-0.2015199438676738,-0.25286582747957476,-0.14252695590208375
2022-12-02,-0.23867996880785503,-0.14252695590208375,-0.09151815656528883,-0.2015199438676738,-0.25286582747957476,-0.14252695590208375
2022-12-03,-0.23867996880785503,-0.14252695590208375,-0.09151815656528883,-0.2015199438676738,-0.25286582747957476,-0.14252695590208375
2022-12-04,-0.23867996880785503,-0.14252695590208375,-0.09151815656528883,-0.2015199438676738,-0.25286582747957476,-0.14252695590208375
2022-12-05,-0.23867996880785503,-0.14252695590208375,-0.09151815656528883,-0.2015199438676738,-0.25286582747957476,-0.14252695590208375
2022-12-06,-0.23867996880785503,-0.14252695590208375,-0.09151815656528883,-0.2015199438676738,-0.25286582747957476,-0.14252695590208375
2022-12-07,-0.23867996880785503,-0.14252695590208375,-0.09151815656528883,-0.2015199438676738,-0.25286582747957476,-0.14252695590208375
2022-12-08,-0.23867996880785503,-0.14252695590208375,-0.09151815656528883,-0.2015199438676738,-0.25286582747957476,-0.14252695590208375
2022-12-09,-0.23867996880785503,-0.14252695590208375,-0.09151815656528883,-0.2015199438676738,-0.25286582747957476,-0.14252695590208375
2022-12-10,-0.23867996880785503,-0.14252695590208375,-0.09151815656528883,-0.2015199438676738,-0.25286582747957476,-0.14252695590208375
2022-12-11,-0.23867996880785503,-0.14252695590208375,-0.09151815656528883,-0.2015199438676738,-0.25286582747957476,-0.14252695590208375
2022-12-12,-0.23867996880785503,-0.14252695590208375,-0.09151815656528883,-0.2015199438676738,-0.25286582747957476,-0.14252695590208375
2022-12-13,-0.23867996880785503,-0.14252695590208375,-0.09151815656528883,-0.2015199438676738,-0.25286582747957476,-0.14252695590208375
2022-12-14,-0.23867996880785503,-0.14252695590208375,-0.09151815656528883,-0.2015199438676738,-0.25286582747957476,-0.14252695590208375
2022-12-15,-0.23867996880785503,-0.14252695590208375,-0.09151815656528883,-0.2015199438676738,-0.25286582747957476,-0.14252695590208375
2022-12-16,-0.23867996880785503,-0.14252695590208375,-0.09151815656528883,-0.2015199438676738,-0.25286582747957476,-0.14252695590208375
2022-12-17,-0.23867996880785503,-0.14252695590208375,-0.09151815656528883,-0.2015199438676738,-0.25286582747957476,-0.14252695590208375
2022-12-18,-0.23867996880785503,-0.14252695590208375,-0.09151815656528883,-0.2015199438676738,-0.25286582747957476,-0.14252695590208375
2022-12-19,-0.23867996880785503,-0.14252695590208375,-0.09151815656528883,-0.2015199438676738,-0.25286582747957476,-0.14252695590208375
2022-12-20,-0.23867996880785503,-0.14252695590208375,-0.09151815656528883,-0.2015199438676738,-0.25286582747957476,-0.14252695590208375
2022-12-21,-0.23867996880785503,-0.14252695590208375,-0.09151815656528883,-0.2015199438676738,-0.25286582747957476,-0.14252695590208375
2022-12-22,-0.23867996880785503,-0.14252695590208375,-0.09151815656528883,-0.2015199438676738,-0.25286582747957476,-0.14252695590208375
2022-12-23,-0.23867996880785503,-0.14252695590208375,-0.09151815656528883,-0.2015199438676738,-0.25286582747957476,-0.14252695590208375
2022-12-24,-0.23867996880785503,-0.14252695590208375,-0.09151815656528883,-0.2015199438676738,-0.25286582747957476,-0.14252695590208375
2022-12-25,-0.23867996880785503,-0.14252695590208375,-0.09151815656528883,-0.2015199438676738,-0.25286582747957476,-0.14252695590208375
2022-12-26,-0.23867996880785503,-0.14252695590208375,-0.09151815656528883,-0.2015199438676738,-0.25286582747957476,-0.14252695590208375
2022-12-27,-0.23867996880785503,-0.14252695590208375,-0.09151815656528883,-0.2015199438676738,-0.25286582747957476,-0.14252695590208375
2022-12-28,-0.23867996880785503,-0.14252695590208375,-0.09151815656528883,-0.2015199438676738,-0.25286582747957476,-0.14252695590208375
2022-12-29,-0.23867996880785503,-0.14252695590208375,-0.09151815656528883,-0.2015199438676738,-0.25286582747957476,-0.14252695590208375
2022-12-30,-0.23867996880785503,-0.14252695590208375,-0.09151815656528883,-0.2015199438676738,-0.25286582747957476,-0.14252695590208375
2022-12-31,-0.23867996880785503,-0.14252695590208375,-0.09151815656528883,-0.2015199438676738,-0.25286582747957476,-0.14252695590208375
2023-01-01,-0.23867996880785503,-0.14252695590208375,-0.09151815656528883,-0.2015199438676738,-0.25286582747957476,-0.14252695590208375
2023-01-02,-0.23867996880785503,-0.14252695590208375,-0.09151815656528883,-0.2015199438676738,-0.25286582747957476,-0.14252695590208375
2023-01-03,-0.23867996880785503,-0.14252695590208375,-0.09151815656528883,-0.2015199438676738,-0.25286582747957476,-0.14252695590208375
2023-01-04,-0.23867996880785503,-0.14252695590208375,-0.09151815656528883,-0.2015199438676738,-0.25286582747957476,-0.14252695590208375
2023-01-05,-0.23867996880785503,-0.14252695590208375,-0.09151815656528883,-0.2015199438676738,-0.25286582747957476,-0.14252695590208375
2023-01-06,-0.23867996880785503,-0.14252695590208375,-0.09151815656528883,-0.2015199438676738,-0.25286582747957476,-0.14252695590208375
2023-01-07,-0.23867996880785503,-0.14252695590208375,-0.09151815656528883,-0.2015199438676738,-0.25286582747957476,-0.14252695590208375
2023-01-08,-0.23867996880785503,-0.14252695590208375,-0.09151815656528883,-0.2015199438676738,-0.25286582747957476,-0.14252695590208375
2023-01-09,-0.23867996880785503,-0.14252695590208375,-0.09151815656528883,-0.2015199438676738,-0.25286582747957476,-0.14252695590208375
2023-01-10,-0.23867996880785503,-0.14252695590208375,-0.09151815656528883,-0.2015199438676738,-0.25286582747957476,-0.14252695590208375
2023-01-11,-0.23867996880785503,-0.14252695590208375,-0.09151815656528883,-0.2015199438676738,-0.25286582747957476,-0.14252695590208375
2023-01-12,-0.23867996880785503,-0.14252695590208375,-0.09151815656528883,-0.2015199438676738,-0.25286582747957476,-0.14252695590208375
2023-01-13,-0.20246948747458904,-0.1017431719676638,-0.04830825338989064,-0.1635420292155535,-0.2173300647266465,-0.1017431719676638
2023-01-14,-0.16534519412954862,-0.05993016361333403,-0.00400789996099038,-0.12460569939430455,-0.1808975172402505,-0.05993016361333403
2023-01-15,-0.16859947041975654,-0.06359544770224823,-0.00789122208840698,-0.12801881688552097,-0.18409115582011304,-0.06359544770224823
2023-01-16,-0.16994488879015657,-0.06511078939612913,-0.009496707444437869,-0.12942990511636165,-0.18541150468744616,-0.06511078939612913
2023-01-17,-0.16630692558042326,-0.06101335959005727,-0.005155532396211471,-0.1256143729499919,-0.18184132851842083,-0.06101335959005727
2023-01-18,-0.20499491424022043,-0.10458755447127599,-0.051321840671848085,-0.16619072204243446,-0.21980843460986954,-0.10458755447127599
2023-01-19,-0.1825938324313805,-0.07935726625774475,-0.02459066946549049,-0.1426962436006436,-0.19782475752915185,-0.07935726625774475
2023-01-20,-0.10629549378180059,0.0,0.0,-0.06267378362107179,-0.1229481041165611,0.0
2023-01-21,-0.113371725430079,-0.007917865020309889,-0.007917865020309889,-0.07009540608235798,-0.12989248264397302,-0.007917865020309889
2023-01-22,-0.10907883684956021,-0.0031143885349056433,-0.0031143885349056433,-0.0655929816428289,-0.12567958448561778,-0.0031143885349056433
2023-01-23,-0.09507503591507294,0.0,0.0,-0.05090565529108959,-0.11193671973142849,0.0
2023-01-24,-0.13305309795559295,-0.04196818912927658,-0.04196818912927658,-0.09073742625136005,-0.14920712743650555,-0.04196818912927658
2023-01-25,-0.08427024488474888,0.0,0.0,-0.039573482492639145,-0.10133325696287843,0.0
2023-01-26,-0.09168950131094367,-0.008102015234026094,-0.008102015234026094,-0.04735487276864636,-0.1086142686052779,-0.008102015234026094
2023-01-27,-0.07994733432649548,0.0,0.0,-0.035039570702870226,-0.09709089623349776,0.0
2023-01-28,-0.09480107885289801,-0.016144450291363688,-0.016144450291363688,-0.05061832638679076,-0.11166786737687573,-0.016144450291363688
2023-01-29,-0.060591740910243996,0.0,0.0,-0.014739230918979329,-0.07809596022997745,0.0
2023-01-30,-0.11774157825178522,-0.06083599626526259,-0.06083599626526248,-0.07467855138710211,-0.134180910950357,-0.06083599626526259
2023-01-31,-0.10484259844340582,-0.047105033519759476,-0.047105033519759365,-0.06114997247224485,-0.12152228092534612,-0.047105033519759476
2023-02-01,-0.05320029740578491,0.0,0.0,-0.006987011113206654,-0.07084224326447486,0.0
2023-02-02,-0.06067381388578397,-0.007893450388209544,-0.007893450388209544,-0.014825309875832193,-0.0781765039200869,-0.007893450388209544
2023-02-03,-0.0367231332258775,0.0,0.0,0.0,-0.05467210203521922,0.0
2023-02-04,-0.0466635691073497,-0.010319396452196816,-0.010319396452196816,-0.010319396452196816,-0.0644273153916397,-0.010319396452196816
2023-02-05,-0.0718775401548909,-0.03649460310070618,-0.03649460310070607,-0.03649460310070607,-0.08917146847146873,-0.03649460310070618
2023-02-06,-0.08752135330029831,-0.038421613894504714,-0.05273480743344017,-0.05273480743344017,-0.10452378669585072,-0.052734807433440056
2023-02-07,-0.0535007934493642,-0.038421613894504714,-0.054629337818573265,-0.017417277215088456,-0.0711371400932288,-0.054629337818573154
2023-02-08,-0.0778162926369953,-0.038421613894504714,-0.054629337818573265,-0.042659759440432654,-0.09499956275472676,-0.054629337818573154
2023-02-09,-0.1343725598083335,-0.038421613894504714,-0.054629337818573265,-0.10137212877276924,-0.15050200344019626,-0.054629337818573154
2023-02-10,-0.1361038146887169,-0.038421613894504714,-0.054629337818573265,-0.10316938451522362,-0.1522009994333159,-0.054629337818573154
2023-02-11,-0.1361038146887169,-0.038421613894504714,-0.054629337818573265,-0.10316938451522362,-0.1522009994333159,-0.054629337818573154
2023-02-12,-0.1361038146887169,-0.038421613894504714,-0.054629337818573265,-0.10316938451522362,-0.1522009994333159,-0.054629337818573154
2023-02-13,-0.1361038146887169,-0.038421613894504714,-0.054629337818573265,-0.10316938451522362,-0.1522009994333159,-0.054629337818573154
2023-02-14,-0.1361038146887169,-0.038421613894504714,-0.054629337818573265,-0.10316938451522362,-0.1522009994333159,-0.054629337818573154
2023-02-15,-0.1361038146887169,-0.038421613894504714,-0.054629337818573265,-0.10316938451522362,-0.1522009994333159,-0.054629337818573154
2023-02-16,-0.1361038146887169,-0.038421613894504714,-0.054629337818573265,-0.10316938451522362,-0.1522009994333159,-0.054629337818573154
2023-02-17,-0.1361038146887169,-0.038421613894504714,-0.054629337818573265,-0.10316938451522362,-0.1522009994333159,-0.054629337818573154
2023-02-18,-0.1361038146887169,-0.038421613894504714,-0.054629337818573265,-0.10316938451522362,-0.1522009994333159,-0.054629337818573154
2023-02-19,-0.1361038146887169,-0.038421613894504714,-0.054629337818573265,-0.10316938451522362,-0.1522009994333159,-0.054629337818573154
2023-02-20,-0.1361038146887169,-0.038421613894504714,-0.054629337818573265,-0.10316938451522362,-0.1522009994333159,-0.054629337818573154
2023-02-21,-0.1361038146887169,-0.038421613894504714,-0.054629337818573265,-0.10316938451522362,-0.1522009994333159,-0.054629337818573154
2023-02-22,-0.1361038146887169,-0.038421613894504714,-0.054629337818573265,-0.10316938451522362,-0.1522009994333159,-0.054629337818573154
2023-02-23,-0.1361038146887169,-0.038421613894504714,-0.054629337818573265,-0.10316938451522362,-0.1522009994333159,-0.054629337818573154
2023-02-24,-0.1361038146887169,-0.038421613894504714,-0.054629337818573265,-0.10316938451522362,-0.1522009994333159,-0.054629337818573154
2023-02-25,-0.1361038146887169,-0.038421613894504714,-0.054629337818573265,-0.10316938451522362,-0.1522009994333159,-0.054629337818573154
2023-02-26,-0.1361038146887169,-0.038421613894504714,-0.054629337818573265,-0.10316938451522362,-0.1522009994333159,-0.054629337818573154
2023-02-27,-0.1361038146887169,-0.038421613894504714,-0.054629337818573265,-0.10316938451522362,-0.1522009994333159,-0.054629337818573154
2023-02-28,-0.1361038146887169,-0.038421613894504714,-0.054629337818573265,-0.10316938451522362,-0.1522009994333159,-0.054629337818573154
2023-03-01,-0.1361038146887169,-0.038421613894504714,-0.054629337818573265,-0.10316938451522362,-0.1522009994333159,-0.054629337818573154
2023-03-02,-0.1361038146887169,-0.038421613894504714,-0.054629337818573265,-0.10316938451522362,-0.1522009994333159,-0.054629337818573154
2023-03-03,-0.1361038146887169,-0.038421613894504714,-0.054629337818573265,-0.10316938451522362,-0.1522009994333159,-0.054629337818573154
2023-03-04,-0.1361038146887169,-0.038421613894504714,-0.054629337818573265,-0.10316938451522362,-0.1522009994333159,-0.054629337818573154
2023-03-05,-0.1361038146887169,-0.038421613894504714,-0.054629337818573265,-0.10316938451522362,-0.1522009994333159,-0.054629337818573154
2023-03-06,-0.1361038146887169,-0.038421613894504714,-0.054629337818573265,-0.10316938451522362,-0.1522009994333159,-0.054629337818573154
2023-03-07,-0.1361038146887169,-0.038421613894504714,-0.054629337818573265,-0.10316938451522362,-0.1522009994333159,-0.054629337818573154
2023-03-08,-0.1361038146887169,-0.038421613894504714,-0.054629337818573265,-0.10316938451522362,-0.1522009994333159,-0.054629337818573154
2023-03-09,-0.1361038146887169,-0.038421613894504714,-0.054629337818573265,-0.10316938451522362,-0.1522009994333159,-0.054629337818573154
2023-03-10,-0.1475377465190968,-0.038421613894504714,-0.054629337818573265,-0.10316938451522362,-0.1522009994333159,-0.054629337818573154
2023-03-11,-0.15345934627905222,-0.038421613894504714,-0.054629337818573265,-0.10316938451522362,-0.1522009994333159,-0.054629337818573154
2023-03-12,-0.0825928912279027,-0.038421613894504714,-0.054629337818573265,-0.10316938451522362,-0.1522009994333159,-0.054629337818573154
2023-03-13,-0.028213192329663905,-0.038421613894504714,-0.054629337818573265,-0.10316938451522362,-0.1522009994333159,-0.054629337818573154
2023-03-14,-0.007597148242884821,-0.038421613894504714,-0.054629337818573265,-0.10316938451522362,-0.1522009994333159,-0.054629337818573154
2023-03-15,-0.06191325281345217,-0.038421613894504714,-0.054629337818573265,-0.10316938451522362,-0.1522009994333159,-0.054629337818573154
2023-03-16,-0.039066173858617104,-0.038421613894504714,-0.054629337818573265,-0.10316938451522362,-0.1522009994333159,-0.054629337818573154
2023-03-17,0.0,-0.038421613894504714,-0.054629337818573265,-0.10316938451522362,-0.1522009994333159,-0.054629337818573154
2023-03-18,-0.026369832521169534,-0.038421613894504714,-0.054629337818573265,-0.10316938451522362,-0.1522009994333159,-0.054629337818573154
2023-03-19,-0.0007898098871975678,-0.038421613894504714,-0.054629337818573265,-0.10316938451522362,-0.1522009994333159,-0.054629337818573154
2023-03-20,-0.03781477230411612,-0.038421613894504714,-0.054629337818573265,-0.10316938451522362,-0.1522009994333159,-0.054629337818573154
2023-03-21,0.0,-0.038421613894504714,-0.054629337818573265,-0.10316938451522362,-0.1522009994333159,-0.054629337818573154
2023-03-22,-0.03352162095786426,-0.038421613894504714,-0.054629337818573265,-0.10316938451522362,-0.1522009994333159,-0.054629337818573154
2023-03-23,0.0,-0.038421613894504714,-0.054629337818573265,-0.10316938451522362,-0.1522009994333159,-0.054629337818573154
2023-03-24,-0.04526934065965138,-0.08279606543081897,-0.0982558431965973,-0.14455588743392178,-0.19132481524156197,-0.09825584319659719
2023-03-25,-0.05469751836069703,-0.09185365837456216,-0.10716076739490077,-0.1530035883930162,-0.1993106626318577,-0.10716076739490066
2023-03-26,-0.03529829173341581,-0.07321693940459084,-0.08883817652959602,-0.1356217707627866,-0.18287914550866557,-0.08883817652959602
2023-03-27,-0.06293831993784293,-0.09977054630166049,-0.11494421353949402,-0.16038739357726106,-0.20629077966566134,-0.11494421353949402
2023-03-28,-0.03907171674367571,-0.10157100520905715,-0.09240218059801963,-0.13900278107983954,-0.1860753088846826,-0.09240218059801975
2023-03-29,-0.00488988608308738,-0.10157100520905715,-0.06011740398015575,-0.10837566597751935,-0.15712264254428066,-0.06011740398015586
2023-03-30,-0.014565794300955393,-0.10157100520905715,-0.06925630992380394,-0.1170453348917071,-0.16531832243498035,-0.06925630992380394
2023-03-31,0.0,-0.10157100520905715,-0.05412511228746941,-0.10269104843870591,-0.15174881499558046,-0.05412511228746941
2023-04-01,0.0,-0.10157100520905715,-0.046084701980026566,-0.09506347291384765,-0.14453825505809847,-0.046084701980026566
2023-04-02,-0.01845291347902034,-0.10157100520905715,-0.06368721844070302,-0.11176218835217355,-0.16032401662212314,-0.06368721844070313
2023-04-03,0.0,-0.10157100520905715,-0.022684333446885918,-0.07286459605667717,-0.12355303746153046,-0.022684333446885918
2023-04-04,0.0,-0.10157100520905715,-0.01647856499388911,-0.06697746271956384,-0.1179877660789187,-0.01647856499388911
2023-04-05,-0.0003550167475397936,-0.10157100520905715,-0.01844560786390126,-0.06730870134613043,-0.11830089519349563,-0.0168277315748806
2023-04-06,-0.03231950339579748,-0.10157100520905715,-0.01844560786390126,-0.09713228778155447,-0.14649396346826604,-0.04826548935240871
2023-04-07,-0.034254864389005935,-0.10157100520905715,-0.01844560786390126,-0.09893802320599143,-0.1482009755413295,-0.05016895837370394
2023-04-08,-0.034254864389005935,-0.10157100520905715,-0.01844560786390126,-0.09893802320599143,-0.1482009755413295,-0.05016895837370394
2023-04-09,-0.034254864389005935,-0.10157100520905715,-0.01844560786390126,-0.09893802320599143,-0.1482009755413295,-0.05016895837370394
2023-04-10,-0.034254864389005935,-0.10157100520905715,-0.01844560786390126,-0.09893802320599143,-0.1482009755413295,-0.05016895837370394
2023-04-11,-0.034254864389005935,-0.10157100520905715,-0.01844560786390126,-0.09893802320599143,-0.1482009755413295,-0.05016895837370394
2023-04-12,-0.034254864389005935,-0.10157100520905715,-0.01844560786390126,-0.09893802320599143,-0.1482009755413295,-0.05016895837370394
2023-04-13,-0.034254864389005935,-0.10157100520905715,-0.01844560786390126,-0.09893802320599143,-0.1482009755413295,-0.05016895837370394
2023-04-14,-0.034254864389005935,-0.10157100520905715,-0.01844560786390126,-0.09893802320599143,-0.1482009755413295,-0.05016895837370394
2023-04-15,-0.034254864389005935,-0.10157100520905715,-0.01844560786390126,-0.09893802320599143,-0.1482009755413295,-0.05016895837370394
2023-04-16,-0.034254864389005935,-0.10157100520905715,-0.01844560786390126,-0.09893802320599143,-0.1482009755413295,-0.05016895837370394
2023-04-17,-0.034254864389005935,-0.10157100520905715,-0.01844560786390126,-0.09893802320599143,-0.1482009755413295,-0.05016895837370394
2023-04-18,-0.034254864389005935,-0.10157100520905715,-0.01844560786390126,-0.09893802320599143,-0.1482009755413295,-0.05016895837370394
2023-04-19,-0.034254864389005935,-0.10157100520905715,-0.01844560786390126,-0.09893802320599143,-0.1482009755413295,-0.05016895837370394
2023-04-20,-0.034254864389005935,-0.10157100520905715,-0.01844560786390126,-0.09893802320599143,-0.1482009755413295,-0.05016895837370394
2023-04-21,-0.034254864389005935,-0.10157100520905715,-0.01844560786390126,-0.09893802320599143,-0.1482009755413295,-0.05016895837370394
2023-04-22,-0.034254864389005935,-0.10157100520905715,-0.01844560786390126,-0.09893802320599143,-0.1482009755413295,-0.05016895837370394
2023-04-23,-0.034254864389005935,-0.10157100520905715,-0.01844560786390126,-0.09893802320599143,-0.1482009755413295,-0.05016895837370394
2023-04-24,-0.034254864389005935,-0.10157100520905715,-0.01844560786390126,-0.09893802320599143,-0.1482009755413295,-0.05016895837370394
2023-04-25,-0.034254864389005935,-0.10157100520905715,-0.01844560786390126,-0.09893802320599143,-0.1482009755413295,-0.05016895837370394
2023-04-26,-0.034254864389005935,-0.10157100520905715,-0.01844560786390126,-0.09893802320599143,-0.1482009755413295,-0.05016895837370394
2023-04-27,-0.034254864389005935,-0.10157100520905715,-0.01844560786390126,-0.09893802320599143,-0.1482009755413295,-0.05016895837370394
2023-04-28,-0.034254864389005935,-0.10157100520905715,-0.01844560786390126,-0.09893802320599143,-0.1482009755413295,-0.05016895837370394
2023-04-29,-0.034254864389005935,-0.10157100520905715,-0.01844560786390126,-0.09893802320599143,-0.1482009755413295,-0.05016895837370394
2023-04-30,-0.034254864389005935,-0.10157100520905715,-0.01844560786390126,-0.09893802320599143,-0.1482009755413295,-0.05016895837370394
2023-05-01,-0.034254864389005935,-0.10157100520905715,-0.01844560786390126,-0.09893802320599143,-0.1482009755413295,-0.05016895837370394
2023-05-02,-0.034254864389005935,-0.10157100520905715,-0.01844560786390126,-0.09893802320599143,-0.1482009755413295,-0.05016895837370394
2023-05-03,-0.034254864389005935,-0.10157100520905715,-0.01844560786390126,-0.09893802320599143,-0.1482009755413295,-0.05016895837370394
2023-05-04,-0.034254864389005935,-0.10157100520905715,-0.01844560786390126,-0.09893802320599143,-0.1482009755413295,-0.05016895837370394
2023-05-05,-0.034254864389005935,-0.10157100520905715,-0.01844560786390126,-0.09893802320599143,-0.1482009755413295,-0.05016895837370394
2023-05-06,-0.034254864389005935,-0.10157100520905715,-0.01844560786390126,-0.09893802320599143,-0.1482009755413295,-0.05016895837370394
2023-05-07,-0.034254864389005935,-0.10157100520905715,-0.01844560786390126,-0.09893802320599143,-0.1482009755413295,-0.05016895837370394
2023-05-08,-0.034254864389005935,-0.10157100520905715,-0.01844560786390126,-0.09893802320599143,-0.1482009755413295,-0.05016895837370394
2023-05-09,-0.034254864389005935,-0.10157100520905715,-0.01844560786390126,-0.09893802320599143,-0.1482009755413295,-0.05016895837370394
2023-05-10,-0.034254864389005935,-0.10157100520905715,-0.01844560786390126,-0.09893802320599143,-0.1482009755413295,-0.05016895837370394
2023-05-11,-0.034254864389005935,-0.10157100520905715,-0.01844560786390126,-0.09893802320599143,-0.1482009755413295,-0.05016895837370394
2023-05-12,-0.034254864389005935,-0.10157100520905715,-0.01844560786390126,-0.09893802320599143,-0.1482009755413295,-0.05016895837370394
2023-05-13,-0.034254864389005935,-0.10157100520905715,-0.01844560786390126,-0.09893802320599143,-0.1482009755413295,-0.05016895837370394
2023-05-14,-0.034254864389005935,-0.10157100520905715,-0.01844560786390126,-0.09893802320599143,-0.1482009755413295,-0.05016895837370394
2023-05-15,-0.034254864389005935,-0.10157100520905715,-0.01844560786390126,-0.09893802320599143,-0.1482009755413295,-0.05016895837370394
2023-05-16,-0.034254864389005935,-0.10157100520905715,-0.01844560786390126,-0.09893802320599143,-0.1482009755413295,-0.05016895837370394
2023-05-17,-0.034254864389005935,-0.10157100520905715,-0.01844560786390126,-0.09893802320599143,-0.1482009755413295,-0.05016895837370394
2023-05-18,-0.034254864389005935,-0.10157100520905715,-0.01844560786390126,-0.09893802320599143,-0.1482009755413295,-0.05016895837370394
2023-05-19,-0.034254864389005935,-0.10157100520905715,-0.01844560786390126,-0.09893802320599143,-0.1482009755413295,-0.05016895837370394
2023-05-20,-0.034254864389005935,-0.10157100520905715,-0.01844560786390126,-0.09893802320599143,-0.1482009755413295,-0.05016895837370394
2023-05-21,-0.034254864389005935,-0.10157100520905715,-0.01844560786390126,-0.09893802320599143,-0.1482009755413295,-0.05016895837370394
2023-05-22,-0.034254864389005935,-0.10157100520905715,-0.01844560786390126,-0.09893802320599143,-0.1482009755413295,-0.05016895837370394
2023-05-23,-0.034254864389005935,-0.10157100520905715,-0.01844560786390126,-0.09893802320599143,-0.1482009755413295,-0.05016895837370394
2023-05-24,-0.034254864389005935,-0.10157100520905715,-0.01844560786390126,-0.09893802320599143,-0.1482009755413295,-0.05016895837370394
2023-05-25,-0.034254864389005935,-0.10157100520905715,-0.01844560786390126,-0.09893802320599143,-0.1482009755413295,-0.05016895837370394
2023-05-26,-0.034254864389005935,-0.10157100520905715,-0.01844560786390126,-0.09893802320599143,-0.1482009755413295,-0.05016895837370394
2023-05-27,-0.034254864389005935,-0.10157100520905715,-0.01844560786390126,-0.09893802320599143,-0.1482009755413295,-0.05016895837370394
2023-05-28,-0.034254864389005935,-0.10157100520905715,-0.01844560786390126,-0.09893802320599143,-0.1482009755413295,-0.05016895837370394
2023-05-29,-0.034254864389005935,-0.10157100520905715,-0.01844560786390126,-0.09893802320599143,-0.1482009755413295,-0.05016895837370394
2023-05-30,-0.034254864389005935,-0.10157100520905715,-0.01844560786390126,-0.09893802320599143,-0.1482009755413295,-0.05016895837370394
2023-05-31,-0.034254864389005935,-0.10157100520905715,-0.01844560786390126,-0.09893802320599143,-0.1482009755413295,-0.05016895837370394
2023-06-01,-0.034254864389005935,-0.10157100520905715,-0.01844560786390126,-0.09893802320599143,-0.1482009755413295,-0.05016895837370394
2023-06-02,-0.034254864389005935,-0.10157100520905715,-0.01844560786390126,-0.09893802320599143,-0.1482009755413295,-0.05016895837370394
2023-06-03,-0.034254864389005935,-0.10157100520905715,-0.01844560786390126,-0.09893802320599143,-0.1482009755413295,-0.05016895837370394
2023-06-04,-0.034254864389005935,-0.10157100520905715,-0.01844560786390126,-0.09893802320599143,-0.1482009755413295,-0.05016895837370394
2023-06-05,-0.034254864389005935,-0.10157100520905715,-0.01844560786390126,-0.09893802320599143,-0.1482009755413295,-0.05016895837370394
2023-06-06,-0.034254864389005935,-0.10157100520905715,-0.01844560786390126,-0.09893802320599143,-0.1482009755413295,-0.05016895837370394
2023-06-07,-0.034254864389005935,-0.10157100520905715,-0.01844560786390126,-0.09893802320599143,-0.1482009755413295,-0.05016895837370394
2023-06-08,-0.034254864389005935,-0.10157100520905715,-0.01844560786390126,-0.09893802320599143,-0.1482009755413295,-0.05016895837370394
2023-06-09,-0.034254864389005935,-0.10157100520905715,-0.01844560786390126,-0.09893802320599143,-0.1482009755413295,-0.05016895837370394
2023-06-10,-0.034254864389005935,-0.10157100520905715,-0.01844560786390126,-0.09893802320599143,-0.1482009755413295,-0.05016895837370394
2023-06-11,-0.034254864389005935,-0.10157100520905715,-0.01844560786390126,-0.09893802320599143,-0.1482009755413295,-0.05016895837370394
2023-06-12,-0.034254864389005935,-0.10157100520905715,-0.01844560786390126,-0.09893802320599143,-0.1482009755413295,-0.05016895837370394
2023-06-13,-0.034254864389005935,-0.10157100520905715,-0.01844560786390126,-0.09893802320599143,-0.1482009755413295,-0.05016895837370394
2023-06-14,-0.034254864389005935,-0.10157100520905715,-0.01844560786390126,-0.09893802320599143,-0.1482009755413295,-0.05016895837370394
2023-06-15,-0.034254864389005935,-0.10157100520905715,-0.01844560786390126,-0.09893802320599143,-0.1482009755413295,-0.05016895837370394
2023-06-16,-0.034254864389005935,-0.10157100520905715,-0.01844560786390126,-0.09893802320599143,-0.1482009755413295,-0.05016895837370394
2023-06-17,-0.034254864389005935,-0.10157100520905715,-0.01844560786390126,-0.09893802320599143,-0.1482009755413295,-0.05016895837370394
2023-06-18,-0.034254864389005935,-0.10157100520905715,-0.01844560786390126,-0.09893802320599143,-0.1482009755413295,-0.05016895837370394
2023-06-19,-0.034254864389005935,-0.10157100520905715,-0.01844560786390126,-0.09893802320599143,-0.1482009755413295,-0.05016895837370394
2023-06-20,-0.034254864389005935,-0.10157100520905715,-0.01844560786390126,-0.09893802320599143,-0.1482009755413295,-0.05016895837370394
2023-06-21,-0.034254864389005935,-0.10157100520905715,-0.01844560786390126,-0.09893802320599143,-0.1482009755413295,-0.05016895837370394
2023-06-22,-0.034254864389005935,-0.10157100520905715,-0.01844560786390126,-0.09893802320599143,-0.1482009755413295,-0.05016895837370394
2023-06-23,-0.034254864389005935,-0.10157100520905715,-0.01844560786390126,-0.09893802320599143,-0.1482009755413295,-0.05016895837370394
2023-06-24,-0.034254864389005935,-0.10157100520905715,-0.01844560786390126,-0.09893802320599143,-0.1482009755413295,-0.05016895837370394
2023-06-25,-0.034254864389005935,-0.10157100520905715,-0.01844560786390126,-0.09893802320599143,-0.1482009755413295,-0.05016895837370394
2023-06-26,-0.034254864389005935,-0.10157100520905715,-0.01844560786390126,-0.09893802320599143,-0.1482009755413295,-0.05016895837370394
2023-06-27,-0.034254864389005935,-0.10157100520905715,-0.01844560786390126,-0.09893802320599143,-0.1482009755413295,-0.05016895837370394
2023-06-28,-0.034254864389005935,-0.10157100520905715,-0.01844560786390126,-0.09893802320599143,-0.1482009755413295,-0.05016895837370394
2023-06-29,-0.034254864389005935,-0.10157100520905715,-0.01844560786390126,-0.09893802320599143,-0.1482009755413295,-0.05016895837370394
2023-06-30,-0.034254864389005935,-0.10157100520905715,-0.01844560786390126,-0.09893802320599143,-0.1482009755413295,-0.05016895837370394
2023-07-01,-0.034254864389005935,-0.10157100520905715,-0.01844560786390126,-0.09893802320599143,-0.1482009755413295,-0.05016895837370394
2023-07-02,-0.034254864389005935,-0.10157100520905715,-0.01844560786390126,-0.09893802320599143,-0.1482009755413295,-0.05016895837370394
2023-07-03,-0.034254864389005935,-0.10157100520905715,-0.01844560786390126,-0.09893802320599143,-0.1482009755413295,-0.05016895837370394
2023-07-04,-0.034254864389005935,-0.10157100520905715,-0.01844560786390126,-0.09893802320599143,-0.1482009755413295,-0.05016895837370394
2023-07-05,-0.034254864389005935,-0.10157100520905715,-0.01844560786390126,-0.09893802320599143,-0.1482009755413295,-0.05016895837370394
2023-07-06,-0.034254864389005935,-0.10157100520905715,-0.01844560786390126,-0.09893802320599143,-0.1482009755413295,-0.05016895837370394
2023-07-07,-0.034254864389005935,-0.10157100520905715,-0.01844560786390126,-0.09893802320599143,-0.1482009755413295,-0.05016895837370394
2023-07-08,-0.034254864389005935,-0.10157100520905715,-0.01844560786390126,-0.09893802320599143,-0.1482009755413295,-0.05016895837370394
2023-07-09,-0.034254864389005935,-0.10157100520905715,-0.01844560786390126,-0.09893802320599143,-0.1482009755413295,-0.05016895837370394
2023-07-10,-0.034254864389005935,-0.10157100520905715,-0.01844560786390126,-0.09893802320599143,-0.1482009755413295,-0.05016895837370394
2023-07-11,-0.034254864389005935,-0.10157100520905715,-0.01844560786390126,-0.09893802320599143,-0.1482009755413295,-0.05016895837370394
2023-07-12,-0.034254864389005935,-0.10157100520905715,-0.01844560786390126,-0.09893802320599143,-0.1482009755413295,-0.05016895837370394
2023-07-13,-0.034254864389005935,-0.10157100520905715,-0.01844560786390126,-0.09893802320599143,-0.1482009755413295,-0.05016895837370394
2023-07-14,-0.034254864389005935,-0.10157100520905715,-0.01844560786390126,-0.09893802320599143,-0.1482009755413295,-0.05016895837370394
2023-07-15,-0.034254864389005935,-0.10157100520905715,-0.01844560786390126,-0.09893802320599143,-0.1482009755413295,-0.05016895837370394
2023-07-16,-0.034254864389005935,-0.10157100520905715,-0.01844560786390126,-0.09893802320599143,-0.1482009755413295,-0.05016895837370394
2023-07-17,-0.034254864389005935,-0.10157100520905715,-0.01844560786390126,-0.09893802320599143,-0.1482009755413295,-0.05016895837370394
2023-07-18,-0.034254864389005935,-0.10157100520905715,-0.01844560786390126,-0.09893802320599143,-0.1482009755413295,-0.05016895837370394
2023-07-19,-0.034254864389005935,-0.10157100520905715,-0.01844560786390126,-0.09893802320599143,-0.1482009755413295,-0.05016895837370394
2023-07-20,-0.034254864389005935,-0.10157100520905715,-0.01844560786390126,-0.09893802320599143,-0.1482009755413295,-0.05016895837370394
2023-07-21,-0.034254864389005935,-0.10157100520905715,-0.01844560786390126,-0.09893802320599143,-0.1482009755413295,-0.05016895837370394
2023-07-22,-0.034254864389005935,-0.10157100520905715,-0.01844560786390126,-0.09893802320599143,-0.1482009755413295,-0.05016895837370394
2023-07-23,-0.034254864389005935,-0.10157100520905715,-0.01844560786390126,-0.09893802320599143,-0.1482009755413295,-0.05016895837370394
2023-07-24,-0.034254864389005935,-0.10157100520905715,-0.01844560786390126,-0.09893802320599143,-0.1482009755413295,-0.05016895837370394
2023-07-25,-0.034254864389005935,-0.10157100520905715,-0.01844560786390126,-0.09893802320599143,-0.1482009755413295,-0.05016895837370394
2023-07-26,-0.034254864389005935,-0.10157100520905715,-0.01844560786390126,-0.09893802320599143,-0.1482009755413295,-0.05016895837370394
2023-07-27,-0.034254864389005935,-0.10157100520905715,-0.01844560786390126,-0.09893802320599143,-0.1482009755413295,-0.05016895837370394
2023-07-28,-0.034254864389005935,-0.10157100520905715,-0.01844560786390126,-0.09893802320599143,-0.1482009755413295,-0.05016895837370394
2023-07-29,-0.034254864389005935,-0.10157100520905715,-0.01844560786390126,-0.09893802320599143,-0.1482009755413295,-0.05016895837370394
2023-07-30,-0.034254864389005935,-0.10157100520905715,-0.01844560786390126,-0.09893802320599143,-0.1482009755413295,-0.05016895837370394
2023-07-31,-0.034254864389005935,-0.10157100520905715,-0.01844560786390126,-0.09893802320599143,-0.1482009755413295,-0.05016895837370394
2023-08-01,-0.034254864389005935,-0.10157100520905715,-0.01844560786390126,-0.09893802320599143,-0.1482009755413295,-0.05016895837370394
2023-08-02,-0.034254864389005935,-0.10157100520905715,-0.01844560786390126,-0.09893802320599143,-0.1482009755413295,-0.05016895837370394
2023-08-03,-0.034254864389005935,-0.10157100520905715,-0.01844560786390126,-0.09893802320599143,-0.1482009755413295,-0.05016895837370394
2023-08-04,-0.034254864389005935,-0.10157100520905715,-0.01844560786390126,-0.09893802320599143,-0.1482009755413295,-0.05016895837370394
2023-08-05,-0.034254864389005935,-0.10157100520905715,-0.01844560786390126,-0.09893802320599143,-0.1482009755413295,-0.05016895837370394
2023-08-06,-0.034254864389005935,-0.10157100520905715,-0.01844560786390126,-0.09893802320599143,-0.1482009755413295,-0.05016895837370394
2023-08-07,-0.034254864389005935,-0.10157100520905715,-0.01844560786390126,-0.09893802320599143,-0.1482009755413295,-0.05016895837370394
2023-08-08,-0.034254864389005935,-0.10157100520905715,-0.01844560786390126,-0.09893802320599143,-0.1482009755413295,-0.05016895837370394
2023-08-09,-0.034254864389005935,-0.10157100520905715,-0.01844560786390126,-0.09893802320599143,-0.1482009755413295,-0.05016895837370394
2023-08-10,-0.034254864389005935,-0.10157100520905715,-0.01844560786390126,-0.09893802320599143,-0.1482009755413295,-0.05016895837370394
2023-08-11,-0.034254864389005935,-0.10157100520905715,-0.01844560786390126,-0.09893802320599143,-0.1482009755413295,-0.05016895837370394
2023-08-12,-0.034254864389005935,-0.10157100520905715,-0.01844560786390126,-0.09893802320599143,-0.1482009755413295,-0.05016895837370394
2023-08-13,-0.034254864389005935,-0.10157100520905715,-0.01844560786390126,-0.09893802320599143,-0.1482009755413295,-0.05016895837370394
2023-08-14,-0.034254864389005935,-0.10157100520905715,-0.01844560786390126,-0.09893802320599143,-0.1482009755413295,-0.05016895837370394
2023-08-15,-0.034254864389005935,-0.10157100520905715,-0.01844560786390126,-0.09893802320599143,-0.1482009755413295,-0.05016895837370394
2023-08-16,-0.034254864389005935,-0.10157100520905715,-0.01844560786390126,-0.09893802320599143,-0.1482009755413295,-0.05016895837370394
2023-08-17,-0.034254864389005935,-0.10157100520905715,-0.01844560786390126,-0.09893802320599143,-0.1482009755413295,-0.05016895837370394
2023-08-18,-0.034254864389005935,-0.10157100520905715,-0.01844560786390126,-0.09893802320599143,-0.1482009755413295,-0.05016895837370394
2023-08-19,-0.034254864389005935,-0.10157100520905715,-0.01844560786390126,-0.09893802320599143,-0.1482009755413295,-0.05016895837370394
2023-08-20,-0.034254864389005935,-0.10157100520905715,-0.01844560786390126,-0.09893802320599143,-0.1482009755413295,-0.05016895837370394
2023-08-21,-0.034254864389005935,-0.10157100520905715,-0.01844560786390126,-0.09893802320599143,-0.1482009755413295,-0.05016895837370394
2023-08-22,-0.034254864389005935,-0.10157100520905715,-0.01844560786390126,-0.09893802320599143,-0.1482009755413295,-0.05016895837370394
2023-08-23,-0.034254864389005935,-0.10157100520905715,-0.01844560786390126,-0.09893802320599143,-0.1482009755413295,-0.05016895837370394
2023-08-24,-0.034254864389005935,-0.10157100520905715,-0.01844560786390126,-0.09893802320599143,-0.1482009755413295,-0.05016895837370394
2023-08-25,-0.034254864389005935,-0.10157100520905715,-0.01844560786390126,-0.09893802320599143,-0.1482009755413295,-0.05016895837370394
2023-08-26,-0.034254864389005935,-0.10157100520905715,-0.01844560786390126,-0.09893802320599143,-0.1482009755413295,-0.05016895837370394
2023-08-27,-0.034254864389005935,-0.10157100520905715,-0.01844560786390126,-0.09893802320599143,-0.1482009755413295,-0.05016895837370394
2023-08-28,-0.034254864389005935,-0.10157100520905715,-0.01844560786390126,-0.09893802320599143,-0.1482009755413295,-0.05016895837370394
2023-08-29,-0.034254864389005935,-0.10157100520905715,-0.01844560786390126,-0.09893802320599143,-0.1482009755413295,-0.05016895837370394
2023-08-30,-0.034254864389005935,-0.10157100520905715,-0.01844560786390126,-0.09893802320599143,-0.1482009755413295,-0.05016895837370394
2023-08-31,-0.034254864389005935,-0.10157100520905715,-0.01844560786390126,-0.09893802320599143,-0.1482009755413295,-0.05016895837370394
2023-09-01,-0.034254864389005935,-0.10157100520905715,-0.01844560786390126,-0.09893802320599143,-0.1482009755413295,-0.05016895837370394
2023-09-02,-0.034254864389005935,-0.10157100520905715,-0.01844560786390126,-0.09893802320599143,-0.1482009755413295,-0.05016895837370394
2023-09-03,-0.034254864389005935,-0.10157100520905715,-0.01844560786390126,-0.09893802320599143,-0.1482009755413295,-0.05016895837370394
2023-09-04,-0.034254864389005935,-0.10157100520905715,-0.01844560786390126,-0.09893802320599143,-0.1482009755413295,-0.05016895837370394
2023-09-05,-0.034254864389005935,-0.10157100520905715,-0.01844560786390126,-0.09893802320599143,-0.1482009755413295,-0.05016895837370394
2023-09-06,-0.034254864389005935,-0.10157100520905715,-0.01844560786390126,-0.09893802320599143,-0.1482009755413295,-0.05016895837370394
2023-09-07,-0.034254864389005935,-0.10157100520905715,-0.01844560786390126,-0.09893802320599143,-0.1482009755413295,-0.05016895837370394
2023-09-08,-0.034254864389005935,-0.10157100520905715,-0.01844560786390126,-0.09893802320599143,-0.1482009755413295,-0.05016895837370394
2023-09-09,-0.034254864389005935,-0.10157100520905715,-0.01844560786390126,-0.09893802320599143,-0.1482009755413295,-0.05016895837370394
2023-09-10,-0.034254864389005935,-0.10157100520905715,-0.01844560786390126,-0.09893802320599143,-0.1482009755413295,-0.05016895837370394
2023-09-11,-0.034254864389005935,-0.10157100520905715,-0.01844560786390126,-0.09893802320599143,-0.1482009755413295,-0.05016895837370394
2023-09-12,-0.034254864389005935,-0.10157100520905715,-0.01844560786390126,-0.09893802320599143,-0.1482009755413295,-0.05016895837370394
2023-09-13,-0.034254864389005935,-0.10157100520905715,-0.01844560786390126,-0.09893802320599143,-0.1482009755413295,-0.05016895837370394
2023-09-14,-0.034254864389005935,-0.10157100520905715,-0.01844560786390126,-0.09893802320599143,-0.1482009755413295,-0.05016895837370394
2023-09-15,-0.034254864389005935,-0.10157100520905715,-0.01844560786390126,-0.09893802320599143,-0.1482009755413295,-0.05016895837370394
2023-09-16,-0.034254864389005935,-0.10157100520905715,-0.01844560786390126,-0.09893802320599143,-0.1482009755413295,-0.05016895837370394
2023-09-17,-0.034254864389005935,-0.10157100520905715,-0.01844560786390126,-0.09893802320599143,-0.1482009755413295,-0.05016895837370394
2023-09-18,-0.034254864389005935,-0.10157100520905715,-0.01844560786390126,-0.09893802320599143,-0.1482009755413295,-0.05016895837370394
2023-09-19,-0.034254864389005935,-0.10157100520905715,-0.01844560786390126,-0.09893802320599143,-0.1482009755413295,-0.05016895837370394
2023-09-20,-0.034254864389005935,-0.10157100520905715,-0.01844560786390126,-0.09893802320599143,-0.1482009755413295,-0.05016895837370394
2023-09-21,-0.034254864389005935,-0.10157100520905715,-0.01844560786390126,-0.09893802320599143,-0.1482009755413295,-0.05016895837370394
2023-09-22,-0.034254864389005935,-0.10157100520905715,-0.01844560786390126,-0.09893802320599143,-0.1482009755413295,-0.05016895837370394
2023-09-23,-0.034254864389005935,-0.10157100520905715,-0.01844560786390126,-0.09893802320599143,-0.1482009755413295,-0.05016895837370394
2023-09-24,-0.034254864389005935,-0.10157100520905715,-0.01844560786390126,-0.09893802320599143,-0.1482009755413295,-0.05016895837370394
2023-09-25,-0.034254864389005935,-0.10157100520905715,-0.01844560786390126,-0.09893802320599143,-0.1482009755413295,-0.05016895837370394
2023-09-26,-0.034254864389005935,-0.10157100520905715,-0.01844560786390126,-0.09893802320599143,-0.1482009755413295,-0.05016895837370394
2023-09-27,-0.034254864389005935,-0.10157100520905715,-0.01844560786390126,-0.09893802320599143,-0.1482009755413295,-0.05016895837370394
2023-09-28,-0.034254864389005935,-0.10157100520905715,-0.01844560786390126,-0.09893802320599143,-0.1482009755413295,-0.05016895837370394
2023-09-29,-0.034254864389005935,-0.10157100520905715,-0.01844560786390126,-0.09893802320599143,-0.1482009755413295,-0.05016895837370394
2023-09-30,-0.034254864389005935,-0.10157100520905715,-0.01844560786390126,-0.09893802320599143,-0.1482009755413295,-0.05016895837370394
2023-10-01,-0.034254864389005935,-0.10157100520905715,-0.01844560786390126,-0.09893802320599143,-0.1482009755413295,-0.05016895837370394
2023-10-02,-0.034254864389005935,-0.10157100520905715,-0.01844560786390126,-0.09893802320599143,-0.1482009755413295,-0.05016895837370394
2023-10-03,-0.034254864389005935,-0.10157100520905715,-0.01844560786390126,-0.09893802320599143,-0.1482009755413295,-0.05016895837370394
2023-10-04,-0.034254864389005935,-0.10157100520905715,-0.01844560786390126,-0.09893802320599143,-0.1482009755413295,-0.05016895837370394
2023-10-05,-0.034254864389005935,-0.10157100520905715,-0.01844560786390126,-0.09893802320599143,-0.1482009755413295,-0.05016895837370394
2023-10-06,-0.034254864389005935,-0.10157100520905715,-0.01844560786390126,-0.09893802320599143,-0.1482009755413295,-0.05016895837370394
2023-10-07,-0.034254864389005935,-0.10157100520905715,-0.01844560786390126,-0.09893802320599143,-0.1482009755413295,-0.05016895837370394
2023-10-08,-0.034254864389005935,-0.10157100520905715,-0.01844560786390126,-0.09893802320599143,-0.1482009755413295,-0.05016895837370394
2023-10-09,-0.034254864389005935,-0.10157100520905715,-0.01844560786390126,-0.09893802320599143,-0.1482009755413295,-0.05016895837370394
2023-10-10,-0.034254864389005935,-0.10157100520905715,-0.01844560786390126,-0.09893802320599143,-0.1482009755413295,-0.05016895837370394
2023-10-11,-0.034254864389005935,-0.10157100520905715,-0.01844560786390126,-0.09893802320599143,-0.1482009755413295,-0.05016895837370394
2023-10-12,-0.034254864389005935,-0.10157100520905715,-0.01844560786390126,-0.09893802320599143,-0.1482009755413295,-0.05016895837370394
2023-10-13,-0.034254864389005935,-0.10157100520905715,-0.01844560786390126,-0.09893802320599143,-0.1482009755413295,-0.05016895837370394
2023-10-14,-0.034254864389005935,-0.10157100520905715,-0.01844560786390126,-0.09893802320599143,-0.1482009755413295,-0.05016895837370394
2023-10-15,-0.034254864389005935,-0.10157100520905715,-0.01844560786390126,-0.09893802320599143,-0.1482009755413295,-0.05016895837370394
2023-10-16,-0.034254864389005935,-0.10157100520905715,-0.01844560786390126,-0.09893802320599143,-0.1482009755413295,-0.05016895837370394
2023-10-17,-0.034254864389005935,-0.10157100520905715,-0.01844560786390126,-0.09893802320599143,-0.1482009755413295,-0.05016895837370394
2023-10-18,-0.034254864389005935,-0.10157100520905715,-0.01844560786390126,-0.09893802320599143,-0.1482009755413295,-0.05016895837370394
2023-10-19,-0.034254864389005935,-0.10157100520905715,-0.01844560786390126,-0.09893802320599143,-0.1482009755413295,-0.05016895837370394
2023-10-20,-0.034254864389005935,-0.10157100520905715,-0.01844560786390126,-0.09893802320599143,-0.1482009755413295,-0.05016895837370394
2023-10-21,-0.034254864389005935,-0.10157100520905715,-0.01844560786390126,-0.09893802320599143,-0.1482009755413295,-0.05016895837370394
2023-10-22,-0.034254864389005935,-0.10157100520905715,-0.01844560786390126,-0.09893802320599143,-0.1482009755413295,-0.05016895837370394
2023-10-23,-0.034254864389005935,-0.10157100520905715,-0.01844560786390126,-0.09893802320599143,-0.1482009755413295,-0.05016895837370394
2023-10-24,-0.034254864389005935,-0.10157100520905715,-0.01844560786390126,-0.09893802320599143,-0.1482009755413295,-0.05016895837370394
2023-10-25,-0.034254864389005935,-0.10157100520905715,-0.01844560786390126,-0.09893802320599143,-0.1482009755413295,-0.05016895837370394
2023-10-26,-0.034254864389005935,-0.10157100520905715,-0.01844560786390126,-0.09893802320599143,-0.1482009755413295,-0.05016895837370394
2023-10-27,-0.034254864389005935,-0.10157100520905715,-0.01844560786390126,-0.09893802320599143,-0.1482009755413295,-0.05016895837370394
2023-10-28,-0.034254864389005935,-0.10157100520905715,-0.01844560786390126,-0.09893802320599143,-0.1482009755413295,-0.05016895837370394
2023-10-29,-0.034254864389005935,-0.10157100520905715,-0.01844560786390126,-0.09893802320599143,-0.1482009755413295,-0.05016895837370394
2023-10-30,-0.034254864389005935,-0.10157100520905715,-0.01844560786390126,-0.09893802320599143,-0.1482009755413295,-0.05016895837370394
2023-10-31,-0.034254864389005935,-0.10157100520905715,-0.01844560786390126,-0.09893802320599143,-0.1482009755413295,-0.05016895837370394
2023-11-01,-0.034254864389005935,-0.10157100520905715,-0.01844560786390126,-0.09893802320599143,-0.1482009755413295,-0.05016895837370394
2023-11-02,-0.034254864389005935,-0.10157100520905715,-0.01844560786390126,-0.09893802320599143,-0.1482009755413295,-0.05016895837370394
2023-11-03,-0.024986689195743872,-0.09294885738207292,-0.009025712559662669,-0.09029060687121437,-0.14002633163474842,-0.041053509407738664
2023-11-04,-0.012065373854980299,-0.08092820729033368,0.0,-0.07823472844697454,-0.1286295734258428,-0.02834511880162438
2023-11-05,0.0,-0.047799563009592094,0.0,-0.04500899566543548,-0.09722036129713096,0.0
2023-11-06,0.0,-0.002737556886653003,0.0,0.0,-0.0544971488026349,0.0
2023-11-07,-0.00911836219788209,-0.011830957049305368,-0.00911836219788209,-0.00911836219788209,-0.0631185862589827,-0.00911836219788209
2023-11-08,0.0,0.0,0.0,0.0,-0.021974100525371965,0.0
2023-11-09,0.0,0.0,0.0,0.0,-0.01969249237501758,0.0
2023-11-10,0.0,0.0,0.0,0.0,0.0,0.0
2023-11-11,0.0,0.0,0.0,0.0,0.0,0.0
2023-11-12,-0.009003297339315708,-0.009003297339315708,-0.009003297339315708,-0.009003297339315708,-0.009003297339315708,-0.009003297339315819
2023-11-13,-0.060450696791253145,-0.060450696791253256,-0.060450696791253256,-0.060450696791253145,-0.060450696791253256,-0.060450696791253256
2023-11-14,-0.0736313400751456,-0.07363134007514571,-0.07363134007514571,-0.07363134007514571,-0.07363134007514582,-0.07363134007514582
2023-11-15,-0.005422023001007026,-0.005422023001007137,-0.005422023001007026,-0.005422023001007137,-0.005422023001007248,-0.005422023001007248
2023-11-16,-0.0709543171408703,-0.07095431714087042,-0.0709543171408703,-0.07095431714087042,-0.07095431714087053,-0.07095431714087064
2023-11-17,-0.06778473162456145,-0.06778473162456145,-0.06778473162456133,-0.06778473162456145,-0.06778473162456156,-0.06778473162456156
2023-11-18,-0.06793437606487307,-0.06793437606487307,-0.06793437606487296,-0.06793437606487296,-0.06793437606487318,-0.06793437606487318
2023-11-19,-0.027906912326149613,-0.027906912326149613,-0.02790691232614939,-0.027906912326149502,-0.027906912326149724,-0.027906912326149613
2023-11-20,-0.059704697296704246,-0.05970469729670436,-0.059704697296704135,-0.05970469729670436,-0.05970469729670447,-0.05970469729670436
2023-11-21,-0.1217129446474704,-0.12171294464747051,-0.12171294464747029,-0.12171294464747051,-0.12171294464747062,-0.12171294464747051
2023-11-22,-0.06340491543260074,-0.12346951875817558,-0.06340491543260052,-0.06340491543260063,-0.06340491543260074,-0.12346951875817558
2023-11-23,-0.06078857208213628,-0.12346951875817558,-0.06078857208213606,-0.06078857208213628,-0.06078857208213628,-0.12346951875817558
2023-11-24,-0.05347381356931169,-0.12346951875817558,-0.05347381356931158,-0.05347381356931169,-0.0534738135693118,-0.12346951875817558
2023-11-25,-0.041372233443700224,-0.12346951875817558,-0.0413722334437,-0.04137223344370011,-0.041372233443700335,-0.12346951875817558
2023-11-26,-0.05059744006302447,-0.12346951875817558,-0.050597440063024135,-0.05059744006302436,-0.05059744006302447,-0.12346951875817558
2023-11-27,-0.07498952633965306,-0.12346951875817558,-0.07498952633965283,-0.07498952633965295,-0.07498952633965306,-0.12346951875817558
2023-11-28,-0.05483961077583799,-0.12346951875817558,-0.054839610775837544,-0.054839610775837766,-0.05483961077583788,-0.12346951875817558
2023-11-29,-0.05107532389766145,-0.12346951875817558,-0.05107532389766112,-0.05107532389766123,-0.05107532389766145,-0.12346951875817558
2023-11-30,-0.053388441715920276,-0.12346951875817558,-0.052973173249865835,-0.053388441715920165,-0.053388441715920276,-0.12346951875817558
2023-12-01,-0.03372229216427414,-0.10613987655466439,-0.03424976725780593,-0.033722292164273915,-0.03372229216427425,-0.10613987655466439
2023-12-02,0.0,-0.0710488542031017,0.0,0.0,0.0,-0.0710488542031017
2023-12-03,-0.006070977174184478,-0.07668849540516709,-0.0060709771741842555,-0.0060709771741843666,-0.0060709771741843666,-0.07668849540516709
2023-12-04,0.0,-0.046350714150472316,0.0,0.0,0.0,-0.04635071415047243
2023-12-05,0.0,-0.020357869807011708,0.0,0.0,0.0,-0.020357869807011708
2023-12-06,0.0,-0.017790524919541806,0.0,0.0,0.0,-0.017790524919541695
2023-12-07,0.0,-2.9221340258622774e-07,0.0,0.0,0.0,-2.9221340247520544e-07
2023-12-08,0.0,0.0,0.0,0.0,0.0,0.0
2023-12-09,-0.018165231463491915,-0.018165231463492026,-0.018165231463491915,-0.018165231463492026,-0.018165231463491915,-0.018165231463491915
2023-12-10,0.0,0.0,0.0,0.0,0.0,0.0
2023-12-11,-0.05779880796886949,-0.05779880796886938,-0.05779880796886949,-0.0577988079688696,-0.05779880796886949,-0.05779880796886938
2023-12-12,-0.06635184493125834,-0.06635184493125823,-0.06635184493125834,-0.06635184493125856,-0.06635184493125845,-0.06635184493125834
2023-12-13,-0.038590843029235655,-0.03859084302923543,-0.038590843029235655,-0.03859084302923588,-0.038590843029235655,-0.03859084302923543
2023-12-14,-0.014967246715960947,-0.014967246715960836,-0.014967246715961058,-0.014967246715961169,-0.014967246715961169,-0.014967246715960836
2023-12-15,-0.052893218649892604,-0.05289321864989238,-0.052893218649892604,-0.052893218649892715,-0.052893218649892604,-0.05289321864989238
2023-12-16,-0.016496280424694754,-0.054787432212592635,-0.016496280424694643,-0.016496280424694865,-0.016496280424694865,-0.016496280424694643
2023-12-17,-0.05939122319157952,-0.054787432212592635,-0.059391223191579634,-0.059391223191579856,-0.059391223191579745,-0.05939122319157952
2023-12-18,-0.02853953937881748,-0.054787432212592635,-0.02853953937881748,-0.028539539378817702,-0.02853953937881759,-0.06127244074519633
2023-12-19,-0.056068404693566776,-0.054787432212592635,-0.05606840469356689,-0.05606840469356689,-0.056068404693566776,-0.06127244074519633
2023-12-20,-0.012969313717692277,-0.054787432212592635,-0.057956267884179735,-0.012969313717692499,-0.012969313717692499,-0.06127244074519633
2023-12-21,0.0,-0.054787432212592635,-0.057956267884179735,0.0,0.0,-0.06127244074519633
2023-12-22,0.0,-0.054787432212592635,-0.057956267884179735,0.0,0.0,-0.06127244074519633
2023-12-23,0.0,-0.054787432212592635,-0.057956267884179735,0.0,0.0,-0.06127244074519633
2023-12-24,-0.021847629529935908,-0.054787432212592635,-0.057956267884179735,-0.02184762952993613,-0.02184762952993602,-0.06127244074519633
2023-12-25,-0.003721596453275522,-0.054787432212592635,-0.057956267884179735,-0.003721596453275633,-0.003721596453275522,-0.06127244074519633
2023-12-26,-0.03978145594559368,-0.054787432212592635,-0.057956267884179735,-0.03978145594559368,-0.03978145594559357,-0.06127244074519633
2023-12-27,-0.002134746691118128,-0.054787432212592635,-0.057956267884179735,-0.04170189303370242,-0.002134746691118128,-0.06127244074519633
2023-12-28,-0.04069015784583019,-0.054787432212592635,-0.057956267884179735,-0.04170189303370242,-0.04069015784583019,-0.06127244074519633
2023-12-29,-0.06111904877574992,-0.054787432212592635,-0.057956267884179735,-0.04170189303370242,-0.06111904877574992,-0.06127244074519633
2023-12-30,-0.07632139532594917,-0.054787432212592635,-0.057956267884179735,-0.04170189303370242,-0.07632139532594906,-0.06127244074519633
2023-12-31,-0.09087783334509203,-0.054787432212592635,-0.057956267884179735,-0.04170189303370242,-0.09087783334509203,-0.06127244074519633
2024-01-01,-0.04677419038858999,-0.054787432212592635,-0.057956267884179735,-0.04170189303370242,-0.04677419038858999,-0.06127244074519633
2024-01-02,-0.07374550719766315,-0.054787432212592635,-0.057956267884179735,-0.04170189303370242,-0.07374550719766315,-0.06127244074519633
2024-01-03,-0.1261386221587112,-0.054787432212592635,-0.057956267884179735,-0.04170189303370242,-0.12613862215871108,-0.06127244074519633
2024-01-04,-0.0985438848372262,-0.054787432212592635,-0.057956267884179735,-0.04170189303370242,-0.12788634491439366,-0.06127244074519633
2024-01-05,-0.12487025698725251,-0.054787432212592635,-0.057956267884179735,-0.04170189303370242,-0.12788634491439366,-0.06127244074519633
2024-01-06,-0.16062962832020666,-0.054787432212592635,-0.057956267884179735,-0.04170189303370242,-0.12788634491439366,-0.06127244074519633
2024-01-07,-0.18573481459201802,-0.054787432212592635,-0.057956267884179735,-0.04170189303370242,-0.12788634491439366,-0.06127244074519633
2024-01-08,-0.1446068601774393,-0.054787432212592635,-0.057956267884179735,-0.04170189303370242,-0.12788634491439366,-0.06127244074519633
2024-01-09,-0.1619929645610989,-0.054787432212592635,-0.057956267884179735,-0.04170189303370242,-0.12788634491439366,-0.06127244074519633
2024-01-10,-0.10448236353937301,-0.054787432212592635,-0.057956267884179735,-0.04170189303370242,-0.12788634491439366,-0.06127244074519633
2024-01-11,-0.09714722224065764,-0.054787432212592635,-0.057956267884179735,-0.04170189303370242,-0.12788634491439366,-0.06127244074519633
2024-01-12,-0.14195355930653808,-0.09989215693376963,-0.10290977851286098,-0.08743104834605708,-0.16950285286063915,-0.10606770647836794
2024-01-13,-0.1323498896226908,-0.10169237261990205,-0.0928691119997418,-0.08925618624936504,-0.16020752815996442,-0.1078555710654111
2024-01-14,-0.16174038585591477,-0.10169237261990205,-0.12359696718922464,-0.08925618624936504,-0.18865438385110378,-0.1078555710654111
2024-01-15,-0.14030034792721824,-0.10169237261990205,-0.1253497732548462,-0.08925618624936504,-0.16790272113229843,-0.1078555710654111
2024-01-16,-0.13750856781499954,-0.10169237261990205,-0.1253497732548462,-0.08925618624936504,-0.1695669156900338,-0.1078555710654111
2024-01-17,-0.15693779424361387,-0.10169237261990205,-0.1253497732548462,-0.08925618624936504,-0.1695669156900338,-0.1078555710654111
2024-01-18,-0.19364235865848178,-0.10169237261990205,-0.1253497732548462,-0.08925618624936504,-0.1695669156900338,-0.1078555710654111
2024-01-19,-0.1853221058116281,-0.10169237261990205,-0.1253497732548462,-0.08925618624936504,-0.1695669156900338,-0.1078555710654111
2024-01-20,-0.1544258324155685,-0.10169237261990205,-0.1253497732548462,-0.08925618624936504,-0.1695669156900338,-0.1078555710654111
2024-01-21,-0.17116469350182506,-0.10169237261990205,-0.1253497732548462,-0.08925618624936504,-0.1695669156900338,-0.1078555710654111
2024-01-22,-0.21412700208275626,-0.10169237261990205,-0.1253497732548462,-0.08925618624936504,-0.1695669156900338,-0.1078555710654111
2024-01-23,-0.2261851736598216,-0.10169237261990205,-0.1253497732548462,-0.08925618624936504,-0.1695669156900338,-0.1078555710654111
2024-01-24,-0.2109673883008436,-0.10169237261990205,-0.1253497732548462,-0.08925618624936504,-0.1695669156900338,-0.1078555710654111
2024-01-25,-0.22133619102448832,-0.10169237261990205,-0.1253497732548462,-0.08925618624936504,-0.1695669156900338,-0.1078555710654111
2024-01-26,-0.16546682859610906,-0.10169237261990205,-0.1253497732548462,-0.08925618624936504,-0.1695669156900338,-0.1078555710654111
2024-01-27,-0.1729560113916344,-0.10169237261990205,-0.1253497732548462,-0.08925618624936504,-0.1695669156900338,-0.1078555710654111
2024-01-28,-0.18323630464871055,-0.10169237261990205,-0.1253497732548462,-0.08925618624936504,-0.1695669156900338,-0.1078555710654111
2024-01-29,-0.14014754479346925,-0.10169237261990205,-0.1253497732548462,-0.08925618624936504,-0.1695669156900338,-0.1078555710654111
2024-01-30,-0.1542826838682071,-0.10169237261990205,-0.1253497732548462,-0.08925618624936504,-0.1695669156900338,-0.1078555710654111
2024-01-31,-0.1729045550913958,-0.10169237261990205,-0.1253497732548462,-0.08925618624936504,-0.1695669156900338,-0.1078555710654111
2024-02-01,-0.1655676027748363,-0.10169237261990205,-0.1253497732548462,-0.08925618624936504,-0.1695669156900338,-0.1078555710654111
2024-02-02,-0.16920511217744316,-0.10169237261990205,-0.1253497732548462,-0.08925618624936504,-0.1695669156900338,-0.1078555710654111
2024-02-03,-0.17072886935198484,-0.10169237261990205,-0.1253497732548462,-0.08925618624936504,-0.1695669156900338,-0.1078555710654111
2024-02-04,-0.18125450444481006,-0.10169237261990205,-0.1253497732548462,-0.08925618624936504,-0.1695669156900338,-0.1078555710654111
2024-02-05,-0.16655745692676371,-0.10169237261990205,-0.1253497732548462,-0.08925618624936504,-0.1695669156900338,-0.1078555710654111
2024-02-06,-0.1632928428900733,-0.10169237261990205,-0.1253497732548462,-0.08925618624936504,-0.1695669156900338,-0.1078555710654111
2024-02-07,-0.1432291538472098,-0.10169237261990205,-0.1253497732548462,-0.08925618624936504,-0.1695669156900338,-0.1078555710654111
2024-02-08,-0.14080772913055772,-0.10169237261990205,-0.1253497732548462,-0.08925618624936504,-0.1695669156900338,-0.1078555710654111
2024-02-09,-0.10401240919574473,-0.06322191883441153,-0.0878924589664184,-0.05025314683457205,-0.1695669156900338,-0.06964905920108655
2024-02-10,-0.0979206462482598,-0.056852823923467244,-0.08169109749711223,-0.04379587806323748,-0.1695669156900338,-0.06332366201089856
2024-02-11,-0.0880622409664863,-0.0465456075311923,-0.07165532703292576,-0.033345968388495795,-0.1695669156900338,-0.053087162395493936
2024-02-12,-0.059241416340734876,-0.01641269378593957,-0.04231597931231945,-0.0027958940628344253,-0.1695669156900338,-0.02316098754624163
2024-02-13,-0.06416585240042594,-0.021561318398786167,-0.0473290122063913,-0.008015796324100877,-0.1695669156900338,-0.02827428796251774
2024-02-14,-0.036279981781772386,0.0,-0.018941439498236012,0.0,-0.1695669156900338,0.0
2024-02-15,-0.031084472247500217,0.0,-0.013652456174853334,0.0,-0.1695669156900338,0.0
2024-02-16,-0.03789356715964043,-0.0070275423575205664,-0.02058405531832108,-0.0070275423575206775,-0.1695669156900338,-0.0070275423575206775
2024-02-17,-0.04525210008493041,-0.014622149642181337,-0.028074977559862768,-0.014622149642181337,-0.1695669156900338,-0.014622149642181448
2024-02-18,-0.03806212795212005,-0.007201510869379257,-0.020755648732695753,-0.007201510869379257,-0.1695669156900338,-0.007201510869379257
2024-02-19,-0.04278874614937245,-0.012079767086632942,-0.025567304770733768,-0.012079767086633053,-0.1695669156900338,-0.012079767086633053
2024-02-20,-0.0512310280160726,-0.02079289183785127,-0.034161473968140066,-0.0207928918378516,-0.1695669156900338,-0.02079289183785149
2024-02-21,-0.05424583044412257,-0.02390441429950818,-0.03723051650575204,-0.023904414299508403,-0.1695669156900338,-0.02390441429950818
2024-02-22,-0.06294542138804815,-0.03288310304454789,-0.04608662409619246,-0.03288310304454822,-0.1695669156900338,-0.032883103044548
2024-02-23,-0.09517191638055456,-0.06614347927905728,-0.07889291450180091,-0.0661434792790575,-0.1977246207418656,-0.0661434792790574
2024-02-24,-0.0812703707343242,-0.05179594820121758,-0.06474126246321898,-0.0517959482012178,-0.18539866843389718,-0.05179594820121769
2024-02-25,-0.06503873452490971,-0.05369235630481517,-0.04821759858453567,-0.035043573257794725,-0.17100671671219858,-0.035043573257794614
2024-02-26,-0.04409647654348359,-0.05369235630481517,-0.026898562888981514,-0.013429451715121332,-0.15243804243170767,-0.01342945171512111
2024-02-27,-0.06028777987266609,-0.05369235630481517,-0.043381168247894175,-0.030140199830325787,-0.166794232579058,-0.030140199830325676
2024-02-28,-0.043191004677087697,-0.05369235630481517,-0.025976800438240244,-0.012494930757967926,-0.15163519623564958,-0.012494930757967815
2024-02-29,-0.044156261183845746,-0.05369235630481517,-0.02695942313065447,-0.013491154349303036,-0.15249105111467032,-0.013491154349303036
2024-03-01,-0.014028984712922576,-0.05369235630481517,0.0,0.0,-0.1257783831567535,0.0
2024-03-02,0.0,-0.05369235630481517,0.0,0.0,-0.1073560805398095,0.0
2024-03-03,0.0,-0.05369235630481517,0.0,0.0,-0.09655228444771247,0.0
2024-03-04,-0.011150363408796271,-0.05369235630481517,-0.011150363408796382,-0.011150363408796271,-0.1066260547969673,-0.011150363408796382
2024-03-05,-0.08640951458786383,-0.05369235630481517,-0.08640951458786394,-0.08640951458786372,-0.17461876300410017,-0.08640951458786383
2024-03-06,0.0,-0.05369235630481517,0.0,0.0,-0.09377235720122667,0.0
2024-03-07,0.0,-0.05369235630481517,0.0,0.0,-0.039886760682740774,0.0
2024-03-08,0.0,-0.01569209820370887,0.0,0.0,-0.0013344060530160462,0.0
2024-03-09,0.0,-0.009251732886710329,0.0,0.0,0.0,0.0
2024-03-10,0.0,-0.0054678332450436296,0.0,0.0,0.0,0.0
2024-03-11,0.0,0.0,0.0,0.0,0.0,0.0
2024-03-12,-0.01891213247633894,-0.01891213247633894,-0.01891213247633905,-0.018912132476338828,-0.018912132476338828,-0.01891213247633894
2024-03-13,0.0,0.0,0.0,0.0,0.0,0.0
2024-03-14,-0.013009986495505443,-0.013009986495505443,-0.013009986495505443,-0.013009986495505443,-0.013009986495505443,-0.013009986495505443
2024-03-15,-0.043831602078637566,-0.043831602078637566,-0.043831602078637566,-0.043831602078637566,-0.043831602078637566,-0.043831602078637566
2024-03-16,-0.13729425202539647,-0.13729425202539658,-0.13729425202539647,-0.13729425202539647,-0.13729425202539647,-0.13729425202539658
2024-03-17,-0.10096220765363195,-0.13901966352134576,-0.10096220765363184,-0.10096220765363184,-0.10096220765363184,-0.13901966352134587
2024-03-18,-0.13525498660183544,-0.13901966352134576,-0.13525498660183544,-0.13525498660183544,-0.13525498660183544,-0.13901966352134587
2024-03-19,-0.21373068741927503,-0.13901966352134576,-0.13698447662863178,-0.21373068741927492,-0.21373068741927492,-0.13901966352134587
2024-03-20,-0.12514422283745863,-0.13901966352134576,-0.13698447662863178,-0.12514422283745863,-0.12514422283745874,-0.13901966352134587
2024-03-21,-0.12164211616509657,-0.13901966352134576,-0.13698447662863178,-0.12164211616509668,-0.12164211616509668,-0.13901966352134587
2024-03-22,-0.12236649545068856,-0.13901966352134576,-0.13698447662863178,-0.12236649545068856,-0.12236649545068867,-0.13901966352134587
2024-03-23,-0.10165017283390854,-0.13901966352134576,-0.13698447662863178,-0.10165017283390854,-0.10165017283390865,-0.13901966352134587
2024-03-24,-0.059580849892062915,-0.13901966352134576,-0.13698447662863178,-0.059580849892063026,-0.05958084989206325,-0.13901966352134587
2024-03-25,-0.023770937363021716,-0.13901966352134576,-0.13698447662863178,-0.023770937363021827,-0.02377093736302205,-0.13901966352134587
2024-03-26,-0.017713375387587438,-0.13901966352134576,-0.13698447662863178,-0.01771337538758755,-0.01771337538758777,-0.13901966352134587
2024-03-27,-0.027687575518844598,-0.13901966352134576,-0.13698447662863178,-0.02768757551884471,-0.02768757551884493,-0.13901966352134587
2024-03-28,0.0,-0.13901966352134576,-0.13698447662863178,0.0,0.0,-0.13901966352134587
2024-03-29,-0.0010775773358655538,-0.13901966352134576,-0.13698447662863178,-0.0010775773358655538,-0.0010775773358654428,-0.13901966352134587
2024-03-30,-0.014577718015921781,-0.13901966352134576,-0.13698447662863178,-0.014577718015921781,-0.01457771801592167,-0.13901966352134587
2024-03-31,0.0,-0.13901966352134576,-0.13698447662863178,0.0,0.0,-0.13901966352134587
2024-04-01,-0.046743486760281394,-0.13901966352134576,-0.13698447662863178,-0.046743486760281394,-0.046743486760281394,-0.13901966352134587
2024-04-02,-0.11585935216684462,-0.13901966352134576,-0.13698447662863178,-0.04864999978676077,-0.11585935216684462,-0.13901966352134587
2024-04-03,-0.10649846478627689,-0.13901966352134576,-0.13698447662863178,-0.04864999978676077,-0.10649846478627678,-0.13901966352134587
2024-04-04,-0.07437575822006681,-0.13901966352134576,-0.13698447662863178,-0.04864999978676077,-0.10828546785670423,-0.13901966352134587
2024-04-05,-0.08818508729573282,-0.13901966352134576,-0.1506320452906077,-0.04864999978676077,-0.1223868773617921,-0.15263504811234496
2024-04-06,-0.06285906522383389,-0.13901966352134576,-0.12704051232879643,-0.04864999978676077,-0.12414210360706857,-0.12909914935103506
2024-04-07,-0.052847662029384734,-0.13901966352134576,-0.11771475450605917,-0.04864999978676077,-0.12414210360706857,-0.11979538378634114
2024-04-08,-0.0375639501650713,-0.13901966352134576,-0.10347776966879763,-0.04864999978676077,-0.12414210360706857,-0.1055919729974576
2024-04-09,-0.07065973101048184,-0.13901966352134576,-0.1343069382802281,-0.04864999978676077,-0.12414210360706857,-0.13634843941736063
2024-04-10,-0.05300350569783996,-0.13901966352134576,-0.1360383244036677,-0.04864999978676077,-0.12414210360706857,-0.11994021193159576
2024-04-11,-0.06338767750898533,-0.13901966352134576,-0.1360383244036677,-0.04864999978676077,-0.12414210360706857,-0.12959039764861546
2024-04-12,-0.12924947499083606,-0.13901966352134576,-0.1360383244036677,-0.04864999978676077,-0.12414210360706857,-0.19079687505632126
2024-04-13,-0.20463301799931066,-0.13901966352134576,-0.1360383244036677,-0.04864999978676077,-0.12414210360706857,-0.19241528130620855
2024-04-14,-0.17005012675788334,-0.13901966352134576,-0.1360383244036677,-0.04864999978676077,-0.12414210360706857,-0.19241528130620855
2024-04-15,-0.19285232345021264,-0.13901966352134576,-0.1360383244036677,-0.04864999978676077,-0.12414210360706857,-0.19241528130620855
2024-04-16,-0.1990253393778325,-0.13901966352134576,-0.1360383244036677,-0.04864999978676077,-0.12414210360706857,-0.19241528130620855
2024-04-17,-0.22112485591129216,-0.13901966352134576,-0.1360383244036677,-0.04864999978676077,-0.12414210360706857,-0.19241528130620855
2024-04-18,-0.19626781839519136,-0.13901966352134576,-0.1360383244036677,-0.04864999978676077,-0.12414210360706857,-0.19241528130620855
2024-04-19,-0.19867160533917538,-0.13901966352134576,-0.1360383244036677,-0.04864999978676077,-0.12414210360706857,-0.19241528130620855
2024-04-20,-0.16194637510049403,-0.13901966352134576,-0.1360383244036677,-0.04864999978676077,-0.12414210360706857,-0.19241528130620855
2024-04-21,-0.16450557408401634,-0.13901966352134576,-0.1360383244036677,-0.04864999978676077,-0.12414210360706857,-0.19241528130620855
2024-04-22,-0.14178093677599168,-0.13901966352134576,-0.1360383244036677,-0.04864999978676077,-0.12414210360706857,-0.19241528130620855
2024-04-23,-0.1491765458798039,-0.13901966352134576,-0.1360383244036677,-0.04864999978676077,-0.12414210360706857,-0.19241528130620855
2024-04-24,-0.173012038515586,-0.13901966352134576,-0.1360383244036677,-0.04864999978676077,-0.12414210360706857,-0.19241528130620855
2024-04-25,-0.17508772418204033,-0.13901966352134576,-0.1360383244036677,-0.04864999978676077,-0.12414210360706857,-0.19241528130620855
2024-04-26,-0.19248944396290057,-0.13901966352134576,-0.1360383244036677,-0.04864999978676077,-0.12414210360706857,-0.19241528130620855
2024-04-27,-0.1937660636875902,-0.13901966352134576,-0.1360383244036677,-0.04864999978676077,-0.12414210360706857,-0.19241528130620855
2024-04-28,-0.19818310438890374,-0.13901966352134576,-0.1360383244036677,-0.04864999978676077,-0.12414210360706857,-0.19241528130620855
2024-04-29,-0.20305489703919866,-0.13901966352134576,-0.1360383244036677,-0.04864999978676077,-0.12414210360706857,-0.19241528130620855
2024-04-30,-0.24291527378681166,-0.13901966352134576,-0.1360383244036677,-0.04864999978676077,-0.12414210360706857,-0.19241528130620855
2024-05-01,-0.2563322262664175,-0.13901966352134576,-0.1360383244036677,-0.04864999978676077,-0.12414210360706857,-0.19241528130620855
2024-05-02,-0.24595514180705402,-0.13901966352134576,-0.1360383244036677,-0.04864999978676077,-0.12414210360706857,-0.19241528130620855
2024-05-03,-0.19893711639716571,-0.13901966352134576,-0.1360383244036677,-0.04864999978676077,-0.12414210360706857,-0.19241528130620855
2024-05-04,-0.18252755957779887,-0.13901966352134576,-0.1360383244036677,-0.04864999978676077,-0.12414210360706857,-0.19241528130620855
2024-05-05,-0.17851037538412895,-0.13901966352134576,-0.1360383244036677,-0.04864999978676077,-0.12414210360706857,-0.19241528130620855
2024-05-06,-0.1898397028154859,-0.13901966352134576,-0.1360383244036677,-0.04864999978676077,-0.12414210360706857,-0.19241528130620855
2024-05-07,-0.21075267222194738,-0.13901966352134576,-0.1360383244036677,-0.04864999978676077,-0.12414210360706857,-0.19241528130620855
2024-05-08,-0.22287459234517926,-0.13901966352134576,-0.1360383244036677,-0.04864999978676077,-0.12414210360706857,-0.19241528130620855
2024-05-09,-0.19113916060352287,-0.13901966352134576,-0.1360383244036677,-0.04864999978676077,-0.12414210360706857,-0.19241528130620855
2024-05-10,-0.21283699468624273,-0.13901966352134576,-0.1360383244036677,-0.04864999978676077,-0.12414210360706857,-0.19241528130620855
2024-05-11,-0.2094216577581447,-0.13901966352134576,-0.1360383244036677,-0.04864999978676077,-0.12414210360706857,-0.19241528130620855
2024-05-12,-0.2103804758375144,-0.13901966352134576,-0.1360383244036677,-0.04864999978676077,-0.12414210360706857,-0.19241528130620855
2024-05-13,-0.1921141783824356,-0.13901966352134576,-0.1360383244036677,-0.04864999978676077,-0.12414210360706857,-0.19241528130620855
2024-05-14,-0.20751518558182236,-0.13901966352134576,-0.1360383244036677,-0.04864999978676077,-0.12414210360706857,-0.19241528130620855
2024-05-15,-0.16141489570770418,-0.13901966352134576,-0.1360383244036677,-0.04864999978676077,-0.12414210360706857,-0.19241528130620855
2024-05-16,-0.17938364319621125,-0.13901966352134576,-0.1360383244036677,-0.04864999978676077,-0.12414210360706857,-0.19241528130620855
2024-05-17,-0.166823734194382,-0.12627453596771254,-0.12324906396368907,-0.034567126360803835,-0.11117674291829793,-0.1804605712924886
2024-05-18,-0.17535713891671112,-0.13522324623082016,-0.13222876115974946,-0.044455105388913285,-0.12028008502078003,-0.18885430730980712
2024-05-19,-0.18986465969095612,-0.1504368220858392,-0.147495017461574,-0.06126551879755371,-0.13575654828066042,-0.20312437929246374
2024-05-20,-0.13300363640920898,-0.09080847453064611,-0.0876601932685801,0.0,-0.07509783536663706,-0.14719401683670041
2024-05-21,-0.13709531342360348,-0.09509928614493912,-0.09196586278841434,-0.004719370445163351,-0.07946279130707534,-0.15121872418909976
2024-05-22,-0.14203406803588192,-0.1002784011083041,-0.09716291160854829,-0.010415766439056173,-0.08473140029243575,-0.15607664477515903
2024-05-23,-0.16769081278768794,-0.12718381372486987,-0.12416149030070545,-0.04000844505831225,-0.11210173280468505,-0.1813134581594894
2024-05-24,-0.15767106115675988,-0.11667641870833523,-0.11361771105277729,-0.02845158962995764,-0.101412772202645,-0.17145770270363525
2024-05-25,-0.14077302838086447,-0.09895598890939439,-0.09583592025834886,-0.008961274000593655,-0.08338613708765874,-0.15483624492117232
2024-05-26,-0.15906443058885744,-0.118137600937825,-0.11508395295616936,-0.030058712209257488,-0.10289920335507052,-0.17282826645493887
2024-05-27,-0.1468011301753862,-0.10527746763341894,-0.10217928853199854,-0.01591413106859274,-0.0898168496402374,-0.1607656830288412
2024-05-28,-0.1491134519527394,-0.10770232597471652,-0.10461254349366178,-0.018581180060328273,-0.09228360902587684,-0.16304015836638297
2024-05-29,-0.15224628442420252,-0.11098762779763605,-0.10790922141708348,-0.02219461213804541,-0.09562568017631312,-0.16612171486201444
2024-05-30,-0.16382601599470636,-0.12313092418645588,-0.12009456671574215,-0.035550759933803966,-0.10797881018377331,-0.17751191761425056
2024-05-31,-0.16337756020054428,-0.12488466233808304,-0.11962265692493412,-0.03503350771338554,-0.1075004024854469,-0.1770708018258732
2024-06-01,-0.16216799773423407,-0.12488466233808304,-0.1183498349927028,-0.03363838944402997,-0.10621005457820032,-0.17588103661854637
2024-06-02,-0.1682690447963131,-0.12488466233808304,-0.12476996353213876,-0.04067538212161248,-0.11271858433820536,-0.18188222607746496
2024-06-03,-0.17090155609691582,-0.12488466233808304,-0.1275401537567702,-0.04371174007091205,-0.11552691837811413,-0.18351846162531005
2024-06-04,-0.16005248308816666,-0.12488466233808304,-0.12928507344925666,-0.03119833924900306,-0.10395324687100571,-0.18351846162531005
2024-06-05,-0.1481258303299613,-0.12488466233808304,-0.12928507344925666,-0.01744204999675114,-0.09123002516427536,-0.18351846162531005
2024-06-06,-0.15479394125396817,-0.12488466233808304,-0.12928507344925666,-0.02513309831486632,-0.0983434924019998,-0.18351846162531005
2024-06-07,-0.19251232324692036,-0.12488466233808304,-0.12928507344925666,-0.06863775828452978,-0.13858104657958004,-0.18351846162531005
2024-06-08,-0.20216270974372752,-0.12488466233808304,-0.12928507344925666,-0.07976858524306385,-0.14887597252768747,-0.18351846162531005
2024-06-09,-0.1909238705066938,-0.12488466233808304,-0.12928507344925666,-0.06680562517886424,-0.1368865027042535,-0.18351846162531005
2024-06-10,-0.19362875719588923,-0.12488466233808304,-0.12928507344925666,-0.06992546143514633,-0.13977204601099058,-0.18351846162531005
2024-06-11,-0.23233103583278003,-0.12488466233808304,-0.12928507344925666,-0.07178561051227605,-0.1810592102838029,-0.18351846162531005
2024-06-12,-0.2050268177615857,-0.12488466233808304,-0.12928507344925666,-0.07178561051227605,-0.15193137139290247,-0.18351846162531005
2024-06-13,-0.22895906106071007,-0.12488466233808304,-0.12928507344925666,-0.07178561051227605,-0.17746202476290895,-0.18351846162531005
2024-06-14,-0.244017028170602,-0.12488466233808304,-0.12928507344925666,-0.07178561051227605,-0.19352569810663056,-0.18351846162531005
2024-06-15,-0.2348561486845001,-0.12488466233808304,-0.12928507344925666,-0.07178561051227605,-0.19513864671041725,-0.18351846162531005
2024-06-16,-0.23321631310648372,-0.12488466233808304,-0.12928507344925666,-0.07178561051227605,-0.19513864671041725,-0.18351846162531005
2024-06-17,-0.2508811957282049,-0.12488466233808304,-0.12928507344925666,-0.07178561051227605,-0.19513864671041725,-0.18351846162531005
2024-06-18,-0.2817318898273985,-0.12488466233808304,-0.12928507344925666,-0.07178561051227605,-0.19513864671041725,-0.18351846162531005
2024-06-19,-0.2785550050904313,-0.12488466233808304,-0.12928507344925666,-0.07178561051227605,-0.19513864671041725,-0.18351846162531005
2024-06-20,-0.2761725973257624,-0.12488466233808304,-0.12928507344925666,-0.07178561051227605,-0.19513864671041725,-0.18351846162531005
2024-06-21,-0.27837642816578023,-0.12488466233808304,-0.12928507344925666,-0.07178561051227605,-0.19513864671041725,-0.18351846162531005
2024-06-22,-0.2777255058016508,-0.12488466233808304,-0.12928507344925666,-0.07178561051227605,-0.19513864671041725,-0.18351846162531005
2024-06-23,-0.28836564425437994,-0.12488466233808304,-0.12928507344925666,-0.07178561051227605,-0.19513864671041725,-0.18351846162531005
2024-06-24,-0.31144507331357885,-0.12488466233808304,-0.12928507344925666,-0.07178561051227605,-0.19513864671041725,-0.18351846162531005
2024-06-25,-0.29646402317640574,-0.12488466233808304,-0.12928507344925666,-0.07178561051227605,-0.19513864671041725,-0.18351846162531005
2024-06-26,-0.30607343213507965,-0.12488466233808304,-0.12928507344925666,-0.07178561051227605,-0.19513864671041725,-0.18351846162531005
2024-06-27,-0.29530248422903105,-0.12488466233808304,-0.12928507344925666,-0.07178561051227605,-0.19513864671041725,-0.18351846162531005
2024-06-28,-0.29671187926057296,-0.12488466233808304,-0.12928507344925666,-0.07178561051227605,-0.19513864671041725,-0.18351846162531005
2024-06-29,-0.29671187926057296,-0.12488466233808304,-0.12928507344925666,-0.07178561051227605,-0.19513864671041725,-0.18351846162531005
2024-06-30,-0.29671187926057296,-0.12488466233808304,-0.12928507344925666,-0.07178561051227605,-0.19513864671041725,-0.18351846162531005
2024-07-01,-0.29671187926057296,-0.12488466233808304,-0.12928507344925666,-0.07178561051227605,-0.19513864671041725,-0.18351846162531005
2024-07-02,-0.29671187926057296,-0.12488466233808304,-0.12928507344925666,-0.07178561051227605,-0.19513864671041725,-0.18351846162531005
2024-07-03,-0.29671187926057296,-0.12488466233808304,-0.12928507344925666,-0.07178561051227605,-0.19513864671041725,-0.18351846162531005
2024-07-04,-0.29671187926057296,-0.12488466233808304,-0.12928507344925666,-0.07178561051227605,-0.19513864671041725,-0.18351846162531005
2024-07-05,-0.29671187926057296,-0.12488466233808304,-0.12928507344925666,-0.07178561051227605,-0.19513864671041725,-0.18351846162531005
2024-07-06,-0.29671187926057296,-0.12488466233808304,-0.12928507344925666,-0.07178561051227605,-0.19513864671041725,-0.18351846162531005
2024-07-07,-0.29671187926057296,-0.12488466233808304,-0.12928507344925666,-0.07178561051227605,-0.19513864671041725,-0.18351846162531005
2024-07-08,-0.29671187926057296,-0.12488466233808304,-0.12928507344925666,-0.07178561051227605,-0.19513864671041725,-0.18351846162531005
2024-07-09,-0.29671187926057296,-0.12488466233808304,-0.12928507344925666,-0.07178561051227605,-0.19513864671041725,-0.18351846162531005
2024-07-10,-0.29671187926057296,-0.12488466233808304,-0.12928507344925666,-0.07178561051227605,-0.19513864671041725,-0.18351846162531005
2024-07-11,-0.29671187926057296,-0.12488466233808304,-0.12928507344925666,-0.07178561051227605,-0.19513864671041725,-0.18351846162531005
2024-07-12,-0.29671187926057296,-0.12488466233808304,-0.12928507344925666,-0.07178561051227605,-0.19513864671041725,-0.18351846162531005
2024-07-13,-0.29671187926057296,-0.12488466233808304,-0.12928507344925666,-0.07178561051227605,-0.19513864671041725,-0.18351846162531005
2024-07-14,-0.29671187926057296,-0.12488466233808304,-0.12928507344925666,-0.07178561051227605,-0.19513864671041725,-0.18351846162531005
2024-07-15,-0.29671187926057296,-0.12488466233808304,-0.12928507344925666,-0.07178561051227605,-0.19513864671041725,-0.18351846162531005
2024-07-16,-0.29671187926057296,-0.12488466233808304,-0.12928507344925666,-0.07178561051227605,-0.19513864671041725,-0.18351846162531005
2024-07-17,-0.29671187926057296,-0.12488466233808304,-0.12928507344925666,-0.07178561051227605,-0.19513864671041725,-0.18351846162531005
2024-07-18,-0.29671187926057296,-0.12488466233808304,-0.12928507344925666,-0.07178561051227605,-0.19513864671041725,-0.18351846162531005
2024-07-19,-0.29671187926057296,-0.12488466233808304,-0.12928507344925666,-0.07178561051227605,-0.19513864671041725,-0.18351846162531005
2024-07-20,-0.29671187926057296,-0.12488466233808304,-0.12928507344925666,-0.07178561051227605,-0.19513864671041725,-0.18351846162531005
2024-07-21,-0.29671187926057296,-0.12488466233808304,-0.12928507344925666,-0.07178561051227605,-0.19513864671041725,-0.18351846162531005
2024-07-22,-0.29671187926057296,-0.12488466233808304,-0.12928507344925666,-0.07178561051227605,-0.19513864671041725,-0.18351846162531005
2024-07-23,-0.29671187926057296,-0.12488466233808304,-0.12928507344925666,-0.07178561051227605,-0.19513864671041725,-0.18351846162531005
2024-07-24,-0.29671187926057296,-0.12488466233808304,-0.12928507344925666,-0.07178561051227605,-0.19513864671041725,-0.18351846162531005
2024-07-25,-0.29671187926057296,-0.12488466233808304,-0.12928507344925666,-0.07178561051227605,-0.19513864671041725,-0.18351846162531005
2024-07-26,-0.29671187926057296,-0.12488466233808304,-0.12928507344925666,-0.07178561051227605,-0.19513864671041725,-0.18351846162531005
2024-07-27,-0.29671187926057296,-0.12488466233808304,-0.12928507344925666,-0.07178561051227605,-0.19513864671041725,-0.18351846162531005
2024-07-28,-0.29671187926057296,-0.12488466233808304,-0.12928507344925666,-0.07178561051227605,-0.19513864671041725,-0.18351846162531005
2024-07-29,-0.29671187926057296,-0.12488466233808304,-0.12928507344925666,-0.07178561051227605,-0.19513864671041725,-0.18351846162531005
2024-07-30,-0.29671187926057296,-0.12488466233808304,-0.12928507344925666,-0.07178561051227605,-0.19513864671041725,-0.18351846162531005
2024-07-31,-0.29671187926057296,-0.12488466233808304,-0.12928507344925666,-0.07178561051227605,-0.19513864671041725,-0.18351846162531005
2024-08-01,-0.29671187926057296,-0.12488466233808304,-0.12928507344925666,-0.07178561051227605,-0.19513864671041725,-0.18351846162531005
2024-08-02,-0.29671187926057296,-0.12488466233808304,-0.12928507344925666,-0.07178561051227605,-0.19513864671041725,-0.18351846162531005
2024-08-03,-0.29671187926057296,-0.12488466233808304,-0.12928507344925666,-0.07178561051227605,-0.19513864671041725,-0.18351846162531005
2024-08-04,-0.29671187926057296,-0.12488466233808304,-0.12928507344925666,-0.07178561051227605,-0.19513864671041725,-0.18351846162531005
2024-08-05,-0.29671187926057296,-0.12488466233808304,-0.12928507344925666,-0.07178561051227605,-0.19513864671041725,-0.18351846162531005
2024-08-06,-0.29671187926057296,-0.12488466233808304,-0.12928507344925666,-0.07178561051227605,-0.19513864671041725,-0.18351846162531005
2024-08-07,-0.29671187926057296,-0.12488466233808304,-0.12928507344925666,-0.07178561051227605,-0.19513864671041725,-0.18351846162531005
2024-08-08,-0.29671187926057296,-0.12488466233808304,-0.12928507344925666,-0.07178561051227605,-0.19513864671041725,-0.18351846162531005
2024-08-09,-0.29671187926057296,-0.12488466233808304,-0.12928507344925666,-0.07178561051227605,-0.19513864671041725,-0.18351846162531005
2024-08-10,-0.29671187926057296,-0.12488466233808304,-0.12928507344925666,-0.07178561051227605,-0.19513864671041725,-0.18351846162531005
2024-08-11,-0.29671187926057296,-0.12488466233808304,-0.12928507344925666,-0.07178561051227605,-0.19513864671041725,-0.18351846162531005
2024-08-12,-0.29671187926057296,-0.12488466233808304,-0.12928507344925666,-0.07178561051227605,-0.19513864671041725,-0.18351846162531005
2024-08-13,-0.29671187926057296,-0.12488466233808304,-0.12928507344925666,-0.07178561051227605,-0.19513864671041725,-0.18351846162531005
2024-08-14,-0.29671187926057296,-0.12488466233808304,-0.12928507344925666,-0.07178561051227605,-0.19513864671041725,-0.18351846162531005
2024-08-15,-0.29671187926057296,-0.12488466233808304,-0.12928507344925666,-0.07178561051227605,-0.19513864671041725,-0.18351846162531005
2024-08-16,-0.29671187926057296,-0.12488466233808304,-0.12928507344925666,-0.07178561051227605,-0.19513864671041725,-0.18351846162531005
2024-08-17,-0.29671187926057296,-0.12488466233808304,-0.12928507344925666,-0.07178561051227605,-0.19513864671041725,-0.18351846162531005
2024-08-18,-0.29671187926057296,-0.12488466233808304,-0.12928507344925666,-0.07178561051227605,-0.19513864671041725,-0.18351846162531005
2024-08-19,-0.29671187926057296,-0.12488466233808304,-0.12928507344925666,-0.07178561051227605,-0.19513864671041725,-0.18351846162531005
2024-08-20,-0.29671187926057296,-0.12488466233808304,-0.12928507344925666,-0.07178561051227605,-0.19513864671041725,-0.18351846162531005
2024-08-21,-0.29671187926057296,-0.12488466233808304,-0.12928507344925666,-0.07178561051227605,-0.19513864671041725,-0.18351846162531005
2024-08-22,-0.29671187926057296,-0.12488466233808304,-0.12928507344925666,-0.07178561051227605,-0.19513864671041725,-0.18351846162531005
2024-08-23,-0.29671187926057296,-0.12488466233808304,-0.12928507344925666,-0.07178561051227605,-0.19513864671041725,-0.18351846162531005
2024-08-24,-0.29671187926057296,-0.12488466233808304,-0.12928507344925666,-0.07178561051227605,-0.19513864671041725,-0.18351846162531005
2024-08-25,-0.29671187926057296,-0.12488466233808304,-0.12928507344925666,-0.07178561051227605,-0.19513864671041725,-0.18351846162531005
2024-08-26,-0.29671187926057296,-0.12488466233808304,-0.12928507344925666,-0.07178561051227605,-0.19513864671041725,-0.18351846162531005
2024-08-27,-0.29671187926057296,-0.12488466233808304,-0.12928507344925666,-0.07178561051227605,-0.19513864671041725,-0.18351846162531005
2024-08-28,-0.29671187926057296,-0.12488466233808304,-0.12928507344925666,-0.07178561051227605,-0.19513864671041725,-0.18351846162531005
2024-08-29,-0.29671187926057296,-0.12488466233808304,-0.12928507344925666,-0.07178561051227605,-0.19513864671041725,-0.18351846162531005
2024-08-30,-0.29671187926057296,-0.12488466233808304,-0.12928507344925666,-0.07178561051227605,-0.19513864671041725,-0.18351846162531005
2024-08-31,-0.29671187926057296,-0.12488466233808304,-0.12928507344925666,-0.07178561051227605,-0.19513864671041725,-0.18351846162531005
2024-09-01,-0.29671187926057296,-0.12488466233808304,-0.12928507344925666,-0.07178561051227605,-0.19513864671041725,-0.18351846162531005
2024-09-02,-0.29671187926057296,-0.12488466233808304,-0.12928507344925666,-0.07178561051227605,-0.19513864671041725,-0.18351846162531005
2024-09-03,-0.29671187926057296,-0.12488466233808304,-0.12928507344925666,-0.07178561051227605,-0.19513864671041725,-0.18351846162531005
2024-09-04,-0.29671187926057296,-0.12488466233808304,-0.12928507344925666,-0.07178561051227605,-0.19513864671041725,-0.18351846162531005
2024-09-05,-0.29671187926057296,-0.12488466233808304,-0.12928507344925666,-0.07178561051227605,-0.19513864671041725,-0.18351846162531005
2024-09-06,-0.29671187926057296,-0.12488466233808304,-0.12928507344925666,-0.07178561051227605,-0.19513864671041725,-0.18351846162531005
2024-09-07,-0.29671187926057296,-0.12488466233808304,-0.12928507344925666,-0.07178561051227605,-0.19513864671041725,-0.18351846162531005
2024-09-08,-0.29671187926057296,-0.12488466233808304,-0.12928507344925666,-0.07178561051227605,-0.19513864671041725,-0.18351846162531005
2024-09-09,-0.29671187926057296,-0.12488466233808304,-0.12928507344925666,-0.07178561051227605,-0.19513864671041725,-0.18351846162531005
2024-09-10,-0.29671187926057296,-0.12488466233808304,-0.12928507344925666,-0.07178561051227605,-0.19513864671041725,-0.18351846162531005
2024-09-11,-0.29671187926057296,-0.12488466233808304,-0.12928507344925666,-0.07178561051227605,-0.19513864671041725,-0.18351846162531005
2024-09-12,-0.29671187926057296,-0.12488466233808304,-0.12928507344925666,-0.07178561051227605,-0.19513864671041725,-0.18351846162531005
2024-09-13,-0.29671187926057296,-0.12488466233808304,-0.12928507344925666,-0.07178561051227605,-0.19513864671041725,-0.18351846162531005
2024-09-14,-0.29671187926057296,-0.12488466233808304,-0.12928507344925666,-0.07178561051227605,-0.19513864671041725,-0.18351846162531005
2024-09-15,-0.29671187926057296,-0.12488466233808304,-0.12928507344925666,-0.07178561051227605,-0.19513864671041725,-0.18351846162531005
2024-09-16,-0.29671187926057296,-0.12488466233808304,-0.12928507344925666,-0.07178561051227605,-0.19513864671041725,-0.18351846162531005
2024-09-17,-0.29671187926057296,-0.12488466233808304,-0.12928507344925666,-0.07178561051227605,-0.19513864671041725,-0.18351846162531005
2024-09-18,-0.29671187926057296,-0.12488466233808304,-0.12928507344925666,-0.07178561051227605,-0.19513864671041725,-0.18351846162531005
2024-09-19,-0.29671187926057296,-0.12488466233808304,-0.12928507344925666,-0.07178561051227605,-0.19513864671041725,-0.18351846162531005
2024-09-20,-0.29671187926057296,-0.12488466233808304,-0.12928507344925666,-0.07178561051227605,-0.19513864671041725,-0.18351846162531005
2024-09-21,-0.29671187926057296,-0.12488466233808304,-0.12928507344925666,-0.07178561051227605,-0.19513864671041725,-0.18351846162531005
2024-09-22,-0.29671187926057296,-0.12488466233808304,-0.12928507344925666,-0.07178561051227605,-0.19513864671041725,-0.18351846162531005
2024-09-23,-0.29671187926057296,-0.12488466233808304,-0.12928507344925666,-0.07178561051227605,-0.19513864671041725,-0.18351846162531005
2024-09-24,-0.29671187926057296,-0.12488466233808304,-0.12928507344925666,-0.07178561051227605,-0.19513864671041725,-0.18351846162531005
2024-09-25,-0.29671187926057296,-0.12488466233808304,-0.12928507344925666,-0.07178561051227605,-0.19513864671041725,-0.18351846162531005
2024-09-26,-0.29671187926057296,-0.12488466233808304,-0.12928507344925666,-0.07178561051227605,-0.19513864671041725,-0.18351846162531005
2024-09-27,-0.29671187926057296,-0.12488466233808304,-0.12928507344925666,-0.07178561051227605,-0.19513864671041725,-0.18351846162531005
2024-09-28,-0.29671187926057296,-0.12488466233808304,-0.12928507344925666,-0.07178561051227605,-0.19513864671041725,-0.18351846162531005
2024-09-29,-0.29671187926057296,-0.12488466233808304,-0.12928507344925666,-0.07178561051227605,-0.19513864671041725,-0.18351846162531005
2024-09-30,-0.29671187926057296,-0.12488466233808304,-0.12928507344925666,-0.07178561051227605,-0.19513864671041725,-0.18351846162531005
2024-10-01,-0.29671187926057296,-0.12488466233808304,-0.12928507344925666,-0.07178561051227605,-0.19513864671041725,-0.18351846162531005
2024-10-02,-0.29671187926057296,-0.12488466233808304,-0.12928507344925666,-0.07178561051227605,-0.19513864671041725,-0.18351846162531005
2024-10-03,-0.29671187926057296,-0.12488466233808304,-0.12928507344925666,-0.07178561051227605,-0.19513864671041725,-0.18351846162531005
2024-10-04,-0.29671187926057296,-0.12488466233808304,-0.12928507344925666,-0.07178561051227605,-0.19513864671041725,-0.18351846162531005
2024-10-05,-0.29671187926057296,-0.12488466233808304,-0.12928507344925666,-0.07178561051227605,-0.19513864671041725,-0.18351846162531005
2024-10-06,-0.29671187926057296,-0.12488466233808304,-0.12928507344925666,-0.07178561051227605,-0.19513864671041725,-0.18351846162531005
2024-10-07,-0.29671187926057296,-0.12488466233808304,-0.12928507344925666,-0.07178561051227605,-0.19513864671041725,-0.18351846162531005
2024-10-08,-0.29671187926057296,-0.12488466233808304,-0.12928507344925666,-0.07178561051227605,-0.19513864671041725,-0.18351846162531005
2024-10-09,-0.29671187926057296,-0.12488466233808304,-0.12928507344925666,-0.07178561051227605,-0.19513864671041725,-0.18351846162531005
2024-10-10,-0.29671187926057296,-0.12488466233808304,-0.12928507344925666,-0.07178561051227605,-0.19513864671041725,-0.18351846162531005
2024-10-11,-0.29671187926057296,-0.12488466233808304,-0.12928507344925666,-0.07178561051227605,-0.19513864671041725,-0.18351846162531005
2024-10-12,-0.29671187926057296,-0.12488466233808304,-0.12928507344925666,-0.07178561051227605,-0.19513864671041725,-0.18351846162531005
2024-10-13,-0.29671187926057296,-0.12488466233808304,-0.12928507344925666,-0.07178561051227605,-0.19513864671041725,-0.18351846162531005
2024-10-14,-0.29671187926057296,-0.12488466233808304,-0.12928507344925666,-0.07178561051227605,-0.19513864671041725,-0.18351846162531005
2024-10-15,-0.29671187926057296,-0.12488466233808304,-0.12928507344925666,-0.07178561051227605,-0.19513864671041725,-0.18351846162531005
2024-10-16,-0.29671187926057296,-0.12488466233808304,-0.12928507344925666,-0.07178561051227605,-0.19513864671041725,-0.18351846162531005
2024-10-17,-0.29671187926057296,-0.12488466233808304,-0.12928507344925666,-0.07178561051227605,-0.19513864671041725,-0.18351846162531005
2024-10-18,-0.27468970965962913,-0.09748204054188991,-0.10202024240616514,-0.042720289901082564,-0.16993589878293525,-0.1579518490466384
2024-10-19,-0.27257413451566925,-0.09484958849007785,-0.09940102731953904,-0.03992810952328574,-0.16751477915480462,-0.15549577450599128
2024-10-20,-0.25883761048277254,-0.077756959576183,-0.08239434661264622,-0.021798357444617,-0.15179434112012258,-0.1395483726609148
2024-10-21,-0.2842102390607686,-0.10932862383528996,-0.11380725659534507,-0.055285683976539546,-0.18083144209138458,-0.16900469675208674
2024-10-22,-0.2938830709853014,-0.12136472017498745,-0.1257828308875033,-0.06805209011177726,-0.191901284398314,-0.18023435989765346
2024-10-23,-0.3002891357192212,-0.12933591339920147,-0.13371394193543307,-0.07650694849863926,-0.19923255273479945,-0.18767147341434331
2024-10-24,-0.2894348711557938,-0.11582973702797428,-0.12027567973050568,-0.062181262825906414,-0.18681064795941626,-0.17507022739961553
2024-10-25,-0.3445335231633213,-0.18439008098144316,-0.18849127632744356,-0.13490161758035935,-0.249866989039918,-0.23903694434938993
2024-10-26,-0.3236340492864209,-0.18602130081948032,-0.1626164132022967,-0.10731805429641583,-0.22594908351647935,-0.21477372408584794
2024-10-27,-0.3109725277684189,-0.18602130081948032,-0.14694065322077343,-0.09060711304880675,-0.21145890652760913,-0.2000743451793574
2024-10-28,-0.27970994409905536,-0.18602130081948032,-0.10823560838817081,-0.049346100444246255,-0.17568118661816756,-0.1637800844699735
2024-10-29,-0.23088089746417728,-0.18602130081948032,-0.047782177567343376,0.0,-0.11979994620553547,-0.10709205869769389
2024-10-30,-0.25128419062705654,-0.18602130081948032,-0.07304273776140913,-0.02652813211323013,-0.1431500095186673,-0.13077923852951379
2024-10-31,-0.27950314955273736,-0.18602130081948032,-0.10797958373355421,-0.06321810487901058,-0.17544452552082468,-0.16354000657824452
2024-11-01,-0.28916477257227613,-0.19724347572583867,-0.11994128069634924,-0.07578003837888592,-0.18650154006317732,-0.17475665675839458
2024-11-02,-0.29947973557374075,-0.20889231293532295,-0.132711853648372,-0.08919143716934053,-0.19830625399999458,-0.18673180124236377
2024-11-03,-0.31090355282948123,-0.22179339532448172,-0.14685525790821263,-0.10404455578006777,-0.21137996980017226,-0.1999942688029871
2024-11-04,-0.3185604645187158,-0.23044045666465585,-0.14856154739239624,-0.11399998617308393,-0.22014274016765223,-0.20888355165999362
2024-11-05,-0.28484082864011995,-0.1923603831775209,-0.14856154739239624,-0.070158095148117,-0.18155310532902524,-0.21046578455667364
2024-11-06,-0.21210106541636065,-0.1102143143714871,-0.14856154739239624,0.0,-0.09830781433124058,-0.21046578455667364
2024-11-07,-0.2139476133959486,-0.11229964776634915,-0.14856154739239624,-0.002343635583875625,-0.10042105222327646,-0.21046578455667364
2024-11-08,-0.2113973396247365,-0.10941958663610096,-0.14856154739239624,0.0,-0.09750245209592245,-0.21046578455667364
2024-11-09,-0.1617026128548279,-0.05329861148279491,-0.14856154739239624,0.0,-0.040630504653767274,-0.21046578455667364
2024-11-10,-0.06906187381273365,0.0,-0.14856154739239624,0.0,0.0,-0.21046578455667364
2024-11-11,0.0,0.0,-0.14856154739239624,0.0,0.0,-0.21046578455667364
2024-11-12,-0.013177306844775027,-0.013177306844775027,-0.14856154739239624,-0.013177306844775027,-0.013177306844775027,-0.21046578455667364
2024-11-13,-0.002605003886101853,-0.002605003886101742,-0.14856154739239624,-0.0026050038861020752,-0.002605003886101964,-0.21046578455667364
2024-11-14,-0.04791377993693535,-0.04791377993693546,-0.14856154739239624,-0.047913779936935574,-0.04791377993693546,-0.21046578455667364
2024-11-15,0.0,0.0,-0.0734503193612559,0.0,0.0,-0.1408155540403856
2024-11-16,0.0,0.0,0.0,0.0,0.0,-0.06767320003440103
2024-11-17,-0.033099952790805354,-0.033099952790805354,-0.033099952790805354,-0.033099952790805354,-0.03309995279080524,-0.09853317309886489
2024-11-18,0.0,0.0,0.0,0.0,0.0,-0.060234905339412226
2024-11-19,0.0,0.0,0.0,0.0,0.0,-0.05468061787658007
2024-11-20,0.0,0.0,0.0,0.0,0.0,-0.04712542953319421
2024-11-21,0.0,0.0,0.0,0.0,0.0,0.0
2024-11-22,0.0,0.0,0.0,0.0,0.0,0.0
2024-11-23,0.0,0.0,0.0,0.0,0.0,0.0
2024-11-24,-0.003393680146888345,-0.003393680146888234,-0.003393680146888234,-0.003393680146888234,-0.003393680146888345,-0.003393680146888234
2024-11-25,-0.07266517077320622,-0.07266517077320622,-0.07266517077320633,-0.07266517077320622,-0.07266517077320633,-0.07266517077320622
2024-11-26,-0.10146207106966765,-0.10146207106966743,-0.10146207106966765,-0.10146207106966754,-0.10146207106966765,-0.10146207106966754
2024-11-27,-0.048035957592385214,-0.0480359575923851,-0.048035957592385325,-0.048035957592385214,-0.048035957592385325,-0.048035957592385214
2024-11-28,-0.03231626705714208,-0.03231626705714197,-0.0323162670571423,-0.03231626705714208,-0.03231626705714208,-0.03231626705714208
2024-11-29,0.0,0.0,0.0,0.0,0.0,0.0
2024-11-30,-0.006037175992658739,-0.006037175992658739,-0.006037175992658739,-0.006037175992658739,-0.00603717599265885,-0.006037175992658739
2024-12-01,0.0,0.0,0.0,0.0,0.0,0.0
2024-12-02,0.0,-0.0020000000000000018,0.0,0.0,0.0,0.0
2024-12-03,0.0,-0.0020000000000000018,0.0,0.0,0.0,0.0
2024-12-04,0.0,-0.0020000000000000018,0.0,0.0,0.0,0.0
2024-12-05,-0.008544444636805704,-0.0020000000000000018,-0.008544444636805704,-0.008544444636805704,-0.008544444636805593,-0.008544444636805815
2024-12-06,0.0,-0.0020000000000000018,-0.010527355747532163,0.0,0.0,0.0
2024-12-07,-0.00637331992310064,-0.0020000000000000018,-0.010527355747532163,-0.006373319923100529,-0.006373319923100529,-0.00637331992310064
2024-12-08,0.0,-0.0020000000000000018,-0.010527355747532163,0.0,0.0,0.0
2024-12-09,-0.14112043501528893,-0.0020000000000000018,-0.010527355747532163,-0.14112043501528893,-0.14112043501528893,-0.14112043501528893
2024-12-10,-0.14816087708273462,-0.0020000000000000018,-0.010527355747532163,-0.1481608770827345,-0.1481608770827345,-0.1481608770827345
2024-12-11,-0.08226412537279393,-0.0020000000000000018,-0.010527355747532163,-0.08226412537279382,-0.08226412537279382,-0.14986455532856913
2024-12-12,-0.07576688049200475,-0.0020000000000000018,-0.010527355747532163,-0.07576688049200464,-0.07576688049200464,-0.14986455532856913
2024-12-13,-0.06568574102500901,0.0,-0.00040057542676152913,-0.0656857410250089,-0.0656857410250089,-0.14116382475143185
2024-12-14,-0.0935030655754937,-0.029772985142068054,-0.03016163424260021,-0.0935030655754936,-0.09350306557549348,-0.16673394143657794
2024-12-15,-0.0822450891933506,-0.01772353146628458,-0.01811700728186516,-0.0822450891933505,-0.08224508919335038,-0.1563854347278334
2024-12-16,-0.10947079147301408,-0.046863301108173494,-0.04724510424809414,-0.10947079147301397,-0.10947079147301397,-0.18141172303469766
2024-12-17,-0.11856916470506218,-0.05660132356116443,-0.05697922588858517,-0.11856916470506207,-0.11856916470506207,-0.18977508899270912
2024-12-18,-0.19466863474962093,-0.13805086723830517,-0.1383961428800078,-0.19466863474962093,-0.19466863474962093,-0.25972690356012584
2024-12-19,-0.26989748422346393,-0.1397747655038285,-0.21888160472863527,-0.26989748422346393,-0.26989748422346393,-0.3288784301796024
2024-12-20,-0.24524867140603634,-0.1397747655038285,-0.19251045725653648,-0.24524867140603623,-0.271357689255017,-0.3302206733192432
2024-12-21,-0.27348074260530275,-0.1397747655038285,-0.1941254363420235,-0.27348074260530286,-0.271357689255017,-0.3302206733192432
2024-12-22,-0.2657397594534975,-0.1397747655038285,-0.1941254363420235,-0.2657397594534975,-0.271357689255017,-0.3302206733192432
2024-12-23,-0.21946008052449573,-0.1397747655038285,-0.1941254363420235,-0.2672082799345905,-0.271357689255017,-0.3302206733192432
2024-12-24,-0.1774328183163909,-0.1397747655038285,-0.1941254363420235,-0.2672082799345905,-0.271357689255017,-0.3302206733192432
2024-12-25,-0.20925723315753508,-0.1397747655038285,-0.1941254363420235,-0.2672082799345905,-0.271357689255017,-0.3302206733192432
2024-12-26,-0.26209427660187457,-0.1397747655038285,-0.1941254363420235,-0.2672082799345905,-0.271357689255017,-0.3302206733192432
2024-12-27,-0.2737988160766459,-0.1397747655038285,-0.1941254363420235,-0.2672082799345905,-0.28254218436633305,-0.3302206733192432
2024-12-28,-0.2526957960904026,-0.1397747655038285,-0.1941254363420235,-0.2672082799345905,-0.28397709999760035,-0.3302206733192432
2024-12-29,-0.2803485370611095,-0.1397747655038285,-0.1941254363420235,-0.2672082799345905,-0.28397709999760035,-0.3302206733192432
2024-12-30,-0.28243447236544517,-0.1397747655038285,-0.1941254363420235,-0.2672082799345905,-0.28397709999760035,-0.3302206733192432
2024-12-31,-0.2775523696236961,-0.1397747655038285,-0.1941254363420235,-0.2672082799345905,-0.28397709999760035,-0.3302206733192432
2025-01-01,-0.24507143918998175,-0.1397747655038285,-0.1941254363420235,-0.2672082799345905,-0.28397709999760035,-0.3302206733192432
2025-01-02,-0.22046766305568122,-0.1397747655038285,-0.1941254363420235,-0.2672082799345905,-0.28397709999760035,-0.3302206733192432
2025-01-03,-0.17928561859236014,-0.1397747655038285,-0.1941254363420235,-0.2672082799345905,-0.28397709999760035,-0.3302206733192432
2025-01-04,-0.18054171601500701,-0.1397747655038285,-0.1941254363420235,-0.2672082799345905,-0.28397709999760035,-0.3302206733192432
2025-01-05,-0.18584199880370988,-0.1397747655038285,-0.1941254363420235,-0.2672082799345905,-0.28397709999760035,-0.3302206733192432
2025-01-06,-0.16361667863289553,-0.1397747655038285,-0.1941254363420235,-0.2672082799345905,-0.28397709999760035,-0.3302206733192432
2025-01-07,-0.2303999148363688,-0.1397747655038285,-0.1941254363420235,-0.2672082799345905,-0.28397709999760035,-0.3302206733192432
2025-01-08,-0.24759886631724848,-0.1397747655038285,-0.1941254363420235,-0.2672082799345905,-0.28397709999760035,-0.3302206733192432
2025-01-09,-0.28266232389752854,-0.1397747655038285,-0.1941254363420235,-0.2672082799345905,-0.28397709999760035,-0.3302206733192432
2025-01-10,-0.253501215523694,-0.1397747655038285,-0.1941254363420235,-0.2672082799345905,-0.28397709999760035,-0.3302206733192432
2025-01-11,-0.2260937291412255,-0.1397747655038285,-0.1941254363420235,-0.2672082799345905,-0.28397709999760035,-0.3302206733192432
2025-01-12,-0.23967192695119288,-0.1397747655038285,-0.1941254363420235,-0.2672082799345905,-0.28397709999760035,-0.3302206733192432
2025-01-13,-0.2588098140856977,-0.1397747655038285,-0.1941254363420235,-0.2672082799345905,-0.28397709999760035,-0.3302206733192432
2025-01-14,-0.24269001794440026,-0.1397747655038285,-0.1941254363420235,-0.2672082799345905,-0.28397709999760035,-0.3302206733192432
2025-01-15,-0.1814178799722661,-0.1397747655038285,-0.1941254363420235,-0.2672082799345905,-0.28397709999760035,-0.3302206733192432
2025-01-16,-0.1697201724804288,-0.1397747655038285,-0.1941254363420235,-0.2672082799345905,-0.28397709999760035,-0.3302206733192432
2025-01-17,-0.13187589046367754,-0.1397747655038285,-0.1941254363420235,-0.2672082799345905,-0.28397709999760035,-0.3302206733192432
2025-01-18,-0.15810077594753136,-0.1397747655038285,-0.1941254363420235,-0.2672082799345905,-0.28397709999760035,-0.3302206733192432
2025-01-19,-0.20841906268129318,-0.1397747655038285,-0.1941254363420235,-0.2672082799345905,-0.28397709999760035,-0.3302206733192432
2025-01-20,-0.16960463266540948,-0.1397747655038285,-0.1941254363420235,-0.2672082799345905,-0.28397709999760035,-0.3302206733192432
2025-01-21,-0.1361586594714842,-0.1397747655038285,-0.1941254363420235,-0.2672082799345905,-0.28397709999760035,-0.3302206733192432
2025-01-22,-0.166138048655864,-0.1397747655038285,-0.1941254363420235,-0.2672082799345905,-0.28397709999760035,-0.3302206733192432
2025-01-23,-0.17238159463972658,-0.1397747655038285,-0.1941254363420235,-0.2672082799345905,-0.28397709999760035,-0.3302206733192432
2025-01-24,-0.1784631584521953,-0.14652352653653888,-0.20044779778222566,-0.2729572814834311,-0.2895945444206237,-0.33547532110118783
2025-01-25,-0.18061068163801774,-0.14875454092642748,-0.20253785242822675,-0.27485779405467026,-0.29145156666239824,-0.3372124095472735
2025-01-26,-0.2013146234923342,-0.17026340868130874,-0.22268774889911347,-0.29318034443647845,-0.30935483344419445,-0.3539594129887239
2025-01-27,-0.21735035301657302,-0.18692257378701016,-0.23829435618299122,-0.30737162569993803,-0.3232213688959119,-0.36693039307639286
2025-01-28,-0.2503325646038487,-0.18854872863943617,-0.27039395120411625,-0.30875688244853816,-0.3517419925170383,-0.3936090427193153
2025-01-29,-0.2346613941241532,-0.18854872863943617,-0.25514214722565576,-0.30875688244853816,-0.338190701277177,-0.3809329471331844
2025-01-30,-0.20624985793433304,-0.18854872863943617,-0.2274909145844488,-0.30875688244853816,-0.3136224661233983,-0.35795142517490997
2025-01-31,-0.19567075888887397,-0.18854872863943617,-0.21719491626580922,-0.30875688244853816,-0.30447442881462783,-0.3493942040733249
2025-02-01,-0.25400600728638245,-0.18854872863943617,-0.2187605264332776,-0.30875688244853816,-0.35491851922947826,-0.3965804168508331
2025-02-02,-0.33088964804767496,-0.18854872863943617,-0.2187605264332776,-0.30875688244853816,-0.42140191361837,-0.3977872560171315
2025-02-03,-0.2916911714581535,-0.18854872863943617,-0.2187605264332776,-0.30875688244853816,-0.4225591097911332,-0.3977872560171315
2025-02-04,-0.33095401322241247,-0.18854872863943617,-0.2187605264332776,-0.30875688244853816,-0.4225591097911332,-0.3977872560171315
2025-02-05,-0.353233930189081,-0.18854872863943617,-0.2187605264332776,-0.30875688244853816,-0.4225591097911332,-0.3977872560171315
2025-02-06,-0.3711398975608442,-0.18854872863943617,-0.2187605264332776,-0.30875688244853816,-0.4225591097911332,-0.3977872560171315
2025-02-07,-0.3710435631083612,-0.18854872863943617,-0.2187605264332776,-0.30875688244853816,-0.42221777853151876,-0.3977872560171315
2025-02-08,-0.3712788257949877,-0.18854872863943617,-0.2187605264332776,-0.30875688244853816,-0.42243389937826537,-0.3977872560171315
2025-02-09,-0.3738782127025817,-0.18854872863943617,-0.2187605264332776,-0.30875688244853816,-0.42482179057999647,-0.3977872560171315
2025-02-10,-0.36388326238202306,-0.18854872863943617,-0.2187605264332776,-0.30875688244853816,-0.41564006628090266,-0.3977872560171315
2025-02-11,-0.37339625656805253,-0.18854872863943617,-0.2187605264332776,-0.30875688244853816,-0.42437904817412375,-0.3977872560171315
2025-02-12,-0.37318553665695053,-0.18854872863943617,-0.2187605264332776,-0.30875688244853816,-0.42553029007777554,-0.3977872560171315
2025-02-13,-0.3917754699740301,-0.18854872863943617,-0.2187605264332776,-0.30875688244853816,-0.42553029007777554,-0.3977872560171315
2025-02-14,-0.380942140432195,-0.18854872863943617,-0.2187605264332776,-0.30875688244853816,-0.42553029007777554,-0.3977872560171315
2025-02-15,-0.3888509820310726,-0.18854872863943617,-0.2187605264332776,-0.30875688244853816,-0.42553029007777554,-0.3977872560171315
2025-02-16,-0.4018012580507909,-0.18854872863943617,-0.2187605264332776,-0.30875688244853816,-0.42553029007777554,-0.3977872560171315
2025-02-17,-0.40996042529246857,-0.18854872863943617,-0.2187605264332776,-0.30875688244853816,-0.42553029007777554,-0.3977872560171315
2025-02-18,-0.42921246650349876,-0.18854872863943617,-0.2187605264332776,-0.30875688244853816,-0.42553029007777554,-0.3977872560171315
2025-02-19,-0.4118093344566127,-0.18854872863943617,-0.2187605264332776,-0.30875688244853816,-0.42553029007777554,-0.3977872560171315
2025-02-20,-0.41169722281564136,-0.18854872863943617,-0.2187605264332776,-0.30875688244853816,-0.42553029007777554,-0.3977872560171315
2025-02-21,-0.42147437874402816,-0.20220804940046233,-0.2319112859887228,-0.30875688244853816,-0.42553029007777554,-0.40792442300024245
2025-02-22,-0.41605806737174744,-0.19473890809369487,-0.23344746341674538,-0.30875688244853816,-0.42553029007777554,-0.40910857415424196
2025-02-23,-0.41100154947593315,-0.1963494302775075,-0.23344746341674538,-0.30875688244853816,-0.42553029007777554,-0.40910857415424196
2025-02-24,-0.46115277498511054,-0.1963494302775075,-0.23344746341674538,-0.30875688244853816,-0.42553029007777554,-0.40910857415424196
2025-02-25,-0.48042623441297727,-0.1963494302775075,-0.23344746341674538,-0.30875688244853816,-0.42553029007777554,-0.40910857415424196
2025-02-26,-0.4999138869114348,-0.1963494302775075,-0.23344746341674538,-0.30875688244853816,-0.42553029007777554,-0.40910857415424196
2025-02-27,-0.49747083614808807,-0.1963494302775075,-0.23344746341674538,-0.30875688244853816,-0.42553029007777554,-0.40910857415424196
2025-02-28,-0.5042130781749139,-0.1963494302775075,-0.23344746341674538,-0.30875688244853816,-0.42553029007777554,-0.40910857415424196
2025-03-01,-0.4968145397857895,-0.1963494302775075,-0.23344746341674538,-0.30875688244853816,-0.42553029007777554,-0.40910857415424196
2025-03-02,-0.4016820399241817,-0.1963494302775075,-0.23344746341674538,-0.30875688244853816,-0.42553029007777554,-0.40910857415424196
2025-03-03,-0.480581063539385,-0.1963494302775075,-0.23344746341674538,-0.30875688244853816,-0.42553029007777554,-0.40910857415424196
2025-03-04,-0.47412858123721435,-0.1963494302775075,-0.23344746341674538,-0.30875688244853816,-0.42553029007777554,-0.40910857415424196
2025-03-05,-0.45752937280391637,-0.1963494302775075,-0.23344746341674538,-0.30875688244853816,-0.42553029007777554,-0.40910857415424196
2025-03-06,-0.45531184048791806,-0.1963494302775075,-0.23344746341674538,-0.30875688244853816,-0.42553029007777554,-0.40910857415424196
2025-03-07,-0.45640121680694223,-0.1963494302775075,-0.23344746341674538,-0.30875688244853816,-0.42553029007777554,-0.40910857415424196
2025-03-08,-0.45640121680694223,-0.1963494302775075,-0.23344746341674538,-0.30875688244853816,-0.42553029007777554,-0.40910857415424196
2025-03-09,-0.45640121680694223,-0.1963494302775075,-0.23344746341674538,-0.30875688244853816,-0.42553029007777554,-0.40910857415424196
2025-03-10,-0.45640121680694223,-0.1963494302775075,-0.23344746341674538,-0.30875688244853816,-0.42553029007777554,-0.40910857415424196
2025-03-11,-0.45640121680694223,-0.1963494302775075,-0.23344746341674538,-0.30875688244853816,-0.42553029007777554,-0.40910857415424196
2025-03-12,-0.45640121680694223,-0.1963494302775075,-0.23344746341674538,-0.30875688244853816,-0.42553029007777554,-0.40910857415424196
2025-03-13,-0.45640121680694223,-0.1963494302775075,-0.23344746341674538,-0.30875688244853816,-0.42553029007777554,-0.40910857415424196
2025-03-14,-0.45640121680694223,-0.1963494302775075,-0.23344746341674538,-0.30875688244853816,-0.42553029007777554,-0.40910857415424196
2025-03-15,-0.45640121680694223,-0.1963494302775075,-0.23344746341674538,-0.30875688244853816,-0.42553029007777554,-0.40910857415424196
2025-03-16,-0.45640121680694223,-0.1963494302775075,-0.23344746341674538,-0.30875688244853816,-0.42553029007777554,-0.40910857415424196
2025-03-17,-0.45640121680694223,-0.1963494302775075,-0.23344746341674538,-0.30875688244853816,-0.42553029007777554,-0.40910857415424196
2025-03-18,-0.45640121680694223,-0.1963494302775075,-0.23344746341674538,-0.30875688244853816,-0.42553029007777554,-0.40910857415424196
2025-03-19,-0.45640121680694223,-0.1963494302775075,-0.23344746341674538,-0.30875688244853816,-0.42553029007777554,-0.40910857415424196
2025-03-20,-0.45640121680694223,-0.1963494302775075,-0.23344746341674538,-0.30875688244853816,-0.42553029007777554,-0.40910857415424196
2025-03-21,-0.45640121680694223,-0.1963494302775075,-0.23344746341674538,-0.30875688244853816,-0.42553029007777554,-0.40910857415424196
2025-03-22,-0.45640121680694223,-0.1963494302775075,-0.23344746341674538,-0.30875688244853816,-0.42553029007777554,-0.40910857415424196
2025-03-23,-0.45640121680694223,-0.1963494302775075,-0.23344746341674538,-0.30875688244853816,-0.42553029007777554,-0.40910857415424196
2025-03-24,-0.45640121680694223,-0.1963494302775075,-0.23344746341674538,-0.30875688244853816,-0.42553029007777554,-0.40910857415424196
2025-03-25,-0.45640121680694223,-0.1963494302775075,-0.23344746341674538,-0.30875688244853816,-0.42553029007777554,-0.40910857415424196
2025-03-26,-0.45640121680694223,-0.1963494302775075,-0.23344746341674538,-0.30875688244853816,-0.42553029007777554,-0.40910857415424196
2025-03-27,-0.45640121680694223,-0.1963494302775075,-0.23344746341674538,-0.30875688244853816,-0.42553029007777554,-0.40910857415424196
2025-03-28,-0.45640121680694223,-0.1963494302775075,-0.23344746341674538,-0.30875688244853816,-0.42553029007777554,-0.40910857415424196
2025-03-29,-0.45640121680694223,-0.1963494302775075,-0.23344746341674538,-0.30875688244853816,-0.42553029007777554,-0.40910857415424196
2025-03-30,-0.45640121680694223,-0.1963494302775075,-0.23344746341674538,-0.30875688244853816,-0.42553029007777554,-0.40910857415424196
2025-03-31,-0.45640121680694223,-0.1963494302775075,-0.23344746341674538,-0.30875688244853816,-0.42553029007777554,-0.40910857415424196
2025-04-01,-0.45640121680694223,-0.1963494302775075,-0.23344746341674538,-0.30875688244853816,-0.42553029007777554,-0.40910857415424196
2025-04-02,-0.45640121680694223,-0.1963494302775075,-0.23344746341674538,-0.30875688244853816,-0.42553029007777554,-0.40910857415424196
2025-04-03,-0.45640121680694223,-0.1963494302775075,-0.23344746341674538,-0.30875688244853816,-0.42553029007777554,-0.40910857415424196
2025-04-04,-0.45640121680694223,-0.1963494302775075,-0.23344746341674538,-0.30875688244853816,-0.42553029007777554,-0.40910857415424196
2025-04-05,-0.45640121680694223,-0.1963494302775075,-0.23344746341674538,-0.30875688244853816,-0.42553029007777554,-0.40910857415424196
2025-04-06,-0.45640121680694223,-0.1963494302775075,-0.23344746341674538,-0.30875688244853816,-0.42553029007777554,-0.40910857415424196
2025-04-07,-0.45640121680694223,-0.1963494302775075,-0.23344746341674538,-0.30875688244853816,-0.42553029007777554,-0.40910857415424196
2025-04-08,-0.45640121680694223,-0.1963494302775075,-0.23344746341674538,-0.30875688244853816,-0.42553029007777554,-0.40910857415424196
2025-04-09,-0.45640121680694223,-0.1963494302775075,-0.23344746341674538,-0.30875688244853816,-0.42553029007777554,-0.40910857415424196
2025-04-10,-0.45640121680694223,-0.1963494302775075,-0.23344746341674538,-0.30875688244853816,-0.42553029007777554,-0.40910857415424196
2025-04-11,-0.45640121680694223,-0.1963494302775075,-0.23344746341674538,-0.30875688244853816,-0.42553029007777554,-0.40910857415424196
2025-04-12,-0.45640121680694223,-0.1963494302775075,-0.23344746341674538,-0.30875688244853816,-0.42553029007777554,-0.40910857415424196
2025-04-13,-0.45640121680694223,-0.1963494302775075,-0.23344746341674538,-0.30875688244853816,-0.42553029007777554,-0.40910857415424196
2025-04-14,-0.45640121680694223,-0.1963494302775075,-0.23344746341674538,-0.30875688244853816,-0.42553029007777554,-0.40910857415424196
2025-04-15,-0.45640121680694223,-0.1963494302775075,-0.23344746341674538,-0.30875688244853816,-0.42553029007777554,-0.40910857415424196
2025-04-16,-0.45640121680694223,-0.1963494302775075,-0.23344746341674538,-0.30875688244853816,-0.42553029007777554,-0.40910857415424196
2025-04-17,-0.45640121680694223,-0.1963494302775075,-0.23344746341674538,-0.30875688244853816,-0.42553029007777554,-0.40910857415424196
2025-04-18,-0.45640121680694223,-0.1963494302775075,-0.23344746341674538,-0.30875688244853816,-0.42553029007777554,-0.40910857415424196
2025-04-19,-0.45640121680694223,-0.1963494302775075,-0.23344746341674538,-0.30875688244853816,-0.42553029007777554,-0.40910857415424196
2025-04-20,-0.45640121680694223,-0.1963494302775075,-0.23344746341674538,-0.30875688244853816,-0.42553029007777554,-0.40910857415424196
2025-04-21,-0.45640121680694223,-0.1963494302775075,-0.23344746341674538,-0.30875688244853816,-0.42553029007777554,-0.40910857415424196
2025-04-22,-0.45640121680694223,-0.1963494302775075,-0.23344746341674538,-0.30875688244853816,-0.42553029007777554,-0.40910857415424196
2025-04-23,-0.45640121680694223,-0.1963494302775075,-0.23344746341674538,-0.30875688244853816,-0.42553029007777554,-0.40910857415424196
2025-04-24,-0.45640121680694223,-0.1963494302775075,-0.23344746341674538,-0.30875688244853816,-0.42553029007777554,-0.40910857415424196
2025-04-25,-0.45640121680694223,-0.1963494302775075,-0.23344746341674538,-0.30875688244853816,-0.42553029007777554,-0.40910857415424196
2025-04-26,-0.45640121680694223,-0.1963494302775075,-0.23344746341674538,-0.30875688244853816,-0.42553029007777554,-0.40910857415424196
2025-04-27,-0.45640121680694223,-0.1963494302775075,-0.23344746341674538,-0.30875688244853816,-0.42553029007777554,-0.40910857415424196
2025-04-28,-0.45640121680694223,-0.1963494302775075,-0.23344746341674538,-0.30875688244853816,-0.42553029007777554,-0.40910857415424196
2025-04-29,-0.45640121680694223,-0.1963494302775075,-0.23344746341674538,-0.30875688244853816,-0.42553029007777554,-0.40910857415424196
2025-04-30,-0.45640121680694223,-0.1963494302775075,-0.23344746341674538,-0.30875688244853816,-0.42553029007777554,-0.40910857415424196
2025-05-01,-0.45640121680694223,-0.1963494302775075,-0.23344746341674538,-0.30875688244853816,-0.42553029007777554,-0.40910857415424196
2025-05-02,-0.45640121680694223,-0.1963494302775075,-0.23344746341674538,-0.30875688244853816,-0.42553029007777554,-0.40910857415424196
2025-05-03,-0.45640121680694223,-0.1963494302775075,-0.23344746341674538,-0.30875688244853816,-0.42553029007777554,-0.40910857415424196
2025-05-04,-0.45640121680694223,-0.1963494302775075,-0.23344746341674538,-0.30875688244853816,-0.42553029007777554,-0.40910857415424196
2025-05-05,-0.45640121680694223,-0.1963494302775075,-0.23344746341674538,-0.30875688244853816,-0.42553029007777554,-0.40910857415424196
2025-05-06,-0.45640121680694223,-0.1963494302775075,-0.23344746341674538,-0.30875688244853816,-0.42553029007777554,-0.40910857415424196
2025-05-07,-0.45640121680694223,-0.1963494302775075,-0.23344746341674538,-0.30875688244853816,-0.42553029007777554,-0.40910857415424196
2025-05-08,-0.45640121680694223,-0.1963494302775075,-0.23344746341674538,-0.30875688244853816,-0.42553029007777554,-0.40910857415424196
2025-05-09,-0.45640121680694223,-0.1963494302775075,-0.23344746341674538,-0.30875688244853816,-0.42553029007777554,-0.40910857415424196
2025-05-10,-0.45640121680694223,-0.1963494302775075,-0.23344746341674538,-0.30875688244853816,-0.42553029007777554,-0.40910857415424196
2025-05-11,-0.45640121680694223,-0.1963494302775075,-0.23344746341674538,-0.30875688244853816,-0.42553029007777554,-0.40910857415424196
2025-05-12,-0.45640121680694223,-0.1963494302775075,-0.23344746341674538,-0.30875688244853816,-0.42553029007777554,-0.40910857415424196
2025-05-13,-0.45640121680694223,-0.1963494302775075,-0.23344746341674538,-0.30875688244853816,-0.42553029007777554,-0.40910857415424196
2025-05-14,-0.45640121680694223,-0.1963494302775075,-0.23344746341674538,-0.30875688244853816,-0.42553029007777554,-0.40910857415424196
2025-05-15,-0.45640121680694223,-0.1963494302775075,-0.23344746341674538,-0.30875688244853816,-0.42553029007777554,-0.40910857415424196
2025-05-16,-0.4787210089926677,-0.22934676997128578,-0.26492158338346083,-0.3371388494627694,-0.44911762128396815,-0.4333701697224579
2025-05-17,-0.4814885132088361,-0.2334382183129634,-0.268824162716784,-0.3406580226128345,-0.45204229181934397,-0.4363784445068869
2025-05-18,-0.4913954114457476,-0.24808446966310516,-0.2827943153513598,-0.35325568735064483,-0.4625118019292779,-0.44714723466225126
2025-05-19,-0.4756679256959254,-0.22483312460139604,-0.26061629643677087,-0.3332565324277901,-0.4458911536573381,-0.43005147071463257
2025-05-20,-0.4747211344891987,-0.22343339870755796,-0.2592811845425388,-0.33205258766992307,-0.4448905942618767,-0.42902230945927655
2025-05-21,-0.47190755549357655,-0.21927383390958466,-0.2553136331376168,-0.3284748255840937,-0.44191723236440483,-0.4259639514278488
2025-05-22,-0.4417115366346924,-0.17463236577245855,-0.2127328997610063,-0.2900774066438734,-0.4100063842701983,-0.3931409040074967
2025-05-23,-0.4288816042289614,-0.15566473227850186,-0.19464084817097926,-0.2737627960370973,-0.3964478411400081,-0.3791947781383469
2025-05-24,-0.4570260036784962,-0.19727310844015944,-0.23432850284512763,-0.3095513647730962,-0.42619055854040266,-0.4097877169647055
2025-05-25,-0.45506338927459733,-0.19437160050341562,-0.23156093401282352,-0.307055693809424,-0.4241164874384139,-0.40765435673771366
2025-05-26,-0.44994243904452436,-0.18680084299409072,-0.22433965701598924,-0.3005438661319061,-0.4187047188985431,-0.4020878880908212
2025-05-27,-0.4555486166976299,-0.19508895548473948,-0.23224517452889037,-0.30767271159347476,-0.4246292708838044,-0.4081817985435452
2025-05-28,-0.4577548976800615,-0.19835069745937017,-0.23535634831328367,-0.3104782302804966,-0.42696084636772935,-0.41058002413902506
2025-05-29,-0.4714891474687817,-0.2186552640049063,-0.25472361759186934,-0.3279427757039064,-0.441475062984957,-0.42550914225240477
2025-05-30,-0.4846792988107197,-0.23815544128346677,-0.27332362973628344,-0.34471544263487475,-0.4554142818528224,-0.4398468258060324
2025-05-31,-0.5108270302837984,-0.27681196507452077,-0.3101956951387327,-0.37796503770236456,-0.483046940679303,-0.4409671321544203
2025-06-01,-0.5101538467245753,-0.27825834114437187,-0.309246409413924,-0.3771090138911478,-0.4823355270854025,-0.4409671321544203
2025-06-02,-0.49841886230351085,-0.27825834114437187,-0.292698392102529,-0.36218674499277614,-0.4699341139389045,-0.4409671321544203
2025-06-03,-0.49127440126459576,-0.27825834114437187,-0.294112995318324,-0.35310181015764674,-0.46238391959066116,-0.4409671321544203
2025-06-04,-0.4989713383204698,-0.27825834114437187,-0.294112995318324,-0.3628892764482219,-0.4705179650199116,-0.4409671321544203
2025-06-05,-0.5135981218198478,-0.27825834114437187,-0.294112995318324,-0.38148877250755997,-0.48597540225813773,-0.4409671321544203
2025-06-06,-0.5335318020016167,-0.27825834114437187,-0.294112995318324,-0.40683654674683045,-0.5070411143711031,-0.4409671321544203
2025-06-07,-0.521215387277818,-0.27825834114437187,-0.294112995318324,-0.4080228736533368,-0.5080270321423609,-0.4409671321544203
2025-06-08,-0.5128119559032531,-0.27825834114437187,-0.294112995318324,-0.4080228736533368,-0.5080270321423609,-0.4409671321544203
2025-06-09,-0.5133890684261613,-0.27825834114437187,-0.294112995318324,-0.4080228736533368,-0.5080270321423609,-0.4409671321544203
2025-06-10,-0.49211104776081627,-0.27825834114437187,-0.294112995318324,-0.4080228736533368,-0.5080270321423609,-0.4409671321544203
2025-06-11,-0.48402017854003854,-0.27825834114437187,-0.294112995318324,-0.4080228736533368,-0.5080270321423609,-0.4409671321544203
2025-06-12,-0.4947350415124361,-0.27825834114437187,-0.294112995318324,-0.4080228736533368,-0.5080270321423609,-0.4409671321544203
2025-06-13,-0.5161406771942743,-0.3091746073567784,-0.3243501172647272,-0.4080228736533368,-0.5291010093154549,-0.46491366309348625
2025-06-14,-0.5287648610098434,-0.3271986617257636,-0.3419782333567313,-0.4080228736533368,-0.5413870501888568,-0.4659838357672992
2025-06-15,-0.5343049055449576,-0.33510840586180435,-0.34971422244296624,-0.4080228736533368,-0.5467787027973159,-0.4659838357672992
2025-06-16,-0.5301385665062477,-0.32915995624712735,-0.3438964436997217,-0.4080228736533368,-0.5427239605288365,-0.4659838357672992
2025-06-17,-0.5226122298135898,-0.318414303004939,-0.3452086508123223,-0.4080228736533368,-0.5436385126077787,-0.4659838357672992
2025-06-18,-0.5357142317840821,-0.3371205575484971,-0.3452086508123223,-0.4080228736533368,-0.5436385126077787,-0.4659838357672992
2025-06-19,-0.5371908761912445,-0.3384463164334002,-0.3452086508123223,-0.4080228736533368,-0.5436385126077787,-0.4659838357672992
2025-06-20,-0.5391095381788511,-0.3384463164334002,-0.3452086508123223,-0.4080228736533368,-0.5436385126077787,-0.4659838357672992
2025-06-21,-0.5503638801980246,-0.3384463164334002,-0.3452086508123223,-0.4080228736533368,-0.5436385126077787,-0.4659838357672992
2025-06-22,-0.5649734541682327,-0.3384463164334002,-0.3452086508123223,-0.4080228736533368,-0.5436385126077787,-0.4659838357672992
2025-06-23,-0.5743251578990836,-0.3384463164334002,-0.3452086508123223,-0.4080228736533368,-0.5436385126077787,-0.4659838357672992
2025-06-24,-0.5419197063659356,-0.3384463164334002,-0.3452086508123223,-0.4080228736533368,-0.5436385126077787,-0.4659838357672992
2025-06-25,-0.5359325748184507,-0.3384463164334002,-0.3452086508123223,-0.4080228736533368,-0.5436385126077787,-0.4659838357672992
2025-06-26,-0.5398137327234434,-0.3384463164334002,-0.3452086508123223,-0.4080228736533368,-0.5436385126077787,-0.4659838357672992
2025-06-27,-0.5426167693397503,-0.3424759003878809,-0.3452086508123223,-0.41162866043829693,-0.5436385126077787,-0.4692365770342275
2025-06-28,-0.5427360814161222,-0.3426474208117406,-0.3452086508123223,-0.4117821418112353,-0.5436385126077787,-0.4693750309210585
2025-06-29,-0.5399957744193364,-0.3387080155822981,-0.3452086508123223,-0.40825704952444186,-0.5436385126077787,-0.4661950832883228
2025-06-30,-0.5357071311631723,-0.33254275610941286,-0.3452086508123223,-0.40274019930260696,-0.5436385126077787,-0.46121839236059703
2025-07-01,-0.5347711186067046,-0.3311971649898421,-0.3452086508123223,-0.40153612594622157,-0.5436385126077787,-0.46013221080625233
2025-07-02,-0.545094291324226,-0.3460375316478639,-0.3452086508123223,-0.4027330536943292,-0.5436385126077787,-0.472111579790789
2025-07-03,-0.5342977393104057,-0.3305166452971444,-0.3452086508123223,-0.4027330536943292,-0.5436385126077787,-0.4595828849918755
2025-07-04,-0.5347276191217762,-0.33113463108447827,-0.3452086508123223,-0.4027330536943292,-0.5436385126077787,-0.46008173248966766
2025-07-05,-0.5407236074857901,-0.33975433243347997,-0.3452086508123223,-0.4027330536943292,-0.5436385126077787,-0.4670396861154551
2025-07-06,-0.5383889525440397,-0.336398083700304,-0.3452086508123223,-0.4027330536943292,-0.5436385126077787,-0.46433047124866034
2025-07-07,-0.5341141660773028,-0.33025274444394803,-0.3452086508123223,-0.4027330536943292,-0.5436385126077787,-0.45936986022175874
2025-07-08,-0.5359356276677203,-0.3328712376722385,-0.3452086508123223,-0.4027330536943292,-0.5436385126077787,-0.4614835476587362
2025-07-09,-0.5335569084751508,-0.32945164313864217,-0.3452086508123223,-0.4027330536943292,-0.5436385126077787,-0.4587231991013567
2025-07-10,-0.5205046107764444,-0.31068794627152585,-0.3452086508123223,-0.4027330536943292,-0.5436385126077787,-0.4435768584842481
2025-07-11,-0.510339522193423,-0.29607483789765676,-0.33263642304050056,-0.39126531500344575,-0.5348762090542878,-0.43178093583250043
2025-07-12,-0.5004393097496148,-0.281842509651414,-0.3191433161049463,-0.378957597765623,-0.525472092218763,-0.42029238467338026
2025-07-13,-0.5037743152075354,-0.28663684034376435,-0.3236886312211411,-0.38310360012624456,-0.5286399819131922,-0.424162441102647
2025-07-14,-0.4971804941001504,-0.277157707756463,-0.31470184090519127,-0.37490631282891607,-0.5223765744925584,-0.4165107415501129
2025-07-15,-0.49148558903552375,-0.2689708371543428,-0.30694019301521114,-0.36782653735647086,-0.5169670387983556,-0.409902175466037
2025-07-16,-0.5007465860554241,-0.28228424332848323,-0.3195621063154169,-0.37933959662749084,-0.5257639710341945,-0.42064895879533093
2025-07-17,-0.4950922541560704,-0.27415569981877963,-0.31185575603251847,-0.37231026078434215,-0.5203929754004983,-0.4140874752246426
2025-07-18,-0.4788210788360808,-0.2507646150899777,-0.28967959468185156,-0.3520823084952256,-0.5049371420404588,-0.39520583696246314
2025-07-19,-0.4878193666079701,-0.26370035621175303,-0.301943458698116,-0.3632687736493381,-0.5134845292815726,-0.4056477633351129
2025-07-20,-0.48681129249342203,-0.26225117097696926,-0.30056954355197496,-0.3620155590110615,-0.5125269693498149,-0.40447795904021466
2025-07-21,-0.4793445615134002,-0.2515171623042035,-0.29039305490142475,-0.3527330901635901,-0.5054343932142924,-0.39581330448434027
2025-07-22,-0.4808164443338282,-0.253633108760831,-0.2923990999641305,-0.3545629011564204,-0.5068325205868178,-0.39752132854732813
2025-07-23,-0.4735370511571716,-0.2551258425433094,-0.28247793603799665,-0.3455133263730774,-0.4999178948337296,-0.3890740672999522
2025-07-24,-0.4919164964594066,-0.2551258425433094,-0.30752748141763453,-0.36836223159120884,-0.5173763536269504,-0.41040221544116096
2025-07-25,-0.4993857735441558,-0.2551258425433094,-0.31770744018193753,-0.37764786569773123,-0.5244713482829308,-0.4190698245855945
2025-07-26,-0.4857072260233509,-0.2551258425433094,-0.2990647993831823,-0.36064300887615086,-0.5114782272003243,-0.4031967618743486
2025-07-27,-0.47849144386574904,-0.2551258425433094,-0.30046666978441594,-0.35167251385399245,-0.5046240249440663,-0.39482331706786633
2025-07-28,-0.46135538526313036,-0.2551258425433094,-0.30046666978441594,-0.3303693584874935,-0.4883466472499932,-0.37493803813680726
2025-07-29,-0.4850652297844481,-0.2551258425433094,-0.30046666978441594,-0.359844893863871,-0.5108684011311488,-0.4024517670899982
2025-07-30,-0.4902867975929244,-0.2551258425433094,-0.30046666978441594,-0.36633622730642124,-0.5158283183060814,-0.4085110561445491
2025-07-31,-0.49848332689959407,-0.2551258425433094,-0.30046666978441594,-0.376525964709593,-0.5236141228717132,-0.40969403403226
2025-08-01,-0.5126194832741668,-0.2551258425433094,-0.30046666978441594,-0.39409971037165714,-0.5370419222150369,-0.40969403403226
2025-08-02,-0.5364658761710006,-0.2551258425433094,-0.30046666978441594,-0.3953115109509139,-0.5596933820882952,-0.40969403403226
2025-08-03,-0.549578516525109,-0.2551258425433094,-0.30046666978441594,-0.3953115109509139,-0.5721489533815531,-0.40969403403226
2025-08-04,-0.5291729317116707,-0.2551258425433094,-0.30046666978441594,-0.3953115109509139,-0.5527658841017822,-0.40969403403226
2025-08-05,-0.5126993314748568,-0.2551258425433094,-0.30046666978441594,-0.3953115109509139,-0.537117769254952,-0.40969403403226
2025-08-06,-0.5287071765351232,-0.2551258425433094,-0.30046666978441594,-0.3953115109509139,-0.552323467727198,-0.40969403403226
2025-08-07,-0.5215307170327281,-0.2551258425433094,-0.30046666978441594,-0.3953115109509139,-0.5455066176839299,-0.40969403403226
2025-08-08,-0.497791225583457,-0.2551258425433094,-0.30046666978441594,-0.3953115109509139,-0.5229567024702908,-0.40969403403226
2025-08-09,-0.48775791716810457,-0.2551258425433094,-0.30046666978441594,-0.3953115109509139,-0.5134261590480795,-0.40969403403226
2025-08-10,-0.4811727325081918,-0.2551258425433094,-0.30046666978441594,-0.3953115109509139,-0.5143993067299835,-0.40969403403226
2025-08-11,-0.4822146191176704,-0.2551258425433094,-0.30046666978441594,-0.3953115109509139,-0.5143993067299835,-0.40969403403226
2025-08-12,-0.48427474684603256,-0.2551258425433094,-0.30046666978441594,-0.3953115109509139,-0.5143993067299835,-0.40969403403226
2025-08-13,-0.46176228190050184,-0.2551258425433094,-0.30046666978441594,-0.3953115109509139,-0.5143993067299835,-0.40969403403226
2025-08-14,-0.44560385881800524,-0.2551258425433094,-0.30046666978441594,-0.3953115109509139,-0.5143993067299835,-0.40969403403226
2025-08-15,-0.4765174402058435,-0.2551258425433094,-0.30046666978441594,-0.3953115109509139,-0.5143993067299835,-0.40969403403226
2025-08-16,-0.483599674873486,-0.2551258425433094,-0.30046666978441594,-0.3953115109509139,-0.5143993067299835,-0.40969403403226
2025-08-17,-0.47896781826205725,-0.2551258425433094,-0.30046666978441594,-0.3953115109509139,-0.5143993067299835,-0.40969403403226
2025-08-18,-0.4750263125428472,-0.2551258425433094,-0.30046666978441594,-0.3953115109509139,-0.5143993067299835,-0.40969403403226
2025-08-19,-0.49078199649066434,-0.2551258425433094,-0.30046666978441594,-0.3953115109509139,-0.5143993067299835,-0.40969403403226
2025-08-20,-0.5126264266042695,-0.2551258425433094,-0.30046666978441594,-0.3953115109509139,-0.5143993067299835,-0.40969403403226
2025-08-21,-0.49003933913458453,-0.2551258425433094,-0.30046666978441594,-0.3953115109509139,-0.5143993067299835,-0.40969403403226
2025-08-22,-0.5085750445232252,-0.2551258425433094,-0.30046666978441594,-0.3953115109509139,-0.5143993067299835,-0.40969403403226
2025-08-23,-0.46241547751366574,-0.2551258425433094,-0.30046666978441594,-0.3953115109509139,-0.5143993067299835,-0.40969403403226
2025-08-24,-0.4695045522361405,-0.2551258425433094,-0.30046666978441594,-0.3953115109509139,-0.5143993067299835,-0.40969403403226
2025-08-25,-0.47928769501874124,-0.2551258425433094,-0.30046666978441594,-0.3953115109509139,-0.5143993067299835,-0.40969403403226
2025-08-26,-0.5231841584880141,-0.2551258425433094,-0.30046666978441594,-0.3953115109509139,-0.5143993067299835,-0.40969403403226
2025-08-27,-0.5059410013421293,-0.2551258425433094,-0.30046666978441594,-0.3953115109509139,-0.5143993067299835,-0.40969403403226
2025-08-28,-0.5166003378293056,-0.2551258425433094,-0.30046666978441594,-0.3953115109509139,-0.5143993067299835,-0.40969403403226
2025-08-29,-0.5070529590955604,-0.2551258425433094,-0.30046666978441594,-0.3953115109509139,-0.5143993067299835,-0.40969403403226
2025-08-30,-0.5290073636239825,-0.2551258425433094,-0.30046666978441594,-0.3953115109509139,-0.5143993067299835,-0.40969403403226
2025-08-31,-0.5285850843906124,-0.2551258425433094,-0.30046666978441594,-0.3953115109509139,-0.5143993067299835,-0.40969403403226
2025-09-01,-0.5332944348741429,-0.2551258425433094,-0.30046666978441594,-0.3953115109509139,-0.5143993067299835,-0.40969403403226
2025-09-02,-0.5433933229246126,-0.2551258425433094,-0.30046666978441594,-0.3953115109509139,-0.5143993067299835,-0.40969403403226
2025-09-03,-0.5314512916561684,-0.2551258425433094,-0.30046666978441594,-0.3953115109509139,-0.5143993067299835,-0.40969403403226
2025-09-04,-0.5279352650895771,-0.2551258425433094,-0.30046666978441594,-0.3953115109509139,-0.5143993067299835,-0.40969403403226
2025-09-05,-0.5455395496427469,-0.2551258425433094,-0.30046666978441594,-0.3953115109509139,-0.5143993067299835,-0.40969403403226
2025-09-06,-0.5407610383800568,-0.2551258425433094,-0.30046666978441594,-0.3953115109509139,-0.5143993067299835,-0.40969403403226
2025-09-07,-0.5431668053863395,-0.2551258425433094,-0.30046666978441594,-0.3953115109509139,-0.5143993067299835,-0.40969403403226
2025-09-08,-0.53537892214555,-0.2551258425433094,-0.30046666978441594,-0.3953115109509139,-0.5143993067299835,-0.40969403403226
2025-09-09,-0.524789721137453,-0.2551258425433094,-0.30046666978441594,-0.3953115109509139,-0.5143993067299835,-0.40969403403226
2025-09-10,-0.520070018232009,-0.2551258425433094,-0.30046666978441594,-0.3953115109509139,-0.5143993067299835,-0.40969403403226
2025-09-11,-0.5109684305199691,-0.2551258425433094,-0.30046666978441594,-0.3953115109509139,-0.5143993067299835,-0.40969403403226
2025-09-12,-0.49903339690919646,-0.2551258425433094,-0.30046666978441594,-0.3953115109509139,-0.5143993067299835,-0.40969403403226
2025-09-13,-0.485495042075863,-0.2551258425433094,-0.30046666978441594,-0.3953115109509139,-0.5143993067299835,-0.40969403403226
2025-09-14,-0.48339440063847905,-0.2551258425433094,-0.30046666978441594,-0.3953115109509139,-0.5143993067299835,-0.40969403403226
2025-09-15,-0.49807535550883275,-0.2551258425433094,-0.30046666978441594,-0.3953115109509139,-0.5143993067299835,-0.40969403403226
2025-09-16,-0.5085982638082013,-0.2551258425433094,-0.30046666978441594,-0.3953115109509139,-0.5143993067299835,-0.40969403403226
2025-09-17,-0.5051968183694868,-0.2551258425433094,-0.30046666978441594,-0.3953115109509139,-0.5143993067299835,-0.40969403403226
2025-09-18,-0.4889444712791975,-0.2551258425433094,-0.30046666978441594,-0.3953115109509139,-0.5143993067299835,-0.40969403403226
2025-09-19,-0.4859999626490703,-0.2518251000329714,-0.29736684496524823,-0.39263196974071635,-0.512247476336513,-0.4070782257424025
2025-09-20,-0.5036383080731622,-0.27749935366000766,-0.3214782951487841,-0.41347431670332835,-0.5289851161588531,-0.4274248372285039
2025-09-21,-0.5031172635986512,-0.27674092492602376,-0.320766032315252,-0.4128586246154594,-0.5299271459265353,-0.4268237893844483
2025-09-22,-0.5141737005902591,-0.292834598153795,-0.3358800763664832,-0.42592346093704514,-0.5299271459265353,-0.4395778784149045
2025-09-23,-0.5417806734585768,-0.29424892895748733,-0.3736185453117322,-0.45854523431058214,-0.5299271459265353,-0.4714237425111917
2025-09-24,-0.5481513594287666,-0.29424892895748733,-0.38232721235004596,-0.4660731539758348,-0.5299271459265353,-0.4724808950261693
2025-09-25,-0.5483006923191799,-0.29424892895748733,-0.3825313489887947,-0.46624961315270697,-0.5299271459265353,-0.4724808950261693
2025-09-26,-0.5823992142176914,-0.29424892895748733,-0.3837662862908171,-0.5065421239995732,-0.5299271459265353,-0.4724808950261693
2025-09-27,-0.5623768502114037,-0.29424892895748733,-0.3837662862908171,-0.507529039751574,-0.5299271459265353,-0.4724808950261693
2025-09-28,-0.5644940091373813,-0.29424892895748733,-0.3837662862908171,-0.507529039751574,-0.5299271459265353,-0.4724808950261693
2025-09-29,-0.550716374842402,-0.29424892895748733,-0.3837662862908171,-0.507529039751574,-0.5299271459265353,-0.4724808950261693
2025-09-30,-0.550277314859747,-0.29424892895748733,-0.3837662862908171,-0.507529039751574,-0.5299271459265353,-0.4724808950261693
2025-10-01,-0.5553995868356623,-0.29424892895748733,-0.3837662862908171,-0.507529039751574,-0.5299271459265353,-0.4724808950261693
2025-10-02,-0.5348068929979979,-0.29424892895748733,-0.3837662862908171,-0.507529039751574,-0.5299271459265353,-0.4724808950261693
2025-10-03,-0.5168519575274905,-0.26803599701530634,-0.3608781986056292,-0.4892377352191932,-0.5124677494944578,-0.45288783599410387
2025-10-04,-0.5148188468043363,-0.26495585649395526,-0.3581887426343978,-0.4870884224905436,-0.5104161898082926,-0.4505855611018865
2025-10-05,-0.5274837996166593,-0.2841431215621927,-0.37494229795165235,-0.5004772379531088,-0.5231960676187042,-0.46492723100646194
2025-10-06,-0.5267500806133546,-0.2830315452925749,-0.3739717138451547,-0.4997015833981968,-0.5224556906628355,-0.4640963747131902
2025-10-07,-0.51038255660082,-0.2582349253293582,-0.35232029334529436,-0.4823985770759224,-0.5059396435808718,-0.4455619490409062
2025-10-08,-0.5332384006073255,-0.2928612791586762,-0.38255464577911935,-0.506560741923985,-0.5290028873201431,-0.47144368543496795
2025-10-09,-0.5231144793897604,-0.2775236491801125,-0.369162438428692,-0.4958581901696949,-0.5187870990704759,-0.4599794550983989
2025-10-10,-0.5374094461436241,-0.2991803675518663,-0.38807222197215296,-0.5109701826695615,-0.5332117819828768,-0.4761669370036863
2025-10-11,-0.6257391849339894,-0.43299895627411467,-0.5049172814770864,-0.6043483886562515,-0.6223430472543979,-0.5761906777361596
2025-10-12,-0.625677862342344,-0.4341329583615664,-0.5048361622304098,-0.605139691878939,-0.6230983611598893,-0.5770382963806873
2025-10-13,-0.5884042845620964,-0.4341329583615664,-0.4555296265909108,-0.605139691878939,-0.6230983611598893,-0.5770382963806873
2025-10-14,-0.5751948225603893,-0.4341329583615664,-0.43805577922359606,-0.605139691878939,-0.6230983611598893,-0.5770382963806873
2025-10-15,-0.5958733443941838,-0.4341329583615664,-0.46540990873006005,-0.605139691878939,-0.6230983611598893,-0.5770382963806873
2025-10-16,-0.6141944343440859,-0.4341329583615664,-0.4664790889125999,-0.605139691878939,-0.6230983611598893,-0.5770382963806873
2025-10-17,-0.6149660454753978,-0.4341329583615664,-0.4664790889125999,-0.605139691878939,-0.6230983611598893,-0.5770382963806873
2025-10-18,-0.6149660454753978,-0.4341329583615664,-0.4664790889125999,-0.605139691878939,-0.6230983611598893,-0.5770382963806873
2025-10-19,-0.6149660454753978,-0.4341329583615664,-0.4664790889125999,-0.605139691878939,-0.6230983611598893,-0.5770382963806873
2025-10-20,-0.6149660454753978,-0.4341329583615664,-0.4664790889125999,-0.605139691878939,-0.6230983611598893,-0.5770382963806873
2025-10-21,-0.6149660454753978,-0.4341329583615664,-0.4664790889125999,-0.605139691878939,-0.6230983611598893,-0.5770382963806873
2025-10-22,-0.6149660454753978,-0.4341329583615664,-0.4664790889125999,-0.605139691878939,-0.6230983611598893,-0.5770382963806873
2025-10-23,-0.6149660454753978,-0.4341329583615664,-0.4664790889125999,-0.605139691878939,-0.6230983611598893,-0.5770382963806873
2025-10-24,-0.6149660454753978,-0.4341329583615664,-0.4664790889125999,-0.605139691878939,-0.6230983611598893,-0.5770382963806873
2025-10-25,-0.6149660454753978,-0.4341329583615664,-0.4664790889125999,-0.605139691878939,-0.6230983611598893,-0.5770382963806873
2025-10-26,-0.6149660454753978,-0.4341329583615664,-0.4664790889125999,-0.605139691878939,-0.6230983611598893,-0.5770382963806873
2025-10-27,-0.6149660454753978,-0.4341329583615664,-0.4664790889125999,-0.605139691878939,-0.6230983611598893,-0.5770382963806873
2025-10-28,-0.6149660454753978,-0.4341329583615664,-0.4664790889125999,-0.605139691878939,-0.6230983611598893,-0.5770382963806873
2025-10-29,-0.6149660454753978,-0.4341329583615664,-0.4664790889125999,-0.605139691878939,-0.6230983611598893,-0.5770382963806873
2025-10-30,-0.6149660454753978,-0.4341329583615664,-0.4664790889125999,-0.605139691878939,-0.6230983611598893,-0.5770382963806873
2025-10-31,-0.6149660454753978,-0.4341329583615664,-0.4664790889125999,-0.605139691878939,-0.6230983611598893,-0.5770382963806873
2025-11-01,-0.6149660454753978,-0.4341329583615664,-0.4664790889125999,-0.605139691878939,-0.6230983611598893,-0.5770382963806873
2025-11-02,-0.6149660454753978,-0.4341329583615664,-0.4664790889125999,-0.605139691878939,-0.6230983611598893,-0.5770382963806873
2025-11-03,-0.6149660454753978,-0.4341329583615664,-0.4664790889125999,-0.605139691878939,-0.6230983611598893,-0.5770382963806873
2025-11-04,-0.6149660454753978,-0.4341329583615664,-0.4664790889125999,-0.605139691878939,-0.6230983611598893,-0.5770382963806873
2025-11-05,-0.6149660454753978,-0.4341329583615664,-0.4664790889125999,-0.605139691878939,-0.6230983611598893,-0.5770382963806873
2025-11-06,-0.6149660454753978,-0.4341329583615664,-0.4664790889125999,-0.605139691878939,-0.6230983611598893,-0.5770382963806873
2025-11-07,-0.6149660454753978,-0.4341329583615664,-0.4664790889125999,-0.605139691878939,-0.6230983611598893,-0.5770382963806873
2025-11-08,-0.6149660454753978,-0.4341329583615664,-0.4664790889125999,-0.605139691878939,-0.6230983611598893,-0.5770382963806873
2025-11-09,-0.6149660454753978,-0.4341329583615664,-0.4664790889125999,-0.605139691878939,-0.6230983611598893,-0.5770382963806873
2025-11-10,-0.6149660454753978,-0.4341329583615664,-0.4664790889125999,-0.605139691878939,-0.6230983611598893,-0.5770382963806873
2025-11-11,-0.6149660454753978,-0.4341329583615664,-0.4664790889125999,-0.605139691878939,-0.6230983611598893,-0.5770382963806873
2025-11-12,-0.6149660454753978,-0.4341329583615664,-0.4664790889125999,-0.605139691878939,-0.6230983611598893,-0.5770382963806873
2025-11-13,-0.6149660454753978,-0.4341329583615664,-0.4664790889125999,-0.605139691878939,-0.6230983611598893,-0.5770382963806873
2025-11-14,-0.6149660454753978,-0.4341329583615664,-0.4664790889125999,-0.605139691878939,-0.6230983611598893,-0.5770382963806873
2025-11-15,-0.6149660454753978,-0.4341329583615664,-0.4664790889125999,-0.605139691878939,-0.6230983611598893,-0.5770382963806873
2025-11-16,-0.6149660454753978,-0.4341329583615664,-0.4664790889125999,-0.605139691878939,-0.6230983611598893,-0.5770382963806873
2025-11-17,-0.6149660454753978,-0.4341329583615664,-0.4664790889125999,-0.605139691878939,-0.6230983611598893,-0.5770382963806873
2025-11-18,-0.6149660454753978,-0.4341329583615664,-0.4664790889125999,-0.605139691878939,-0.6230983611598893,-0.5770382963806873
2025-11-19,-0.6149660454753978,-0.4341329583615664,-0.4664790889125999,-0.605139691878939,-0.6230983611598893,-0.5770382963806873
2025-11-20,-0.6149660454753978,-0.4341329583615664,-0.4664790889125999,-0.605139691878939,-0.6230983611598893,-0.5770382963806873
2025-11-21,-0.6149660454753978,-0.4341329583615664,-0.4664790889125999,-0.605139691878939,-0.6230983611598893,-0.5770382963806873
2025-11-22,-0.6149660454753978,-0.4341329583615664,-0.4664790889125999,-0.605139691878939,-0.6230983611598893,-0.5770382963806873
2025-11-23,-0.6149660454753978,-0.4341329583615664,-0.4664790889125999,-0.605139691878939,-0.6230983611598893,-0.5770382963806873
2025-11-24,-0.6149660454753978,-0.4341329583615664,-0.4664790889125999,-0.605139691878939,-0.6230983611598893,-0.5770382963806873
2025-11-25,-0.6149660454753978,-0.4341329583615664,-0.4664790889125999,-0.605139691878939,-0.6230983611598893,-0.5770382963806873
2025-11-26,-0.6149660454753978,-0.4341329583615664,-0.4664790889125999,-0.605139691878939,-0.6230983611598893,-0.5770382963806873
2025-11-27,-0.6149660454753978,-0.4341329583615664,-0.4664790889125999,-0.605139691878939,-0.6230983611598893,-0.5770382963806873
2025-11-28,-0.6149660454753978,-0.4341329583615664,-0.4664790889125999,-0.605139691878939,-0.6230983611598893,-0.5770382963806873
2025-11-29,-0.6149660454753978,-0.4341329583615664,-0.4664790889125999,-0.605139691878939,-0.6230983611598893,-0.5770382963806873
2025-11-30,-0.6149660454753978,-0.4341329583615664,-0.4664790889125999,-0.605139691878939,-0.6230983611598893,-0.5770382963806873
2025-12-01,-0.6149660454753978,-0.4341329583615664,-0.4664790889125999,-0.605139691878939,-0.6230983611598893,-0.5770382963806873
2025-12-02,-0.6149660454753978,-0.4341329583615664,-0.4664790889125999,-0.605139691878939,-0.6230983611598893,-0.5770382963806873
2025-12-03,-0.6149660454753978,-0.4341329583615664,-0.4664790889125999,-0.605139691878939,-0.6230983611598893,-0.5770382963806873
2025-12-04,-0.6149660454753978,-0.4341329583615664,-0.4664790889125999,-0.605139691878939,-0.6230983611598893,-0.5770382963806873
2025-12-05,-0.6149660454753978,-0.4341329583615664,-0.4664790889125999,-0.605139691878939,-0.6230983611598893,-0.5770382963806873
2025-12-06,-0.6149660454753978,-0.4341329583615664,-0.4664790889125999,-0.605139691878939,-0.6230983611598893,-0.5770382963806873
2025-12-07,-0.6149660454753978,-0.4341329583615664,-0.4664790889125999,-0.605139691878939,-0.6230983611598893,-0.5770382963806873
2025-12-08,-0.6149660454753978,-0.4341329583615664,-0.4664790889125999,-0.605139691878939,-0.6230983611598893,-0.5770382963806873
2025-12-09,-0.6149660454753978,-0.4341329583615664,-0.4664790889125999,-0.605139691878939,-0.6230983611598893,-0.5770382963806873
2025-12-10,-0.6149660454753978,-0.4341329583615664,-0.4664790889125999,-0.605139691878939,-0.6230983611598893,-0.5770382963806873
2025-12-11,-0.6149660454753978,-0.4341329583615664,-0.4664790889125999,-0.605139691878939,-0.6230983611598893,-0.5770382963806873
2025-12-12,-0.6149660454753978,-0.4341329583615664,-0.4664790889125999,-0.605139691878939,-0.6230983611598893,-0.5770382963806873
2025-12-13,-0.6149660454753978,-0.4341329583615664,-0.4664790889125999,-0.605139691878939,-0.6230983611598893,-0.5770382963806873
2025-12-14,-0.6149660454753978,-0.4341329583615664,-0.4664790889125999,-0.605139691878939,-0.6230983611598893,-0.5770382963806873
2025-12-15,-0.6149660454753978,-0.4341329583615664,-0.4664790889125999,-0.605139691878939,-0.6230983611598893,-0.5770382963806873
2025-12-16,-0.6149660454753978,-0.4341329583615664,-0.4664790889125999,-0.605139691878939,-0.6230983611598893,-0.5770382963806873
2025-12-17,-0.6149660454753978,-0.4341329583615664,-0.4664790889125999,-0.605139691878939,-0.6230983611598893,-0.5770382963806873
2025-12-18,-0.6149660454753978,-0.4341329583615664,-0.4664790889125999,-0.605139691878939,-0.6230983611598893,-0.5770382963806873
2025-12-19,-0.6149660454753978,-0.4341329583615664,-0.4664790889125999,-0.605139691878939,-0.6230983611598893,-0.5770382963806873
2025-12-20,-0.6149660454753978,-0.4341329583615664,-0.4664790889125999,-0.605139691878939,-0.6230983611598893,-0.5770382963806873
2025-12-21,-0.6149660454753978,-0.4341329583615664,-0.4664790889125999,-0.605139691878939,-0.6230983611598893,-0.5770382963806873
2025-12-22,-0.6149660454753978,-0.4341329583615664,-0.4664790889125999,-0.605139691878939,-0.6230983611598893,-0.5770382963806873
2025-12-23,-0.6149660454753978,-0.4341329583615664,-0.4664790889125999,-0.605139691878939,-0.6230983611598893,-0.5770382963806873
2025-12-24,-0.6149660454753978,-0.4341329583615664,-0.4664790889125999,-0.605139691878939,-0.6230983611598893,-0.5770382963806873
2025-12-25,-0.6149660454753978,-0.4341329583615664,-0.4664790889125999,-0.605139691878939,-0.6230983611598893,-0.5770382963806873
2025-12-26,-0.6149660454753978,-0.4341329583615664,-0.4664790889125999,-0.605139691878939,-0.6230983611598893,-0.5770382963806873
2025-12-27,-0.6149660454753978,-0.4341329583615664,-0.4664790889125999,-0.605139691878939,-0.6230983611598893,-0.5770382963806873
2025-12-28,-0.6149660454753978,-0.4341329583615664,-0.4664790889125999,-0.605139691878939,-0.6230983611598893,-0.5770382963806873
2025-12-29,-0.6149660454753978,-0.4341329583615664,-0.4664790889125999,-0.605139691878939,-0.6230983611598893,-0.5770382963806873
2025-12-30,-0.6149660454753978,-0.4341329583615664,-0.4664790889125999,-0.605139691878939,-0.6230983611598893,-0.5770382963806873
2025-12-31,-0.6149660454753978,-0.4341329583615664,-0.4664790889125999,-0.605139691878939,-0.6230983611598893,-0.5770382963806873
2026-01-01,-0.6149660454753978,-0.4341329583615664,-0.4664790889125999,-0.605139691878939,-0.6230983611598893,-0.5770382963806873
2026-01-02,-0.6149660454753978,-0.4341329583615664,-0.4664790889125999,-0.605139691878939,-0.6230983611598893,-0.5770382963806873
2026-01-03,-0.6149660454753978,-0.4341329583615664,-0.4664790889125999,-0.605139691878939,-0.6230983611598893,-0.5770382963806873
2026-01-04,-0.6149660454753978,-0.4341329583615664,-0.4664790889125999,-0.605139691878939,-0.6230983611598893,-0.5770382963806873
2026-01-05,-0.6149660454753978,-0.4341329583615664,-0.4664790889125999,-0.605139691878939,-0.6230983611598893,-0.5770382963806873
2026-01-06,-0.6149660454753978,-0.4341329583615664,-0.4664790889125999,-0.605139691878939,-0.6230983611598893,-0.5770382963806873
2026-01-07,-0.6149660454753978,-0.4341329583615664,-0.4664790889125999,-0.605139691878939,-0.6230983611598893,-0.5770382963806873
2026-01-08,-0.6149660454753978,-0.4341329583615664,-0.4664790889125999,-0.605139691878939,-0.6230983611598893,-0.5770382963806873
2026-01-09,-0.6149660454753978,-0.4341329583615664,-0.4664790889125999,-0.605139691878939,-0.6230983611598893,-0.5770382963806873
2026-01-10,-0.6149660454753978,-0.4341329583615664,-0.4664790889125999,-0.605139691878939,-0.6230983611598893,-0.5770382963806873
2026-01-11,-0.6149660454753978,-0.4341329583615664,-0.4664790889125999,-0.605139691878939,-0.6230983611598893,-0.5770382963806873
2026-01-12,-0.6149660454753978,-0.4341329583615664,-0.4664790889125999,-0.605139691878939,-0.6230983611598893,-0.5770382963806873
2026-01-13,-0.6149660454753978,-0.4341329583615664,-0.4664790889125999,-0.605139691878939,-0.6230983611598893,-0.5770382963806873
2026-01-14,-0.6149660454753978,-0.4341329583615664,-0.4664790889125999,-0.605139691878939,-0.6230983611598893,-0.5770382963806873
2026-01-15,-0.6149660454753978,-0.4341329583615664,-0.4664790889125999,-0.605139691878939,-0.6230983611598893,-0.5770382963806873
2026-01-16,-0.6149660454753978,-0.4341329583615664,-0.4664790889125999,-0.605139691878939,-0.6230983611598893,-0.5770382963806873
2026-01-17,-0.6149660454753978,-0.4341329583615664,-0.4664790889125999,-0.605139691878939,-0.6230983611598893,-0.5770382963806873
2026-01-18,-0.6149660454753978,-0.4341329583615664,-0.4664790889125999,-0.605139691878939,-0.6230983611598893,-0.5770382963806873
2026-01-19,-0.6149660454753978,-0.4341329583615664,-0.4664790889125999,-0.605139691878939,-0.6230983611598893,-0.5770382963806873
2026-01-20,-0.6149660454753978,-0.4341329583615664,-0.4664790889125999,-0.605139691878939,-0.6230983611598893,-0.5770382963806873
2026-01-21,-0.6149660454753978,-0.4341329583615664,-0.4664790889125999,-0.605139691878939,-0.6230983611598893,-0.5770382963806873
2026-01-22,-0.6149660454753978,-0.4341329583615664,-0.4664790889125999,-0.605139691878939,-0.6230983611598893,-0.5770382963806873
2026-01-23,-0.6149660454753978,-0.4341329583615664,-0.4664790889125999,-0.605139691878939,-0.6230983611598893,-0.5770382963806873
2026-01-24,-0.6149660454753978,-0.4341329583615664,-0.4664790889125999,-0.605139691878939,-0.6230983611598893,-0.5770382963806873
2026-01-25,-0.6149660454753978,-0.4341329583615664,-0.4664790889125999,-0.605139691878939,-0.6230983611598893,-0.5770382963806873
2026-01-26,-0.6149660454753978,-0.4341329583615664,-0.4664790889125999,-0.605139691878939,-0.6230983611598893,-0.5770382963806873
2026-01-27,-0.6149660454753978,-0.4341329583615664,-0.4664790889125999,-0.605139691878939,-0.6230983611598893,-0.5770382963806873
2026-01-28,-0.6149660454753978,-0.4341329583615664,-0.4664790889125999,-0.605139691878939,-0.6230983611598893,-0.5770382963806873
2026-01-29,-0.6149660454753978,-0.4341329583615664,-0.4664790889125999,-0.605139691878939,-0.6230983611598893,-0.5770382963806873
2026-01-30,-0.6149660454753978,-0.4341329583615664,-0.4664790889125999,-0.605139691878939,-0.6230983611598893,-0.5770382963806873
2026-01-31,-0.6149660454753978,-0.4341329583615664,-0.4664790889125999,-0.605139691878939,-0.6230983611598893,-0.5770382963806873
2026-02-01,-0.6149660454753978,-0.4341329583615664,-0.4664790889125999,-0.605139691878939,-0.6230983611598893,-0.5770382963806873
2026-02-02,-0.6149660454753978,-0.4341329583615664,-0.4664790889125999,-0.605139691878939,-0.6230983611598893,-0.5770382963806873
2026-02-03,-0.6149660454753978,-0.4341329583615664,-0.4664790889125999,-0.605139691878939,-0.6230983611598893,-0.5770382963806873
2026-02-04,-0.6149660454753978,-0.4341329583615664,-0.4664790889125999,-0.605139691878939,-0.6230983611598893,-0.5770382963806873
2026-02-05,-0.6149660454753978,-0.4341329583615664,-0.4664790889125999,-0.605139691878939,-0.6230983611598893,-0.5770382963806873
2026-02-06,-0.6149660454753978,-0.4341329583615664,-0.4664790889125999,-0.605139691878939,-0.6230983611598893,-0.5770382963806873
2026-02-07,-0.6149660454753978,-0.4341329583615664,-0.4664790889125999,-0.605139691878939,-0.6230983611598893,-0.5770382963806873
2026-02-08,-0.6149660454753978,-0.4341329583615664,-0.4664790889125999,-0.605139691878939,-0.6230983611598893,-0.5770382963806873
2026-02-09,-0.6149660454753978,-0.4341329583615664,-0.4664790889125999,-0.605139691878939,-0.6230983611598893,-0.5770382963806873
2026-02-10,-0.6149660454753978,-0.4341329583615664,-0.4664790889125999,-0.605139691878939,-0.6230983611598893,-0.5770382963806873
2026-02-11,-0.6149660454753978,-0.4341329583615664,-0.4664790889125999,-0.605139691878939,-0.6230983611598893,-0.5770382963806873
2026-02-12,-0.6149660454753978,-0.4341329583615664,-0.4664790889125999,-0.605139691878939,-0.6230983611598893,-0.5770382963806873
2026-02-13,-0.6149660454753978,-0.4341329583615664,-0.4664790889125999,-0.605139691878939,-0.6230983611598893,-0.5770382963806873
2026-02-14,-0.6149660454753978,-0.4341329583615664,-0.4664790889125999,-0.605139691878939,-0.6230983611598893,-0.5770382963806873
2026-02-15,-0.6149660454753978,-0.4341329583615664,-0.4664790889125999,-0.605139691878939,-0.6230983611598893,-0.5770382963806873
2026-02-16,-0.6149660454753978,-0.4341329583615664,-0.4664790889125999,-0.605139691878939,-0.6230983611598893,-0.5770382963806873
2026-02-17,-0.6149660454753978,-0.4341329583615664,-0.4664790889125999,-0.605139691878939,-0.6230983611598893,-0.5770382963806873
2026-02-18,-0.6149660454753978,-0.4341329583615664,-0.4664790889125999,-0.605139691878939,-0.6230983611598893,-0.5770382963806873
2026-02-19,-0.6149660454753978,-0.4341329583615664,-0.4664790889125999,-0.605139691878939,-0.6230983611598893,-0.5770382963806873
2026-02-20,-0.6149660454753978,-0.4341329583615664,-0.4664790889125999,-0.605139691878939,-0.6230983611598893,-0.5770382963806873
2026-02-21,-0.6149660454753978,-0.4341329583615664,-0.4664790889125999,-0.605139691878939,-0.6230983611598893,-0.5770382963806873
2026-02-22,-0.6149660454753978,-0.4341329583615664,-0.4664790889125999,-0.605139691878939,-0.6230983611598893,-0.5770382963806873
2026-02-23,-0.6149660454753978,-0.4341329583615664,-0.4664790889125999,-0.605139691878939,-0.6230983611598893,-0.5770382963806873
2026-02-24,-0.6149660454753978,-0.4341329583615664,-0.4664790889125999,-0.605139691878939,-0.6230983611598893,-0.5770382963806873
2026-02-25,-0.6149660454753978,-0.4341329583615664,-0.4664790889125999,-0.605139691878939,-0.6230983611598893,-0.5770382963806873
2026-02-26,-0.6149660454753978,-0.4341329583615664,-0.4664790889125999,-0.605139691878939,-0.6230983611598893,-0.5770382963806873
2026-02-27,-0.6149660454753978,-0.4341329583615664,-0.4664790889125999,-0.605139691878939,-0.6230983611598893,-0.5770382963806873
2026-02-28,-0.6149660454753978,-0.4341329583615664,-0.4664790889125999,-0.605139691878939,-0.6230983611598893,-0.5770382963806873
2026-03-01,-0.6149660454753978,-0.4341329583615664,-0.4664790889125999,-0.605139691878939,-0.6230983611598893,-0.5770382963806873
2026-03-02,-0.6149660454753978,-0.4341329583615664,-0.4664790889125999,-0.605139691878939,-0.6230983611598893,-0.5770382963806873
2026-03-03,-0.6149660454753978,-0.4341329583615664,-0.4664790889125999,-0.605139691878939,-0.6230983611598893,-0.5770382963806873
2026-03-04,-0.6149660454753978,-0.4341329583615664,-0.4664790889125999,-0.605139691878939,-0.6230983611598893,-0.5770382963806873
2026-03-05,-0.6149660454753978,-0.4341329583615664,-0.4664790889125999,-0.605139691878939,-0.6230983611598893,-0.5770382963806873
2026-03-06,-0.6149660454753978,-0.4341329583615664,-0.4664790889125999,-0.605139691878939,-0.6230983611598893,-0.5770382963806873
2026-03-07,-0.6149660454753978,-0.4341329583615664,-0.4664790889125999,-0.605139691878939,-0.6230983611598893,-0.5770382963806873
2026-03-08,-0.6149660454753978,-0.4341329583615664,-0.4664790889125999,-0.605139691878939,-0.6230983611598893,-0.5770382963806873
2026-03-09,-0.6149660454753978,-0.4341329583615664,-0.4664790889125999,-0.605139691878939,-0.6230983611598893,-0.5770382963806873
2026-03-10,-0.6149660454753978,-0.4341329583615664,-0.4664790889125999,-0.605139691878939,-0.6230983611598893,-0.5770382963806873
2026-03-11,-0.6149660454753978,-0.4341329583615664,-0.4664790889125999,-0.605139691878939,-0.6230983611598893,-0.5770382963806873
2026-03-12,-0.6149660454753978,-0.4341329583615664,-0.4664790889125999,-0.605139691878939,-0.6230983611598893,-0.5770382963806873
2026-03-13,-0.6149660454753978,-0.4341329583615664,-0.4664790889125999,-0.605139691878939,-0.6230983611598893,-0.5770382963806873
2026-03-14,-0.6149660454753978,-0.4341329583615664,-0.4664790889125999,-0.605139691878939,-0.6230983611598893,-0.5770382963806873
2026-03-15,-0.6149660454753978,-0.4341329583615664,-0.4664790889125999,-0.605139691878939,-0.6230983611598893,-0.5770382963806873
2026-03-16,-0.6149660454753978,-0.4341329583615664,-0.4664790889125999,-0.605139691878939,-0.6230983611598893,-0.5770382963806873
2026-03-17,-0.6149660454753978,-0.4341329583615664,-0.4664790889125999,-0.605139691878939,-0.6230983611598893,-0.5770382963806873
2026-03-18,-0.6149660454753978,-0.4341329583615664,-0.4664790889125999,-0.605139691878939,-0.6230983611598893,-0.5770382963806873
2026-03-19,-0.6149660454753978,-0.4341329583615664,-0.4664790889125999,-0.605139691878939,-0.6230983611598893,-0.5770382963806873
2026-03-20,-0.6149660454753978,-0.4341329583615664,-0.4664790889125999,-0.605139691878939,-0.6230983611598893,-0.5770382963806873
2026-03-21,-0.6149660454753978,-0.4341329583615664,-0.4664790889125999,-0.605139691878939,-0.6230983611598893,-0.5770382963806873
2026-03-22,-0.6149660454753978,-0.4341329583615664,-0.4664790889125999,-0.605139691878939,-0.6230983611598893,-0.5770382963806873
2026-03-23,-0.6149660454753978,-0.4341329583615664,-0.4664790889125999,-0.605139691878939,-0.6230983611598893,-0.5770382963806873
2026-03-24,-0.6149660454753978,-0.4341329583615664,-0.4664790889125999,-0.605139691878939,-0.6230983611598893,-0.5770382963806873
2026-03-25,-0.6149660454753978,-0.4341329583615664,-0.4664790889125999,-0.605139691878939,-0.6230983611598893,-0.5770382963806873
2026-03-26,-0.6149660454753978,-0.4341329583615664,-0.4664790889125999,-0.605139691878939,-0.6230983611598893,-0.5770382963806873
2026-03-27,-0.6149660454753978,-0.4341329583615664,-0.4664790889125999,-0.605139691878939,-0.6230983611598893,-0.5770382963806873
2026-03-28,-0.6149660454753978,-0.4341329583615664,-0.4664790889125999,-0.605139691878939,-0.6230983611598893,-0.5770382963806873
2026-03-29,-0.6149660454753978,-0.4341329583615664,-0.4664790889125999,-0.605139691878939,-0.6230983611598893,-0.5770382963806873
2026-03-30,-0.6149660454753978,-0.4341329583615664,-0.4664790889125999,-0.605139691878939,-0.6230983611598893,-0.5770382963806873
2026-03-31,-0.6149660454753978,-0.4341329583615664,-0.4664790889125999,-0.605139691878939,-0.6230983611598893,-0.5770382963806873
2026-04-01,-0.6149660454753978,-0.4341329583615664,-0.4664790889125999,-0.605139691878939,-0.6230983611598893,-0.5770382963806873
2026-04-02,-0.6149660454753978,-0.4341329583615664,-0.4664790889125999,-0.605139691878939,-0.6230983611598893,-0.5770382963806873
2026-04-03,-0.6149660454753978,-0.4341329583615664,-0.4664790889125999,-0.605139691878939,-0.6230983611598893,-0.5770382963806873
2026-04-04,-0.6149660454753978,-0.4341329583615664,-0.4664790889125999,-0.605139691878939,-0.6230983611598893,-0.5770382963806873
2026-04-05,-0.6149660454753978,-0.4341329583615664,-0.4664790889125999,-0.605139691878939,-0.6230983611598893,-0.5770382963806873
2026-04-06,-0.6149660454753978,-0.4341329583615664,-0.4664790889125999,-0.605139691878939,-0.6230983611598893,-0.5770382963806873
2026-04-07,-0.6149660454753978,-0.4341329583615664,-0.4664790889125999,-0.605139691878939,-0.6230983611598893,-0.5770382963806873
2026-04-08,-0.6149660454753978,-0.4341329583615664,-0.4664790889125999,-0.605139691878939,-0.6230983611598893,-0.5770382963806873
2026-04-09,-0.6149660454753978,-0.4341329583615664,-0.4664790889125999,-0.605139691878939,-0.6230983611598893,-0.5770382963806873
2026-04-10,-0.6149660454753978,-0.4341329583615664,-0.4664790889125999,-0.605139691878939,-0.6230983611598893,-0.5770382963806873
2026-04-11,-0.6149660454753978,-0.4341329583615664,-0.4664790889125999,-0.605139691878939,-0.6230983611598893,-0.5770382963806873
2026-04-12,-0.6149660454753978,-0.4341329583615664,-0.4664790889125999,-0.605139691878939,-0.6230983611598893,-0.5770382963806873
2026-04-13,-0.6149660454753978,-0.4341329583615664,-0.4664790889125999,-0.605139691878939,-0.6230983611598893,-0.5770382963806873
2026-04-14,-0.6149660454753978,-0.4341329583615664,-0.4664790889125999,-0.605139691878939,-0.6230983611598893,-0.5770382963806873
2026-04-15,-0.6149660454753978,-0.4341329583615664,-0.4664790889125999,-0.605139691878939,-0.6230983611598893,-0.5770382963806873
2026-04-16,-0.6149660454753978,-0.4341329583615664,-0.4664790889125999,-0.605139691878939,-0.6230983611598893,-0.5770382963806873
2026-04-17,-0.6149660454753978,-0.4341329583615664,-0.4664790889125999,-0.605139691878939,-0.6230983611598893,-0.5770382963806873
2026-04-18,-0.6149660454753978,-0.4341329583615664,-0.4664790889125999,-0.605139691878939,-0.6230983611598893,-0.5770382963806873
2026-04-19,-0.6149660454753978,-0.4341329583615664,-0.4664790889125999,-0.605139691878939,-0.6230983611598893,-0.5770382963806873
2026-04-20,-0.6149660454753978,-0.4341329583615664,-0.4664790889125999,-0.605139691878939,-0.6230983611598893,-0.5770382963806873
2026-04-21,-0.6149660454753978,-0.4341329583615664,-0.4664790889125999,-0.605139691878939,-0.6230983611598893,-0.5770382963806873
