date,funding_level,funding_pct,funding_positive_share,funding_disp_ratio
2022-01-01,,,,
2022-01-02,,,,
2022-01-03,,,,
2022-01-04,,,,
2022-01-05,2.451836666666667,,0.9111111111111111,
2022-01-06,2.326743518518519,,0.8888888888888888,
2022-01-07,2.2530603174603177,,0.880952380952381,
2022-01-08,2.3205095238095237,,0.888888888888889,
2022-01-09,2.253104761904762,,0.8809523809523808,
2022-01-10,1.91363253968254,,0.8492063492063491,
2022-01-11,1.694404761904762,,0.8253968253968255,
2022-01-12,1.1132825396825397,,0.7698412698412699,
2022-01-13,0.9498460317460317,,0.7857142857142857,
2022-01-14,0.8093785714285714,,0.7936507936507936,
2022-01-15,0.5377246031746031,,0.7857142857142857,
2022-01-16,0.4507832915622389,,0.802422723475355,
2022-01-17,0.5245317042606515,,0.8262322472848789,
2022-01-18,0.567015037593985,,0.8341687552213869,
2022-01-19,0.7223301169590644,,0.8500417710944026,
2022-01-20,0.7651182121971597,,0.8262322472848789,
2022-01-21,0.6031459899749374,,0.7944862155388471,
2022-01-22,0.328472180451128,,0.7468671679197996,
2022-01-23,-0.15886666666666663,,0.6666666666666666,
2022-01-24,-0.37029285714285715,,0.5952380952380952,
2022-01-25,-0.7166880952380952,,0.5476190476190476,
2022-01-26,-1.1098396825396826,,0.4920634920634921,
2022-01-27,-1.7643531746031746,,0.42857142857142855,
2022-01-28,-1.9325222222222223,,0.3888888888888889,
2022-01-29,-1.7499222222222224,,0.4047619047619047,
2022-01-30,-1.3617611111111112,,0.43650793650793657,
2022-01-31,-1.6521651727357614,,0.42296918767507,
2022-02-01,-1.4389050887021475,,0.4271708683473389,
2022-02-02,-0.8181455648926238,,0.4906629318394024,
2022-02-03,-0.6207781045751634,,0.4827264239028945,
2022-02-04,-0.49334080298786187,,0.49859943977591037,
2022-02-05,-0.26598286647992536,,0.5224089635854342,
2022-02-06,-0.05448683473389363,,0.5620915032679739,
2022-02-07,0.5046688141923436,,0.631185807656396,
2022-02-08,0.5511992063492064,,0.6666666666666667,
2022-02-09,0.4024293650793651,,0.6507936507936508,
2022-02-10,0.777634126984127,,0.6984126984126985,
2022-02-11,0.8593095238095237,,0.6984126984126985,
2022-02-12,0.6571293650793651,,0.6666666666666667,
2022-02-13,0.21398015873015883,,0.5952380952380952,
2022-02-14,0.0622174603174604,,0.5555555555555556,
2022-02-15,-0.2116767973856208,,0.5032679738562091,
2022-02-16,0.00797082166199822,,0.5350140056022409,
2022-02-17,0.2083115779645193,,0.5648926237161531,
2022-02-18,0.037470308123249474,,0.5606909430438842,
2022-02-19,0.11222578013661623,,0.5786525136370336,
2022-02-20,0.2324948277556638,,0.6262715612560814,
2022-02-21,0.01954977640178893,,0.596859796550199,
2022-02-22,-0.40998551771585817,,0.5632463511720478,
2022-02-23,-0.9999352376038134,,0.4778121775025799,
2022-02-24,-1.774723472897931,,0.4105852867462775,
2022-02-25,-1.7477545653349063,,0.4105852867462775,
2022-02-26,-1.8258203548085903,,0.3926237161531279,
2022-02-27,-1.803655275443511,,0.3688141923436041,
2022-02-28,-1.867690569561158,,0.3604108309990663,
2022-03-01,-0.9678292250233428,,0.45284780578898226,
2022-03-02,-0.38974617180205434,,0.5382819794584501,
2022-03-03,0.28844654528478053,,0.5994397759103641,
2022-03-04,0.3600149393090569,,0.6274509803921567,
2022-03-05,-0.0510398225957051,,0.6115779645191409,
2022-03-06,-0.1918128384687209,,0.6115779645191409,
2022-03-07,-0.2507840802987862,,0.6335200746965454,
2022-03-08,-0.5534277777777777,,0.6031746031746031,
2022-03-09,-0.6994357142857143,,0.5873015873015872,
2022-03-10,-0.9093484126984127,,0.5714285714285714,
2022-03-11,-0.9948833333333333,,0.5396825396825397,
2022-03-12,-0.5475387218045111,,0.5584795321637427,
2022-03-13,-0.324432372598162,,0.5743525480367585,
2022-03-14,-0.014468086883876298,,0.5981620718462823,
2022-03-15,0.02702477025898085,,0.5981620718462823,
2022-03-16,0.13009503169688935,,0.6126345274952085,
2022-03-17,0.5493180475699052,,0.6602535751142563,
2022-03-18,1.0357989999508577,,0.7237456386063197,
2022-03-19,1.3038385154061625,,0.7605042016806723,
2022-03-20,1.6292408963585436,,0.8001867413632119,
2022-03-21,1.8955718487394957,,0.8478057889822596,
2022-03-22,2.189394864612512,,0.8874883286647991,
2022-03-23,2.2052857142857145,,0.8809523809523808,
2022-03-24,2.090745238095238,,0.865079365079365,
2022-03-25,2.085809523809524,,0.865079365079365,
2022-03-26,2.0575650793650793,,0.865079365079365,
2022-03-27,1.9461007936507937,,0.8492063492063492,
2022-03-28,2.0409314192343606,,0.8482726423902893,
2022-03-29,2.0727806255835666,,0.8482726423902894,
2022-03-30,2.224934593837535,,0.8800186741363213,
2022-03-31,2.3687742763772173,,0.887955182072829,
2022-04-01,2.4044996732026145,,0.8879551820728292,
2022-04-02,2.503202847805789,,0.8958916900093369,
2022-04-03,2.663757609710551,,0.9197012138188608,
2022-04-04,2.673907142857143,,0.9206349206349207,
2022-04-05,2.6867111111111113,,0.9206349206349206,
2022-04-06,2.558192063492064,,0.8968253968253969,
2022-04-07,2.2449285714285714,,0.8492063492063492,
2022-04-08,2.0653492063492065,,0.8174603174603173,
2022-04-09,1.8828637426900587,,0.7878028404344193,
2022-04-10,1.7329959899749372,,0.7731829573934837,
2022-04-11,1.5040674185463658,,0.7493734335839599,
2022-04-12,1.005692021720969,,0.6779448621553884,
2022-04-13,0.7101955304928989,,0.6340852130325815,
2022-04-14,0.7938189223057643,,0.6750208855472012,
2022-04-15,0.7336252715121135,,0.6700083542188805,
2022-04-16,0.7107583542188805,,0.6775271512113618,
2022-04-17,0.7232929406850459,,0.6700083542188805,
2022-04-18,0.5439477861319966,,0.6420217209690894,
2022-04-19,0.9883714285714286,,0.7142857142857143,
2022-04-20,1.3886375939849622,,0.7669172932330827,
2022-04-21,1.5342255639097744,,0.7744360902255639,
2022-04-22,1.5787699248120302,,0.7744360902255639,
2022-04-23,1.5925315789473682,,0.7744360902255638,
2022-04-24,1.48946015037594,,0.7593984962406015,
2022-04-25,1.4947533834586466,,0.7669172932330827,
2022-04-26,1.4304203007518796,,0.7593984962406015,
2022-04-27,0.9521105263157895,,0.6842105263157894,
2022-04-28,0.734421052631579,,0.6541353383458647,
2022-04-29,0.7250315789473685,,0.6691729323308271,
2022-04-30,0.6035699248120301,,0.6541353383458647,
2022-05-01,-0.05865246449456978,,0.6198830409356725,
2022-05-02,-0.21754101921470342,,0.6086048454469507,
2022-05-03,-0.39963237259816203,,0.5914786967418547,
2022-05-04,-0.2705113199665831,,0.6261487050960736,
2022-05-05,-0.11229252297410193,,0.6411862990810359,
2022-05-06,-0.5136271094402673,,0.5810359231411864,
2022-05-07,-0.6495361319966584,,0.5584795321637427,
2022-05-08,-0.0901039682539682,,0.5852130325814536,
2022-05-09,0.09962222222222226,,0.6010860484544694,
2022-05-10,-0.3503936507936508,0.232,0.545530492898914,1.050248826982172
2022-05-11,-1.8914440267335004,0.007936507936507936,0.48078529657477026,1.7706972758091255
2022-05-12,-5.429568086883876,0.0,0.3680033416875522,2.6890695991260656
2022-05-13,-5.839247034252297,0.0,0.3529657477025898,2.8563822708616486
2022-05-14,-6.246280116959064,0.0,0.33792815371762736,3.1242218577710568
2022-05-15,-6.634377861319967,0.0,0.3003341687552214,3.293031172937298
2022-05-16,-7.006382940685046,0.0,0.25588972431077694,3.3705387607304753
2022-05-17,-7.07595992481203,0.0,0.24398496240601503,3.35621387109379
2022-05-18,-6.0519009774436086,0.03007518796992481,0.2642857142857143,2.7802003914510767
2022-05-19,-3.25587030075188,0.05223880597014925,0.2857142857142857,1.9686882935710772
2022-05-20,-2.8941902255639103,0.05925925925925926,0.312781954887218,1.867292035707904
2022-05-21,-2.968144548872181,0.058823529411764705,0.28120300751879695,1.6544558594309167
2022-05-22,-2.6959550000000005,0.072992700729927,0.31428571428571433,1.5481817021277757
2022-05-23,-2.2556018421052637,0.07971014492753623,0.36165413533834584,1.4730623135933125
2022-05-24,-2.359713984962407,0.07913669064748201,0.33308270676691726,1.4267567806569847
2022-05-25,-2.0372189849624065,0.09285714285714286,0.3616541353383459,1.3292094965849512
2022-05-26,-2.035912819548873,0.09929078014184398,0.36278195488721804,1.33747296839371
2022-05-27,-2.1862278195488725,0.09154929577464789,0.3342105263157894,1.303039301976912
2022-05-28,-1.9304228195488726,0.11888111888111888,0.3627819548872181,1.2954630473080466
2022-05-29,-2.1755299624060154,0.09722222222222222,0.3270676691729323,1.315622014886817
2022-05-30,-2.0851588345864664,0.10344827586206896,0.34398496240601506,1.2966703055289626
2022-05-31,-1.2460595488721808,0.21232876712328766,0.4511278195488722,1.1900337366583724
2022-06-01,-0.8394931203007523,0.25170068027210885,0.4796992481203008,1.1017444691905172
2022-06-02,-0.5008528571428575,0.3108108108108108,0.5071428571428572,1.0143985097521278
2022-06-03,-0.17492357142857198,0.40268456375838924,0.55,0.9593187975521562
2022-06-04,0.012264999999999375,0.46,0.5571428571428572,0.9090171066828285
2022-06-05,0.2604678571428566,0.5298013245033113,0.5857142857142856,0.8488401812049873
2022-06-06,0.3520142857142851,0.5460526315789473,0.6,0.8069236516748295
2022-06-07,-0.16130285714285764,0.39869281045751637,0.5285714285714286,0.9036665790289101
2022-06-08,-0.36078071428571473,0.33766233766233766,0.5285714285714286,1.0
2022-06-09,-0.1630628571428576,0.4,0.5714285714285714,0.9987043822244744
2022-06-10,-0.185201428571429,0.391025641025641,0.5571428571428572,1.0
2022-06-11,-0.7613300000000004,0.2484076433121019,0.5071428571428572,1.0061339888706604
2022-06-12,-1.5940421428571432,0.18354430379746836,0.45,1.1119673916176103
2022-06-13,-3.274101804511279,0.0440251572327044,0.3436090225563909,1.7166629876194308
2022-06-14,-3.7404289473684216,0.04375,0.3233082706766917,1.9345236001016617
2022-06-15,-5.093215827067669,0.043478260869565216,0.23834586466165414,2.922440260499672
2022-06-16,-5.584450639097745,0.037037037037037035,0.1981203007518797,3.290647776249475
2022-06-17,-6.179277857142857,0.024539877300613498,0.17105263157894735,3.5752537855125657
2022-06-18,-6.237546428571428,0.024390243902439025,0.20187969924812027,3.776795612835431
2022-06-19,-5.982132330827068,0.04242424242424243,0.21052631578947367,3.867822764372791
2022-06-20,-4.652647669172933,0.07228915662650602,0.28834586466165407,3.444897834332405
2022-06-21,-3.930621954887218,0.07784431137724551,0.3515037593984962,3.217667877726016
2022-06-22,-2.892491879699248,0.1130952380952381,0.3966165413533834,2.280505608988563
2022-06-23,-2.8397127819548875,0.11834319526627218,0.3868421052631579,2.040149739738378
2022-06-24,-2.233889473684211,0.1411764705882353,0.44699248120300755,1.8731289982551433
2022-06-25,-1.6571187593984966,0.23391812865497075,0.48045112781954885,1.7640675963053984
2022-06-26,-1.1344800000000004,0.26744186046511625,0.543233082706767,1.6524748892001329
2022-06-27,-1.2850071428571432,0.26011560693641617,0.5218045112781955,1.5539525938452694
2022-06-28,-1.7705600000000004,0.21264367816091953,0.45751879699248116,1.5835805264451703
2022-06-29,-2.032690338345865,0.17142857142857143,0.43308270676691724,1.75185252827863
2022-06-30,-2.240063909774437,0.13636363636363635,0.4045112781954887,1.77695663820469
2022-07-01,-2.6642550000000007,0.12429378531073447,0.3428571428571429,1.7382808266001768
2022-07-02,-2.8207557142857147,0.11797752808988764,0.32142857142857145,1.7051135126404977
2022-07-03,-3.1507142857142867,0.09497206703910614,0.29285714285714287,1.7622020349820848
2022-07-04,-3.123757142857144,0.1,0.2857142857142857,1.7379323908459738
2022-07-05,-2.7667528571428575,0.13259668508287292,0.3285714285714286,1.6978478085754973
2022-07-06,-2.3873857142857147,0.14835164835164835,0.35714285714285715,1.5511308553810499
2022-07-07,-1.9044871428571433,0.2185792349726776,0.42857142857142855,1.5505039424137703
2022-07-08,-1.3648550000000004,0.29347826086956524,0.5071428571428572,1.5259616034820231
2022-07-09,-1.0424278571428576,0.32432432432432434,0.5428571428571428,1.4598057000831515
2022-07-10,-0.7120628571428576,0.3709677419354839,0.5714285714285714,1.4594558779525588
2022-07-11,-0.8901050000000004,0.34759358288770054,0.5714285714285714,1.5508038032325266
2022-07-12,-1.3501557142857146,0.2978723404255319,0.5357142857142857,1.600592083543105
2022-07-13,-1.914804285714286,0.21164021164021163,0.48571428571428577,1.5598679206496813
2022-07-14,-2.149942142857143,0.17894736842105263,0.42857142857142855,1.4341667936884663
2022-07-15,-2.0594035714285717,0.18848167539267016,0.4142857142857143,1.3408146634687705
2022-07-16,-2.0400478571428575,0.19270833333333334,0.4142857142857143,1.314355581290206
2022-07-17,-1.8650657142857143,0.24352331606217617,0.4214285714285714,1.1520381575958278
2022-07-18,-1.3837621428571432,0.30412371134020616,0.4571428571428572,1.0535196957414867
2022-07-19,-0.6261200000000003,0.41025641025641024,0.5428571428571428,0.9868513114652216
2022-07-20,0.2467999999999994,0.6275510204081632,0.6285714285714284,0.9317432283858339
2022-07-21,0.7430785714285709,0.751269035532995,0.7,0.9559692998468406
2022-07-22,0.7970464285714282,0.7676767676767676,0.7071428571428572,1.0331729529533302
2022-07-23,0.7097914285714282,0.7085427135678392,0.7,1.143888395976379
2022-07-24,0.6282664285714281,0.7,0.6857142857142857,1.1756318965128336
2022-07-25,0.42758785714285674,0.6467661691542289,0.6571428571428573,1.1788255672131356
2022-07-26,-0.11800000000000033,0.5198019801980198,0.5928571428571429,1.25999770072602
2022-07-27,-0.657559285714286,0.3891625615763547,0.5499999999999999,1.3244492106107695
2022-07-28,-0.562779285714286,0.4068627450980392,0.5642857142857143,1.249560536928449
2022-07-29,-0.3305500000000003,0.4634146341463415,0.5928571428571429,1.122857696313658
2022-07-30,0.046048571428570995,0.5825242718446602,0.6428571428571429,0.9654198365628338
2022-07-31,0.26548142857142815,0.6280193236714976,0.6642857142857144,0.9118713948155374
2022-08-01,0.6468892857142853,0.7115384615384616,0.7142857142857143,0.8373959292212072
2022-08-02,1.0322822556390974,0.8086124401913876,0.7545112781954888,0.772904256559606
2022-08-03,1.356938571428571,0.8238095238095238,0.7650375939849624,0.7140435370687281
2022-08-04,1.0957764285714282,0.8104265402843602,0.7221804511278196,0.7713452931545963
2022-08-05,0.9291321428571425,0.7783018867924528,0.6936090225563909,0.8382609852773518
2022-08-06,0.8963699999999998,0.7746478873239436,0.6793233082706767,0.8581195193018543
2022-08-07,0.8783728571428568,0.7710280373831776,0.6793233082706767,0.8445266394234203
2022-08-08,0.7553242857142852,0.7395348837209302,0.6578947368421053,0.8612532145169411
2022-08-09,0.8357284586466163,0.7638888888888888,0.674812030075188,0.8065155383924585
2022-08-10,0.8329457142857138,0.7603686635944701,0.6785714285714286,0.8109572353787263
2022-08-11,1.054795714285714,0.8119266055045872,0.7285714285714285,0.7841819719362382
2022-08-12,1.120325714285714,0.821917808219178,0.75,0.7649238972775637
2022-08-13,1.0587371428571424,0.8090909090909091,0.75,0.7714465642368006
2022-08-14,1.0540164285714282,0.8009049773755657,0.7571428571428571,0.7758468904880326
2022-08-15,0.8200942857142854,0.7432432432432432,0.7214285714285714,0.8000022069939784
2022-08-16,0.7199478571428568,0.6860986547085202,0.7214285714285714,0.8475086943462387
2022-08-17,0.8730357142857139,0.7589285714285714,0.7428571428571428,0.8016109351817169
2022-08-18,0.6288328571428566,0.6577777777777778,0.7000000000000001,0.8631277226335052
2022-08-19,-0.22892060150375984,0.4424778761061947,0.6011278195488723,1.0
2022-08-20,-1.03206060150376,0.29955947136563876,0.5011278195488721,1.0920638188532132
2022-08-21,-1.7721498872180454,0.2236842105263158,0.40112781954887217,1.172543313094743
2022-08-22,-1.9687620300751885,0.17903930131004367,0.3725563909774436,1.2035531908014994
2022-08-23,-1.999618458646617,0.1782608695652174,0.34398496240601506,1.1705269192107572
2022-08-24,-2.175268458646617,0.1471861471861472,0.3082706766917293,1.2016129264752125
2022-08-25,-2.31459560150376,0.125,0.293984962406015,1.171107730786791
2022-08-26,-1.8930950000000004,0.21030042918454936,0.35000000000000003,1.1071521206839932
2022-08-27,-2.0798635714285716,0.1623931623931624,0.3428571428571429,1.1254329874880216
2022-08-28,-2.1111385714285715,0.1574468085106383,0.35714285714285715,1.1100999185537745
2022-08-29,-2.59335,0.11440677966101695,0.33571428571428574,1.1502288917968368
2022-08-30,-2.833408571428571,0.0970464135021097,0.3,1.1578813930783707
2022-08-31,-2.9024921428571426,0.08403361344537816,0.3071428571428572,1.1548693357566753
2022-09-01,-2.948223571428571,0.08368200836820083,0.2785714285714286,1.1424774599993395
2022-09-02,-2.7893478571428574,0.1125,0.2714285714285714,1.0699560915370152
2022-09-03,-2.2398314285714287,0.15352697095435686,0.3071428571428571,1.0026198458014866
2022-09-04,-1.6394921428571432,0.29338842975206614,0.35714285714285715,0.938633573890345
2022-09-05,-0.8996521428571432,0.36213991769547327,0.42857142857142855,0.8451170231371253
2022-09-06,-0.5798214285714289,0.4098360655737705,0.4642857142857143,0.8039007487861664
2022-09-07,-0.955186428571429,0.3551020408163265,0.41428571428571426,0.8482496630499178
2022-09-08,-0.7558489473684212,0.3821138211382114,0.4537593984962406,0.8726614838937984
2022-09-09,-0.5501103759398499,0.4251012145748988,0.48233082706766917,0.8668522542893035
2022-09-10,-0.0630560902255641,0.5362903225806451,0.5609022556390977,0.816227555010984
2022-09-11,0.14332390977443593,0.5943775100401606,0.5966165413533835,0.8034607586730318
2022-09-12,0.2816003383458645,0.62,0.6180451127819548,0.8257904881248808
2022-09-13,0.14934819548872166,0.5936254980079682,0.6109022556390977,0.9090831110397697
2022-09-14,-0.13214394736842117,0.5179282868525896,0.6180451127819548,1.2260450389085167
2022-09-15,-0.7727535714285716,0.3705179282868526,0.5857142857142856,1.6162979955115184
2022-09-16,-1.4957657142857141,0.2908366533864542,0.5428571428571428,1.9932170889301513
2022-09-17,-2.096892142857143,0.1752988047808765,0.4714285714285714,2.2083561533988245
2022-09-18,-2.3590642857142856,0.13545816733067728,0.4428571428571429,2.2722951400233926
2022-09-19,-3.228525,0.06772908366533864,0.35,2.620873617456038
2022-09-20,-3.6421928571428572,0.05976095617529881,0.33571428571428574,2.8996151373598544
2022-09-21,-3.174092857142857,0.07569721115537849,0.34285714285714286,2.6054269114826556
2022-09-22,-3.3761035714285716,0.06374501992031872,0.3071428571428571,2.554997186767841
2022-09-23,-3.019217593984963,0.09163346613545817,0.31766917293233077,2.334001551877975
2022-09-24,-2.6996230827067675,0.13545816733067728,0.3582706766917293,2.2084679604872317
2022-09-25,-2.7736307894736845,0.13147410358565736,0.3402255639097744,2.2146273891533026
2022-09-26,-2.1841336842105266,0.19123505976095617,0.3860902255639097,1.8955893698064767
2022-09-27,-1.6846134586466168,0.3147410358565737,0.42669172932330823,1.5392800081267386
2022-09-28,-1.8614877443609024,0.28286852589641437,0.43383458646616546,1.5435691267990685
2022-09-29,-1.015236315789474,0.38645418326693226,0.5052631578947369,1.2283997675449567
2022-09-30,-0.7268844360902259,0.43824701195219123,0.5518796992481203,1.1584036869287255
2022-10-01,-0.59721537593985,0.4701195219123506,0.5541353383458647,1.0876972058798144
2022-10-02,-0.48950624060150405,0.5059760956175299,0.5721804511278196,1.0348655427798321
2022-10-03,-0.26416620300751903,0.545816733067729,0.5977443609022556,0.9653923784852932
2022-10-04,-0.22008928571428596,0.5537848605577689,0.5857142857142857,0.9744556421220096
2022-10-05,0.41373357142857126,0.7091633466135459,0.6428571428571429,0.8453554697194395
2022-10-06,0.540782857142857,0.7171314741035857,0.6571428571428571,0.735445284361385
2022-10-07,0.43046214285714274,0.7091633466135459,0.6285714285714287,0.6952101998292782
2022-10-08,0.43515071428571417,0.7091633466135459,0.6285714285714287,0.6929052187160526
2022-10-09,0.5851321428571427,0.7290836653386454,0.6428571428571429,0.654578337494252
2022-10-10,0.7611161654135338,0.7888446215139442,0.6699248120300751,0.6251861461322863
2022-10-11,0.6207625939849623,0.7290836653386454,0.6556390977443609,0.6765776554296455
2022-10-12,0.584706879699248,0.7171314741035857,0.6556390977443609,0.6930242123264722
2022-10-13,0.08473402255639055,0.6135458167330677,0.5853383458646616,0.8086975589476865
2022-10-14,-0.011667406015038002,0.5816733067729084,0.5781954887218045,0.8332017357845543
2022-10-15,-0.31011526315789517,0.4940239043824701,0.5383458646616541,0.8703148866597181
2022-10-16,-0.5687838345864665,0.43824701195219123,0.4883458646616541,0.9230359509047771
2022-10-17,-0.828076315789474,0.3944223107569721,0.4432330827067669,0.9565527562413743
2022-10-18,-0.6920252255639101,0.42231075697211157,0.4620300751879699,0.9153404145970022
2022-10-19,-0.6790039097744364,0.4262948207171315,0.4744360902255639,0.9691536053127354
2022-10-20,-0.20700748120300766,0.5418326693227091,0.5447368421052632,0.8565360739252441
2022-10-21,-0.3266310526315791,0.5059760956175299,0.5233082706766917,0.8462063100800508
2022-10-22,-0.43142248120300764,0.4820717131474104,0.49887218045112786,0.854026612878203
2022-10-23,-0.2827646240601505,0.5219123505976095,0.5274436090225564,0.8140599563712426
2022-10-24,-0.21952187969924827,0.545816733067729,0.5454887218045112,0.8315165174508597
2022-10-25,-0.28048954887218064,0.5258964143426295,0.5304511278195488,0.8035220624220478
2022-10-26,-0.20909180451127835,0.5577689243027888,0.5229323308270677,0.7449344434725002
2022-10-27,-0.09688823308270697,0.5976095617529881,0.5353383458646616,0.7428031157108991
2022-10-28,0.17895296992481183,0.6653386454183267,0.5609022556390977,0.6625931089767138
2022-10-29,0.6448466541353381,0.749003984063745,0.63796992481203,0.6046635960200386
2022-10-30,0.8983577819548871,0.8286852589641435,0.687218045112782,0.5596170110415808
2022-10-31,1.0719300751879697,0.8645418326693227,0.7293233082706767,0.48785356960396425
2022-11-01,1.1368744360902254,0.8725099601593626,0.7443609022556391,0.47833091500452174
2022-11-02,0.9487563909774435,0.8247011952191236,0.7218045112781954,0.4798215252432967
2022-11-03,0.6428321052631578,0.7290836653386454,0.6665413533834587,0.5180174286899366
2022-11-04,0.7277095488721803,0.7609561752988048,0.7041353383458645,0.5391332230442917
2022-11-05,0.7793704511278194,0.7808764940239044,0.7191729323308271,0.5559377641530493
2022-11-06,0.7516824812030073,0.7689243027888446,0.719172932330827,0.5916553079820397
2022-11-07,0.654802781954887,0.7250996015936255,0.6966165413533835,0.7130414646569282
2022-11-08,0.17302759398496212,0.6254980079681275,0.6515037593984961,0.9219376334880416
2022-11-09,-4.829724285714287,0.04780876494023904,0.5763157894736841,6.457754582998335
2022-11-10,-19.3233,0.0,0.5413533834586466,25.656108072837807
2022-11-11,-22.186528571428575,0.0,0.49624060150375937,29.649358986123367
2022-11-12,-23.875530827067674,0.0,0.4436090225563909,31.566434253809685
2022-11-13,-25.052884699248125,0.0,0.3657894736842105,32.45731505445279
2022-11-14,-26.560015864661658,0.0,0.33195488721804506,33.91791040095257
2022-11-15,-26.862954172932337,0.0,0.34398496240601506,34.26112019507206
2022-11-16,-22.524884736842107,0.01593625498007968,0.41541353383458646,29.554020803789637
2022-11-17,-8.802134736842104,0.027888446215139442,0.4432330827067669,11.07692848941166
2022-11-18,-6.317859812030075,0.043824701195219126,0.46090225563909776,7.382286394702965
2022-11-19,-5.1373685714285715,0.0796812749003984,0.4642857142857143,5.69006902931538
2022-11-20,-4.502923571428571,0.09561752988047809,0.4785714285714286,4.980044233200673
2022-11-21,-3.736355,0.10756972111553785,0.45000000000000007,3.679310737796068
2022-11-22,-3.237657857142857,0.12749003984063745,0.4714285714285714,3.2734971718866506
2022-11-23,-2.649347142857143,0.20717131474103587,0.4857142857142857,2.6189470683935197
2022-11-24,-2.292125714285714,0.23107569721115537,0.5357142857142857,2.35016495348241
2022-11-25,-2.4248407142857142,0.2151394422310757,0.5285714285714286,2.3976634944207516
2022-11-26,-2.462331428571429,0.2151394422310757,0.5285714285714286,2.3527929427321648
2022-11-27,-2.495349285714286,0.2151394422310757,0.5285714285714286,2.4067950751589025
2022-11-28,-2.904665714285714,0.1593625498007968,0.5357142857142858,2.962517099883622
2022-11-29,-2.6948871428571435,0.20717131474103587,0.5571428571428572,2.909390177624058
2022-11-30,-2.800696428571429,0.18725099601593626,0.5642857142857143,2.9967032244583987
2022-12-01,-2.4378692857142856,0.2350597609561753,0.5571428571428572,2.7218972377286232
2022-12-02,-2.2507428571428574,0.26693227091633465,0.5571428571428572,2.599751789095061
2022-12-03,-1.964017142857143,0.3466135458167331,0.5428571428571428,2.404857215896092
2022-12-04,-1.7145185714285716,0.38645418326693226,0.5499999999999999,2.2231029961043984
2022-12-05,-0.6430421428571428,0.50199203187251,0.5999999999999999,1.4774899337013243
2022-12-06,-0.6769614285714284,0.4940239043824701,0.5785714285714285,1.3955220027298771
2022-12-07,-0.46071875939849616,0.545816733067729,0.5609022556390978,1.1674124011237441
2022-12-08,-0.41050981203007514,0.5537848605577689,0.5203007518796993,0.9722246052617677
2022-12-09,-0.19188413533834578,0.6215139442231076,0.524812030075188,0.7645935473405369
2022-12-10,-0.23728255639097734,0.5976095617529881,0.5357142857142857,0.8224059374604291
2022-12-11,-0.21540176691729318,0.6175298804780877,0.5545112781954887,0.8711416321447939
2022-12-12,-0.5316457894736841,0.5338645418326693,0.4845864661654135,0.9045719580137421
2022-12-13,-0.42721428571428566,0.5577689243027888,0.5037593984962406,0.8845330184304833
2022-12-14,-0.24913007518796984,0.6055776892430279,0.556390977443609,0.9831288786690691
2022-12-15,0.15591654135338348,0.7171314741035857,0.631578947368421,0.9298125895303612
2022-12-16,0.24071127819548874,0.7290836653386454,0.6541353383458646,0.9258002570801233
2022-12-17,-0.49468496240601506,0.545816733067729,0.6240601503759399,1.1400900511943122
2022-12-18,-1.1254398496240603,0.4342629482071713,0.5789473684210525,1.2485242814965973
2022-12-19,-1.1349082706766918,0.4302788844621514,0.6165413533834586,1.3396031976009677
2022-12-20,-1.4871563909774435,0.4103585657370518,0.5714285714285714,1.383659158974827
2022-12-21,-1.7749616541353386,0.3784860557768924,0.518796992481203,1.3324881210651527
2022-12-22,-2.263891729323308,0.26294820717131473,0.44360902255639095,1.4116296531489938
2022-12-23,-2.3180894736842106,0.2549800796812749,0.42105263157894735,1.457972985852609
2022-12-24,-2.024460902255639,0.3466135458167331,0.4511278195488722,1.4651358789222662
2022-12-25,-1.6233721804511279,0.41832669322709165,0.4736842105263158,1.3770988502013541
2022-12-26,-1.3686135338345866,0.43824701195219123,0.47368421052631576,1.2515499595093054
2022-12-27,-1.0426616541353384,0.4701195219123506,0.5112781954887218,1.1803099157345252
2022-12-28,-1.0465721804511279,0.4701195219123506,0.5187969924812029,1.175328689380452
2022-12-29,-0.9612368421052631,0.4900398406374502,0.5488721804511278,1.1792205667083484
2022-12-30,-1.721778195488722,0.40239043824701193,0.5338345864661653,1.737587692299794
2022-12-31,-1.7243195488721803,0.40239043824701193,0.5187969924812029,1.9172855582469763
2023-01-01,-1.5351548872180452,0.4342629482071713,0.5413533834586466,1.967568668113624
2023-01-02,-1.712003007518797,0.41434262948207173,0.5338345864661654,2.065754267802928
2023-01-03,-2.6411052631578946,0.22310756972111553,0.5338345864661653,3.1762252606955808
2023-01-04,-3.5517864661654137,0.11553784860557768,0.5338345864661653,4.356872172872623
2023-01-05,-3.6940285714285714,0.11155378486055777,0.5413533834586466,4.508926004836965
2023-01-06,-3.6327037593984963,0.11952191235059761,0.5789473684210525,4.480756095318523
2023-01-07,-3.3997052631578946,0.12749003984063745,0.6090225563909775,4.1997612576862045
2023-01-08,-3.4040556390977446,0.12749003984063745,0.6090225563909774,4.145410523621325
2023-01-09,-2.9940609022556393,0.17131474103585656,0.6466165413533834,4.000430445265073
2023-01-10,-1.8195511278195489,0.41832669322709165,0.6766917293233082,2.924478243952474
2023-01-11,-0.6613849624060151,0.5936254980079682,0.6992481203007518,1.7618726362292292
2023-01-12,-0.21088421052631576,0.7250996015936255,0.7218045112781954,1.5727988813889822
2023-01-13,0.5550398496240603,0.8565737051792829,0.7142857142857143,1.0644022724723297
2023-01-14,1.6351240601503763,1.0,0.7669172932330827,0.9630290379135741
2023-01-15,2.3955909774436086,1.0,0.8195488721804512,0.8677246519010475
2023-01-16,2.749382706766917,1.0,0.857142857142857,0.8547831381051698
2023-01-17,2.8657804511278195,1.0,0.8721804511278195,0.7751251976893161
2023-01-18,3.098738345864662,1.0,0.9022556390977444,0.6671324953043508
2023-01-19,3.149529323308271,1.0,0.9097744360902256,0.6766920330585731
2023-01-20,3.258602255639098,1.0,0.9248120300751879,0.6521917847345408
2023-01-21,3.008593984962406,0.9880478087649402,0.9248120300751879,0.5666754432169211
2023-01-22,2.850363909774436,0.9800796812749004,0.9248120300751879,0.4986188075315074
2023-01-23,2.783351879699248,0.9760956175298805,0.924812030075188,0.4852023983778668
2023-01-24,2.884307518796992,0.9840637450199203,0.9248120300751879,0.5198669712336835
2023-01-25,2.63313007518797,0.9641434262948207,0.9022556390977442,0.7042047358816191
2023-01-26,2.5336270676691726,0.9601593625498008,0.9172932330827068,0.9229214675598785
2023-01-27,2.5970075187969925,0.9601593625498008,0.924812030075188,0.9595764076584854
2023-01-28,2.276648872180451,0.9482071713147411,0.9097744360902256,1.166607560564078
2023-01-29,2.11999022556391,0.9442231075697212,0.8872180451127819,1.1751999449401334
2023-01-30,2.044375187969925,0.9402390438247012,0.8872180451127819,1.1896880383032757
2023-01-31,1.8614105263157896,0.9362549800796812,0.8721804511278196,1.201320620190541
2023-02-01,2.0870225563909774,0.9402390438247012,0.8796992481203008,1.0386921901891297
2023-02-02,2.64050977443609,0.9641434262948207,0.894736842105263,0.8132684656969665
2023-02-03,2.792044360902256,0.9721115537848606,0.9022556390977444,0.7518187276903576
2023-02-04,3.007737443609023,0.9840637450199203,0.9101503759398496,0.559090032221194
2023-02-05,3.0203413700918964,0.9880478087649402,0.9168337510442773,0.5632358598471904
2023-02-06,2.9907263324979114,0.9760956175298805,0.9093149540517961,0.5433296373966238
2023-02-07,3.0316486382623222,0.9880478087649402,0.9159983291562239,0.5115798874805644
2023-02-08,3.114558120300752,0.9920318725099602,0.9306182121971595,0.491889830739951
2023-02-09,2.7398017293233083,0.9402390438247012,0.9155806182121972,0.45337512102053434
2023-02-10,2.4364536507936507,0.9203187250996016,0.8834168755221387,0.44691187627292445
2023-02-11,2.0495007936507936,0.900398406374502,0.8588137009189641,0.4752791468669091
2023-02-12,1.5782352130325812,0.8844621513944223,0.8295739348370927,0.6208944741262897
2023-02-13,1.2866736424394318,0.8764940239043825,0.8128654970760234,0.6621832620032956
2023-02-14,1.1308720551378444,0.8685258964143426,0.8049289891395155,0.6945149980803389
2023-02-15,0.8999340016708436,0.8286852589641435,0.797827903091061,0.7733285906623978
2023-02-16,1.012927318295739,0.8366533864541833,0.8128654970760234,0.7468049004610195
2023-02-17,1.2463565998329156,0.8725099601593626,0.8450292397660818,0.6932067603696217
2023-02-18,1.6206614870509604,0.8844621513944223,0.8692564745196324,0.6516929309758178
2023-02-19,2.182069005847953,0.9083665338645418,0.9068504594820385,0.5002738027441184
2023-02-20,2.541031328320802,0.9243027888446215,0.931077694235589,0.4434468678403374
2023-02-21,2.796855722639933,0.952191235059761,0.9473684210526316,0.4099025334684874
2023-02-22,3.0418580618212196,0.9840637450199203,0.954469507101086,0.34490696970603735
2023-02-23,3.0097421888053466,0.9721115537848606,0.9465329991645781,0.335419227252899
2023-02-24,2.9896589390142023,0.9561752988047809,0.9461152882205512,0.34708329088735623
2023-02-25,2.7650514202172096,0.9282868525896414,0.931077694235589,0.3433661030546019
2023-02-26,2.440445989974937,0.896414342629482,0.8989139515455304,0.3738980450571197
2023-02-27,2.228748746867168,0.8804780876494024,0.8826232247284879,0.4084725769046766
2023-02-28,2.0445997493734334,0.8605577689243028,0.8822055137844611,0.4153803708956189
2023-03-01,1.8849402255639096,0.852589641434263,0.8742690058479532,0.42704719120395124
2023-03-02,1.761530701754386,0.8446215139442231,0.8742690058479532,0.48417399907053704
2023-03-03,1.4308124477861317,0.8286852589641435,0.8504594820384295,0.5409038462638537
2023-03-04,1.2708462823725981,0.8167330677290837,0.8354218880534671,0.589292886867722
2023-03-05,1.20643216374269,0.8087649402390438,0.8299916457811195,0.6207526432475423
2023-03-06,1.0604901002506264,0.7848605577689243,0.8141186299081035,0.6226729546290187
2023-03-07,0.8968535923141185,0.7450199203187251,0.7823725981620718,0.6782226540223529
2023-03-08,0.7515147034252295,0.6972111553784861,0.7664995822890559,0.7427634310320668
2023-03-09,0.5656170843776105,0.6414342629482072,0.7188805346700082,0.7792511828639694
2023-03-10,-0.15673688387635767,0.549800796812749,0.6395154553049289,1.0777132326560124
2023-03-11,-0.6404299916457813,0.4302788844621514,0.5977443609022556,1.3186628980312824
2023-03-12,-0.8855931495405179,0.38247011952191234,0.575187969924812,1.3963048627202757
2023-03-13,-0.7431711361737676,0.3944223107569721,0.592314118629908,1.416571479635469
2023-03-14,-0.5119790726817043,0.4581673306772908,0.6240601503759399,1.3861144592195636
2023-03-15,-0.11009891395154543,0.5577689243027888,0.6558061821219716,1.328721425390189
2023-03-16,-0.0049353801169589,0.5697211155378487,0.6812865497076023,1.315528525743257
2023-03-17,0.5547599415204679,0.6334661354581673,0.7472848788638261,1.2456825302111416
2023-03-18,1.0783718462823728,0.7888446215139442,0.8116123642439431,1.235180283048229
2023-03-19,1.2461919799498749,0.8087649402390438,0.8634085213032581,1.5535870651048354
2023-03-20,0.9841279030910611,0.7529880478087649,0.8780284043441938,1.9983557834853276
2023-03-21,0.4400310776942356,0.6135458167330677,0.8462823725981622,2.317892128678823
2023-03-22,-0.037681620718462885,0.5418326693227091,0.8383458646616541,2.664984122450911
2023-03-23,-0.31132372598162084,0.4581673306772908,0.8287385129490392,2.8739225327125832
2023-03-24,0.03329206349206339,0.549800796812749,0.8500417710944027,2.687003478492938
2023-03-25,-0.19323274853801184,0.5059760956175299,0.7974101921470342,2.514811238853666
2023-03-26,-0.22660401002506284,0.47808764940239046,0.768170426065163,2.138002994379542
2023-03-27,-0.1979555973266502,0.50199203187251,0.7443609022556391,1.7518862090999414
2023-03-28,0.029639933166248793,0.545816733067729,0.7389306599832915,1.4794376019918185
2023-03-29,0.2346911027568921,0.5816733067729084,0.7243107769423558,1.115369236078097
2023-03-30,0.5861121553884711,0.6414342629482072,0.7489557226399332,0.8687704605842268
2023-03-31,0.5179001253132831,0.6175298804780877,0.7426900584795322,0.8569781417908662
2023-04-01,0.8564971177944862,0.7171314741035857,0.7953216374269007,0.819452190991949
2023-04-02,1.1328858395989976,0.796812749003984,0.8253968253968254,0.7860727533678014
2023-04-03,1.2890766917293235,0.8207171314741036,0.8270676691729324,0.7380077902218966
2023-04-04,1.508284210526316,0.8286852589641435,0.849624060150376,0.7330903855299775
2023-04-05,1.609706766917293,0.8326693227091634,0.8646616541353385,0.7130693760880484
2023-04-06,1.5579585714285713,0.8247011952191236,0.8511278195488722,0.7244612765183636
2023-04-07,1.4740813157894734,0.8167330677290837,0.8454887218045114,0.696538636615018
2023-04-08,1.4621805639097742,0.8127490039840638,0.8390977443609022,0.6139007094835418
2023-04-09,1.380885827067669,0.8047808764940239,0.8240601503759398,0.5773419410420856
2023-04-10,1.4462489849624056,0.8087649402390438,0.8315789473684211,0.5499119200085424
2023-04-11,1.5624956015037592,0.8247011952191236,0.8466165413533835,0.477683867469849
2023-04-12,1.4069775563909772,0.796812749003984,0.8390977443609022,0.5956804863744399
2023-04-13,1.462685902255639,0.8087649402390438,0.8526315789473683,0.6353404481938633
2023-04-14,1.8054255639097743,0.8446215139442231,0.8808270676691728,0.5734986337038148
2023-04-15,2.0581192147034253,0.8645418326693227,0.9022556390977444,0.5736712787659046
2023-04-16,2.44341395154553,0.896414342629482,0.9323308270676691,0.5819300976237661
2023-04-17,2.920031370091896,0.952191235059761,0.9548872180451128,0.6223863908046772
2023-04-18,3.101833625730994,0.9880478087649402,0.9624060150375939,0.6829025572905953
2023-04-19,3.215031370091896,0.9960159362549801,0.9548872180451128,0.5907883161112422
2023-04-20,3.214759941520468,0.9920318725099602,0.9473684210526316,0.5415696618471483
2023-04-21,3.0445479114452794,0.9721115537848606,0.9323308270676691,0.572679335050547
2023-04-22,2.417751253132832,0.8645418326693227,0.849624060150376,0.646453886839108
2023-04-23,1.834947493734336,0.8127490039840638,0.8045112781954887,0.7808602756911361
2023-04-24,1.1585744360902255,0.7211155378486056,0.7593984962406015,0.9204592748366143
2023-04-25,0.5294518796992481,0.5936254980079682,0.7093984962406015,1.1169003023340467
2023-04-26,0.30231578947368415,0.5737051792828686,0.7018796992481203,1.2646970694294941
2023-04-27,-0.20945398496240605,0.47808764940239046,0.6672932330827067,1.4894932514170447
2023-04-28,-0.40563233082706773,0.42231075697211157,0.675563909774436,1.7261100233281883
2023-04-29,0.025543533834586407,0.5298804780876494,0.743984962406015,1.6624098397839302
2023-04-30,0.3206087218045113,0.5776892430278885,0.7748120300751878,1.5323317410029411
2023-05-01,0.255717969924812,0.5657370517928287,0.7913533834586467,1.6371425928964334
2023-05-02,0.261247969924812,0.5657370517928287,0.805639097744361,1.7691450514573956
2023-05-03,0.23084999999999997,0.549800796812749,0.8071428571428572,1.7431660660989894
2023-05-04,0.7590857142857141,0.6573705179282868,0.8500000000000002,1.5248493104944303
2023-05-05,0.9748042857142857,0.6852589641434262,0.85,1.2710735491159464
2023-05-06,0.9092142857142856,0.6772908366533864,0.8428571428571429,1.291352949574998
2023-05-07,0.7393821428571429,0.6374501992031872,0.8142857142857143,1.2920496205124985
2023-05-08,0.8518792857142856,0.6573705179282868,0.807142857142857,1.0507341987719718
2023-05-09,0.7382907142857142,0.6294820717131474,0.7642857142857142,0.7801559122516946
2023-05-10,0.6057878571428571,0.6055776892430279,0.7214285714285714,0.7180093398950563
2023-05-11,0.3863492857142856,0.549800796812749,0.692857142857143,0.7382369130540991
2023-05-12,0.26608214285714277,0.5338645418326693,0.6785714285714286,0.7630294655871185
2023-05-13,0.22998928571428556,0.5099601593625498,0.6642857142857144,0.7644759637018903
2023-05-14,0.30817642857142846,0.5418326693227091,0.6642857142857143,0.7697233299666747
2023-05-15,0.3627785714285713,0.545816733067729,0.6571428571428571,0.7427265058768812
2023-05-16,0.6579864285714284,0.6215139442231076,0.6857142857142857,0.6911142426160952
2023-05-17,0.9381071428571427,0.6772908366533864,0.7357142857142857,0.6421423315130839
2023-05-18,1.1416028571428571,0.7171314741035857,0.75,0.5971315738654089
2023-05-19,1.176885,0.7211155378486056,0.7428571428571428,0.5739172433222829
2023-05-20,1.1976385714285713,0.7211155378486056,0.75,0.5609754187158924
2023-05-21,1.2467721428571428,0.7330677290836654,0.7785714285714286,0.5976068659159536
2023-05-22,1.2750778571428572,0.7370517928286853,0.8071428571428572,0.6312938479227774
2023-05-23,1.4700235714285714,0.7689243027888446,0.8499999999999999,0.6513894108903321
2023-05-24,1.547705714285714,0.7768924302788844,0.85,0.6590241431461487
2023-05-25,1.4500164285714283,0.7529880478087649,0.85,0.707989570086804
2023-05-26,1.5216342857142855,0.7729083665338645,0.8642857142857144,0.7287844796904334
2023-05-27,1.6099014285714284,0.7928286852589641,0.8714285714285713,0.7320595412568657
2023-05-28,1.6908264285714285,0.8007968127490039,0.8642857142857142,0.7176424476788489
2023-05-29,1.8665464285714286,0.8167330677290837,0.8714285714285713,0.7722054150268277
2023-05-30,1.8569600000000002,0.8087649402390438,0.8714285714285716,0.8816929554540806
2023-05-31,1.8339435714285715,0.8007968127490039,0.8785714285714284,0.989766361626642
2023-06-01,1.9341164285714285,0.8207171314741036,0.9,0.9856449404826189
2023-06-02,2.003479285714286,0.8207171314741036,0.9142857142857143,0.9444244799925224
2023-06-03,1.999957142857143,0.8167330677290837,0.9285714285714286,1.0488767552779088
2023-06-04,2.073867142857143,0.8366533864541833,0.9428571428571428,0.9960592785719342
2023-06-05,2.145091428571429,0.8446215139442231,0.9500000000000001,0.8517547128821756
2023-06-06,1.8391321428571428,0.7848605577689243,0.8928571428571429,0.7179945078025224
2023-06-07,1.885277857142857,0.8007968127490039,0.8928571428571429,0.5991551795458843
2023-06-08,1.879107857142857,0.7928286852589641,0.8857142857142858,0.5591931297175526
2023-06-09,1.8741964285714283,0.7888446215139442,0.8785714285714287,0.5681825894625869
2023-06-10,1.031270714285714,0.601593625498008,0.7785714285714286,0.62872386297354
2023-06-11,-0.2092421428571431,0.32669322709163345,0.6571428571428573,0.8434635560532029
2023-06-12,-0.9782378571428573,0.1952191235059761,0.5785714285714285,1.0919074264907096
2023-06-13,-1.1703157142857143,0.17928286852589642,0.5642857142857143,1.1776872960442146
2023-06-14,-1.7165171428571429,0.1553784860557769,0.4857142857142857,1.3019433086624568
2023-06-15,-2.0769764285714287,0.13147410358565736,0.40714285714285714,1.3367986376741865
2023-06-16,-2.5323614285714284,0.099601593625498,0.3428571428571429,1.390262869884154
2023-06-17,-1.9675614285714287,0.14342629482071714,0.4,1.2899990353357738
2023-06-18,-1.1244728571428573,0.20717131474103587,0.4571428571428572,1.143672195394013
2023-06-19,-0.9337771428571431,0.22709163346613545,0.45,1.0688005519576091
2023-06-20,-0.9586857142857144,0.22709163346613545,0.45000000000000007,1.067798529926813
2023-06-21,-0.6397350000000002,0.27091633466135456,0.5142857142857143,1.0307028747709448
2023-06-22,-0.38685857142857166,0.3107569721115538,0.5642857142857143,1.0339784364881892
2023-06-23,0.01719357142857114,0.4063745019920319,0.6071428571428571,0.9848807259668919
2023-06-24,0.0744971428571426,0.41832669322709165,0.6214285714285713,1.031701754207109
2023-06-25,0.34317785714285687,0.4701195219123506,0.6642857142857144,1.0211998886443872
2023-06-26,0.693912857142857,0.5258964143426295,0.7142857142857143,0.953117968455019
2023-06-27,0.9546071428571427,0.5856573705179283,0.7642857142857143,1.0068363125134898
2023-06-28,0.7587314285714283,0.5418326693227091,0.75,1.2119550246621393
2023-06-29,0.4707457142857141,0.4701195219123506,0.7214285714285715,1.3087835448994807
2023-06-30,0.15087285714285698,0.398406374501992,0.7285714285714286,1.6449295415605008
2023-07-01,0.21804142857142836,0.4103585657370518,0.75,1.7847311153705943
2023-07-02,0.2830185714285713,0.43824701195219123,0.7642857142857142,1.8004289104616098
2023-07-03,0.37419428571428553,0.4581673306772908,0.7785714285714285,1.8671142092850026
2023-07-04,0.5975899999999997,0.4940239043824701,0.7785714285714286,1.7901256756079849
2023-07-05,0.9487549999999997,0.5776892430278885,0.807142857142857,1.5079619381824017
2023-07-06,0.9773185714285713,0.5896414342629482,0.8142857142857144,1.5473760517680273
2023-07-07,0.8456821428571425,0.5418326693227091,0.7714285714285715,1.3467287030851227
2023-07-08,0.6013271428571425,0.4860557768924303,0.7357142857142858,1.2383462872719682
2023-07-09,0.21381071428571394,0.38645418326693226,0.6714285714285715,1.3268187734208265
2023-07-10,-0.0648785714285718,0.3466135458167331,0.65,1.2980228203473119
2023-07-11,-0.2639328571428575,0.29880478087649404,0.6357142857142858,1.3684459581087425
2023-07-12,-0.4499685714285717,0.2788844621513944,0.6214285714285713,1.5085609632513763
2023-07-13,-0.6597857142857145,0.250996015936255,0.6,1.5311368751146317
2023-07-14,-0.09894071428571458,0.35856573705179284,0.6642857142857144,1.4384409297005532
2023-07-15,0.033828571428571194,0.3904382470119522,0.6857142857142857,1.5045474449867418
2023-07-16,0.11561142857142832,0.398406374501992,0.7285714285714286,1.5832046126372514
2023-07-17,0.08114214285714264,0.398406374501992,0.7428571428571429,1.7015775781021603
2023-07-18,0.34455785714285686,0.4701195219123506,0.7714285714285715,1.561879624890851
2023-07-19,0.6095335714285712,0.5258964143426295,0.7857142857142857,1.4457763274943956
2023-07-20,1.159950714285714,0.6334661354581673,0.8571428571428571,1.30502043349588
2023-07-21,1.0432992857142853,0.6055776892430279,0.85,1.2564298954239703
2023-07-22,1.1692221428571425,0.6334661354581673,0.8571428571428571,1.1003795246346042
2023-07-23,1.3980942857142853,0.6772908366533864,0.8714285714285713,0.9118729994085403
2023-07-24,1.6543457142857139,0.749003984063745,0.8642857142857142,0.7244573134204482
2023-07-25,1.4837771428571425,0.7051792828685259,0.8428571428571427,0.7073814155007946
2023-07-26,1.3324271428571424,0.6613545816733067,0.8285714285714286,0.7057478618309696
2023-07-27,1.2019864285714283,0.6254980079681275,0.8071428571428572,0.6709909361596441
2023-07-28,1.1899335714285708,0.6175298804780877,0.807142857142857,0.668801207447993
2023-07-29,1.3146649999999995,0.6573705179282868,0.8214285714285714,0.6308498895837995
2023-07-30,1.4208571428571426,0.6733067729083665,0.8357142857142857,0.5941257188464772
2023-07-31,1.3791257142857138,0.6573705179282868,0.8428571428571429,0.6239508283348494
2023-08-01,1.4094199999999997,0.6693227091633466,0.8428571428571429,0.6562682466276198
2023-08-02,1.4596149999999997,0.6852589641434262,0.8428571428571427,0.6480994862100184
2023-08-03,1.5097299999999996,0.7091633466135459,0.8428571428571427,0.6447980227302587
2023-08-04,1.2709799999999998,0.6215139442231076,0.7928571428571429,0.7222298750203207
2023-08-05,1.1648907142857141,0.5776892430278885,0.7571428571428571,0.7276676431697573
2023-08-06,1.023905714285714,0.5378486055776892,0.7428571428571429,0.7608489965748793
2023-08-07,0.9786471428571426,0.5258964143426295,0.75,0.8909529275646503
2023-08-08,0.8885635714285712,0.4900398406374502,0.7571428571428571,1.0481789806280313
2023-08-09,0.8788264285714283,0.4860557768924303,0.7714285714285715,1.1468780485036574
2023-08-10,1.0102428571428568,0.5298804780876494,0.7857142857142857,1.1325781274212192
2023-08-11,1.1389442857142855,0.5617529880478087,0.807142857142857,1.0994647619350233
2023-08-12,1.182850714285714,0.5856573705179283,0.8214285714285714,1.110149054597754
2023-08-13,1.1825121428571426,0.5816733067729084,0.807142857142857,1.12747387169841
2023-08-14,1.3609164285714284,0.6414342629482072,0.8071428571428572,0.943571689515604
2023-08-15,1.476273571428571,0.6972111553784861,0.8142857142857143,0.844334403049081
2023-08-16,1.0611114285714283,0.5298804780876494,0.7571428571428571,0.8689463496650348
2023-08-17,0.5792392857142854,0.3944223107569721,0.7071428571428572,1.0082626784886428
2023-08-18,-0.2583321428571431,0.19123505976095617,0.6285714285714287,1.1449888683286555
2023-08-19,-0.8492300000000003,0.13545816733067728,0.55,1.2278285882947908
2023-08-20,-1.4837071428571431,0.08764940239043825,0.46428571428571425,1.3030850330799573
2023-08-21,-2.0495692857142864,0.043824701195219126,0.37857142857142856,1.3859129216059802
2023-08-22,-2.4582500000000005,0.03187250996015936,0.32857142857142857,1.4086261176524677
2023-08-23,-2.5817742857142862,0.027888446215139442,0.3071428571428571,1.4122213239371633
2023-08-24,-2.718668571428572,0.02390438247011952,0.2857142857142857,1.4177049982523098
2023-08-25,-2.2811457142857146,0.04780876494023904,0.3285714285714286,1.3472201112020321
2023-08-26,-2.1630421428571434,0.055776892430278883,0.35000000000000003,1.4130758529526977
2023-08-27,-1.996620714285715,0.07171314741035857,0.39285714285714285,1.4550138322708037
2023-08-28,-1.8613485714285718,0.0796812749003984,0.42857142857142855,1.5266066724087237
2023-08-29,-2.0228307142857145,0.07171314741035857,0.39285714285714285,1.5909766975964672
2023-08-30,-1.6601271428571434,0.10756972111553785,0.4428571428571429,1.571195275471411
2023-08-31,-1.4249150000000004,0.11952191235059761,0.4714285714285714,1.4910775366937854
2023-09-01,-1.3935271428571432,0.11952191235059761,0.45,1.4370070160220563
2023-09-02,-1.353626428571429,0.12350597609561753,0.43571428571428567,1.3144153798694833
2023-09-03,-1.363612142857143,0.11952191235059761,0.39999999999999997,1.221218353583344
2023-09-04,-1.4589157142857143,0.10756972111553785,0.37857142857142856,1.161271691010928
2023-09-05,-1.1396507142857144,0.13147410358565736,0.4142857142857143,1.0297488124893772
2023-09-06,-1.2301707142857146,0.12749003984063745,0.39285714285714285,0.9488413660351833
2023-09-07,-0.9708928571428573,0.14741035856573706,0.42142857142857143,0.8668835832115573
2023-09-08,-0.7872414285714289,0.16334661354581673,0.43571428571428567,0.8065142540500357
2023-09-09,-0.5735935714285717,0.18326693227091634,0.45000000000000007,0.7731420728364659
2023-09-10,-0.5662535714285717,0.18326693227091634,0.4642857142857143,0.817685251788201
2023-09-11,-0.46218857142857167,0.18725099601593626,0.47857142857142854,0.7845819192686758
2023-09-12,-0.5363514285714288,0.17928286852589642,0.4642857142857143,0.8014462626049607
2023-09-13,-0.5624907142857145,0.1752988047808765,0.4571428571428572,0.848640389819462
2023-09-14,-0.8995721428571432,0.13147410358565736,0.39999999999999997,0.9384140261382434
2023-09-15,-0.8154707142857145,0.1394422310756972,0.4428571428571429,0.9560238313815886
2023-09-16,-0.7691615037593987,0.14342629482071714,0.4759398496240602,0.9614244042372686
2023-09-17,-0.5311179323308274,0.17928286852589642,0.5187969924812029,0.921557755783288
2023-09-18,-0.4540643609022559,0.18725099601593626,0.5259398496240602,0.9263739211661222
2023-09-19,-0.270302218045113,0.20318725099601595,0.5545112781954887,0.886029500933283
2023-09-20,-0.22516078947368448,0.2151394422310757,0.5616541353383459,0.8559995657414754
2023-09-21,-0.09803650375939868,0.24701195219123506,0.5902255639097744,0.8520686424327185
2023-09-22,-0.09069721804511297,0.250996015936255,0.5759398496240601,0.8834175862261829
2023-09-23,-0.0415435714285716,0.2589641434262948,0.5857142857142856,0.8789198283138572
2023-09-24,0.08624357142857124,0.29880478087649404,0.6071428571428571,0.8457915008170613
2023-09-25,0.23543714285714268,0.33067729083665337,0.6428571428571429,0.7982386556134117
2023-09-26,0.2112071428571427,0.3107569721115538,0.65,0.8652086641992554
2023-09-27,0.3361099999999998,0.3665338645418327,0.6714285714285715,0.8928964531031307
2023-09-28,0.45279285714285694,0.3944223107569721,0.6785714285714286,0.858396701792056
2023-09-29,0.5292099999999998,0.4063745019920319,0.6928571428571428,0.8290682100348086
2023-09-30,0.526932857142857,0.4063745019920319,0.6857142857142857,0.8610001762926306
2023-10-01,0.5551735714285713,0.42231075697211157,0.6785714285714286,0.8675360310317822
2023-10-02,0.5116049999999999,0.40239043824701193,0.6857142857142857,0.9680658467723667
2023-10-03,0.507577857142857,0.40239043824701193,0.6785714285714286,0.9797064175061649
2023-10-04,0.3066585714285713,0.35856573705179284,0.6428571428571429,1.0304729335670544
2023-10-05,0.11108142857142837,0.30278884462151395,0.6357142857142858,1.0707392712309278
2023-10-06,0.03807928571428553,0.2908366533864542,0.6285714285714287,1.0926717479739072
2023-10-07,0.08690285714285695,0.30677290836653387,0.65,1.0664481988097638
2023-10-08,0.08673357142857122,0.30677290836653387,0.65,1.0930213751369495
2023-10-09,-0.055608571428571625,0.2589641434262948,0.6142857142857144,1.0569232645661775
2023-10-10,-0.23622071428571448,0.21115537848605578,0.5857142857142857,1.0768744215548247
2023-10-11,-0.12396000000000021,0.24302788844621515,0.6142857142857142,1.056852515893597
2023-10-12,0.04908214285714267,0.30677290836653387,0.6142857142857144,1.017526997079345
2023-10-13,0.0024842857142855232,0.28286852589641437,0.6071428571428571,1.0287156585399784
2023-10-14,-0.06500142857142878,0.26294820717131473,0.5857142857142857,1.0398894471246585
2023-10-15,0.007896428571428344,0.2908366533864542,0.6,0.9765631409584874
2023-10-16,0.18941428571428548,0.3545816733067729,0.6285714285714287,0.9545043103179465
2023-10-17,0.39215571428571405,0.44223107569721115,0.6571428571428571,0.9111433154151442
2023-10-18,0.512440714285714,0.46613545816733065,0.6642857142857144,0.8258434893540407
2023-10-19,0.3931742857142854,0.44621513944223107,0.6357142857142858,0.8245995780850157
2023-10-20,0.4996871428571426,0.46215139442231074,0.6428571428571429,0.8153030683417369
2023-10-21,0.5785535714285712,0.5059760956175299,0.6642857142857144,0.7943596704769478
2023-10-22,0.46969571428571405,0.4581673306772908,0.6571428571428571,0.8792717584730882
2023-10-23,0.6021792857142855,0.5298804780876494,0.6785714285714286,0.8674536151208898
2023-10-24,0.9752264285714283,0.6175298804780877,0.7357142857142858,0.7622717269930287
2023-10-25,1.238338571428571,0.7171314741035857,0.7642857142857142,0.7454859331831547
2023-10-26,1.7178964285714282,0.8645418326693227,0.8571428571428571,0.6988230212675411
2023-10-27,2.0585764285714285,0.9282868525896414,0.9071428571428571,0.5994536198136929
2023-10-28,2.2966221428571427,0.9442231075697212,0.9285714285714286,0.5608219586238457
2023-10-29,2.6217485714285713,0.9601593625498008,0.9571428571428572,0.44782569527866134
2023-10-30,2.833211428571428,0.9681274900398407,0.9714285714285714,0.3957746516921044
2023-10-31,2.838677894736842,0.9681274900398407,0.9639097744360903,0.5084987148863107
2023-11-01,2.829800751879699,0.9641434262948207,0.9710526315789474,0.5248843235474737
2023-11-02,3.1729150375939845,0.9920318725099602,0.9710526315789474,0.6093383858611564
2023-11-03,3.2092264661654135,0.9920318725099602,0.9710526315789474,0.62534962499591
2023-11-04,3.3336871804511277,1.0,0.9781954887218046,0.6098933628068935
2023-11-05,3.489487180451128,1.0,0.9853383458646616,0.6622244281803527
2023-11-06,3.5782978947368416,1.0,0.9853383458646616,0.6630637476078562
2023-11-07,3.709685714285714,1.0,0.9928571428571428,0.5861988123444828
2023-11-08,3.8369878571428573,1.0,1.0,0.5581323089170538
2023-11-09,3.8154261904761904,0.9960159362549801,1.0,0.5357362587462052
2023-11-10,3.797295476190476,0.9920318725099602,0.9785714285714286,0.6513313641359528
2023-11-11,4.084149047619047,1.0,0.9785714285714285,0.7052990900067109
2023-11-12,4.423430476190476,1.0,0.9785714285714285,0.7538052930374393
2023-11-13,4.768195476190476,1.0,0.9785714285714285,0.8030789798277879
2023-11-14,4.798120438596491,1.0,0.9785714285714285,0.8140837330944698
2023-11-15,4.803269010025062,1.0,0.9785714285714285,0.7923558344014073
2023-11-16,4.7906942481203005,0.9920318725099602,0.9785714285714285,0.7971889268842581
2023-11-17,4.766683533834586,0.9840637450199203,1.0,0.6777158778942008
2023-11-18,4.4208992481203,0.9760956175298805,1.0,0.6304816704463609
2023-11-19,3.9362506766917287,0.9681274900398407,1.0,0.4966454506039707
2023-11-20,3.622212819548872,0.9482071713147411,1.0,0.5501786513926903
2023-11-21,3.4607400000000004,0.9362549800796812,0.9928571428571429,0.5848865027430128
2023-11-22,3.2680121428571427,0.9282868525896414,0.9714285714285714,0.6660137308969816
2023-11-23,2.9310700000000005,0.900398406374502,0.9642857142857143,0.6244194353906418
2023-11-24,2.925462857142857,0.896414342629482,0.9642857142857143,0.65114887516725
2023-11-25,2.980609285714286,0.900398406374502,0.9642857142857143,0.6749427076853894
2023-11-26,3.176923571428571,0.9123505976095617,0.9642857142857143,0.9253423827864452
2023-11-27,3.097912142857143,0.900398406374502,0.9642857142857143,0.8559898105657338
2023-11-28,3.0381271428571424,0.8924302788844621,0.9642857142857143,0.9555483349428517
2023-11-29,3.17677,0.9083665338645418,0.9785714285714285,0.9609617470933234
2023-11-30,3.2767764285714285,0.9282868525896414,0.9857142857142857,0.9509428935935982
2023-12-01,3.3659621428571427,0.9322709163346613,0.9857142857142857,1.0194447127869763
2023-12-02,3.458210714285714,0.9322709163346613,0.9857142857142857,1.128393416733948
2023-12-03,3.6451057142857133,0.9482071713147411,0.9785714285714285,1.2574585539205245
2023-12-04,4.079711428571428,0.9681274900398407,0.9785714285714285,1.4646233985787769
2023-12-05,4.375719285714285,0.9721115537848606,0.9857142857142858,1.5612502458420474
2023-12-06,4.763227142857142,0.9800796812749004,0.9928571428571429,1.6726800103861263
2023-12-07,4.926944999999999,1.0,0.9928571428571429,1.6878861419430062
2023-12-08,5.546040714285714,1.0,0.9928571428571429,1.7690668846906827
2023-12-09,6.354423571428571,1.0,0.9928571428571429,1.772088211990272
2023-12-10,6.506605112781955,1.0,1.0,1.5153469345567079
2023-12-11,6.223692105263159,0.9920318725099602,1.0,1.2928487517211844
2023-12-12,6.012130676691728,0.9880478087649402,0.9857142857142858,1.0585303088205673
2023-12-13,5.539363533834586,0.9800796812749004,0.9714285714285714,1.0541010681427498
2023-12-14,5.265860676691729,0.9760956175298805,0.9642857142857143,1.1845413947363763
2023-12-15,4.730447105263158,0.9442231075697212,0.9571428571428572,1.1574152246364355
2023-12-16,3.695159248120301,0.900398406374502,0.9500000000000001,1.1431757794949626
2023-12-17,3.165722706766917,0.8326693227091634,0.9357142857142857,1.107805768789435
2023-12-18,2.9637564285714286,0.8087649402390438,0.9285714285714286,1.1160571014758391
2023-12-19,2.952620714285714,0.8047808764940239,0.9428571428571428,1.0710963350882146
2023-12-20,3.0030485714285713,0.8127490039840638,0.9500000000000001,1.1175339046989512
2023-12-21,3.3887878571428565,0.8725099601593626,0.95,1.2062955103621325
2023-12-22,4.048013571428571,0.9203187250996016,0.95,1.3336913960312407
2023-12-23,4.527005,0.9402390438247012,0.95,1.4622507499927448
2023-12-24,5.207915714285714,0.9721115537848606,0.9571428571428572,1.6008556244070147
2023-12-25,5.948734999999999,0.9840637450199203,0.9571428571428571,1.7510165965265774
2023-12-26,7.057547142857142,1.0,0.95,1.9383357878334164
2023-12-27,7.845444999999999,1.0,0.95,1.9260132730417387
2023-12-28,8.961785,1.0,0.95,2.177188273382769
2023-12-29,9.387235714285714,1.0,0.95,2.2861273182324724
2023-12-30,9.656777142857141,1.0,0.95,2.3350513126049215
2023-12-31,9.564964285714284,0.9960159362549801,0.95,2.5725993371896747
2024-01-01,9.55996857142857,0.9920318725099602,0.95,2.7061248315959743
2024-01-02,10.283341428571429,1.0,0.95,2.7568912982170097
2024-01-03,9.88920857142857,0.9960159362549801,0.95,2.7020674293448192
2024-01-04,8.307250714285713,0.9721115537848606,0.9428571428571428,2.2867189762988365
2024-01-05,6.809357857142857,0.9601593625498008,0.9428571428571428,2.183712736406511
2024-01-06,5.755955,0.9362549800796812,0.9214285714285715,2.2145722956749885
2024-01-07,4.893157857142858,0.9123505976095617,0.9142857142857143,2.0759143065756422
2024-01-08,3.894952857142857,0.848605577689243,0.8928571428571429,1.959272920369266
2024-01-09,1.9732157142857143,0.6892430278884463,0.8857142857142858,1.759743950649184
2024-01-10,1.5356792857142856,0.6334661354581673,0.8785714285714287,1.6158654046594028
2024-01-11,1.6369613533834584,0.6414342629482072,0.8853383458646616,1.5129595330907368
2024-01-12,1.8435956390977442,0.6613545816733067,0.892481203007519,1.2387120736746138
2024-01-13,2.1766549248120297,0.7091633466135459,0.9210526315789475,0.8978082445763363
2024-01-14,2.432768947368421,0.7131474103585658,0.9353383458646617,0.5732688179411631
2024-01-15,2.6846668045112776,0.7171314741035857,0.9639097744360902,0.33005475032767334
2024-01-16,2.639320375939849,0.7131474103585658,0.9639097744360903,0.4337492303350176
2024-01-17,2.585386090225564,0.7051792828685259,0.9710526315789474,0.539190129754905
2024-01-18,2.527017593984962,0.701195219123506,0.9714285714285714,0.6574114648221993
2024-01-19,2.4181975939849623,0.6932270916334662,0.9642857142857143,0.8336507792473932
2024-01-20,2.3382754511278194,0.6892430278884463,0.9571428571428572,0.9681020541957586
2024-01-21,2.265402857142857,0.6812749003984063,0.9428571428571428,1.0653286085426081
2024-01-22,2.1142878571428567,0.6693227091633466,0.9285714285714285,1.2469185518309658
2024-01-23,2.0545435714285714,0.6573705179282868,0.9285714285714286,1.2380286318876608
2024-01-24,2.014175,0.6533864541832669,0.9214285714285715,1.2051919889185163
2024-01-25,2.062232857142857,0.6613545816733067,0.9142857142857143,1.0987711354230567
2024-01-26,2.1472621428571426,0.6733067729083665,0.9071428571428573,0.9425287904563259
2024-01-27,2.21876,0.6772908366533864,0.9071428571428573,0.8067315534121855
2024-01-28,2.238728571428571,0.6772908366533864,0.9071428571428571,0.7237565423275357
2024-01-29,2.361887857142857,0.6892430278884463,0.9142857142857144,0.5587759520543325
2024-01-30,2.446279285714285,0.6972111553784861,0.9142857142857144,0.4629378931323354
2024-01-31,2.519718571428571,0.6972111553784861,0.9142857142857143,0.39366820673602426
2024-02-01,2.4814835714285706,0.6932270916334662,0.9142857142857144,0.4108192845498223
2024-02-02,2.4430585714285713,0.6852589641434262,0.9142857142857144,0.44292611943202376
2024-02-03,2.3675649999999995,0.6733067729083665,0.9,0.5041848019750185
2024-02-04,2.3477492857142854,0.6653386454183267,0.8928571428571429,0.524474359425254
2024-02-05,2.2584885714285714,0.649402390438247,0.8785714285714287,0.6089292190492679
2024-02-06,2.2632214285714283,0.649402390438247,0.8714285714285713,0.596670007195385
2024-02-07,2.26663,0.6533864541832669,0.8714285714285716,0.5862880374503228
2024-02-08,2.165062857142857,0.6254980079681275,0.8642857142857142,0.7004028440861837
2024-02-09,1.9790535714285713,0.5856573705179283,0.8642857142857144,0.9452323756674795
2024-02-10,1.9357685714285713,0.5816733067729084,0.8785714285714284,1.1071418267312545
2024-02-11,1.8971771428571425,0.5816733067729084,0.8928571428571429,1.2783711910959052
2024-02-12,1.8997899999999999,0.5856573705179283,0.9071428571428571,1.3718743792899328
2024-02-13,1.9400357142857143,0.5896414342629482,0.9214285714285715,1.5741588533854811
2024-02-14,2.1219614285714283,0.6175298804780877,0.9285714285714285,1.7131269873801493
2024-02-15,2.7318821428571423,0.7171314741035857,0.9428571428571428,1.7522746767123523
2024-02-16,3.5400071428571422,0.8127490039840638,0.95,1.6213292082389006
2024-02-17,4.0789228571428575,0.8565737051792829,0.95,1.4973616860792307
2024-02-18,4.632132142857143,0.8804780876494024,0.95,1.4408663836306361
2024-02-19,5.492488571428571,0.9243027888446215,0.9571428571428571,1.5782916977218546
2024-02-20,6.477197857142857,0.952191235059761,0.9642857142857143,1.5469597778547568
2024-02-21,6.578472142857143,0.9561752988047809,0.9642857142857143,1.5722848875772688
2024-02-22,6.159050714285713,0.9362549800796812,0.9642857142857143,1.7080326388318414
2024-02-23,5.965997857142857,0.9282868525896414,0.9642857142857143,1.812820068895346
2024-02-24,5.995797857142856,0.9282868525896414,0.9642857142857143,2.0362854988646806
2024-02-25,6.090034999999999,0.9322709163346613,0.9642857142857143,2.206797956276661
2024-02-26,6.4466078571428564,0.9442231075697212,0.9571428571428572,2.0823323336102164
2024-02-27,7.148732142857142,0.9641434262948207,0.95,2.14127999414878
2024-02-28,8.356669285714286,0.9721115537848606,0.9496240601503759,2.273554668665473
2024-02-29,10.679816616541354,1.0,0.9567669172932332,2.141977480967286
2024-03-01,12.103820751879697,1.0,0.9639097744360902,2.032961410233658
2024-03-02,14.593450751879699,1.0,0.9710526315789474,1.8821529753689799
2024-03-03,16.325248609022555,1.0,0.9781954887218046,1.6983738136614979
2024-03-04,17.323342669172934,1.0,0.9853383458646616,1.6202954860228096
2024-03-05,18.7948004887218,1.0,0.9924812030075189,1.5877662305889455
2024-03-06,17.836128308270677,0.9960159362549801,0.9924812030075189,1.4428696138759163
2024-03-07,16.660831691729324,0.9880478087649402,0.9924812030075189,1.4649787111693444
2024-03-08,16.449430187969924,0.9840637450199203,0.9849624060150377,1.567154379512576
2024-03-09,15.051253759398495,0.9760956175298805,0.9778195488721805,1.7717723218975918
2024-03-10,14.608768759398496,0.9721115537848606,0.9706766917293234,1.9493957666022974
2024-03-11,14.198846203007518,0.9641434262948207,0.963157894736842,2.1311573497409144
2024-03-12,12.886336428571427,0.9601593625498008,0.9556390977443607,2.2322334674708104
2024-03-13,14.365465751879698,0.9641434262948207,0.963157894736842,2.2771171786696742
2024-03-14,14.914149586466165,0.9721115537848606,0.963157894736842,2.310428532877475
2024-03-15,14.165796954887217,0.952191235059761,0.963157894736842,2.2466147344477396
2024-03-16,13.130648383458647,0.9482071713147411,0.9703007518796992,1.9414972788531804
2024-03-17,11.514728834586466,0.9362549800796812,0.9699248120300752,1.6902944505178112
2024-03-18,10.184813796992483,0.9243027888446215,0.9774436090225563,1.4599716933668794
2024-03-19,8.657863421052634,0.896414342629482,0.9774436090225563,1.2235401347142345
2024-03-20,6.830948383458646,0.8725099601593626,0.9699248120300751,1.0705588405517967
2024-03-21,5.285750977443608,0.8007968127490039,0.9699248120300751,0.8686665874832371
2024-03-22,4.70453969924812,0.7529880478087649,0.9699248120300751,0.7306797404480919
2024-03-23,4.4185371804511275,0.7330677290836654,0.9699248120300751,0.6837385461790049
2024-03-24,4.503582293233082,0.7410358565737052,0.9774436090225562,0.642350573119275
2024-03-25,4.521810112781954,0.7410358565737052,0.9774436090225562,0.5930778666543263
2024-03-26,5.088739436090225,0.7888446215139442,0.9849624060150377,0.5720407355062944
2024-03-27,6.123426654135338,0.8366533864541833,0.9924812030075189,0.6356550869166122
2024-03-28,7.276296654135337,0.8804780876494024,0.9924812030075189,0.7125460450717571
2024-03-29,8.413676503759397,0.8924302788844621,1.0,0.7707573114065542
2024-03-30,9.71055259398496,0.9163346613545816,0.9928571428571428,0.9983176358008539
2024-03-31,10.95520417293233,0.9322709163346613,0.9857142857142857,1.2007395181726932
2024-04-01,11.977944774436091,0.9362549800796812,0.9781954887218046,1.367932824285347
2024-04-02,11.375936503759396,0.9282868525896414,0.9781954887218046,1.306285124554544
2024-04-03,10.310486466165413,0.9163346613545816,0.9781954887218046,1.1738865932377898
2024-04-04,9.107963609022557,0.8804780876494024,0.9781954887218046,1.0797895540410285
2024-04-05,7.69874992481203,0.852589641434263,0.9706766917293234,1.0966140755733533
2024-04-06,6.200228496240601,0.8047808764940239,0.9706766917293234,1.0017961936228394
2024-04-07,4.60110992481203,0.6972111553784861,0.9706766917293234,0.9527547377031016
2024-04-08,3.38374,0.5896414342629482,0.9706766917293231,0.8477103208417591
2024-04-09,3.473181353383459,0.601593625498008,0.9706766917293231,0.8643636823491467
2024-04-10,3.4842953007518793,0.601593625498008,0.963157894736842,1.0709257295893917
2024-04-11,3.5233297744360894,0.6055776892430279,0.9556390977443608,1.1813071054263742
2024-04-12,3.77572977443609,0.6294820717131474,0.9556390977443608,1.1149440322327109
2024-04-13,3.5945202255639095,0.6095617529880478,0.9552631578947368,1.1845662353468056
2024-04-14,3.1248157894736837,0.5298804780876494,0.9172932330827067,1.2864340727050994
2024-04-15,2.5149736842105264,0.4541832669322709,0.8796992481203008,1.4006815976781277
2024-04-16,1.6051721804511274,0.3147410358565737,0.8421052631578947,1.663671059703303
2024-04-17,1.0777872180451125,0.28286852589641437,0.8045112781954887,1.5550298385939916
2024-04-18,0.5440218045112778,0.2549800796812749,0.7894736842105263,1.566448227901444
2024-04-19,0.00908721804511235,0.17131474103585656,0.7669172932330827,1.5824313156021248
2024-04-20,-0.12308270676691777,0.14342629482071714,0.7293233082706767,1.451456405568517
2024-04-21,0.052353383458646145,0.18725099601593626,0.7368421052631579,1.2925150088048545
2024-04-22,0.1489022556390973,0.20717131474103587,0.7518796992481204,1.1539232675856606
2024-04-23,0.2931962406015033,0.22310756972111553,0.7443609022556391,0.9491520467852289
2024-04-24,-0.00198496240601547,0.16733067729083664,0.7669172932330827,1.3870483721123745
2024-04-25,0.026850375939849198,0.18326693227091634,0.7518796992481203,1.359436368421042
2024-04-26,-0.13517278195488766,0.13545816733067728,0.7462406015037593,1.460953695845441
2024-04-27,-0.16565687969924858,0.13147410358565736,0.7699248120300751,1.5154294342045873
2024-04-28,-0.27212639097744407,0.11553784860557768,0.7575187969924811,1.6339573246644399
2024-04-29,-0.349837406015038,0.11155378486055777,0.7518796992481203,1.819818231729271
2024-04-30,-0.2780396616541358,0.11155378486055777,0.7669172932330827,1.866364289221269
2024-05-01,0.08479793233082662,0.1952191235059761,0.7518796992481203,1.4304789559373308
2024-05-02,0.167329511278195,0.2151394422310757,0.7593984962406015,1.4079498010281766
2024-05-03,0.298986503759398,0.23107569721115537,0.7575187969924811,1.316602944482335
2024-05-04,0.3061972180451123,0.23107569721115537,0.7575187969924811,1.32184576572209
2024-05-05,0.43145293233082654,0.24701195219123506,0.7860902255639097,1.2643148369144
2024-05-06,0.6033022932330823,0.2948207171314741,0.7917293233082707,1.0923064650447276
2024-05-07,0.716889511278195,0.2948207171314741,0.7917293233082707,1.0016406921363519
2024-05-08,0.9400053007518793,0.2948207171314741,0.8067669172932331,0.9532683880083644
2024-05-09,1.0404897201336671,0.29880478087649404,0.820969089390142,0.928356472122388
2024-05-10,1.1772697117794482,0.30278884462151395,0.8347535505430242,0.9158752733658471
2024-05-11,1.2651008228905594,0.30677290836653387,0.8323725981620719,0.822926643835937
2024-05-12,1.381107727652464,0.30677290836653387,0.8379281537176274,0.6870746809031617
2024-05-13,1.363371303258145,0.30278884462151395,0.8521303258145363,0.6743775636029946
2024-05-14,1.352371303258145,0.29880478087649404,0.8596491228070174,0.8214508415035208
2024-05-15,0.9645487468671673,0.27091633466135456,0.8521303258145363,1.1037511647377576
2024-05-16,0.9598410192147028,0.26693227091633465,0.8529657477025898,1.1587299095025263
2024-05-17,0.980058771929824,0.2749003984063745,0.8542188805346699,1.171200554449295
2024-05-18,1.0562431495405176,0.2788844621513944,0.8554720133667502,1.1879377002283438
2024-05-19,1.1052548162071842,0.28286852589641437,0.8499164578111945,1.2374189519757457
2024-05-20,1.1359077819548866,0.28286852589641437,0.8507518796992481,1.2089907229816543
2024-05-21,1.402829586466165,0.30677290836653387,0.8657894736842106,1.1013898426653872
2024-05-22,1.9286483834586463,0.3346613545816733,0.8808270676691728,0.8487899676624145
2024-05-23,1.9887453759398492,0.350597609561753,0.8883458646616541,0.8847937067398911
2024-05-24,2.129925639097744,0.3745019920318725,0.8966165413533834,0.8154468777543631
2024-05-25,2.2877222932330823,0.4103585657370518,0.9048872180451129,0.7879763501356782
2024-05-26,2.4642072932330827,0.44621513944223107,0.9191729323308271,0.7394652908175957
2024-05-27,2.6802392481203006,0.47410358565737054,0.9270676691729323,0.7252882476527974
2024-05-28,2.7034406390977437,0.47808764940239046,0.9203007518796993,0.7278422038562689
2024-05-29,2.828577481203007,0.4820717131474104,0.9278195488721804,0.7485892688807099
2024-05-30,3.0154150751879696,0.5179282868525896,0.9278195488721803,0.6355985429900238
2024-05-31,3.072690075187969,0.5219123505976095,0.9421052631578947,0.6051558303887387
2024-06-01,3.2338186466165406,0.549800796812749,0.9563909774436089,0.5772997876506761
2024-06-02,3.453936390977443,0.5737051792828686,0.9635338345864662,0.575461867581897
2024-06-03,3.604748796992481,0.6095617529880478,0.9706766917293234,0.561736276329986
2024-06-04,3.617753421052631,0.6095617529880478,0.9774436090225563,0.483404302048981
2024-06-05,3.7149451503759394,0.6254980079681275,0.9849624060150377,0.4248331004763043
2024-06-06,3.9439037969924806,0.649402390438247,0.9924812030075189,0.4325965194260341
2024-06-07,4.153902669172933,0.6653386454183267,0.9924812030075189,0.4744751318613052
2024-06-08,3.8300233082706767,0.6294820717131474,0.9624060150375939,0.5945524537644602
2024-06-09,3.5239601503759395,0.5737051792828686,0.9398496240601503,0.6044571296136211
2024-06-10,3.3426390977443603,0.5298804780876494,0.924812030075188,0.5949527297654472
2024-06-11,3.2645872180451123,0.5139442231075697,0.9172932330827067,0.6067775370798834
2024-06-12,2.952965413533834,0.4541832669322709,0.9022556390977444,0.642526853245644
2024-06-13,2.6091060150375935,0.398406374501992,0.8872180451127819,0.6167316954326753
2024-06-14,2.3526240601503754,0.3466135458167331,0.8721804511278195,0.6034078641306371
2024-06-15,2.3709037593984954,0.3545816733067729,0.887218045112782,0.5239601965607013
2024-06-16,2.375437593984962,0.3545816733067729,0.887218045112782,0.5013842647097202
2024-06-17,2.3325360902255636,0.32669322709163345,0.8872180451127819,0.5056634601674752
2024-06-18,2.047987218045112,0.2549800796812749,0.8421052631578948,0.5368218896761835
2024-06-19,1.8353992481203003,0.21115537848605578,0.8120300751879699,0.5049280866308024
2024-06-20,1.5978443609022552,0.1952191235059761,0.7894736842105263,0.5306494879341687
2024-06-21,1.439071428571428,0.18725099601593626,0.7894736842105263,0.5232066623201475
2024-06-22,1.4342468045112777,0.18326693227091634,0.7830827067669173,0.4843218583651984
2024-06-23,1.343295676691729,0.16334661354581673,0.7680451127819549,0.49054410360141565
2024-06-24,1.226256578947368,0.15139442231075698,0.7605263157894736,0.5364756851271841
2024-06-25,1.4126543233082702,0.17928286852589642,0.805639097744361,0.5268031278831131
2024-06-26,1.5954069548872174,0.19123505976095617,0.8357142857142856,0.545683857284677
2024-06-27,1.7675039473684204,0.20717131474103587,0.8507518796992481,0.5834395617471315
2024-06-28,1.9616513157894733,0.2350597609561753,0.8507518796992481,0.6551614522892026
2024-06-29,2.0091327443609015,0.24701195219123506,0.8364661654135338,0.6847627166373851
2024-06-30,2.0432511654135332,0.250996015936255,0.8597744360902256,0.6854259480798001
2024-07-01,2.169259436090225,0.2868525896414343,0.8823308270676692,0.6468020534711955
2024-07-02,2.239466203007518,0.29880478087649404,0.8898496240601504,0.6166093521420386
2024-07-03,2.302447406015037,0.32270916334661354,0.8973684210526315,0.5843668555256092
2024-07-04,2.2728910150375934,0.3107569721115538,0.8898496240601503,0.579049231954546
2024-07-05,1.6579571804511275,0.17928286852589642,0.7921052631578948,0.5944448769328133
2024-07-06,1.3314627819548868,0.12749003984063745,0.7451127819548873,0.6515948450796352
2024-07-07,1.277941353383458,0.12749003984063745,0.7368421052631579,0.6895063164065531
2024-07-08,0.993728571428571,0.09561752988047809,0.6992481203007518,0.7911588015774326
2024-07-09,0.7552887218045108,0.0796812749003984,0.6842105263157894,0.8343071552817327
2024-07-10,0.6618819548872175,0.07569721115537849,0.6766917293233082,0.8354296020355215
2024-07-11,0.6421067669172926,0.07569721115537849,0.6842105263157894,0.7990958361225812
2024-07-12,1.0565609022556386,0.11952191235059761,0.7744360902255638,0.7273696146943568
2024-07-13,1.349632443609022,0.1593625498007968,0.8285714285714285,0.6527892373540909
2024-07-14,1.3217738721804506,0.15139442231075698,0.8296992481203007,0.6756491353729457
2024-07-15,1.3437828947368418,0.16334661354581673,0.8221804511278196,0.6563952892549655
2024-07-16,1.331069360902255,0.1553784860557769,0.8221804511278196,0.7670093953678983
2024-07-17,1.17278439849624,0.13545816733067728,0.8071428571428572,0.8940451731817536
2024-07-18,1.0496708646616537,0.11553784860557768,0.799624060150376,0.9910393324158434
2024-07-19,1.0499919172932326,0.11952191235059761,0.799624060150376,0.9943622043665784
2024-07-20,0.9797247744360897,0.10358565737051793,0.806766917293233,1.0763097875079148
2024-07-21,0.9556021428571425,0.09561752988047809,0.7906015037593984,1.1112906414038795
2024-07-22,1.1372381495405175,0.15139442231075698,0.8119047619047619,1.0441762455322023
2024-07-23,1.1556261194653297,0.1553784860557769,0.7968671679197995,0.9794260911772776
2024-07-24,1.2258659690893896,0.16733067729083664,0.7893483709273182,0.9285335607265272
2024-07-25,1.2127712322472843,0.16733067729083664,0.7743107769423558,0.8419090496843276
2024-07-26,1.0993351420217206,0.14342629482071714,0.7592731829573934,0.8603317634483573
2024-07-27,1.213908713450292,0.1752988047808765,0.7592731829573934,0.8095205141499804
2024-07-28,1.2944299164578106,0.1952191235059761,0.768295739348371,0.7273472161659101
2024-07-29,1.2269442857142852,0.18725099601593626,0.7770676691729322,0.725355273282428
2024-07-30,1.3502641729323304,0.22709163346613545,0.8003759398496241,0.7274610282119759
2024-07-31,1.3036250751879694,0.20318725099601595,0.8154135338345866,0.7130735322070992
2024-08-01,1.273938609022556,0.1952191235059761,0.8229323308270676,0.7913223549788655
2024-08-02,1.2244852255639092,0.17928286852589642,0.8304511278195489,0.8548958925274978
2024-08-03,0.9914982330827062,0.11553784860557768,0.8067669172932331,0.8651146994649648
2024-08-04,0.5914928195488717,0.07171314741035857,0.7526315789473683,0.9608415236440493
2024-08-05,0.07164018796992444,0.0398406374501992,0.6699248120300751,1.0546681108870477
2024-08-06,-0.7062842105263163,0.0,0.5714285714285714,1.1641429626996265
2024-08-07,-1.210865413533835,0.0,0.5037593984962406,1.2862671123830245
2024-08-08,-1.4528969924812034,0.0,0.46616541353383456,1.302524625761151
2024-08-09,-1.5735308270676696,0.0,0.42857142857142855,1.2715040589772175
2024-08-10,-1.7385902255639103,0.0,0.39849624060150374,1.2954696861091743
2024-08-11,-1.8507270676691736,0.0,0.3909774436090225,1.2904405746502932
2024-08-12,-1.635767669172933,0.00796812749003984,0.4210526315789473,1.227574430176195
2024-08-13,-1.1923751879699254,0.02390438247011952,0.46616541353383456,1.1292774240803438
2024-08-14,-0.789089473684211,0.027888446215139442,0.48872180451127817,0.978879513801795
2024-08-15,-0.4916360902255644,0.035856573705179286,0.5413533834586466,0.8692852559850691
2024-08-16,-0.6090864661654141,0.035856573705179286,0.5112781954887218,0.874739551501168
2024-08-17,-0.45323082706766965,0.043824701195219126,0.5338345864661653,0.8251434887621968
2024-08-18,-0.21009548872180495,0.05976095617529881,0.5413533834586466,0.7604253230114527
2024-08-19,-0.14401278195488768,0.06772908366533864,0.5413533834586465,0.7601083951080103
2024-08-20,0.09259548872180408,0.10358565737051793,0.5714285714285714,0.6824499616421544
2024-08-21,0.18045864661654093,0.11553784860557768,0.6090225563909774,0.6715873786574404
2024-08-22,0.1836368421052627,0.11952191235059761,0.6015037593984962,0.6924962486058865
2024-08-23,0.490195488721804,0.1394422310756972,0.6691729323308271,0.6870565118756642
2024-08-24,0.5771060150375936,0.14741035856573706,0.6992481203007518,0.802967418365436
2024-08-25,0.7597676691729319,0.1752988047808765,0.7518796992481204,0.8553500071569347
2024-08-26,0.9545180451127815,0.18326693227091634,0.7894736842105263,0.8221452443563962
2024-08-27,0.9243819548872176,0.17928286852589642,0.7894736842105263,0.8654486254837953
2024-08-28,0.677240601503759,0.16733067729083664,0.7218045112781956,0.9306306871438523
2024-08-29,0.3987736842105259,0.13545816733067728,0.6691729323308271,0.9836345287151029
2024-08-30,0.3727187969924808,0.13545816733067728,0.6616541353383459,0.9472633606039499
2024-08-31,0.25950676691729285,0.12350597609561753,0.6466165413533834,0.9272641830495849
2024-09-01,0.16499924812030028,0.11155378486055777,0.631578947368421,0.8929660753713303
2024-09-02,-0.09508646616541402,0.0796812749003984,0.5639097744360902,0.8998964968797887
2024-09-03,-0.2566601503759403,0.05976095617529881,0.5413533834586466,1.0583501479125068
2024-09-04,-0.29420300751879747,0.05179282868525897,0.5639097744360902,1.1293703969025772
2024-09-05,-0.12545789473684252,0.08366533864541832,0.6015037593984962,1.122200054235928
2024-09-06,-0.173586466165414,0.07171314741035857,0.5939849624060151,1.1560821843645501
2024-09-07,-0.3191090225563914,0.05179282868525897,0.5413533834586466,1.090930276805472
2024-09-08,-0.28354436090225604,0.05976095617529881,0.5413533834586467,1.1337587556733966
2024-09-09,-0.13655789473684252,0.09163346613545817,0.5939849624060151,1.1611916129008724
2024-09-10,0.04585263157894696,0.12350597609561753,0.6165413533834586,0.978371045084279
2024-09-11,0.2845368421052628,0.16733067729083664,0.6315789473684211,0.8484669809357943
2024-09-12,0.28432105263157853,0.16733067729083664,0.6240601503759399,0.8269054948832528
2024-09-13,0.3274932330827064,0.18725099601593626,0.6390977443609023,0.9203964656295482
2024-09-14,0.3423631578947364,0.19123505976095617,0.6917293233082706,1.1339222152770134
2024-09-15,0.3496270676691725,0.1952191235059761,0.699248120300752,1.1336978068819685
2024-09-16,0.3666661654135334,0.199203187250996,0.6917293233082706,1.097494175845117
2024-09-17,0.299537593984962,0.18326693227091634,0.6766917293233082,1.099806715290365
2024-09-18,0.11403082706766879,0.14342629482071714,0.6616541353383459,1.1765395824812608
2024-09-19,0.2270721804511274,0.16733067729083664,0.6917293233082706,1.2388005532811528
2024-09-20,0.3836518796992477,0.21912350597609562,0.6917293233082705,1.1307518788764983
2024-09-21,0.8036360902255636,0.2749003984063745,0.7142857142857143,0.8464401018877182
2024-09-22,0.9114383458646612,0.2788844621513944,0.7368421052631579,0.840866815716994
2024-09-23,1.045900751879699,0.32669322709163345,0.7518796992481204,0.8392108468143131
2024-09-24,1.2151218045112777,0.38645418326693226,0.7894736842105263,0.8550293859448203
2024-09-25,1.5153421052631575,0.4820717131474104,0.8421052631578947,0.9130755605447105
2024-09-26,1.6824421052631577,0.50199203187251,0.8421052631578947,0.8967954749163641
2024-09-27,1.7881511278195483,0.5099601593625498,0.857142857142857,0.8506184985699112
2024-09-28,1.8427067669172927,0.5179282868525896,0.8721804511278195,0.8384960316676046
2024-09-29,1.986955639097744,0.549800796812749,0.8796992481203008,0.737107062880502
2024-09-30,2.1198300751879695,0.5816733067729084,0.9097744360902256,0.7091558179910555
2024-10-01,2.1235481203007516,0.5856573705179283,0.8947368421052632,0.6968668549523246
2024-10-02,2.0006323308270675,0.5577689243027888,0.8872180451127819,0.6377061087830453
2024-10-03,1.6269804511278194,0.49800796812749004,0.849624060150376,0.6543717920973523
2024-10-04,1.070175939849624,0.3466135458167331,0.7969924812030076,0.9426337883901946
2024-10-05,0.6805285714285711,0.26294820717131473,0.7443609022556392,1.1107209498429722
2024-10-06,0.4330744360902253,0.23107569721115537,0.7142857142857143,1.231953558131155
2024-10-07,0.22126766917293206,0.16733067729083664,0.6917293233082706,1.3152895531756492
2024-10-08,0.26606390977443584,0.17928286852589642,0.706766917293233,1.2737101905020478
2024-10-09,0.34802631578947335,0.2151394422310757,0.699248120300752,1.3126870389197536
2024-10-10,0.568570676691729,0.2549800796812749,0.7518796992481203,1.2170073828655212
2024-10-11,0.8542902255639094,0.30278884462151395,0.7744360902255638,0.9861435800259972
2024-10-12,1.176392631578947,0.4063745019920319,0.8056390977443609,0.8695512910765112
2024-10-13,1.3555550375939844,0.4940239043824701,0.8281954887218045,0.77057030865518
2024-10-14,1.5474775939849619,0.5258964143426295,0.8432330827067668,0.6968396527291112
2024-10-15,1.5845061654135335,0.5298804780876494,0.843233082706767,0.7634460014569341
2024-10-16,1.7405730827067667,0.5577689243027888,0.8657894736842104,0.6576550660360739
2024-10-17,1.9166415037593982,0.5856573705179283,0.8657894736842106,0.6380590999250811
2024-10-18,2.117921954887218,0.6294820717131474,0.8883458646616542,0.6412541304079508
2024-10-19,1.9862740977443605,0.601593625498008,0.8883458646616541,0.8282211050062573
2024-10-20,1.9782310526315785,0.5976095617529881,0.8890977443609023,0.9395909269664929
2024-10-21,2.03293932330827,0.6175298804780877,0.8966165413533834,0.9891206066722937
2024-10-22,2.110450601503759,0.6254980079681275,0.9041353383458646,0.9050038227065333
2024-10-23,2.1676430827067663,0.6454183266932271,0.9041353383458646,0.8690440223903995
2024-10-24,2.1650709022556387,0.6454183266932271,0.8966165413533834,0.8902426780170769
2024-10-25,2.2262002255639093,0.6573705179282868,0.9041353383458646,0.8407658773338407
2024-10-26,2.1262381578947362,0.6414342629482072,0.8654135338345865,0.7107944280045901
2024-10-27,2.027318157894736,0.6135458167330677,0.8439849624060151,0.6704591750599992
2024-10-28,1.8618174060150372,0.5776892430278885,0.8139097744360902,0.6898315037175394
2024-10-29,1.8477963533834583,0.5776892430278885,0.8214285714285714,0.6983686217996616
2024-10-30,1.9262083834586463,0.5896414342629482,0.8364661654135339,0.6679791724327522
2024-10-31,1.9399933458646612,0.5976095617529881,0.8439849624060151,0.6553160902245548
2024-11-01,1.8693377067669168,0.5856573705179283,0.8364661654135339,0.750863094850753
2024-11-02,2.0176256766917287,0.6334661354581673,0.8590225563909774,0.7262233627589254
2024-11-03,1.9785157894736838,0.6135458167330677,0.8496240601503758,0.7432503357182179
2024-11-04,1.8548669172932326,0.5816733067729084,0.8345864661654135,0.775796637715171
2024-11-05,1.5868751879699245,0.5338645418326693,0.8045112781954887,0.9543940656716421
2024-11-06,1.4228172932330825,0.5139442231075697,0.7894736842105263,1.0667268595999861
2024-11-07,1.4041947368421048,0.5099601593625498,0.7894736842105263,1.2553759232012642
2024-11-08,1.4666533834586464,0.5298804780876494,0.8045112781954886,1.3003937866392474
2024-11-09,1.5339270676691725,0.5378486055776892,0.8270676691729324,1.4132830064622974
2024-11-10,2.2346518796992476,0.7211155378486056,0.8721804511278196,1.3806194847999098
2024-11-11,2.855731578947368,0.7808764940239044,0.9172932330827067,1.3224841876261804
2024-11-12,4.342407518796992,0.8685258964143426,0.9473684210526315,1.2769107207049615
2024-11-13,4.8297526315789465,0.8924302788844621,0.9624060150375939,1.273165380057123
2024-11-14,5.044454135338346,0.896414342629482,0.9699248120300751,1.080357707080422
2024-11-15,5.165936090225563,0.9043824701195219,0.9774436090225563,0.9320364502953238
2024-11-16,5.439684210526315,0.9123505976095617,0.9924812030075187,0.7606303264410552
2024-11-17,5.2223,0.9083665338645418,0.9924812030075187,0.7299464430844818
2024-11-18,5.237670676691729,0.9123505976095617,1.0,0.7557974405947222
2024-11-19,4.408887218045113,0.8725099601593626,1.0,0.6791507690374676
2024-11-20,4.170141353383459,0.8685258964143426,1.0,0.5941135143223819
2024-11-21,4.069663157894737,0.8645418326693227,1.0,0.5589542117383669
2024-11-22,4.555646616541353,0.896414342629482,1.0,0.6499291780436793
2024-11-23,5.283382706766917,0.9322709163346613,1.0,0.7900314202896165
2024-11-24,5.61736015037594,0.9442231075697212,1.0,0.7998576425718957
2024-11-25,5.646727819548873,0.9482071713147411,1.0,0.7604661809966211
2024-11-26,5.486826315789473,0.9442231075697212,1.0,0.749211768991669
2024-11-27,5.542084962406015,0.9482071713147411,1.0,0.7726159750075032
2024-11-28,5.717893984962406,0.9561752988047809,1.0,0.8430445575639852
2024-11-29,5.573748872180452,0.9442231075697212,1.0,0.8353809965272568
2024-11-30,5.038227819548872,0.9043824701195219,1.0,0.7580618484933102
2024-12-01,4.844449624060151,0.900398406374502,1.0,0.7586097207919187
2024-12-02,5.2369481203007515,0.9203187250996016,1.0,0.7636773112990162
2024-12-03,6.002640601503758,0.9561752988047809,1.0,0.8228950679841426
2024-12-04,6.876062406015037,0.9641434262948207,1.0,0.9460846550030493
2024-12-05,8.16377894736842,0.9721115537848606,1.0,1.0341505307559329
2024-12-06,8.724484962406013,0.9760956175298805,1.0,1.0746616879587318
2024-12-07,9.569620300751879,0.9840637450199203,1.0,1.1088253762410825
2024-12-08,10.08638872180451,0.9880478087649402,1.0,1.20677903521714
2024-12-09,9.858557142857142,0.9880478087649402,1.0,1.197427923642031
2024-12-10,8.89707819548872,0.9800796812749004,1.0,1.0702349947119487
2024-12-11,7.769609774436091,0.9721115537848606,0.9924812030075189,0.974470548255011
2024-12-12,6.239939097744361,0.9641434262948207,0.9924812030075189,0.8373538315068095
2024-12-13,5.301693984962406,0.9282868525896414,0.9924812030075189,0.6718495073051881
2024-12-14,4.1029,0.8685258964143426,0.9849624060150377,0.5480169816362778
2024-12-15,3.1642345864661654,0.8007968127490039,0.9774436090225563,0.3943972966461042
2024-12-16,2.6467834586466163,0.7689243027888446,0.9774436090225563,0.34118872727367955
2024-12-17,2.645611278195488,0.7689243027888446,0.9774436090225563,0.3344552196034061
2024-12-18,2.645550375939849,0.7689243027888446,0.9699248120300751,0.31021380784933966
2024-12-19,2.3751781954887212,0.7529880478087649,0.9097744360902256,0.37164665682876424
2024-12-20,1.8688165413533828,0.6095617529880478,0.8345864661654135,0.6083863237557477
2024-12-21,1.642055639097744,0.5697211155378487,0.7969924812030076,0.7121651289942974
2024-12-22,1.4460796992481197,0.5298804780876494,0.7744360902255638,0.8687323079629627
2024-12-23,1.244432330827067,0.44223107569721115,0.7443609022556391,1.02167077322527
2024-12-24,1.1054338345864658,0.3904382470119522,0.7218045112781954,1.1274481515287225
2024-12-25,0.9796728070175434,0.3346613545816733,0.7130325814536341,1.2253695865561787
2024-12-26,1.1035684210526313,0.38247011952191234,0.7573099415204678,1.229791684592418
2024-12-27,1.3109307017543854,0.46613545816733065,0.7928153717627401,1.1628879193085344
2024-12-28,1.3857691729323303,0.5099601593625498,0.8220551378446116,1.111122175126438
2024-12-29,1.582003968253968,0.5537848605577689,0.8441938178780284,0.9595695783981459
2024-12-30,1.6689169172932325,0.5816733067729084,0.8583959899749374,0.8454546399149124
2024-12-31,1.6577499999999996,0.5737051792828686,0.865079365079365,0.8539144534049438
2025-01-01,1.7030285714285711,0.5856573705179283,0.857142857142857,0.8028568672297256
2025-01-02,1.8221848370927316,0.5976095617529881,0.8654970760233918,0.7682703251032867
2025-01-03,2.04660977443609,0.6892430278884463,0.8976608187134503,0.6522790974938522
2025-01-04,2.175522431077694,0.7290836653386454,0.9060150375939849,0.6183298555295159
2025-01-05,2.220112447786132,0.7290836653386454,0.9064327485380117,0.6093146721167754
2025-01-06,2.3323671679197995,0.7529880478087649,0.9147869674185463,0.5818652658683894
2025-01-07,2.438665580618212,0.7729083665338645,0.9306599832915623,0.5152387383015333
2025-01-08,2.2636171679197994,0.7330677290836654,0.9306599832915623,0.6641572431744815
2025-01-09,2.0383997911445277,0.6613545816733067,0.9064327485380117,0.6949134832082574
2025-01-10,1.7770446950710106,0.5617529880478087,0.8742690058479532,0.7985649660524433
2025-01-11,1.6167368003341684,0.5219123505976095,0.8500417710944027,0.8561859006565855
2025-01-12,1.4198920217209685,0.46613545816733065,0.8258145363408521,0.9314189434001983
2025-01-13,1.0374849206349201,0.2788844621513944,0.7936507936507937,1.0812429103786654
2025-01-14,0.8328785714285709,0.22310756972111553,0.7619047619047619,1.0891481404455088
2025-01-15,1.0745643274853796,0.30677290836653387,0.7786131996658312,0.8958707780237373
2025-01-16,1.2942302005012525,0.3904382470119522,0.802422723475355,0.8534637269913891
2025-01-17,1.5920025898078525,0.5099601593625498,0.8421052631578947,0.7305889644510246
2025-01-18,1.7315708437761064,0.549800796812749,0.8659147869674185,0.6647441646645873
2025-01-19,1.9485700501253131,0.6135458167330677,0.8976608187134503,0.5607612263707199
2025-01-20,2.2939216374269003,0.7410358565737052,0.929406850459482,0.5092110885801184
2025-01-21,2.4332708437761066,0.7689243027888446,0.9532163742690057,0.5245495988143024
2025-01-22,2.4995176274018376,0.7768924302788844,0.9682539682539683,0.4958716614981344
2025-01-23,2.51444857978279,0.7768924302788844,0.9761904761904762,0.48559620399746034
2025-01-24,2.506719841269841,0.7729083665338645,0.9761904761904762,0.48485884679317803
2025-01-25,2.4163414369256473,0.7529880478087649,0.9690893901420218,0.5230665931631499
2025-01-26,2.300990016708437,0.7211155378486056,0.9540517961570593,0.5949439357025831
2025-01-27,1.9761463659147867,0.5896414342629482,0.8984962406015037,0.5258023396569723
2025-01-28,1.8853027151211357,0.5617529880478087,0.882623224728488,0.5534405757724318
2025-01-29,1.6940717627401833,0.5059760956175299,0.8429406850459483,0.6507554491022136
2025-01-30,1.587861445279866,0.46613545816733065,0.8191311612364245,0.6895265392409222
2025-01-31,1.5595479532163736,0.4541832669322709,0.8032581453634086,0.713638772470173
2025-02-01,1.5771152464494567,0.4581673306772908,0.7944862155388471,0.7224746632980602
2025-02-02,1.3901253968253964,0.4103585657370518,0.7619047619047619,0.7313944875283578
2025-02-03,0.8405650793650788,0.22709163346613545,0.6904761904761906,0.8974719157459191
2025-02-04,0.1251365079365075,0.10358565737051793,0.5873015873015872,1.0429548239349635
2025-02-05,-0.14271428571428615,0.07569721115537849,0.5555555555555556,1.0434606215416076
2025-02-06,-0.49944206349206394,0.0398406374501992,0.5079365079365079,1.1109763113509215
2025-02-07,-1.0012539682539685,0.027888446215139442,0.43650793650793646,1.1839201248409645
2025-02-08,-1.3014674603174607,0.0199203187250996,0.3888888888888889,1.2229773004078217
2025-02-09,-1.4364492063492065,0.0199203187250996,0.38095238095238093,1.3035834863904083
2025-02-10,-0.7960753968253973,0.0398406374501992,0.4920634920634921,1.1654781846245332
2025-02-11,-0.1834253968253973,0.08764940239043825,0.5873015873015872,1.0649259066939718
2025-02-12,-0.1826571428571433,0.09163346613545817,0.5714285714285714,1.071387672473768
2025-02-13,-0.014453174603175063,0.11952191235059761,0.611111111111111,1.061285998102676
2025-02-14,0.21221349206349158,0.1553784860557769,0.6587301587301588,1.0718126926444262
2025-02-15,0.2147404761904757,0.1593625498007968,0.6746031746031746,1.09991497455488
2025-02-16,0.10179920634920585,0.13545816733067728,0.6428571428571429,1.0795704154518886
2025-02-17,-0.008539682539683019,0.12350597609561753,0.611111111111111,1.081017930145789
2025-02-18,-0.1360611111111116,0.11155378486055777,0.5952380952380952,1.064279124671814
2025-02-19,-0.009197619047619541,0.12749003984063745,0.6190476190476192,1.0240228138651712
2025-02-20,-0.021848412698413176,0.12350597609561753,0.5952380952380952,0.989154759091421
2025-02-21,0.04319841269841224,0.1394422310756972,0.6031746031746031,0.9705654644766577
2025-02-22,-0.06255634920634966,0.12350597609561753,0.5793650793650793,0.9800859205928594
2025-02-23,0.22134285714285667,0.1952191235059761,0.6428571428571429,0.9253638637001731
2025-02-24,0.07823095238095193,0.1553784860557769,0.611111111111111,0.950266724914926
2025-02-25,-0.027394444444444895,0.12749003984063745,0.5714285714285714,0.9527727935008024
2025-02-26,-0.18882936507936554,0.08764940239043825,0.5555555555555556,1.005125970412119
2025-02-27,-0.008742857142857607,0.14741035856573706,0.5952380952380952,1.0074770997252602
2025-02-28,-0.1567031746031751,0.10358565737051793,0.5555555555555556,0.9890517996768043
2025-03-01,0.105110784313725,0.18326693227091634,0.6097105508870214,0.9653831813813712
2025-03-02,-0.05064733893557473,0.13545816733067728,0.5746965452847805,1.0004459607460425
2025-03-03,0.21623543417366897,0.21912350597609562,0.6283846872082165,0.9513664077502086
2025-03-04,0.01950859010270716,0.16334661354581673,0.5896358543417367,1.0042948205553053
2025-03-05,-0.08560462184874007,0.13147410358565736,0.5681605975723623,1.0127269845549782
2025-03-06,-0.4034863211951453,0.06772908366533864,0.5084033613445378,1.058965904283828
2025-03-07,-0.4815756302521015,0.06374501992031872,0.49579831932773105,1.1323793450024962
2025-03-08,-0.6714327731092443,0.05179282868525897,0.43697478991596633,1.1252922476004559
2025-03-09,-0.7684142857142863,0.04780876494023904,0.4201680672268907,1.1436696086700786
2025-03-10,-1.193545378151261,0.03187250996015936,0.3445378151260504,1.1992684244098464
2025-03-11,-0.9877294117647064,0.043824701195219126,0.4033613445378151,1.1682451032133596
2025-03-12,-0.9872470588235299,0.04780876494023904,0.4117647058823529,1.2848460240699973
2025-03-13,-0.9882957983193281,0.043824701195219126,0.4201680672268907,1.238694576092785
2025-03-14,-0.9385394957983199,0.055776892430278883,0.44537815126050423,1.2653123925238556
2025-03-15,-1.1197327731092444,0.0398406374501992,0.45378151260504207,1.4906146441454076
2025-03-16,-1.3427134453781517,0.02390438247011952,0.42857142857142855,1.8066916132136257
2025-03-17,-1.1614218487394965,0.043824701195219126,0.47058823529411764,1.9038663456736427
2025-03-18,-1.1376739495798325,0.04780876494023904,0.43697478991596633,1.860282366624792
2025-03-19,-0.8227310924369752,0.07569721115537849,0.5042016806722689,1.6946167270122885
2025-03-20,-0.6682478991596643,0.099601593625498,0.5294117647058824,1.7190081129153276
2025-03-21,-0.7477042016806728,0.09163346613545817,0.5126050420168067,1.7274569302706657
2025-03-22,-0.7363129785247436,0.09561752988047809,0.4771241830065359,1.5370640844649148
2025-03-23,-0.3699558356676008,0.13545816733067728,0.5443510737628384,1.2672555904927854
2025-03-24,-0.09666844070961764,0.199203187250996,0.5947712418300654,1.1588036450900494
2025-03-25,0.1722206349206344,0.2868525896414343,0.6704014939309058,1.1779503395847135
2025-03-26,0.2348634920634916,0.32270916334661354,0.6535947712418301,1.1531955475399316
2025-03-27,0.2090979458450042,0.29880478087649404,0.6451914098972923,1.139512462906389
2025-03-28,0.2015097105508866,0.29880478087649404,0.6283846872082165,1.0361000365376347
2025-03-29,0.22251092436974743,0.32669322709163345,0.6470588235294118,1.031433589371836
2025-03-30,-0.25552268907563075,0.1553784860557769,0.5546218487394958,1.0361715314275153
2025-03-31,-0.5961344537815132,0.11553784860557768,0.4789915966386555,1.0171880230626413
2025-04-01,-0.8438756302521014,0.07569721115537849,0.43697478991596633,1.0417447087329559
2025-04-02,-0.9747138188608782,0.07171314741035857,0.41549953314659194,1.0580567539407442
2025-04-03,-1.1881486461251174,0.043824701195219126,0.3865546218487395,1.1032232507810404
2025-04-04,-1.0159917366946785,0.05976095617529881,0.4234360410830999,1.1162435043544134
2025-04-05,-0.6790818394024282,0.11952191235059761,0.46031746031746035,1.0503257963632928
2025-04-06,-0.3415739495798324,0.16334661354581673,0.5070028011204483,1.0192842781466152
2025-04-07,-0.36202521008403404,0.16334661354581673,0.49859943977591037,1.0568824942453698
2025-04-08,-0.5165630252100845,0.1394422310756972,0.47338935574229696,1.0906106583675645
2025-04-09,-0.6011945845004673,0.13545816733067728,0.4528478057889823,1.119308751153939
2025-04-10,-0.30712110177404334,0.18326693227091634,0.48179271708683474,1.0517598529528775
2025-04-11,-0.2950847338935579,0.18725099601593626,0.4869281045751634,0.9979910340346966
2025-04-12,-0.4306425303454719,0.16334661354581673,0.5004668534080299,1.0665719831662015
2025-04-13,-0.22328151260504242,0.21115537848605578,0.5378151260504201,1.0082222200312743
2025-04-14,-0.12777226890756344,0.2549800796812749,0.5798319327731093,1.0260134745942466
2025-04-15,-0.17981260504201727,0.22709163346613545,0.5630252100840336,0.9800223879045015
2025-04-16,-0.3204924369747904,0.1752988047808765,0.5462184873949579,1.000357118543529
2025-04-17,-0.34815718954248426,0.16733067729083664,0.572829131652661,0.977613037279084
2025-04-18,-0.379725256769375,0.1553784860557769,0.5560224089635855,1.0091852010872755
2025-04-19,-0.17776587301587357,0.22709163346613545,0.5583566760037348,1.2650914701232627
2025-04-20,-0.17121260504201732,0.23107569721115537,0.5527544351073763,1.2746077676254677
2025-04-21,0.12033781512604988,0.3346613545816733,0.5863678804855275,1.216317514901811
2025-04-22,0.41325210084033565,0.44621513944223107,0.6451914098972923,1.2561442760205361
2025-04-23,0.8406815126050416,0.4860557768924303,0.7208216619981326,1.1940500071725033
2025-04-24,0.989834500466853,0.5059760956175299,0.7278244631185807,1.2076758594851067
2025-04-25,1.1497185340802984,0.5298804780876494,0.761437908496732,1.2184453156704176
2025-04-26,1.0506598039215682,0.5099601593625498,0.7455648926237161,0.9179654609383627
2025-04-27,0.9084561157796447,0.47808764940239046,0.7343604108309991,1.0075401370920134
2025-04-28,0.6715342670401488,0.44223107569721115,0.6839402427637723,1.0609552598100889
2025-04-29,0.6680258636788043,0.43824701195219123,0.6923436041083101,1.0916922965222733
2025-04-30,0.2870475256769369,0.3784860557768924,0.5905695611577965,1.100455746891906
2025-05-01,0.1792727357609706,0.3187250996015936,0.5905695611577964,1.1566835033262621
2025-05-02,0.22285135387488283,0.3545816733067729,0.5765639589169,1.348184431282436
2025-05-03,0.49657675070027973,0.4302788844621514,0.5686274509803921,2.0969503132978615
2025-05-04,0.5779994864612508,0.43824701195219123,0.5322128851540616,2.562161443308514
2025-05-05,0.7370448179271705,0.4581673306772908,0.5126050420168068,3.163224484824098
2025-05-06,0.63712502334267,0.44223107569721115,0.4752567693744164,3.2181198457634173
2025-05-07,0.9595035947712413,0.4900398406374502,0.5625583566760037,3.3734111415567782
2025-05-08,1.015296825396825,0.49800796812749004,0.5555555555555556,3.377906741991268
2025-05-09,1.1148984126984123,0.5258964143426295,0.5793650793650793,3.1723346337339273
2025-05-10,0.9857492063492058,0.4860557768924303,0.619047619047619,2.5279009215524533
2025-05-11,1.2040619047619043,0.5338645418326693,0.6984126984126985,1.9688622543597964
2025-05-12,1.35005873015873,0.549800796812749,0.7777777777777777,1.37010871994547
2025-05-13,1.6785968253968249,0.6414342629482072,0.8333333333333334,1.2003477724439964
2025-05-14,1.7888801587301584,0.6693227091633466,0.865079365079365,1.0460483686931015
2025-05-15,1.6841999999999995,0.6414342629482072,0.8730158730158729,1.0627949970953197
2025-05-16,1.5065190476190473,0.5697211155378487,0.8809523809523808,1.110617493778193
2025-05-17,1.2955619047619042,0.5258964143426295,0.8492063492063492,1.0366274674388716
2025-05-18,1.1230920634920631,0.49800796812749004,0.8333333333333333,1.0274276866794696
2025-05-19,0.753260317460317,0.41434262948207173,0.753968253968254,1.0188145388173206
2025-05-20,0.6877047619047615,0.4063745019920319,0.753968253968254,1.0101485451669079
2025-05-21,0.6833341269841267,0.40239043824701193,0.746031746031746,0.9825217787953994
2025-05-22,0.9589055555555551,0.44223107569721115,0.753968253968254,0.8659666961551828
2025-05-23,1.166728571428571,0.50199203187251,0.761904761904762,0.7588591040090509
2025-05-24,1.1431706349206345,0.4940239043824701,0.746031746031746,0.7440179291174709
2025-05-25,1.0329476190476188,0.4541832669322709,0.6825396825396826,0.7349665037028774
2025-05-26,1.3101499999999997,0.5258964143426295,0.7539682539682541,0.6243778655073591
2025-05-27,1.3538674603174599,0.5338645418326693,0.7619047619047619,0.5875449493885894
2025-05-28,1.2529650793650788,0.5099601593625498,0.746031746031746,0.6494012451682225
2025-05-29,1.0666642857142852,0.4541832669322709,0.7301587301587301,0.6812234261561448
2025-05-30,0.6237458646616537,0.350597609561753,0.662907268170426,0.798776589472743
2025-05-31,0.3953703007518792,0.33067729083665337,0.6365914786967418,0.848666536690277
2025-06-01,0.3841271929824557,0.33067729083665337,0.656641604010025,0.8845386785145023
2025-06-02,0.43156345029239723,0.3426294820717131,0.650375939849624,0.9560688212389429
2025-06-03,0.5123254385964907,0.3545816733067729,0.6587301587301587,0.9729054199495857
2025-06-04,0.5440694653299911,0.35856573705179284,0.6679197994987468,0.9189563045653378
2025-06-05,0.5167007518796988,0.35856573705179284,0.6466165413533834,1.0041068939567332
2025-06-06,0.39199999999999946,0.3346613545816733,0.6090225563909774,1.0284873712091747
2025-06-07,0.7377751879699243,0.4103585657370518,0.6691729323308271,0.9464821990306892
2025-06-08,0.8956533834586461,0.4342629482071713,0.7067669172932332,0.9162405579898582
2025-06-09,0.8069330827067664,0.41832669322709165,0.706766917293233,0.8903080363198703
2025-06-10,0.869786466165413,0.43824701195219123,0.706766917293233,0.923141442365886
2025-06-11,1.0718037593984957,0.4940239043824701,0.7218045112781954,0.9323453841634525
2025-06-12,1.0345398496240596,0.47808764940239046,0.7368421052631579,0.9144006606395468
2025-06-13,1.06288947368421,0.4900398406374502,0.7443609022556391,0.9833500934645283
2025-06-14,1.0414759398496236,0.4820717131474104,0.7368421052631577,1.0531075703985626
2025-06-15,0.9674075187969919,0.450199203187251,0.7218045112781954,1.0815851093864006
2025-06-16,1.1012676691729317,0.50199203187251,0.7293233082706766,1.1503112208850086
2025-06-17,1.0041293233082702,0.4581673306772908,0.7142857142857143,1.171159980221255
2025-06-18,0.6715150375939843,0.3745019920318725,0.6691729323308271,1.1975503007496886
2025-06-19,0.6892533834586461,0.38645418326693226,0.6541353383458646,1.174157107641376
2025-06-20,1.0562263157894731,0.4820717131474104,0.7443609022556392,0.9938908484851853
2025-06-21,0.9548428571428567,0.4302788844621514,0.7218045112781956,0.954824764269871
2025-06-22,0.9358954887218041,0.4302788844621514,0.7142857142857143,0.9933728394065487
2025-06-23,0.6030157894736837,0.35856573705179284,0.6616541353383459,0.9873107274680119
2025-06-24,0.37294210526315746,0.3187250996015936,0.6541353383458647,1.013473628484423
2025-06-25,0.4179210526315786,0.3386454183266932,0.6766917293233082,1.0063830935883835
2025-06-26,0.3637097744360898,0.3187250996015936,0.6821219715956558,0.9688073600641091
2025-06-27,0.1993119465329987,0.2788844621513944,0.6336675020885547,1.0948240108766132
2025-06-28,0.29975630743525433,0.32270916334661354,0.6637426900584796,1.1086775323830669
2025-06-29,0.40903299916457764,0.3466135458167331,0.7013366750208855,1.081756231065844
2025-06-30,0.663788638262322,0.3944223107569721,0.7539682539682541,1.06544871127897
2025-07-01,0.7000254803675852,0.42231075697211157,0.7314118629908103,1.0304142785282535
2025-07-02,0.6044660818713445,0.38645418326693226,0.6862990810359231,1.0267307428891586
2025-07-03,0.8841713450292393,0.46215139442231074,0.7109440267335003,1.161099089284538
2025-07-04,1.0292684210526313,0.5139442231075697,0.7443609022556391,1.0927405882677281
2025-07-05,0.7992075187969921,0.44223107569721115,0.6842105263157894,1.094541792107917
2025-07-06,0.6472541353383454,0.398406374501992,0.6466165413533834,1.145444481225534
2025-07-07,0.6958157894736837,0.4302788844621514,0.6466165413533834,1.0926739208612555
2025-07-08,0.6839488721804508,0.42231075697211157,0.6466165413533834,1.0712244262786599
2025-07-09,0.8582586466165409,0.47410358565737054,0.6917293233082706,1.0876553994683127
2025-07-10,0.7457533834586461,0.450199203187251,0.6842105263157895,0.9669125410592881
2025-07-11,1.062556390977443,0.5657370517928287,0.706766917293233,1.0052115552792262
2025-07-12,1.546898496240601,0.6892430278884463,0.7969924812030075,0.9335791897122748
2025-07-13,1.8446120300751876,0.7649402390438247,0.8421052631578947,0.9030360040356545
2025-07-14,2.0383721804511272,0.7848605577689243,0.8571428571428571,0.9176063679472618
2025-07-15,2.3720330827067664,0.8207171314741036,0.894736842105263,1.0132650858164678
2025-07-16,2.602673684210526,0.848605577689243,0.9097744360902256,1.0867052751896402
2025-07-17,2.7576218045112775,0.8605577689243028,0.9323308270676691,1.0334783315272904
2025-07-18,2.8269999999999995,0.8605577689243028,0.9398496240601505,1.0156933842234435
2025-07-19,2.8604661654135333,0.8645418326693227,0.9398496240601503,0.9787944968876818
2025-07-20,2.976584962406015,0.8645418326693227,0.9548872180451128,0.8626950929113903
2025-07-21,3.0145375939849615,0.8645418326693227,0.9624060150375939,0.7817042475815237
2025-07-22,3.0484390977443603,0.8685258964143426,0.9774436090225563,0.6186296457402858
2025-07-23,3.09378947368421,0.8725099601593626,0.9924812030075187,0.457070474090583
2025-07-24,3.070780451127819,0.8725099601593626,0.9924812030075187,0.45956479192636607
2025-07-25,2.900343609022556,0.8605577689243028,0.9924812030075187,0.34565268005099
2025-07-26,2.8779631578947362,0.8605577689243028,0.9924812030075189,0.38112868219186347
2025-07-27,2.893248120300751,0.8645418326693227,0.9924812030075189,0.34833723570772734
2025-07-28,2.8785902255639093,0.8645418326693227,0.9924812030075189,0.3254764779624163
2025-07-29,2.7081488721804505,0.848605577689243,0.9849624060150377,0.3599977411113882
2025-07-30,2.46253984962406,0.8207171314741036,0.9774436090225563,0.3860167719605327
2025-07-31,2.26902932330827,0.7888446215139442,0.9699248120300752,0.395542904500068
2025-08-01,1.9776691729323301,0.7649402390438247,0.9323308270676691,0.4418549865243469
2025-08-02,1.7872842105263154,0.7370517928286853,0.9248120300751879,0.49891367476133314
2025-08-03,1.4254481203007514,0.6653386454183267,0.8872180451127819,0.6477014605018743
2025-08-04,1.0894932330827063,0.5856573705179283,0.8496240601503758,0.7338501417789933
2025-08-05,1.0566015037593979,0.5657370517928287,0.8345864661654135,0.7516716652738098
2025-08-06,1.0128481203007513,0.5338645418326693,0.819548872180451,0.765476624077582
2025-08-07,1.163343609022556,0.6254980079681275,0.8270676691729323,0.7599143982758564
2025-08-08,1.396756390977443,0.6772908366533864,0.8571428571428571,0.7233692144862942
2025-08-09,1.5654052631578943,0.7051792828685259,0.8721804511278195,0.6367468488174567
2025-08-10,1.8325992481203006,0.7768924302788844,0.9097744360902256,0.528293564075181
2025-08-11,2.053415789473684,0.8167330677290837,0.9398496240601505,0.4887093390083254
2025-08-12,2.056406766917293,0.8207171314741036,0.9323308270676691,0.48551476544409145
2025-08-13,2.292564661654135,0.8406374501992032,0.9548872180451128,0.43102735077585025
2025-08-14,2.358591729323308,0.8565737051792829,0.9473684210526316,0.45608405724728335
2025-08-15,2.195063157894736,0.8286852589641435,0.924812030075188,0.5475882804846119
2025-08-16,2.057010526315789,0.8247011952191236,0.9097744360902256,0.5744192166325115
2025-08-17,1.9989082706766912,0.8047808764940239,0.9097744360902256,0.568924717536549
2025-08-18,1.743923308270676,0.7609561752988048,0.8571428571428571,0.6168216046081508
2025-08-19,1.704165413533834,0.7569721115537849,0.849624060150376,0.6026491251236883
2025-08-20,1.403310526315789,0.6812749003984063,0.8045112781954887,0.671628263744883
2025-08-21,1.3244932330827062,0.6613545816733067,0.8120300751879699,0.6544816082340847
2025-08-22,1.4827195488721803,0.701195219123506,0.8421052631578947,0.5547297421012908
2025-08-23,1.7661390977443605,0.7808764940239044,0.8571428571428571,0.6050667124446967
2025-08-24,1.9735375939849618,0.8207171314741036,0.8571428571428571,0.6608453132645321
2025-08-25,2.1952067669172926,0.8685258964143426,0.9097744360902256,0.6716943207738932
2025-08-26,1.9316599832915617,0.8167330677290837,0.8680033416875521,0.7337171736081919
2025-08-27,2.1186877610693395,0.8645418326693227,0.9131161236424395,0.7048930037881688
2025-08-28,2.120822974101921,0.8685258964143426,0.9051796157059314,0.7173061394536537
2025-08-29,2.002646240601503,0.8366533864541833,0.8893065998329156,0.7629644437450986
2025-08-30,1.7273094402673344,0.7689243027888446,0.8813700918964076,0.7155944225333113
2025-08-31,1.558418421052631,0.7091633466135459,0.8813700918964076,0.6620064457393393
2025-09-01,1.500350793650793,0.6972111553784861,0.8571428571428571,0.6256040236671692
2025-09-02,1.8293531746031741,0.796812749003984,0.9285714285714286,0.5585603489750829
2025-09-03,1.8099484126984124,0.7888446215139442,0.9126984126984128,0.5928606155208204
2025-09-04,1.638971428571428,0.7290836653386454,0.8968253968253969,0.6325612218457709
2025-09-05,1.6424555555555553,0.7290836653386454,0.888888888888889,0.6335715737768648
2025-09-06,1.586442063492063,0.7091633466135459,0.8730158730158731,0.7149533175119417
2025-09-07,1.4172150375939847,0.6653386454183267,0.8654970760233918,1.027145518827544
2025-09-08,1.5486880534670004,0.6932270916334662,0.8813700918964076,1.188313707927519
2025-09-09,1.689543609022556,0.7450199203187251,0.8734335839598998,1.3553494632261667
2025-09-10,1.6793318713450287,0.7410358565737052,0.8817878028404343,1.34240125763909
2025-09-11,1.8223731411862987,0.7928286852589641,0.9055973266499582,1.2866430148288819
2025-09-12,1.9294762740183788,0.8127490039840638,0.9294068504594819,1.244374356088395
2025-09-13,2.1478288220551374,0.8725099601593626,0.9532163742690057,1.1344837407554365
2025-09-14,2.3131709273182954,0.9043824701195219,0.9532163742690057,0.8589956769986402
2025-09-15,2.107523308270676,0.8645418326693227,0.9373433583959899,0.7176973315372285
2025-09-16,1.8630422305764403,0.8087649402390438,0.9381787802840433,0.606583975128723
2025-09-17,1.6947670426065158,0.7569721115537849,0.9306599832915623,0.6984179354404905
2025-09-18,1.7660818295739342,0.7768924302788844,0.923141186299081,0.7558377491808412
2025-09-19,1.8857780701754379,0.8207171314741036,0.9231411862990812,0.9503557559655874
2025-09-20,1.6424254385964907,0.7290836653386454,0.8705096073517126,1.1129079065637049
2025-09-21,1.5669276942355885,0.7051792828685259,0.8629908103592314,1.196080831324763
2025-09-22,1.4271610275689217,0.6693227091633466,0.8074352548036758,1.2687205856212727
2025-09-23,1.3844936925647446,0.6454183266932271,0.7907268170426065,1.3174803653798317
2025-09-24,1.5681742690058476,0.7051792828685259,0.7819548872180452,1.3018888895657397
2025-09-25,1.282506307435254,0.6175298804780877,0.7339181286549709,1.3081258654439296
2025-09-26,1.1042109022556386,0.5856573705179283,0.718045112781955,1.1472316880653506
2025-09-27,1.2490855889724304,0.6175298804780877,0.7548036758563075,1.0407119880315676
2025-09-28,1.232169047619047,0.6175298804780877,0.7460317460317459,0.9588338324827858
2025-09-29,1.48396746031746,0.6852589641434262,0.8174603174603174,0.8979145981640577
2025-09-30,1.5466499999999994,0.6972111553784861,0.8253968253968254,0.834049727684533
2025-10-01,1.577730952380952,0.7330677290836654,0.8412698412698412,0.7322116130100945
2025-10-02,1.7771317460317455,0.8007968127490039,0.8730158730158729,0.7130504825599124
2025-10-03,1.9040301587301582,0.8446215139442231,0.8888888888888887,0.7343946232452606
2025-10-04,1.8974571428571423,0.8446215139442231,0.8968253968253969,0.7317921208025735
2025-10-05,2.0033015873015865,0.8804780876494024,0.9126984126984128,0.7452935084557335
2025-10-06,1.9894904761904757,0.8685258964143426,0.9285714285714286,0.7169288104239417
2025-10-07,2.1439888888888885,0.9083665338645418,0.9444444444444445,0.6802755404034571
2025-10-08,1.9777444444444439,0.8605577689243028,0.9126984126984128,0.7147325061122142
2025-10-09,1.971824603174603,0.848605577689243,0.9285714285714285,0.6985406873608806
2025-10-10,2.104514285714285,0.8924302788844621,0.9047619047619049,1.0740271941484032
2025-10-11,1.2173714285714285,0.6175298804780877,0.8412698412698413,2.1587102789679196
2025-10-12,0.18314631185807606,0.2788844621513944,0.7147525676937442,2.5327639270861466
2025-10-13,-0.38576003734827324,0.12350597609561753,0.6115779645191409,2.7156727366225084
2025-10-14,-0.7700759103641462,0.07171314741035857,0.5560224089635855,2.8459581251962263
2025-10-15,-0.9026925770308128,0.05976095617529881,0.5401493930905696,2.8799312248080886
2025-10-16,-1.2870957516339876,0.01195219123505976,0.45284780578898226,2.9430468301818666
2025-10-17,-1.8089679738562097,0.0,0.4052287581699346,2.6455523136523684
2025-10-18,-1.356894957983194,0.00796812749003984,0.3734827264239029,1.575124624763625
2025-10-19,-0.6140396825396832,0.10358565737051793,0.45238095238095244,1.228188354560325
2025-10-20,-0.3989222222222228,0.12749003984063745,0.4682539682539683,1.140769333416195
2025-10-21,-0.2599888888888895,0.16733067729083664,0.4761904761904762,1.091831083940442
2025-10-22,-0.3374452380952387,0.1553784860557769,0.46825396825396826,1.0659604536851177
2025-10-23,-0.18629365079365137,0.18725099601593626,0.5158730158730159,1.039131021897289
2025-10-24,-0.09200555555555609,0.21912350597609562,0.5555555555555556,1.0455413233843973
2025-10-25,0.10441587301587253,0.27091633466135456,0.6269841269841271,1.1926073169816223
2025-10-26,0.14791904761904714,0.2788844621513944,0.6507936507936508,1.294731073670892
2025-10-27,0.5072393065998325,0.3705179282868526,0.7155388471177945,1.4671216901090713
2025-10-28,0.42965279866332456,0.35856573705179284,0.7076023391812866,1.473781474796052
2025-10-29,0.22544933166248912,0.3107569721115538,0.6507936507936508,1.50701805687909
2025-10-30,-0.08141583124477902,0.22310756972111553,0.6006683375104427,1.6869931670865508
2025-10-31,-0.6308123642439438,0.099601593625498,0.5421888053467001,2.214677046926427
2025-11-01,-0.82232276524645,0.07171314741035857,0.5137844611528822,2.70128195645706
2025-11-02,-1.0078464076858817,0.0398406374501992,0.5004177109440268,3.172129928772594
2025-11-03,-1.62168851294904,0.00398406374501992,0.42522974101921474,3.425810878026405
2025-11-04,-1.8878007518796998,0.0,0.42105263157894735,3.9711739891601385
2025-11-05,-1.7758684210526323,0.00796812749003984,0.4736842105263158,4.63358063694506
2025-11-06,-2.0984691729323313,0.0,0.4887218045112781,5.872230316487962
2025-11-07,-2.0659046240601504,0.00398406374501992,0.5218045112781955,6.217249785311257
2025-11-08,-1.6722525563909778,0.0199203187250996,0.5533834586466165,5.622777133457323
2025-11-09,-1.186382406015038,0.04780876494023904,0.5413533834586467,6.088052946528954
2025-11-10,-0.7754134962406017,0.10756972111553785,0.5819548872180451,5.80397936492998
2025-11-11,-0.44975951127819563,0.16334661354581673,0.6067669172932331,5.224350373867448
2025-11-12,-0.2873392105263158,0.21912350597609562,0.6218045112781956,4.542939897666191
2025-11-13,0.3399592857142854,0.32270916334661354,0.6518796992481202,3.1160901124505433
2025-11-14,0.7213885714285712,0.44621513944223107,0.6233082706766917,2.2468195316751802
2025-11-15,0.4753549999999997,0.35856573705179284,0.6161654135338345,2.366508905327794
2025-11-16,0.07656285714285668,0.250996015936255,0.6090225563909775,1.4674009171444793
2025-11-17,0.16670428571428525,0.26294820717131473,0.6375939849624059,1.3437228029005521
2025-11-18,0.3441471428571424,0.3147410358565737,0.6661654135338345,1.2867900886109858
2025-11-19,0.344358533834586,0.3147410358565737,0.6830827067669173,1.4530139202791204
2025-11-20,0.49528071428571374,0.35856573705179284,0.7214285714285715,1.5327105768932272
2025-11-21,0.5595635714285708,0.3784860557768924,0.75,1.4622292164235762
2025-11-22,0.592046428571428,0.38247011952191234,0.75,1.3589687551178697
2025-11-23,0.2661233082706761,0.28286852589641437,0.7390977443609023,1.4958908164501759
2025-11-24,0.08849973684210467,0.22310756972111553,0.7248120300751879,1.5033061999158337
2025-11-25,-0.3601031203007525,0.14342629482071714,0.6462406015037594,1.6632211116885343
2025-11-26,-0.3914077443609028,0.12350597609561753,0.6518796992481203,1.5504246635262922
2025-11-27,-0.6976772932330831,0.08366533864541832,0.6060150375939849,1.6298792169458562
2025-11-28,-0.7526494736842111,0.07569721115537849,0.58796992481203,1.6367765847986995
2025-11-29,-0.8691030451127825,0.05976095617529881,0.5451127819548872,1.6944550839601757
2025-11-30,-0.5986020676691733,0.10358565737051793,0.5631578947368421,1.5709356166654538
2025-12-01,-0.7062199248120306,0.08366533864541832,0.506015037593985,1.5024228859696647
2025-12-02,-0.6369956390977449,0.09561752988047809,0.506015037593985,1.5104363987148557
2025-12-03,-0.6265988721804516,0.10358565737051793,0.500375939849624,1.684843620534179
2025-12-04,-0.5317614661654141,0.12350597609561753,0.524812030075188,1.8485575033698283
2025-12-05,-0.7542500000000005,0.0796812749003984,0.5571428571428572,2.2114443707350673
2025-12-06,-1.0341242857142863,0.043824701195219126,0.5357142857142857,2.3648247996302345
2025-12-07,-1.093173571428572,0.043824701195219126,0.5357142857142857,2.3575751413074775
2025-12-08,-0.9314700000000006,0.06374501992031872,0.6,2.4913852424095633
2025-12-09,-0.6949175939849629,0.10358565737051793,0.662781954887218,2.367798625281026
2025-12-10,-0.8607718796992485,0.07171314741035857,0.6484962406015038,2.3120464598878527
2025-12-11,-1.0031491353383464,0.055776892430278883,0.6090225563909774,2.065638570711638
2025-12-12,-0.7167929323308275,0.09163346613545817,0.606766917293233,1.8069752507923273
2025-12-13,-0.3894845989974942,0.1553784860557769,0.6670843776106933,1.6338699740364517
2025-12-14,-0.15846035087719348,0.22310756972111553,0.6715956558061821,1.4626057798378886
2025-12-15,-0.15754486215538896,0.22310756972111553,0.639640768588137,1.3155364506595515
2025-12-16,-0.3281726817042611,0.1752988047808765,0.5945279866332498,1.3349962648378584
2025-12-17,-0.05911215538847165,0.2350597609561753,0.6144527986633249,1.1971385982342868
2025-12-18,0.02623822055137797,0.2350597609561753,0.5994152046783625,1.1421826124572487
2025-12-19,0.1516577694235584,0.2549800796812749,0.6069340016708438,1.0026706073034206
2025-12-20,0.3819230075187966,0.3107569721115538,0.6180451127819548,0.905594167860407
2025-12-21,0.4384037593984957,0.3426294820717131,0.6349624060150375,1.0089547984407916
2025-12-22,0.4916325563909769,0.3466135458167331,0.6597744360902256,1.0800192166539735
2025-12-23,0.5826422556390972,0.3784860557768924,0.6778195488721804,1.1802543439188145
2025-12-24,0.6123948872180446,0.3904382470119522,0.662781954887218,1.2207750874244856
2025-12-25,0.9085768421052627,0.4940239043824701,0.7229323308270678,1.1612624211558278
2025-12-26,0.9047710902255635,0.4860557768924303,0.724812030075188,1.1860119466843884
2025-12-27,0.9229889473684205,0.4940239043824701,0.731954887218045,1.163986132561311
2025-12-28,1.1066082330827063,0.5896414342629482,0.7533834586466165,1.0688189660885106
2025-12-29,1.2026531203007516,0.6135458167330677,0.7736842105263158,0.9576372304728911
2025-12-30,1.1262787593984958,0.5936254980079682,0.7781954887218044,0.8718908050116274
2025-12-31,0.9916749999999995,0.5099601593625498,0.7706766917293233,0.8621195240484475
2026-01-01,0.613170488721804,0.3705179282868526,0.7255639097744361,1.0500919106172337
2026-01-02,0.5274657142857138,0.3386454183266932,0.731203007518797,1.254321610256806
2026-01-03,0.5003090601503755,0.32669322709163345,0.7451127819548872,1.4205100096125216
2026-01-04,0.2992413533834581,0.250996015936255,0.7293233082706767,1.5046340667491225
2026-01-05,0.2546060150375934,0.24302788844621515,0.7368421052631579,1.555526045535765
2026-01-06,0.5055810902255634,0.3386454183266932,0.768045112781955,1.4660009199461113
2026-01-07,0.7390630451127815,0.44621513944223107,0.8131578947368421,1.378523611131989
2026-01-08,1.1481696240601498,0.601593625498008,0.8740601503759399,1.1845140975025732
2026-01-09,1.2012093984962402,0.6095617529880478,0.8755639097744361,1.0852010162533356
2026-01-10,1.1630868421052625,0.5976095617529881,0.8530075187969925,0.9370083677719987
2026-01-11,1.1967995488721799,0.6055776892430279,0.8402255639097744,0.9114852628593526
2026-01-12,1.1034221428571425,0.5617529880478087,0.7981203007518797,0.8906270837347268
2026-01-13,1.1249928571428567,0.5776892430278885,0.7981203007518796,0.9018151180400551
2026-01-14,1.1642822180451122,0.5976095617529881,0.7913533834586467,0.9417669985945447
2026-01-15,0.9355129323308267,0.4701195219123506,0.7770676691729322,1.085999867242682
2026-01-16,0.6589050751879695,0.38247011952191234,0.6984962406015037,1.1068112167077306
2026-01-17,0.6248428571428567,0.3784860557768924,0.6857142857142857,1.2948967165626961
2026-01-18,0.5623628571428566,0.350597609561753,0.6642857142857143,1.5045161960720947
2026-01-19,0.3599528571428566,0.26294820717131473,0.6214285714285713,1.626884591048519
2026-01-20,0.187751428571428,0.22709163346613545,0.6142857142857142,1.765531878231028
2026-01-21,-0.1168592857142863,0.18326693227091634,0.55,1.779141852709789
2026-01-22,-0.09096357142857202,0.19123505976095617,0.5357142857142857,1.6688325045701962
2026-01-23,0.04949214285714227,0.20717131474103587,0.5642857142857143,1.594219870495159
2026-01-24,-0.16425071428571483,0.1752988047808765,0.5357142857142857,1.4952639134166688
2026-01-25,-0.289908571428572,0.16334661354581673,0.5357142857142857,1.3020820420502264
2026-01-26,-0.015603571428571938,0.21115537848605578,0.5785714285714285,1.2103293621612767
2026-01-27,0.03634285714285667,0.21912350597609562,0.5714285714285714,1.171542057821178
2026-01-28,0.18140785714285665,0.250996015936255,0.6142857142857142,1.1971579996755475
2026-01-29,0.027252142857142343,0.21912350597609562,0.5642857142857143,1.2380959852914994
2026-01-30,-0.046148571428571934,0.21115537848605578,0.5714285714285714,1.2252578406335306
2026-01-31,-0.10506214285714333,0.1952191235059761,0.5642857142857143,1.2625944294764166
2026-02-01,-0.5819078571428575,0.12749003984063745,0.5214285714285715,1.4787249042224804
2026-02-02,-0.9934878571428578,0.055776892430278883,0.4928571428571429,1.5958568546541847
2026-02-03,-1.360795714285715,0.027888446215139442,0.42857142857142855,1.6540585289869776
2026-02-04,-1.480745714285715,0.027888446215139442,0.39285714285714285,1.6484490758978356
2026-02-05,-1.4339057142857148,0.03187250996015936,0.4105263157894737,1.788330060914878
2026-02-06,-1.8688723308270683,0.01195219123505976,0.3616541353383459,1.9521104222994818
2026-02-07,-1.7977830075187975,0.0199203187250996,0.3650375939849623,1.9078719179206014
2026-02-08,-1.4630046240601509,0.0398406374501992,0.3593984962406015,1.681297617092825
2026-02-09,-1.2833399624060153,0.05976095617529881,0.3473684210526316,1.5322178930512547
2026-02-10,-1.1721048496240607,0.06772908366533864,0.3496240601503759,1.3955618541424057
2026-02-11,-1.3156390977443613,0.055776892430278883,0.3233082706766917,1.3432476142656693
2026-02-12,-1.301608270676692,0.05976095617529881,0.3082706766917293,1.1409112687472045
2026-02-13,-0.654055639097745,0.15139442231075698,0.37593984962406013,0.891551674307675
2026-02-14,-0.5299834586466171,0.18326693227091634,0.3909774436090226,0.8184412788223541
2026-02-15,-0.42943909774436145,0.19123505976095617,0.43609022556390975,0.7609009997907816
2026-02-16,-0.4152609022556396,0.1952191235059761,0.42105263157894735,0.7190724548440696
2026-02-17,-0.21432481203007572,0.23904382470119523,0.4511278195488722,0.6970516549266222
2026-02-18,-0.10191879699248173,0.26693227091633465,0.46616541353383456,0.662635452643297
2026-02-19,-0.19008496240601555,0.24302788844621515,0.43609022556390975,0.6733720747944284
2026-02-20,-0.24190026315789526,0.23904382470119523,0.43157894736842106,0.673798157137521
2026-02-21,-0.2604468796992487,0.2350597609561753,0.42406015037593986,0.6736149088057163
2026-02-22,-0.3047792105263163,0.22709163346613545,0.393984962406015,0.6644283003987459
2026-02-23,-0.38424913533834637,0.2151394422310757,0.4015037593984962,0.7195372738811412
2026-02-24,-0.5692686842105268,0.17928286852589642,0.3789473684210526,0.7790299118430106
2026-02-25,-0.4699461654135343,0.19123505976095617,0.418796992481203,0.7747962019782778
2026-02-26,-0.30266511278195535,0.24302788844621515,0.49624060150375937,0.797888969896061
2026-02-27,-0.5752708270676695,0.17928286852589642,0.46766917293233073,0.9431840953854344
2026-02-28,-0.933929473684211,0.099601593625498,0.4075187969924811,0.9818715948414014
2026-03-01,-0.8110898872180455,0.12350597609561753,0.4552631578947368,1.0533995162922232
2026-03-02,-0.6400124436090231,0.16334661354581673,0.4928571428571428,1.0622386994428028
2026-03-03,-0.7152959022556395,0.14741035856573706,0.4778195488721804,1.0840023466497613
2026-03-04,-0.7124838345864667,0.15139442231075698,0.4680451127819549,1.0719392351708603
2026-03-05,-0.6998303007518804,0.1593625498007968,0.46578947368421053,1.001376146640968
2026-03-06,-0.5409543984962413,0.21115537848605578,0.4612781954887218,0.9012270990237047
2026-03-07,-0.5208040225563916,0.22310756972111553,0.46879699248120293,0.9510652747048081
2026-03-08,-0.85671052631579,0.11952191235059761,0.39849624060150374,0.9437583642770445
2026-03-09,-0.8694646616541359,0.11155378486055777,0.3909774436090225,0.9025735890876321
2026-03-10,-0.6065485714285721,0.20318725099601595,0.4533834586466165,0.8590797088644292
2026-03-11,-0.7265570676691736,0.15139442231075698,0.42030075187969923,0.8960658106135306
2026-03-12,-0.8397541729323315,0.12749003984063745,0.37969924812030076,0.9671414831117153
2026-03-13,-0.627977481203008,0.20318725099601595,0.4398496240601504,0.9932439556251664
2026-03-14,-0.39351507518797046,0.27091633466135456,0.4849624060150376,0.9867787577410932
2026-03-15,-0.08392184210526368,0.3745019920318725,0.5451127819548872,0.9481953354293913
2026-03-16,0.20574432330827022,0.44621513944223107,0.6052631578947368,0.899454657979294
2026-03-17,0.28837259398496196,0.46215139442231074,0.6180451127819548,0.8340371431481604
2026-03-18,0.3717886090225559,0.4860557768924303,0.6360902255639098,0.7850461674038521
2026-03-19,0.45183646616541306,0.50199203187251,0.650375939849624,0.7561371133400739
2026-03-20,0.27611992481202957,0.46215139442231074,0.5902255639097744,0.6936833858196021
2026-03-21,0.31252067669172884,0.47410358565737054,0.5827067669172932,0.6202879312926518
2026-03-22,0.16024548872180394,0.4302788844621514,0.5451127819548872,0.6227593883504564
2026-03-23,-0.09147556390977506,0.3705179282868526,0.46992481203007525,0.6600918566188302
2026-03-24,-0.0473338345864668,0.3904382470119522,0.47857142857142854,0.6815517551497935
2026-03-25,-0.14132627819548937,0.3545816733067729,0.5033834586466165,1.0875830104455804
2026-03-26,-0.18379342105263222,0.3426294820717131,0.48909774436090225,1.0849497923124483
2026-03-27,-0.35307233082706835,0.2948207171314741,0.47218045112781953,1.1472699929750318
2026-03-28,-0.45921067669173,0.2549800796812749,0.4548872180451128,1.1713850422715246
2026-03-29,-0.41916007518797055,0.26693227091633465,0.43120300751879703,1.1507995690153594
2026-03-30,-0.36913285714285776,0.29880478087649404,0.4714285714285715,1.1480729056494143
2026-03-31,-0.4714178571428578,0.250996015936255,0.4428571428571429,1.1771469032903392
2026-04-01,-0.2151721428571435,0.350597609561753,0.45,0.7887986243154235
2026-04-02,-0.3620371428571435,0.30677290836653387,0.43571428571428567,0.8059167297358906
2026-04-03,-0.0323507142857149,0.4342629482071713,0.5,0.7509590295550607
2026-04-04,0.1344477819548866,0.4701195219123506,0.5323308270676692,0.7055833892851162
2026-04-05,0.18847236842105203,0.50199203187251,0.5484962406015037,0.691822279542766
2026-04-06,0.3222416541353378,0.5378486055776892,0.5699248120300752,0.6864868109459928
2026-04-07,0.02977022556390918,0.450199203187251,0.512781954887218,0.7141758812794194
2026-04-08,0.023811654135337732,0.44223107569721115,0.5270676691729324,0.8792793276661844
2026-04-09,0.09198022556390918,0.47410358565737054,0.5484962406015038,0.8909886897136191
2026-04-10,0.0002930075187963986,0.44223107569721115,0.5612781954887218,0.9713672476392645
2026-04-11,-0.11626714285714344,0.3944223107569721,0.5387218045112782,1.0050693593237168
2026-04-12,-0.2046069924812036,0.36254980079681276,0.5462406015037594,1.055833037769425
2026-04-13,-0.4223877067669179,0.27091633466135456,0.49962406015037597,1.0650447929865132
2026-04-14,0.0313081954887212,0.47410358565737054,0.5842105263157895,0.9999588135539141
2026-04-15,-0.2190903759398502,0.35856573705179284,0.5270676691729322,0.862824992209145
2026-04-16,0.0742848496240596,0.4900398406374502,0.575563909774436,0.8526903873339488
2026-04-17,0.26908109022556337,0.5617529880478087,0.5830827067669172,0.813708777963792
2026-04-18,0.467722443609022,0.6215139442231076,0.6206766917293233,0.8231121202989563
2026-04-19,0.6243119172932324,0.6772908366533864,0.6582706766917293,0.776761881638574
2026-04-20,0.7593923684210521,0.6972111553784861,0.6883458646616541,0.7387834464091713
2026-04-21,0.7200224436090219,0.6892430278884463,0.6883458646616541,0.7609118367838222
2026-04-22,1.0086849624060144,0.7250996015936255,0.7593984962406015,0.7185765976557059
2026-04-23,0.9134082706766912,0.7131474103585658,0.7293233082706767,0.7810735355038214
2026-04-24,0.8698842105263151,0.7051792828685259,0.7218045112781956,0.7933053444889407
2026-04-25,0.8716887218045107,0.7091633466135459,0.7443609022556392,0.8998699276108766
2026-04-26,0.9374789473684204,0.7330677290836654,0.7744360902255638,0.9138051361999133
2026-04-27,0.7745759398496234,0.7051792828685259,0.7443609022556391,0.9469755804049718
2026-04-28,0.6793442481203,0.6892430278884463,0.731203007518797,0.9460268780344994
2026-04-29,0.5485262030075182,0.6533864541832669,0.701127819548872,1.006101332136145
2026-04-30,0.5046946240601498,0.6414342629482072,0.7161654135338347,0.9080385540975
2026-05-01,0.3943299624060144,0.6095617529880478,0.7011278195488722,0.8345997962115392
2026-05-02,0.40118259398496176,0.6135458167330677,0.6936090225563909,0.691675861769009
2026-05-03,0.4344028947368415,0.6215139442231076,0.693609022556391,0.6464416066465166
2026-05-04,0.6960750751879693,0.7131474103585658,0.7462406015037594,0.662288628679874
2026-05-05,0.8053556390977439,0.7370517928286853,0.7593984962406015,0.6475556851742031
2026-05-06,1.0856278195488718,0.7808764940239044,0.7669172932330827,0.8297895208004721
2026-05-07,1.2521187969924805,0.8406374501992032,0.7744360902255639,0.901911469828332
2026-05-08,1.3866999999999994,0.852589641434263,0.7744360902255638,0.981856933620994
2026-05-09,1.5158669172932324,0.8725099601593626,0.7969924812030075,0.9836276066723318
2026-05-10,1.5702248120300746,0.8924302788844621,0.7894736842105263,1.0619219044340737
2026-05-11,1.5809804511278192,0.896414342629482,0.7969924812030075,1.035551275280138
2026-05-12,1.5816330827067662,0.900398406374502,0.8045112781954887,1.0978906855765518
2026-05-13,1.308596240601503,0.848605577689243,0.7894736842105264,0.8885604917043188
2026-05-14,1.1749699248120293,0.8167330677290837,0.7819548872180452,0.8086180199681703
2026-05-15,0.9319593984962399,0.7649402390438247,0.7518796992481204,0.7503432817044333
2026-05-16,0.676050375939849,0.7091633466135459,0.6842105263157895,0.7444578997109473
2026-05-17,0.5613338345864655,0.6772908366533864,0.6842105263157894,0.6784111510886409
2026-05-18,0.2887924812030069,0.5737051792828686,0.6315789473684211,0.7415558592873648
2026-05-19,0.03217593984962343,0.4820717131474104,0.5789473684210525,0.7370337004617256
2026-05-20,-0.06135037593985025,0.43824701195219123,0.5939849624060151,0.7807206093506923
2026-05-21,-0.12685037593985024,0.40239043824701193,0.5939849624060151,0.8673682875054841
2026-05-22,0.0332541353383452,0.4940239043824701,0.6466165413533834,0.9359559872870445
2026-05-23,-0.053679699248120945,0.450199203187251,0.6466165413533834,1.0273278437370077
2026-05-24,-0.11105187969924878,0.41434262948207173,0.6466165413533834,1.1889735977782727
2026-05-25,0.004158646616540672,0.47808764940239046,0.6842105263157895,1.2249909492418838
2026-05-26,0.11431654135338278,0.5378486055776892,0.7218045112781954,1.2418592097252261
2026-05-27,0.1608451127819542,0.5577689243027888,0.6992481203007518,1.2353616218724914
2026-05-28,0.006000751879698539,0.4820717131474104,0.6616541353383459,1.2196325662664693
2026-05-29,-0.1539729323308277,0.398406374501992,0.6541353383458647,1.2875678652700688
2026-05-30,-0.10155789473684275,0.4302788844621514,0.6766917293233082,1.282636824018082
2026-05-31,-0.021466917293233707,0.47808764940239046,0.6766917293233082,1.1538351866967445
2026-06-01,-0.0842090225563916,0.44621513944223107,0.6766917293233082,1.1794793399390007
2026-06-02,-0.21477518796992542,0.3665338645418327,0.6691729323308271,1.3387533649876089
2026-06-03,-0.21273233082706833,0.3745019920318725,0.6766917293233082,1.4708697955593824
2026-06-04,-0.32413684210526383,0.33067729083665337,0.6917293233082706,1.6641330937216359
2026-06-05,-0.5119233082706772,0.250996015936255,0.6541353383458646,1.853271409836836
2026-06-06,-0.8520090225563915,0.12749003984063745,0.6390977443609023,2.0726449599169636
2026-06-07,-1.2289308270676698,0.07171314741035857,0.5714285714285714,2.178193392257637
2026-06-08,-1.499076691729324,0.035856573705179286,0.518796992481203,2.315946964258333
2026-06-09,-1.6940616541353388,0.027888446215139442,0.48120300751879697,2.3458444457122845
2026-06-10,-1.9257759398496244,0.00796812749003984,0.45864661654135336,2.3355420432876643
2026-06-11,-1.76835037593985,0.03187250996015936,0.4736842105263158,2.1996436707717137
2026-06-12,-1.8494135338345872,0.0199203187250996,0.45864661654135336,2.18145555476216
2026-06-13,-1.5037210526315794,0.05179282868525897,0.4736842105263158,1.9322830054309112
2026-06-14,-1.3888210526315796,0.07171314741035857,0.47368421052631576,1.8877467582628784
2026-06-15,-1.0513766917293241,0.11553784860557768,0.5037593984962406,1.6396830124050992
2026-06-16,-0.8661744360902264,0.1553784860557769,0.5037593984962406,1.4199222429071643
2026-06-17,-0.6790518796992489,0.23107569721115537,0.5112781954887218,1.3200646635929394
2026-06-18,-0.7464616165413541,0.199203187250996,0.47819548872180445,1.2611723087218074
2026-06-19,-0.5945880827067676,0.2749003984063745,0.475187969924812,1.0146663187075886
2026-06-20,-0.6329093609022562,0.250996015936255,0.44248120300751875,1.0508241693425584
2026-06-21,-0.5767203007518803,0.2868525896414343,0.4691729323308271,1.0178124756155866
2026-06-22,-0.7379646992481209,0.20318725099601595,0.443233082706767,1.073650351194851
2026-06-23,-0.7631338721804518,0.18725099601593626,0.4131578947368421,1.040032627467548
2026-06-24,-0.8278774812030081,0.17131474103585656,0.3981203007518797,0.9966425174647755
2026-06-25,-0.7261512030075193,0.20717131474103587,0.393609022556391,0.9473156553007036
2026-06-26,-0.49207906015037656,0.3187250996015936,0.443609022556391,0.8977674101637141
2026-06-27,-0.3566869172932337,0.38247011952191234,0.493609022556391,0.8302394865547619
2026-06-28,-0.2752412030075194,0.41434262948207173,0.493609022556391,0.7810076715207178
2026-06-29,-0.1011870300751886,0.5099601593625498,0.5270676691729322,0.7050406331959984
2026-06-30,0.05990169172932271,0.6135458167330677,0.6022556390977443,0.7540069559559733
2026-07-01,0.2905001879699242,0.7051792828685259,0.662406015037594,0.776345010955091
2026-07-02,0.4314203383458641,0.7529880478087649,0.7240601503759398,0.8266619431510848
2026-07-03,0.4875674812030069,0.7729083665338645,0.7383458646616542,0.9192051377109847
2026-07-04,0.8190446240601498,0.8804780876494024,0.7740601503759399,0.8876503299672631
2026-07-05,1.1635753383458642,0.952191235059761,0.8526315789473683,0.8296930907323012
2026-07-06,1.3133797368421047,0.9800796812749004,0.8834586466165414,0.8443726270897514
2026-07-07,1.3250602255639092,0.9800796812749004,0.8849624060150375,0.8619021450260187
2026-07-08,1.1702128571428563,0.9482071713147411,0.85,0.882500958854877
2026-07-09,1.220492142857142,0.9641434262948207,0.8571428571428571,0.830714083662291
2026-07-10,1.2876657142857137,0.9681274900398407,0.8642857142857142,0.7150091625494945
2026-07-11,1.1454228571428564,0.9203187250996016,0.8499999999999999,0.7117410869730147
2026-07-12,0.8899321428571422,0.8605577689243028,0.807142857142857,0.7909945914207991
2026-07-13,0.6690942857142851,0.8087649402390438,0.75,0.7748951243302747
2026-07-14,0.6142692857142851,0.7928286852589641,0.7357142857142858,0.7507457554613179
2026-07-15,0.7893257142857136,0.8406374501992032,0.7571428571428571,0.704046259699064
2026-07-16,0.5914841729323302,0.7729083665338645,0.7409774436090226,0.8792783706081279
2026-07-17,0.28857203007518745,0.6454183266932271,0.6981203007518797,1.0646289631725023
2026-07-18,0.10785703007518745,0.5816733067729084,0.6838345864661655,1.1302958386127089
2026-07-19,0.20742274436090172,0.6215139442231076,0.6838345864661655,1.1072994156115257
2026-07-20,0.31905703007518743,0.6613545816733067,0.7195488721804512,1.1710933570743913
2026-07-21,0.555413458646616,0.7529880478087649,0.7552631578947367,1.0922078980018957
2026-07-22,0.5559956015037588,0.7529880478087649,0.762406015037594,1.0537555769721163
2026-07-23,0.6531792857142852,0.796812749003984,0.7285714285714285,0.8796100838102051
2026-07-24,0.7209707142857137,0.8247011952191236,0.7357142857142857,0.7511300375087118
2026-07-25,0.6849571428571422,0.8127490039840638,0.7071428571428572,0.7052305554375602
2026-07-26,0.6672678571428566,0.796812749003984,0.7,0.7063834699994267
2026-07-27,0.668826428571428,0.796812749003984,0.6928571428571428,0.6702109632610692
2026-07-28,0.35510357142857085,0.6573705179282868,0.6428571428571429,0.7435644132895924
2026-07-29,0.33161571428571374,0.6533864541832669,0.6428571428571429,0.749164715688214
2026-07-30,0.4477507142857137,0.6932270916334662,0.692857142857143,0.7361705408792595
2026-07-31,0.5079785714285708,0.7250996015936255,0.7,0.7567483083203266
2026-08-01,0.6585178571428566,0.7848605577689243,0.7357142857142858,0.7458044584651792
2026-08-02,0.755013571428571,0.8286852589641435,0.7642857142857142,0.735256202355379
2026-08-03,0.8963421428571422,0.8605577689243028,0.8,0.694061049452836
2026-08-04,1.2827871428571425,0.9641434262948207,0.8499999999999999,0.6263281687874283
2026-08-05,1.2209157142857137,0.9561752988047809,0.8428571428571429,0.6418716453981292
2026-08-06,1.0900821428571423,0.8924302788844621,0.807142857142857,0.6888858974811596
2026-08-07,1.1061092857142854,0.896414342629482,0.8142857142857143,0.6264682874789655
2026-08-08,1.1414992857142852,0.9083665338645418,0.8285714285714285,0.6134313937549546
2026-08-09,1.2471942857142853,0.9561752988047809,0.85,0.5872704403923857
2026-08-10,1.3572999999999993,0.9800796812749004,0.8428571428571427,0.6994887230560249
2026-08-11,1.261021428571428,0.9561752988047809,0.8357142857142856,0.7275762481083474
2026-08-12,1.4357321428571423,0.9840637450199203,0.85,0.8083782932026347
2026-08-13,1.6132078571428565,1.0,0.8857142857142858,0.8100529991706792
2026-08-14,1.598631240601503,0.9960159362549801,0.906390977443609,0.9954485261977658
2026-08-15,1.5679396616541348,0.9800796812749004,0.8981203007518797,1.0310858674696552
2026-08-16,1.3818518796992474,0.9641434262948207,0.8530075187969925,1.0546544923446952
2026-08-17,1.180848308270676,0.9043824701195219,0.8387218045112783,0.9816399962560648
2026-08-18,1.0156890225563906,0.8406374501992032,0.8172932330827068,0.9874888295449843
2026-08-19,0.9071011654135334,0.8047808764940239,0.8030075187969924,0.9002111128889078
2026-08-20,1.1115618796992475,0.8605577689243028,0.824436090225564,0.8259485069135183
2026-08-21,1.586146353383458,0.9920318725099602,0.8394736842105264,0.7096543742572898
2026-08-22,2.097821503759398,1.0,0.86203007518797,0.880924227271295
2026-08-23,2.436719285714285,1.0,0.9071428571428571,0.831693798571422
2026-08-24,2.6619757142857137,1.0,0.9285714285714286,0.785216854935172
2026-08-25,3.0346092857142852,1.0,0.9642857142857143,0.7806798081579565
2026-08-26,3.157911428571428,1.0,0.9857142857142858,0.7887277483232761
2026-08-27,3.1159349999999995,0.9960159362549801,0.9857142857142858,0.8432048994911556
2026-08-28,2.8695249999999994,0.9880478087649402,0.9642857142857143,0.8888840073806475
2026-08-29,2.4121449999999993,0.9760956175298805,0.9500000000000001,0.6718704908527794
2026-08-30,2.2937471428571423,0.9721115537848606,0.9285714285714286,0.9034136344592284
2026-08-31,2.200701428571428,0.9681274900398407,0.9071428571428571,1.2404004166119513
2026-09-01,1.8643699999999992,0.9601593625498008,0.8928571428571429,1.5875002291033653
2026-09-02,1.6397821428571422,0.9561752988047809,0.8928571428571429,1.9657812707072833
2026-09-03,1.5638142857142852,0.9243027888446215,0.8857142857142858,2.0114458417323555
2026-09-04,1.6902771428571424,0.9561752988047809,0.9,2.213159184874021
2026-09-05,1.858422857142857,0.9561752988047809,0.8857142857142858,2.5369036526258815
2026-09-06,1.9256314285714282,0.9601593625498008,0.9,2.535397578450269
2026-09-07,1.9643849999999996,0.9601593625498008,0.9214285714285715,2.326133096222478
2026-09-08,2.091003571428571,0.9601593625498008,0.9285714285714286,1.9761312993715558
2026-09-09,2.1564285714285707,0.9641434262948207,0.9071428571428573,1.601352937792252
2026-09-10,1.9295728571428565,0.9482071713147411,0.8642857142857142,1.546313165413364
2026-09-11,1.5328899999999994,0.8924302788844621,0.8214285714285714,1.2961598881024365
2026-09-12,1.2460685714285706,0.8366533864541833,0.8142857142857143,1.0241070288020364
2026-09-13,0.9372721428571422,0.7450199203187251,0.7714285714285715,0.844199273971943
2026-09-14,0.7551807142857135,0.6892430278884463,0.7571428571428571,0.734659806000278
2026-09-15,0.6002021428571422,0.6175298804780877,0.7285714285714285,0.8162083531240224
2026-09-16,0.5023471428571421,0.5856573705179283,0.7142857142857143,0.8425234424275605
2026-09-17,0.5740149999999993,0.6175298804780877,0.7428571428571429,0.9230532266271636
2026-09-18,0.9517214285714279,0.7569721115537849,0.7785714285714286,0.970236736270473
2026-09-19,1.3380557142857137,0.8685258964143426,0.8071428571428572,1.10847007375427
2026-09-20,1.5958449999999993,0.9163346613545816,0.8499999999999999,1.0909949020438259
2026-09-21,1.9125021428571423,0.9402390438247012,0.8642857142857142,1.2773875038844817
