,DeFi,Exchange / Trading Infrastructure,Meme,Oracle / Middleware,Other,Payments,Privacy,Smart Contract Platform / L1,Store of Value
2020-01-01,0.0,0.0,0.0,0.0,0.0,0.0,0.0,0.0,0.0
2020-01-02,0.0,0.0,0.0,0.0,0.0,0.0,0.0,0.0,0.0
2020-01-03,0.0,0.0,0.0,0.0,0.0,0.0,0.0,0.0,0.0
2020-01-04,0.0,0.0,0.0,0.0,0.0,0.0,0.0,0.0,0.0
2020-01-05,0.0,0.0,0.0,0.0,0.0,0.0,0.0,0.0,0.0
2020-01-06,0.0,0.0,0.0,0.0,0.0,0.0,0.0,0.0,0.0
2020-01-07,0.0,0.0,0.0,0.0,0.0,0.0,0.0,0.0,0.0
2020-01-08,0.0,0.0,0.0,0.0,0.0,0.0,0.0,0.0,0.0
2020-01-09,0.0,0.0,0.0,0.0,0.0,0.0,0.0,0.0,0.0
2020-01-10,0.0,0.0,0.0,0.0,0.0,0.0,0.0,0.0,0.0
2020-01-11,0.0,0.0,0.0,0.0,0.0,0.0,0.0,0.0,0.0
2020-01-12,0.0,0.0,0.0,0.0,0.0,0.0,0.0,0.0,0.0
2020-01-13,0.0,0.0,0.0,0.0,0.0,0.0,0.0,0.0,0.0
2020-01-14,0.0,0.0,0.0,0.0,0.0,0.0,0.0,0.0,0.0
2020-01-15,0.0,0.0,0.0,0.0,0.0,0.0,0.0,0.0,0.0
2020-01-16,0.0,0.0,0.0,0.0,0.0,0.0,0.0,0.0,0.0
2020-01-17,0.0,0.0,0.0,0.0,0.0,0.0,0.0,0.0,0.0
2020-01-18,0.0,0.0,0.0,0.0,0.0,0.0,0.0,0.0,0.0
2020-01-19,0.0,0.0,0.0,0.0,0.0,0.0,0.0,0.0,0.0
2020-01-20,0.0,0.0,0.0,0.0,0.0,0.0,0.0,0.0,0.0
2020-01-21,0.0,0.0,0.0,0.0,0.0,0.0,0.0,0.0,0.0
2020-01-22,0.0,0.0,0.0,0.0,0.0,0.0,0.0,0.0,0.0
2020-01-23,0.0,0.0,0.0,0.0,0.0,0.0,0.0,0.0,0.0
2020-01-24,0.0,0.0,0.0,0.0,0.0,0.0,0.0,0.0,0.0
2020-01-25,0.0,0.0,0.0,0.0,0.0,0.0,0.0,0.0,0.0
2020-01-26,0.0,0.0,0.0,0.0,0.0,0.0,0.0,0.0,0.0
2020-01-27,0.0,0.0,0.0,0.0,0.0,0.0,0.0,0.0,0.0
2020-01-28,0.0,0.0,0.0,0.0,0.0,0.0,0.0,0.0,0.0
2020-01-29,0.0,0.0,0.0,0.0,0.0,0.0,0.0,0.0,0.0
2020-01-30,0.0,0.0,0.0,0.0,0.0,0.0,0.0,0.0,0.0
2020-01-31,0.0,0.0,0.0,0.0,0.0,0.0,0.0,0.0,0.0
2020-02-01,0.0,0.0,0.0,0.0,0.0,0.0,0.0,0.0,0.0
2020-02-02,0.0,0.0,0.0,0.0,0.0,0.0,0.0,0.0,0.0
2020-02-03,0.0,0.0,0.0,0.0,0.0,0.0,0.0,0.0,0.0
2020-02-04,0.0,0.0,0.0,0.0,0.0,0.0,0.0,0.0,0.0
2020-02-05,0.0,0.0,0.0,0.0,0.0,0.0,0.0,0.0,0.0
2020-02-06,0.0,0.0,0.0,0.0,0.0,0.0,0.0,0.0,0.0
2020-02-07,0.0,0.0,0.0,0.0,0.0,0.0,0.0,0.0,0.0
2020-02-08,0.0,0.0,0.0,0.0,0.0,0.0,0.0,0.0,0.0
2020-02-09,0.0,0.0,0.0,0.0,0.0,0.0,0.0,0.0,0.0
2020-02-10,0.0,0.0,0.0,0.0,0.0,0.0,0.0,0.0,0.0
2020-02-11,0.0,0.0,0.0,0.0,0.0,0.0,0.0,0.0,0.0
2020-02-12,0.0,0.0,0.0,0.0,0.0,0.0,0.0,0.0,0.0
2020-02-13,0.0,0.0,0.0,0.0,0.0,0.0,0.0,0.0,0.0
2020-02-14,0.0,0.0,0.0,0.0,0.0,0.0,0.0,0.0,0.0
2020-02-15,0.0,0.0,0.0,0.0,0.0,0.0,0.0,0.0,0.0
2020-02-16,0.0,0.0,0.0,0.0,0.0,0.0,0.0,0.0,0.0
2020-02-17,0.0,0.0,0.0,0.0,0.0,0.0,0.0,0.0,0.0
2020-02-18,0.0,0.0,0.0,0.0,0.0,0.0,0.0,0.0,0.0
2020-02-19,0.0,0.0,0.0,0.0,0.0,0.0,0.0,0.0,0.0
2020-02-20,0.0,0.0,0.0,0.0,0.0,0.0,0.0,0.0,0.0
2020-02-21,0.0,0.0,0.0,0.0,0.0,0.0,0.0,0.0,0.0
2020-02-22,0.0,0.0,0.0,0.0,0.0,0.0,0.0,0.0,0.0
2020-02-23,0.0,0.0,0.0,0.0,0.0,0.0,0.0,0.0,0.0
2020-02-24,0.0,0.0,0.0,0.0,0.0,0.0,0.0,0.0,0.0
2020-02-25,0.0,0.0,0.0,0.0,0.0,0.0,0.0,0.0,0.0
2020-02-26,0.0,0.0,0.0,0.0,0.0,0.0,0.0,0.0,0.0
2020-02-27,0.0,0.0,0.0,0.0,0.0,0.0,0.0,0.0,0.0
2020-02-28,0.0,0.0,0.0,0.0,0.0,0.0,0.0,0.0,0.0
2020-02-29,0.0,0.0,0.0,0.0,0.0,0.0,0.0,0.0,0.0
2020-03-01,0.0,0.0,0.0,0.0,0.0,0.0,0.0,0.0,0.0
2020-03-02,0.0,0.0,0.0,0.0,0.0,0.0,0.0,0.0,0.0
2020-03-03,0.0,0.0,0.0,0.0,0.0,0.0,0.0,0.0,0.0
2020-03-04,0.0,0.0,0.0,0.0,0.0,0.0,0.0,0.0,0.0
2020-03-05,0.0,0.0,0.0,0.0,0.0,0.0,0.0,0.0,0.0
2020-03-06,0.0,0.0,0.0,0.0,0.0,0.0,0.0,0.0,0.0
2020-03-07,0.0,0.0,0.0,0.0,0.0,0.0,0.0,0.0,0.0
2020-03-08,0.0,0.0,0.0,0.0,0.0,0.0,0.0,0.0,0.0
2020-03-09,0.0,0.0,0.0,0.0,0.0,0.0,0.0,0.0,0.0
2020-03-10,0.0,0.0,0.0,0.0,0.0,0.0,0.0,0.0,0.0
2020-03-11,0.0,0.0,0.0,0.0,0.0,0.0,0.0,0.0,0.0
2020-03-12,0.0,0.0,0.0,0.0,0.0,0.0,0.0,0.0,0.0
2020-03-13,0.0,0.0,0.0,0.0,0.0,0.0,0.0,0.0,0.0
2020-03-14,0.0,0.0,0.0,0.0,0.0,0.0,0.0,0.0,0.0
2020-03-15,0.0,0.0,0.0,0.0,0.0,0.0,0.0,0.0,0.0
2020-03-16,0.0,0.0,0.0,0.0,0.0,0.0,0.0,0.0,0.0
2020-03-17,0.0,0.0,0.0,0.0,0.0,0.0,0.0,0.0,0.0
2020-03-18,0.0,0.0,0.0,0.0,0.0,0.0,0.0,0.0,0.0
2020-03-19,0.0,0.0,0.0,0.0,0.0,0.0,0.0,0.0,0.0
2020-03-20,0.0,0.0,0.0,0.0,0.0,0.0,0.0,0.0,0.0
2020-03-21,0.0,0.0,0.0,0.0,0.0,0.0,0.0,0.0,0.0
2020-03-22,0.0,0.0,0.0,0.0,0.0,0.0,0.0,0.0,0.0
2020-03-23,0.0,0.0,0.0,0.0,0.0,0.0,0.0,0.0,0.0
2020-03-24,0.0,0.0,0.0,0.0,0.0,0.0,0.0,0.0,0.0
2020-03-25,0.0,0.0,0.0,0.0,0.0,0.0,0.0,0.0,0.0
2020-03-26,0.0,0.0,0.0,0.0,0.0,0.0,0.0,0.0,0.0
2020-03-27,0.0,0.0,0.0,0.0,0.0,0.0,0.0,0.0,0.0
2020-03-28,0.0,0.0,0.0,0.0,0.0,0.0,0.0,0.0,0.0
2020-03-29,0.0,0.0,0.0,0.0,0.0,0.0,0.0,0.0,0.0
2020-03-30,0.0,0.0,0.0,0.0,0.0,0.0,0.0,0.0,0.0
2020-03-31,0.0,0.0,0.0,0.0,0.0,0.0,0.0,0.0,0.0
2020-04-01,0.0,0.0,0.0,0.0,0.0,0.0,0.0,0.0,0.0
2020-04-02,0.0,0.0,0.0,0.0,0.0,0.0,0.0,0.0,0.0
2020-04-03,0.0,0.0,0.0,0.0,0.0,0.0,0.0,0.0,0.0
2020-04-04,0.0,0.0,0.0,0.0,0.0,0.0,0.0,0.0,0.0
2020-04-05,0.0,0.0,0.0,0.0,0.0,0.0,0.0,0.0,0.0
2020-04-06,0.0,0.0,0.0,0.0,0.0,0.0,0.0,0.0,0.0
2020-04-07,0.0,0.0,0.0,0.0,0.0,0.0,0.0,0.0,0.0
2020-04-08,0.0,0.0,0.0,0.0,0.0,0.0,0.0,0.0,0.0
2020-04-09,0.0,0.0,0.0,0.0,0.0,0.0,0.0,0.0,0.0
2020-04-10,0.0,0.0,0.0,0.0,0.0,0.0,0.0,0.0,0.0
2020-04-11,0.0,0.0,0.0,0.0,0.0,0.0,0.0,0.0,0.0
2020-04-12,0.0,0.0,0.0,0.0,0.0,0.0,0.0,0.0,0.0
2020-04-13,0.0,0.0,0.0,0.0,0.0,0.0,0.0,0.0,0.0
2020-04-14,0.0,0.0,0.0,0.0,0.0,0.0,0.0,0.0,0.0
2020-04-15,0.0,0.0,0.0,0.0,0.0,0.0,0.0,0.0,0.0
2020-04-16,0.0,0.0,0.0,0.0,0.0,0.0,0.0,0.0,0.0
2020-04-17,0.0,0.0,0.0,0.0,0.0,0.0,0.0,0.0,0.0
2020-04-18,0.0,0.0,0.0,0.0,0.0,0.0,0.0,0.0,0.0
2020-04-19,0.0,0.0,0.0,0.0,0.0,0.0,0.0,0.0,0.0
2020-04-20,0.0,0.0,0.0,0.0,0.0,0.0,0.0,0.0,0.0
2020-04-21,0.0,0.0,0.0,0.0,0.0,0.0,0.0,0.0,0.0
2020-04-22,0.0,0.0,0.0,0.0,0.0,0.0,0.0,0.0,0.0
2020-04-23,0.0,0.0,0.0,0.0,0.0,0.0,0.0,0.0,0.0
2020-04-24,0.0,0.0,0.0,0.0,0.0,0.0,0.0,0.0,0.0
2020-04-25,0.0,0.0,0.0,0.0,0.0,0.0,0.0,0.0,0.0
2020-04-26,0.0,0.0,0.0,0.0,0.0,0.0,0.0,0.0,0.0
2020-04-27,0.0,0.0,0.0,0.0,0.0,0.0,0.0,0.0,0.0
2020-04-28,0.0,0.0,0.0,0.0,0.0,0.0,0.0,0.0,0.0
2020-04-29,0.0,0.0,0.0,0.0,0.0,0.0,0.0,0.0,0.0
2020-04-30,0.0,0.0,0.0,0.0,0.0,0.0,0.0,0.0,0.0
2020-05-01,0.0,0.0,0.0,0.0,0.0,0.0,0.0,0.0,0.0
2020-05-02,0.0,0.0,0.0,0.0,0.0,0.0,0.0,0.0,0.0
2020-05-03,0.0,0.0,0.0,0.0,0.0,0.0,0.0,0.0,0.0
2020-05-04,0.0,0.0,0.0,0.0,0.0,0.0,0.0,0.0,0.0
2020-05-05,0.0,0.0,0.0,0.0,0.0,0.0,0.0,0.0,0.0
2020-05-06,0.0,0.0,0.0,0.0,0.0,0.0,0.0,0.0,0.0
2020-05-07,0.0,0.0,0.0,0.0,0.0,0.0,0.0,0.0,0.0
2020-05-08,0.0,0.0,0.0,0.0,0.0,0.0,0.0,0.0,0.0
2020-05-09,0.0,0.0,0.0,0.0,0.0,0.0,0.0,0.0,0.0
2020-05-10,0.0,0.0,0.0,0.0,0.0,0.0,0.0,0.0,0.0
2020-05-11,0.0,0.0,0.0,0.0,0.0,0.0,0.0,0.0,0.0
2020-05-12,0.0,0.0,0.0,0.0,0.0,0.0,0.0,0.0,0.0
2020-05-13,0.0,0.0,0.0,0.0,0.0,0.0,0.0,0.0,0.0
2020-05-14,0.0,0.0,0.0,0.0,0.0,0.0,0.0,0.0,0.0
2020-05-15,0.0,0.0,0.0,0.0,0.0,0.0,0.0,0.0,0.0
2020-05-16,0.0,0.0,0.0,0.0,0.0,0.0,0.0,0.0,0.0
2020-05-17,0.0,0.0,0.0,0.0,0.0,0.0,0.0,0.0,0.0
2020-05-18,0.0,0.0,0.0,0.0,0.0,0.0,0.0,0.0,0.0
2020-05-19,0.0,0.0,0.0,0.0,0.0,0.0,0.0,0.0,0.0
2020-05-20,0.0,0.0,0.0,0.0,0.0,0.0,0.0,0.0,0.0
2020-05-21,0.0,0.2503938119578127,0.0,0.0,0.0,0.2526194543127547,0.0,0.24793583352990442,0.24905090019952825
2020-05-22,0.0,0.24788488376008394,0.0,0.0,0.0,0.2526041338258567,0.0,0.25041217251844905,0.24909880989561026
2020-05-23,0.0,0.24660884897424845,0.0,0.0,0.0,0.25130330996350536,0.0,0.25026984819739156,0.2518179928648545
2020-05-24,0.0,0.24590607481846577,0.0,0.0,0.0,0.2503477064301887,0.0,0.2498835930003342,0.2538626257510114
2020-05-25,0.0,0.24692546327998333,0.0,0.0,0.0,0.24909976354883465,0.0,0.2491097477017529,0.2548650254694291
2020-05-26,0.0,0.24749016611248237,0.0,0.0,0.0,0.2485764645721515,0.0,0.24844215788000545,0.2554912114353607
2020-05-27,0.0,0.24432995616992503,0.0,0.0,0.0,0.24967649126540276,0.0,0.2509233530663019,0.25507019949837034
2020-05-28,0.0,0.24547117515151923,0.0,0.0,0.0,0.24506331429835312,0.0,0.2564510005700599,0.2530145099800679
2020-05-29,0.0,0.24462754387603042,0.0,0.0,0.0,0.2419784057006109,0.0,0.25623671305331325,0.25715733737004554
2020-05-30,0.0,0.2393870866263479,0.0,0.0,0.0,0.24240540152952472,0.0,0.26718834454072277,0.2510191673034045
2020-05-31,0.0,0.24078047594351842,0.0,0.0,0.0,0.2447996612415629,0.0,0.26543690084059324,0.24898296197432535
2020-06-01,0.0,0.2379752133762358,0.0,0.0,0.0,0.24348763281702424,0.0,0.26936821385186743,0.24916893995487255
2020-06-02,0.0,0.23921395405903256,0.0,0.0,0.0,0.2435901375089785,0.0,0.2694644065986978,0.24773150183329107
2020-06-03,0.0,0.2388800859928883,0.0,0.0,0.0,0.24332342861366696,0.0,0.2728877044717079,0.24490878092173685
2020-06-04,0.0,0.0,0.0,0.0,0.0,0.0,0.0,0.0,0.0
2020-06-05,0.0,0.0,0.0,0.0,0.0,0.0,0.0,0.0,0.0
2020-06-06,0.0,0.0,0.0,0.0,0.0,0.0,0.0,0.0,0.0
2020-06-07,0.0,0.0,0.0,0.0,0.0,0.0,0.0,0.0,0.0
2020-06-08,0.0,0.0,0.0,0.0,0.0,0.0,0.0,0.0,0.0
2020-06-09,0.0,0.0,0.0,0.0,0.0,0.0,0.0,0.0,0.0
2020-06-10,0.0,0.0,0.0,0.0,0.0,0.0,0.0,0.0,0.0
2020-06-11,0.0,0.0,0.0,0.0,0.0,0.0,0.0,0.0,0.0
2020-06-12,0.0,0.0,0.0,0.0,0.0,0.0,0.0,0.0,0.0
2020-06-13,0.0,0.0,0.0,0.0,0.0,0.0,0.0,0.0,0.0
2020-06-14,0.0,0.0,0.0,0.0,0.0,0.0,0.0,0.0,0.0
2020-06-15,0.0,0.0,0.0,0.0,0.0,0.0,0.0,0.0,0.0
2020-06-16,0.0,0.0,0.0,0.0,0.0,0.0,0.0,0.0,0.0
2020-06-17,0.0,0.0,0.0,0.0,0.0,0.0,0.0,0.0,0.0
2020-06-18,0.0,0.0,0.0,0.0,0.0,0.3319284867764695,0.0,0.3335586577845038,0.3345128554390267
2020-06-19,0.0,0.0,0.0,0.0,0.0,0.3309827461935676,0.0,0.3337625469483916,0.3352547068580409
2020-06-20,0.0,0.0,0.0,0.0,0.0,0.33262951229881693,0.0,0.33198840666469664,0.3353820810364865
2020-06-21,0.0,0.0,0.0,0.0,0.0,0.3311621191940546,0.0,0.3331910180865215,0.33564686271942396
2020-06-22,0.0,0.0,0.0,0.0,0.0,0.32491070474166667,0.0,0.34021215903801344,0.33487713622032006
2020-06-23,0.0,0.0,0.0,0.0,0.0,0.32495210652857304,0.0,0.34123552968674514,0.3338123637846818
2020-06-24,0.0,0.0,0.0,0.0,0.0,0.32558887247269835,0.0,0.3407844403379906,0.33362668718931104
2020-06-25,0.0,0.0,0.0,0.0,0.0,0.32529523659226095,0.0,0.34027566074468335,0.33442910266305564
2020-06-26,0.0,0.0,0.0,0.0,0.0,0.33021426749190746,0.0,0.33724354078573243,0.33254219172236005
2020-06-27,0.0,0.0,0.0,0.0,0.0,0.3264604470759164,0.0,0.33540163414371527,0.33813791878036836
2020-06-28,0.0,0.0,0.0,0.0,0.0,0.3250661333112408,0.0,0.3370549778533285,0.3378788888354306
2020-06-29,0.0,0.0,0.0,0.0,0.0,0.32441193036384847,0.0,0.3384050349306448,0.3371830347055067
2020-06-30,0.0,0.0,0.0,0.0,0.0,0.32299321391551,0.0,0.33829567753482154,0.33871110854966846
2020-07-01,0.0,0.0,0.0,0.0,0.0,0.32158723114832755,0.0,0.341246125643346,0.33716664320832646
2020-07-02,0.0,0.24885417991484446,0.0,0.0,0.0,0.2500462317009642,0.0,0.2498727767227078,0.2512268116614835
2020-07-03,0.0,0.2484657597023618,0.0,0.0,0.0,0.2516590791865126,0.0,0.24851864392721515,0.2513565171839105
2020-07-04,0.0,0.24489503916711722,0.0,0.0,0.0,0.25402284553813104,0.0,0.25029057693362566,0.25079153836112617
2020-07-05,0.0,0.2439914256387197,0.0,0.0,0.0,0.25301388663049995,0.0,0.2514362322168226,0.25155845551395783
2020-07-06,0.0,0.24297960001266422,0.0,0.0,0.0,0.2585155648668035,0.0,0.24998179860797806,0.24852303651255436
2020-07-07,0.0,0.23953742990493193,0.0,0.0,0.0,0.25701122631830264,0.0,0.25065230304939595,0.2527990407273696
2020-07-08,0.0,0.23763338452562988,0.0,0.0,0.0,0.2551345090485548,0.0,0.2509202319360802,0.25631187448973514
2020-07-09,0.0,0.23529286970452828,0.0,0.0,0.0,0.2546771555359502,0.0,0.2509547792167683,0.25907519554275316
2020-07-10,0.0,0.23776808069151822,0.0,0.0,0.0,0.25593184556648574,0.0,0.2510539185165823,0.25524615522541383
2020-07-11,0.0,0.23758176524227673,0.0,0.0,0.0,0.25479000259206924,0.0,0.2497475078409233,0.25788072432473064
2020-07-12,0.0,0.23790189632562528,0.0,0.0,0.0,0.2540571543115576,0.0,0.2517377736356061,0.2563031757272109
2020-07-13,0.0,0.23905966445349672,0.0,0.0,0.0,0.2523017551821199,0.0,0.25252914870258647,0.25610943166179695
2020-07-14,0.0,0.24309028569618735,0.0,0.0,0.0,0.24908605015170923,0.0,0.2521919895297611,0.2556316746223424
2020-07-15,0.0,0.24754929248586868,0.0,0.0,0.0,0.24724628216834435,0.0,0.2514587874265377,0.2537456379192493
2020-07-16,0.0,0.0,0.0,0.0,0.0,0.0,0.0,0.0,0.0
2020-07-17,0.0,0.0,0.0,0.0,0.0,0.0,0.0,0.0,0.0
2020-07-18,0.0,0.0,0.0,0.0,0.0,0.0,0.0,0.0,0.0
2020-07-19,0.0,0.0,0.0,0.0,0.0,0.0,0.0,0.0,0.0
2020-07-20,0.0,0.0,0.0,0.0,0.0,0.0,0.0,0.0,0.0
2020-07-21,0.0,0.0,0.0,0.0,0.0,0.0,0.0,0.0,0.0
2020-07-22,0.0,0.0,0.0,0.0,0.0,0.0,0.0,0.0,0.0
2020-07-23,0.0,0.0,0.0,0.0,0.0,0.0,0.0,0.0,0.0
2020-07-24,0.0,0.0,0.0,0.0,0.0,0.0,0.0,0.0,0.0
2020-07-25,0.0,0.0,0.0,0.0,0.0,0.0,0.0,0.0,0.0
2020-07-26,0.0,0.0,0.0,0.0,0.0,0.0,0.0,0.0,0.0
2020-07-27,0.0,0.0,0.0,0.0,0.0,0.0,0.0,0.0,0.0
2020-07-28,0.0,0.0,0.0,0.0,0.0,0.0,0.0,0.0,0.0
2020-07-29,0.0,0.0,0.0,0.0,0.0,0.0,0.0,0.0,0.0
2020-07-30,0.0,0.24453133143449768,0.0,0.2534157847948193,0.0,0.24644761354319863,0.0,0.2556052702274844,0.0
2020-07-31,0.0,0.23727342890631234,0.0,0.2579877125447062,0.0,0.24889776888401655,0.0,0.25584108966496494,0.0
2020-08-01,0.0,0.23226962347045776,0.0,0.2536609401997656,0.0,0.2504284629757598,0.0,0.2636409733540169,0.0
2020-08-02,0.0,0.2226179800647191,0.0,0.26357233292666055,0.0,0.24963448030880428,0.0,0.26417520669981603,0.0
2020-08-03,0.0,0.21785749849900726,0.0,0.2768605016804406,0.0,0.24766945561832432,0.0,0.2576125442022279,0.0
2020-08-04,0.0,0.21560895232904365,0.0,0.2902511652269923,0.0,0.23826771007815772,0.0,0.25587217236580634,0.0
2020-08-05,0.0,0.21896128603014567,0.0,0.27898679754245304,0.0,0.24007999010488384,0.0,0.2619719263225175,0.0
2020-08-06,0.0,0.2146451127299917,0.0,0.2947525774146188,0.0,0.2367259484676439,0.0,0.2538763613877457,0.0
2020-08-07,0.0,0.21311799521940114,0.0,0.30004890427566533,0.0,0.2360666065759155,0.0,0.25076649392901806,0.0
2020-08-08,0.0,0.19722317377619347,0.0,0.34443532883959677,0.0,0.21817882527272142,0.0,0.24016267211148842,0.0
2020-08-09,0.0,0.18988564237678815,0.0,0.36844888374446233,0.0,0.20952284446559838,0.0,0.23214262941315106,0.0
2020-08-10,0.0,0.1909804750348138,0.0,0.3593018843831868,0.0,0.2144034550853815,0.0,0.23531418549661792,0.0
2020-08-11,0.0,0.18988952002397044,0.0,0.36198477888558345,0.0,0.21218133834859612,0.0,0.23594436274184988,0.0
2020-08-12,0.0,0.1710369632451632,0.0,0.4171146990043113,0.0,0.19304902310092814,0.0,0.2187993146495973,0.0
2020-08-13,0.0,0.0,0.0,0.25210612134569543,0.0,0.2515012361191602,0.0,0.24710527804978924,0.24928736448535538
2020-08-14,0.0,0.0,0.0,0.24924065839099266,0.0,0.2533471929584506,0.0,0.251059338093954,0.24635281055660274
2020-08-15,0.0,0.0,0.0,0.2728919961919238,0.0,0.24812362693397833,0.0,0.2398724758264748,0.2391119010476231
2020-08-16,0.0,0.0,0.0,0.26601836869529594,0.0,0.25160631397879574,0.0,0.24361981172141722,0.2387555056044909
2020-08-17,0.0,0.0,0.0,0.24286689511180645,0.0,0.26544837148320577,0.0,0.2420633936507729,0.2496213397542149
2020-08-18,0.0,0.0,0.0,0.2426260069589098,0.0,0.26374878246191424,0.0,0.24318521358651152,0.2504399969926643
2020-08-19,0.0,0.0,0.0,0.25065142291804715,0.0,0.262314209346332,0.0,0.24078642040364875,0.24624794733197203
2020-08-20,0.0,0.0,0.0,0.2451301780247711,0.0,0.26048790550061574,0.0,0.2465115147671974,0.24787040170741576
2020-08-21,0.0,0.0,0.0,0.2294780923230426,0.0,0.2708725254867595,0.0,0.24321241435537488,0.25643696783482306
2020-08-22,0.0,0.0,0.0,0.2492698360705634,0.0,0.2619055800872111,0.0,0.23878571355240402,0.2500388702898215
2020-08-23,0.0,0.0,0.0,0.23956786975781638,0.0,0.26147037517678673,0.0,0.23634158557443946,0.26262016949095746
2020-08-24,0.0,0.0,0.0,0.23693825058524337,0.0,0.2635155718761364,0.0,0.24463788217573948,0.25490829536288084
2020-08-25,0.0,0.0,0.0,0.2350908550941124,0.0,0.26711015248046593,0.0,0.24370464603934394,0.25409434638607775
2020-08-26,0.0,0.0,0.0,0.24773691604206585,0.0,0.2610785614886345,0.0,0.23760339505177913,0.2535811274175206
2020-08-27,0.0,0.0,0.0,0.24515896533587322,0.0,0.2466159150830204,0.0,0.2546257841799167,0.2535993354011897
2020-08-28,0.0,0.0,0.0,0.24801694165209515,0.0,0.24569020746538694,0.0,0.25547814104545463,0.25081470983706344
2020-08-29,0.0,0.0,0.0,0.26287710809253856,0.0,0.2407834920122843,0.0,0.25211060928623236,0.24422879060894476
2020-08-30,0.0,0.0,0.0,0.25376479250798817,0.0,0.2465573599832398,0.0,0.2603820401380387,0.2392958073707333
2020-08-31,0.0,0.0,0.0,0.24430840022377343,0.0,0.245966275966923,0.0,0.26771788476348785,0.24200743904581568
2020-09-01,0.0,0.0,0.0,0.2401684793768583,0.0,0.2437655126907486,0.0,0.27993781873921736,0.2361281891931758
2020-09-02,0.0,0.0,0.0,0.23688705767367993,0.0,0.24338172578309097,0.0,0.2775783115075794,0.24215290503564976
2020-09-03,0.0,0.0,0.0,0.22460365437360322,0.0,0.24330292536515244,0.0,0.2807046283169964,0.25138879194424785
2020-09-04,0.0,0.0,0.0,0.22505359587267895,0.0,0.2469024385566225,0.0,0.27601613109095663,0.25202783447974203
2020-09-05,0.0,0.0,0.0,0.2119453030638019,0.0,0.2551214084042088,0.0,0.2636926509075741,0.2692406376244151
2020-09-06,0.0,0.0,0.0,0.2406887227393835,0.0,0.2420228108761983,0.0,0.2613437541749687,0.2559447122094493
2020-09-07,0.0,0.0,0.0,0.23441106878461052,0.0,0.24515859965593795,0.0,0.2618065470891238,0.2586237844703277
2020-09-08,0.0,0.0,0.0,0.2294838702447828,0.0,0.24834374723836694,0.0,0.2597330902906562,0.26243929222619394
2020-09-09,0.0,0.0,0.0,0.23494385470113247,0.0,0.24407316704490387,0.0,0.2630410846095743,0.2579418936443893
2020-09-10,0.0,0.0,0.0,0.0,0.0,0.0,0.0,0.0,0.0
2020-09-11,0.0,0.0,0.0,0.0,0.0,0.0,0.0,0.0,0.0
2020-09-12,0.0,0.0,0.0,0.0,0.0,0.0,0.0,0.0,0.0
2020-09-13,0.0,0.0,0.0,0.0,0.0,0.0,0.0,0.0,0.0
2020-09-14,0.0,0.0,0.0,0.0,0.0,0.0,0.0,0.0,0.0
2020-09-15,0.0,0.0,0.0,0.0,0.0,0.0,0.0,0.0,0.0
2020-09-16,0.0,0.0,0.0,0.0,0.0,0.0,0.0,0.0,0.0
2020-09-17,0.0,0.0,0.0,0.0,0.0,0.0,0.0,0.0,0.0
2020-09-18,0.0,0.0,0.0,0.0,0.0,0.0,0.0,0.0,0.0
2020-09-19,0.0,0.0,0.0,0.0,0.0,0.0,0.0,0.0,0.0
2020-09-20,0.0,0.0,0.0,0.0,0.0,0.0,0.0,0.0,0.0
2020-09-21,0.0,0.0,0.0,0.0,0.0,0.0,0.0,0.0,0.0
2020-09-22,0.0,0.0,0.0,0.0,0.0,0.0,0.0,0.0,0.0
2020-09-23,0.0,0.0,0.0,0.0,0.0,0.0,0.0,0.0,0.0
2020-09-24,0.0,0.0,0.0,0.0,0.0,0.0,0.0,0.0,0.0
2020-09-25,0.0,0.0,0.0,0.0,0.0,0.0,0.0,0.0,0.0
2020-09-26,0.0,0.0,0.0,0.0,0.0,0.0,0.0,0.0,0.0
2020-09-27,0.0,0.0,0.0,0.0,0.0,0.0,0.0,0.0,0.0
2020-09-28,0.0,0.0,0.0,0.0,0.0,0.0,0.0,0.0,0.0
2020-09-29,0.0,0.0,0.0,0.0,0.0,0.0,0.0,0.0,0.0
2020-09-30,0.0,0.0,0.0,0.0,0.0,0.0,0.0,0.0,0.0
2020-10-01,0.0,0.0,0.0,0.0,0.0,0.0,0.0,0.0,0.0
2020-10-02,0.0,0.0,0.0,0.0,0.0,0.0,0.0,0.0,0.0
2020-10-03,0.0,0.0,0.0,0.0,0.0,0.0,0.0,0.0,0.0
2020-10-04,0.0,0.0,0.0,0.0,0.0,0.0,0.0,0.0,0.0
2020-10-05,0.0,0.0,0.0,0.0,0.0,0.0,0.0,0.0,0.0
2020-10-06,0.0,0.0,0.0,0.0,0.0,0.0,0.0,0.0,0.0
2020-10-07,0.0,0.0,0.0,0.0,0.0,0.0,0.0,0.0,0.0
2020-10-08,0.0,0.0,0.0,0.0,0.0,0.0,0.0,0.0,0.0
2020-10-09,0.0,0.0,0.0,0.0,0.0,0.0,0.0,0.0,0.0
2020-10-10,0.0,0.0,0.0,0.0,0.0,0.0,0.0,0.0,0.0
2020-10-11,0.0,0.0,0.0,0.0,0.0,0.0,0.0,0.0,0.0
2020-10-12,0.0,0.0,0.0,0.0,0.0,0.0,0.0,0.0,0.0
2020-10-13,0.0,0.0,0.0,0.0,0.0,0.0,0.0,0.0,0.0
2020-10-14,0.0,0.0,0.0,0.0,0.0,0.0,0.0,0.0,0.0
2020-10-15,0.0,0.0,0.0,0.0,0.0,0.0,0.0,0.0,0.0
2020-10-16,0.0,0.0,0.0,0.0,0.0,0.0,0.0,0.0,0.0
2020-10-17,0.0,0.0,0.0,0.0,0.0,0.0,0.0,0.0,0.0
2020-10-18,0.0,0.0,0.0,0.0,0.0,0.0,0.0,0.0,0.0
2020-10-19,0.0,0.0,0.0,0.0,0.0,0.0,0.0,0.0,0.0
2020-10-20,0.0,0.0,0.0,0.0,0.0,0.0,0.0,0.0,0.0
2020-10-21,0.0,0.0,0.0,0.0,0.0,0.0,0.0,0.0,0.0
2020-10-22,0.0,0.0,0.0,0.0,0.0,0.0,0.0,0.0,0.0
2020-10-23,0.0,0.0,0.0,0.0,0.0,0.0,0.0,0.0,0.0
2020-10-24,0.0,0.0,0.0,0.0,0.0,0.0,0.0,0.0,0.0
2020-10-25,0.0,0.0,0.0,0.0,0.0,0.0,0.0,0.0,0.0
2020-10-26,0.0,0.0,0.0,0.0,0.0,0.0,0.0,0.0,0.0
2020-10-27,0.0,0.0,0.0,0.0,0.0,0.0,0.0,0.0,0.0
2020-10-28,0.0,0.0,0.0,0.0,0.0,0.0,0.0,0.0,0.0
2020-10-29,0.0,0.0,0.0,0.0,0.0,0.0,0.0,0.0,0.0
2020-10-30,0.0,0.0,0.0,0.0,0.0,0.0,0.0,0.0,0.0
2020-10-31,0.0,0.0,0.0,0.0,0.0,0.0,0.0,0.0,0.0
2020-11-01,0.0,0.0,0.0,0.0,0.0,0.0,0.0,0.0,0.0
2020-11-02,0.0,0.0,0.0,0.0,0.0,0.0,0.0,0.0,0.0
2020-11-03,0.0,0.0,0.0,0.0,0.0,0.0,0.0,0.0,0.0
2020-11-04,0.0,0.0,0.0,0.0,0.0,0.0,0.0,0.0,0.0
2020-11-05,0.0,0.0,0.0,0.0,0.0,0.0,0.0,0.0,0.0
2020-11-06,0.0,0.0,0.0,0.0,0.0,0.0,0.0,0.0,0.0
2020-11-07,0.0,0.0,0.0,0.0,0.0,0.0,0.0,0.0,0.0
2020-11-08,0.0,0.0,0.0,0.0,0.0,0.0,0.0,0.0,0.0
2020-11-09,0.0,0.0,0.0,0.0,0.0,0.0,0.0,0.0,0.0
2020-11-10,0.0,0.0,0.0,0.0,0.0,0.0,0.0,0.0,0.0
2020-11-11,0.0,0.0,0.0,0.0,0.0,0.0,0.0,0.0,0.0
2020-11-12,0.0,0.0,0.0,0.0,0.0,0.0,0.0,0.0,0.0
2020-11-13,0.0,0.0,0.0,0.0,0.0,0.0,0.0,0.0,0.0
2020-11-14,0.0,0.0,0.0,0.0,0.0,0.0,0.0,0.0,0.0
2020-11-15,0.0,0.0,0.0,0.0,0.0,0.0,0.0,0.0,0.0
2020-11-16,0.0,0.0,0.0,0.0,0.0,0.0,0.0,0.0,0.0
2020-11-17,0.0,0.0,0.0,0.0,0.0,0.0,0.0,0.0,0.0
2020-11-18,0.0,0.0,0.0,0.0,0.0,0.0,0.0,0.0,0.0
2020-11-19,0.0,0.0,0.0,0.0,0.0,0.0,0.0,0.0,0.0
2020-11-20,0.0,0.0,0.0,0.0,0.0,0.0,0.0,0.0,0.0
2020-11-21,0.0,0.0,0.0,0.0,0.0,0.0,0.0,0.0,0.0
2020-11-22,0.0,0.0,0.0,0.0,0.0,0.0,0.0,0.0,0.0
2020-11-23,0.0,0.0,0.0,0.0,0.0,0.0,0.0,0.0,0.0
2020-11-24,0.0,0.0,0.0,0.0,0.0,0.0,0.0,0.0,0.0
2020-11-25,0.0,0.0,0.0,0.0,0.0,0.0,0.0,0.0,0.0
2020-11-26,0.0,0.0,0.0,0.0,0.0,0.0,0.0,0.0,0.0
2020-11-27,0.0,0.0,0.0,0.0,0.0,0.0,0.0,0.0,0.0
2020-11-28,0.0,0.0,0.0,0.0,0.0,0.0,0.0,0.0,0.0
2020-11-29,0.0,0.0,0.0,0.0,0.0,0.0,0.0,0.0,0.0
2020-11-30,0.0,0.0,0.0,0.0,0.0,0.0,0.0,0.0,0.0
2020-12-01,0.0,0.0,0.0,0.0,0.0,0.0,0.0,0.0,0.0
2020-12-02,0.0,0.0,0.0,0.0,0.0,0.0,0.0,0.0,0.0
2020-12-03,0.0,0.0,0.0,0.0,0.0,0.0,0.0,0.0,0.0
2020-12-04,0.0,0.0,0.0,0.0,0.0,0.0,0.0,0.0,0.0
2020-12-05,0.0,0.0,0.0,0.0,0.0,0.0,0.0,0.0,0.0
2020-12-06,0.0,0.0,0.0,0.0,0.0,0.0,0.0,0.0,0.0
2020-12-07,0.0,0.0,0.0,0.0,0.0,0.0,0.0,0.0,0.0
2020-12-08,0.0,0.0,0.0,0.0,0.0,0.0,0.0,0.0,0.0
2020-12-09,0.0,0.0,0.0,0.0,0.0,0.0,0.0,0.0,0.0
2020-12-10,0.0,0.0,0.0,0.0,0.0,0.0,0.0,0.0,0.0
2020-12-11,0.0,0.0,0.0,0.0,0.0,0.0,0.0,0.0,0.0
2020-12-12,0.0,0.0,0.0,0.0,0.0,0.0,0.0,0.0,0.0
2020-12-13,0.0,0.0,0.0,0.0,0.0,0.0,0.0,0.0,0.0
2020-12-14,0.0,0.0,0.0,0.0,0.0,0.0,0.0,0.0,0.0
2020-12-15,0.0,0.0,0.0,0.0,0.0,0.0,0.0,0.0,0.0
2020-12-16,0.0,0.0,0.0,0.0,0.0,0.0,0.0,0.0,0.0
2020-12-17,0.0,0.0,0.0,0.0,0.0,0.24246675043438465,0.24770848297312165,0.2475069583158996,0.2623178082765941
2020-12-18,0.0,0.0,0.0,0.0,0.0,0.2431321680933078,0.23912903818604758,0.2518554349490781,0.26588335877156655
2020-12-19,0.0,0.0,0.0,0.0,0.0,0.23798374839342434,0.23767357633101138,0.25194217815806697,0.27240049711749725
2020-12-20,0.0,0.0,0.0,0.0,0.0,0.23582091803546118,0.2395826720387447,0.25000906802644846,0.27458734189934575
2020-12-21,0.0,0.0,0.0,0.0,0.0,0.23026223839469806,0.24069689278911718,0.24994319332775328,0.27909767548843134
2020-12-22,0.0,0.0,0.0,0.0,0.0,0.2070760734561684,0.2522162488878793,0.25545710985126396,0.2852505678046881
2020-12-23,0.0,0.0,0.0,0.0,0.0,0.15828263747159096,0.27032084869302475,0.26138805397313164,0.3100084598622527
2020-12-24,0.0,0.0,0.0,0.0,0.0,0.18740297732056058,0.2622927577781677,0.2550989238698815,0.2952053410313904
2020-12-25,0.0,0.0,0.0,0.0,0.0,0.176228683916764,0.2628150516684981,0.25763759040675077,0.3033186740079871
2020-12-26,0.0,0.0,0.0,0.0,0.0,0.16212584184233134,0.26894790903423416,0.25378069357113436,0.31514555555230006
2020-12-27,0.0,0.0,0.0,0.0,0.0,0.15917033814810316,0.25245414830281415,0.2741422174141951,0.31423329613488754
2020-12-28,0.0,0.0,0.0,0.0,0.0,0.14580829082803143,0.2586494768096014,0.2826583291870533,0.312883903175314
2020-12-29,0.0,0.0,0.0,0.0,0.0,0.13782186853978293,0.25453154997381705,0.28702015782567764,0.3206264236607223
2020-12-30,0.0,0.0,0.0,0.0,0.0,0.12932723929804618,0.24772782809268107,0.2901977616052739,0.3327471710039989
2020-12-31,0.29649176468732125,0.0,0.0,0.23096651573918228,0.0,0.0,0.0,0.23349349365102187,0.23904822592247457
2021-01-01,0.2762712086692983,0.0,0.0,0.24414622026239707,0.0,0.0,0.0,0.23419184066539278,0.24539073040291184
2021-01-02,0.2727070683170806,0.0,0.0,0.22812873654082166,0.0,0.0,0.0,0.2396908081631584,0.25947338697893935
2021-01-03,0.27767293081559546,0.0,0.0,0.2108004501583169,0.0,0.0,0.0,0.27208778314679966,0.23943883587928788
2021-01-04,0.2715171109437317,0.0,0.0,0.21103899650800706,0.0,0.0,0.0,0.28749659357605467,0.22994729897220656
2021-01-05,0.2876914487123364,0.0,0.0,0.20928837072184892,0.0,0.0,0.0,0.2788807986420505,0.22413938192376434
2021-01-06,0.2718681451998645,0.0,0.0,0.22165020213779574,0.0,0.0,0.0,0.28249226001867145,0.22398939264366813
2021-01-07,0.26588874749663405,0.0,0.0,0.20659775901731137,0.0,0.0,0.0,0.2868246532401423,0.2406888402459123
2021-01-08,0.2549599660857996,0.0,0.0,0.2011056615927988,0.0,0.0,0.0,0.2909073487393132,0.2530270235820884
2021-01-09,0.25735241387502655,0.0,0.0,0.2136601981724783,0.0,0.0,0.0,0.29083518282145887,0.23815220513103635
2021-01-10,0.2578489560382176,0.0,0.0,0.20702302596658773,0.0,0.0,0.0,0.29854421841425416,0.23658379958094053
2021-01-11,0.25365774647543476,0.0,0.0,0.2089614930279024,0.0,0.0,0.0,0.2905478618933598,0.24683289860330299
2021-01-12,0.27389206363543217,0.0,0.0,0.20182201852481663,0.0,0.0,0.0,0.2841826421452914,0.24010327569445977
2021-01-13,0.27954079678345967,0.0,0.0,0.208973101788963,0.0,0.0,0.0,0.2747243570546672,0.23676174437291003
2021-01-14,0.2356118142144507,0.0,0.0,0.25317341387234576,0.0,0.23886105847961797,0.0,0.27235371343358555,0.0
2021-01-15,0.2600440396487444,0.0,0.0,0.269821197428952,0.0,0.21985966005743124,0.0,0.2502751028648724,0.0
2021-01-16,0.24988802137300606,0.0,0.0,0.2734849806676264,0.0,0.1958613454912143,0.0,0.2807656524681534,0.0
2021-01-17,0.24525139480739347,0.0,0.0,0.29592161245700443,0.0,0.19003458349969957,0.0,0.26879240923590253,0.0
2021-01-18,0.25357133208540816,0.0,0.0,0.30589379199199773,0.0,0.1891705283878701,0.0,0.2513643475347241,0.0
2021-01-19,0.24900880931126962,0.0,0.0,0.2900991755841757,0.0,0.19775751832112043,0.0,0.2631344967834342,0.0
2021-01-20,0.25552447974277187,0.0,0.0,0.2838763959220966,0.0,0.1890515430078099,0.0,0.27154758132732143,0.0
2021-01-21,0.2466821936342379,0.0,0.0,0.28295843393153675,0.0,0.19339292633905175,0.0,0.2769664460951735,0.0
2021-01-22,0.25762921960049334,0.0,0.0,0.2920502874312838,0.0,0.18186951599315432,0.0,0.2684509769750684,0.0
2021-01-23,0.26637356419316716,0.0,0.0,0.30788970584286374,0.0,0.16709910986042018,0.0,0.25863762010354907,0.0
2021-01-24,0.3127672907739893,0.0,0.0,0.28457702131517326,0.0,0.16104458625816642,0.0,0.24161110165267108,0.0
2021-01-25,0.30876752205086305,0.0,0.0,0.2832405164360567,0.0,0.16360084127630004,0.0,0.2443911202367802,0.0
2021-01-26,0.33351169594290825,0.0,0.0,0.27417042990506146,0.0,0.156755717647943,0.0,0.23556215650408746,0.0
2021-01-27,0.36288753723227857,0.0,0.0,0.2618323995511768,0.0,0.15039009732656766,0.0,0.22488996588997695,0.0
2021-01-28,0.23520124679818316,0.24495497925212553,0.0,0.2650466226154649,0.0,0.0,0.0,0.25479715133422637,0.0
2021-01-29,0.24087993533309116,0.24387647839161436,0.0,0.259225367744814,0.0,0.0,0.0,0.25601821853048046,0.0
2021-01-30,0.2632158398603813,0.23677223028450298,0.0,0.26400705521133216,0.0,0.0,0.0,0.23600487464378356,0.0
2021-01-31,0.2436665749496218,0.23469000545659124,0.0,0.2940929938515001,0.0,0.0,0.0,0.2275504257422869,0.0
2021-02-01,0.24655434325183895,0.2561906354812312,0.0,0.2759816047659406,0.0,0.0,0.0,0.22127341650098936,0.0
2021-02-02,0.23819151146178763,0.2531185606920566,0.0,0.2722378186593289,0.0,0.0,0.0,0.2364521091868268,0.0
2021-02-03,0.2478578448129081,0.235511446734781,0.0,0.2678881698013802,0.0,0.0,0.0,0.2487425386509308,0.0
2021-02-04,0.2690729088130044,0.245374059443279,0.0,0.25583756448084277,0.0,0.0,0.0,0.2297154672628739,0.0
2021-02-05,0.25712155313984536,0.26501413386440514,0.0,0.25829896867705393,0.0,0.0,0.0,0.2195653443186955,0.0
2021-02-06,0.24317331605120257,0.2924501348031861,0.0,0.24498760947098963,0.0,0.0,0.0,0.2193889396746217,0.0
2021-02-07,0.24525341607923057,0.28045842693911255,0.0,0.2577706572674906,0.0,0.0,0.0,0.21651749971416634,0.0
2021-02-08,0.23189359496297107,0.29947402356287406,0.0,0.24610912857238165,0.0,0.0,0.0,0.22252325290177333,0.0
2021-02-09,0.20627395223481815,0.3576505034900151,0.0,0.23732558291272962,0.0,0.0,0.0,0.19874996136243717,0.0
2021-02-10,0.19729081453595504,0.38515598595649575,0.0,0.23839090125737367,0.0,0.0,0.0,0.17916229825017554,0.0
2021-02-11,0.23857399512223912,0.2260783965135022,0.22548991410406483,0.3098576942601939,0.0,0.0,0.0,0.0,0.0
2021-02-12,0.23255553430834214,0.23393661963984658,0.21236625503017273,0.32114159102163853,0.0,0.0,0.0,0.0,0.0
2021-02-13,0.22181616554569195,0.2292475932847979,0.2021992620840611,0.34673697908544915,0.0,0.0,0.0,0.0,0.0
2021-02-14,0.21960235903500236,0.24310947661601992,0.19869902779354653,0.3385891365554312,0.0,0.0,0.0,0.0,0.0
2021-02-15,0.22168035398243308,0.2422546704289705,0.18713282889787644,0.34893214669072004,0.0,0.0,0.0,0.0,0.0
2021-02-16,0.22366678277034335,0.2480499518002991,0.18102224709827855,0.34726101833107903,0.0,0.0,0.0,0.0,0.0
2021-02-17,0.21756046626866976,0.2930712335381817,0.15545190694450636,0.3339163932486422,0.0,0.0,0.0,0.0,0.0
2021-02-18,0.19613090315080278,0.31813099941257406,0.17015052341478165,0.31558757402184145,0.0,0.0,0.0,0.0,0.0
2021-02-19,0.15479700105653146,0.4510605683281641,0.1322493626697139,0.26189306794559053,0.0,0.0,0.0,0.0,0.0
2021-02-20,0.20809350263674772,0.36709278651288774,0.138783830622022,0.28602988022834264,0.0,0.0,0.0,0.0,0.0
2021-02-21,0.19515977687468924,0.4000005295350358,0.1351162782680488,0.2697234153222261,0.0,0.0,0.0,0.0,0.0
2021-02-22,0.20046565137998584,0.3951459887918586,0.1405227202894786,0.2638656395386768,0.0,0.0,0.0,0.0,0.0
2021-02-23,0.2083527899447865,0.39446576775133557,0.1439730808246004,0.2532083614792776,0.0,0.0,0.0,0.0,0.0
2021-02-24,0.1930993088814313,0.39585021856378694,0.15687814624908966,0.25417232630569214,0.0,0.0,0.0,0.0,0.0
2021-02-25,0.2512498909209226,0.24959728757472951,0.23872290876780305,0.0,0.0,0.0,0.0,0.2604299127365448,0.0
2021-02-26,0.24332290692203443,0.2373637057165645,0.24124968409764125,0.0,0.0,0.0,0.0,0.27806370326375995,0.0
2021-02-27,0.24201321695970374,0.2470154900105742,0.23215153639715802,0.0,0.0,0.0,0.0,0.2788197566325641,0.0
2021-02-28,0.25355528335607935,0.23061187502115288,0.23336670349851463,0.0,0.0,0.0,0.0,0.2824661381242531,0.0
2021-03-01,0.2594078677236778,0.2463094209824797,0.22378643369209672,0.0,0.0,0.0,0.0,0.27049627760174566,0.0
2021-03-02,0.2666299216452557,0.23903900147478227,0.2278500662267915,0.0,0.0,0.0,0.0,0.26648101065317065,0.0
2021-03-03,0.2667157542682633,0.23983716436997837,0.2284066914378494,0.0,0.0,0.0,0.0,0.26504038992390894,0.0
2021-03-04,0.2785542037312439,0.24145082663082748,0.22942971034784015,0.0,0.0,0.0,0.0,0.2505652592900883,0.0
2021-03-05,0.2787347196530563,0.23914279525929483,0.22978728840350737,0.0,0.0,0.0,0.0,0.25233519668414156,0.0
2021-03-06,0.283881590678567,0.23471492395473142,0.23354776407126973,0.0,0.0,0.0,0.0,0.24785572129543185,0.0
2021-03-07,0.30390281416226017,0.23085326825509783,0.22432036434917102,0.0,0.0,0.0,0.0,0.24092355323347103,0.0
2021-03-08,0.2942672015418684,0.21851569842802693,0.2611775777178959,0.0,0.0,0.0,0.0,0.2260395223122087,0.0
2021-03-09,0.28006603673034924,0.2365436719068679,0.22780535038351668,0.0,0.0,0.0,0.0,0.25558494097926626,0.0
2021-03-10,0.27863014979602513,0.23824825199147717,0.23551292856088313,0.0,0.0,0.0,0.0,0.24760866965161454,0.0
2021-03-11,0.24639441839171697,0.25648879312543427,0.0,0.24807909876681158,0.0,0.0,0.0,0.24903768971603707,0.0
2021-03-12,0.25257273791065066,0.24818373128143764,0.0,0.24932894787436452,0.0,0.0,0.0,0.24991458293354712,0.0
2021-03-13,0.25653395898548637,0.24543647930526746,0.0,0.2464583023657458,0.0,0.0,0.0,0.25157125934350033,0.0
2021-03-14,0.2511776441233554,0.2462546033685346,0.0,0.24886544365594437,0.0,0.0,0.0,0.25370230885216555,0.0
2021-03-15,0.2517398786874385,0.24620397089350277,0.0,0.24749569237913913,0.0,0.0,0.0,0.25456045803991956,0.0
2021-03-16,0.24573592644345066,0.24203559513883655,0.0,0.24365707007759807,0.0,0.0,0.0,0.2685714083401148,0.0
2021-03-17,0.24330066650562956,0.2412126948265334,0.0,0.2584497978441573,0.0,0.0,0.0,0.25703684082367956,0.0
2021-03-18,0.23998567734664839,0.24122092971780512,0.0,0.2534180187725222,0.0,0.0,0.0,0.26537537416302426,0.0
2021-03-19,0.24384338337276554,0.23196603333912966,0.0,0.24468870493116582,0.0,0.0,0.0,0.2795018783569389,0.0
2021-03-20,0.24421629736492212,0.23807165003219194,0.0,0.24858930141073413,0.0,0.0,0.0,0.26912275119215184,0.0
2021-03-21,0.24907234305887488,0.2401772063411929,0.0,0.2472258215129647,0.0,0.0,0.0,0.26352462908696744,0.0
2021-03-22,0.2532110415580672,0.245098815762886,0.0,0.24408556254733088,0.0,0.0,0.0,0.25760458013171605,0.0
2021-03-23,0.24832337534250515,0.25059142576692117,0.0,0.2451459028311899,0.0,0.0,0.0,0.2559392960593837,0.0
2021-03-24,0.24265216060896294,0.2635098035313454,0.0,0.24577654266893278,0.0,0.0,0.0,0.24806149319075887,0.0
2021-03-25,0.24182192507904515,0.23442908696575726,0.0,0.25073928978569165,0.0,0.0,0.0,0.2730096981695058,0.0
2021-03-26,0.23585222350227128,0.22852262690541456,0.0,0.2845960256494737,0.0,0.0,0.0,0.2510291239428405,0.0
2021-03-27,0.2299993688371433,0.24158836141839532,0.0,0.2886950942688612,0.0,0.0,0.0,0.2397171754756002,0.0
2021-03-28,0.2214336132373201,0.23467737811560704,0.0,0.2989070081736157,0.0,0.0,0.0,0.2449820004734571,0.0
2021-03-29,0.22658063931751374,0.23615736603975482,0.0,0.292857128697087,0.0,0.0,0.0,0.24440486594564434,0.0
2021-03-30,0.21169834828124393,0.2537547663615086,0.0,0.3037191319982978,0.0,0.0,0.0,0.2308277533589495,0.0
2021-03-31,0.2024625542812055,0.23991864193213724,0.0,0.3398625915918808,0.0,0.0,0.0,0.21775621219477642,0.0
2021-04-01,0.20302368145231178,0.2600869458036697,0.0,0.3311065772408134,0.0,0.0,0.0,0.2057827955032051,0.0
2021-04-02,0.21212641764287926,0.2608538706329854,0.0,0.32084407349397553,0.0,0.0,0.0,0.20617563823015983,0.0
2021-04-03,0.21266683793469215,0.2559542179581867,0.0,0.3238285834156857,0.0,0.0,0.0,0.20755036069143556,0.0
2021-04-04,0.21336330624836872,0.2649660584909065,0.0,0.31879114590857816,0.0,0.0,0.0,0.20287948935214684,0.0
2021-04-05,0.21002938882990765,0.27580495943727806,0.0,0.31262131273594607,0.0,0.0,0.0,0.20154433899686822,0.0
2021-04-06,0.20937243505714642,0.2967428813786948,0.0,0.29132927355672544,0.0,0.0,0.0,0.2025554100074336,0.0
2021-04-07,0.2030878747843373,0.29326175026340934,0.0,0.2912622625509305,0.0,0.0,0.0,0.2123881124013229,0.0
2021-04-08,0.0,0.2570708222388305,0.0,0.23581008211258309,0.0,0.26055016743207016,0.0,0.24656892821651627,0.0
2021-04-09,0.0,0.26940964429545317,0.0,0.24003658151979762,0.0,0.257175251189505,0.0,0.2333785229952442,0.0
2021-04-10,0.0,0.257360432290719,0.0,0.231393815778728,0.0,0.29082078756498797,0.0,0.220424964365565,0.0
2021-04-11,0.0,0.27882538261886974,0.0,0.22811781154138353,0.0,0.2783288626709087,0.0,0.21472794316883806,0.0
2021-04-12,0.0,0.3018511467193375,0.0,0.217497673569253,0.0,0.26789508135552675,0.0,0.21275609835588272,0.0
2021-04-13,0.0,0.2684652177797269,0.0,0.2031838843535792,0.0,0.3122151227388279,0.0,0.216135775127866,0.0
2021-04-14,0.0,0.26407586952072026,0.0,0.20674046860978343,0.0,0.3245611119673347,0.0,0.20462254990216178,0.0
2021-04-15,0.0,0.25399684572431214,0.0,0.20816140186083842,0.0,0.31489575920613255,0.0,0.22294599320871694,0.0
2021-04-16,0.0,0.23734861030423599,0.0,0.20858755269609147,0.0,0.3426111117525946,0.0,0.21145272524707798,0.0
2021-04-17,0.0,0.24419693226625358,0.0,0.20698378454644148,0.0,0.34031210638539755,0.0,0.20850717680190733,0.0
2021-04-18,0.0,0.23213192065593966,0.0,0.1837628922362228,0.0,0.35652999718703293,0.0,0.22757518992080453,0.0
2021-04-19,0.0,0.25383441829732967,0.0,0.18277614761072908,0.0,0.3396826706901712,0.0,0.2237067634017701,0.0
2021-04-20,0.0,0.2755022670207886,0.0,0.17106459215695163,0.0,0.34214502200144703,0.0,0.21128811882081272,0.0
2021-04-21,0.0,0.2717115070152235,0.0,0.17547295748480146,0.0,0.3328271787178201,0.0,0.21998835678215503,0.0
2021-04-22,0.0,0.2503706984267659,0.2298861217959192,0.0,0.0,0.23418514456011896,0.0,0.28555803521719586,0.0
2021-04-23,0.0,0.2619338278206956,0.22055260129672913,0.0,0.0,0.24340905247668365,0.0,0.2741045184058917,0.0
2021-04-24,0.0,0.2512797872897259,0.24301428744876438,0.0,0.0,0.22073083342922223,0.0,0.28497509183228753,0.0
2021-04-25,0.0,0.25365434767286277,0.2243471933176752,0.0,0.0,0.21085069495347306,0.0,0.31114776405598893,0.0
2021-04-26,0.0,0.24882563403678432,0.22414626609760688,0.0,0.0,0.23903047992664272,0.0,0.2879976199389661,0.0
2021-04-27,0.0,0.2560308947967383,0.217611652889288,0.0,0.0,0.24538937660026983,0.0,0.2809680757137038,0.0
2021-04-28,0.0,0.2456442941805036,0.2506826574694946,0.0,0.0,0.2285558634796393,0.0,0.27511718487036263,0.0
2021-04-29,0.0,0.26419888304700856,0.2384501487300757,0.0,0.0,0.23087424828539893,0.0,0.26647671993751687,0.0
2021-04-30,0.0,0.2562644675615626,0.24724654316017242,0.0,0.0,0.23769654094052634,0.0,0.2587924483377386,0.0
2021-05-01,0.0,0.2378512724932472,0.2664449321354194,0.0,0.0,0.2274582245901522,0.0,0.2682455707811811,0.0
2021-05-02,0.0,0.24265111967037772,0.258985034377882,0.0,0.0,0.22915640357794437,0.0,0.2692074423737958,0.0
2021-05-03,0.0,0.24822788079102345,0.2876640234047571,0.0,0.0,0.21307575465021614,0.0,0.2510323411540033,0.0
2021-05-04,0.0,0.22502800178299742,0.3529973661012803,0.0,0.0,0.19120142890254208,0.0,0.23077320321318023,0.0
2021-05-05,0.0,0.2101677350883759,0.37467496805059136,0.0,0.0,0.19004244026410644,0.0,0.22511485659692626,0.0
2021-05-06,0.0,0.23780471656901708,0.21713673786380572,0.0,0.0,0.253641631932467,0.0,0.0,0.29141691363471006
2021-05-07,0.0,0.23044228775546874,0.2534210842490702,0.0,0.0,0.24470349372975564,0.0,0.0,0.27143313426570526
2021-05-08,0.0,0.2381025472913033,0.2334994419826504,0.0,0.0,0.24472290594963214,0.0,0.0,0.28367510477641406
2021-05-09,0.0,0.2496957105993271,0.21417331472746093,0.0,0.0,0.2591053392295957,0.0,0.0,0.27702563544361636
2021-05-10,0.0,0.26620336321921206,0.18919972561426757,0.0,0.0,0.2592512337579118,0.0,0.0,0.2853456774086085
2021-05-11,0.0,0.26365039712485855,0.1932348830987769,0.0,0.0,0.2672012412731739,0.0,0.0,0.27591347850319076
2021-05-12,0.0,0.2829647377071376,0.1870735701782363,0.0,0.0,0.25681610767449237,0.0,0.0,0.2731455844401337
2021-05-13,0.0,0.2579199215894638,0.2213853766917333,0.0,0.0,0.2565114463332052,0.0,0.0,0.2641832553855976
2021-05-14,0.0,0.25276688142440723,0.23400736123019109,0.0,0.0,0.2448044729384119,0.0,0.0,0.2684212844069898
2021-05-15,0.0,0.2568683015707823,0.23078903013323787,0.0,0.0,0.2429552038079219,0.0,0.0,0.26938746448805795
2021-05-16,0.0,0.2562843534548091,0.23320084649002615,0.0,0.0,0.24490607474830695,0.0,0.0,0.2656087253068579
2021-05-17,0.0,0.2512436566385297,0.23847445448781154,0.0,0.0,0.23872033495983258,0.0,0.0,0.2715615539138263
2021-05-18,0.0,0.25059661160442154,0.23403843431620752,0.0,0.0,0.24591895636856703,0.0,0.0,0.269445997710804
2021-05-19,0.0,0.24017925699836862,0.235634452349032,0.0,0.0,0.22977566134397798,0.0,0.0,0.2944106293086214
2021-05-20,0.0,0.0,0.0,0.0,0.0,0.0,0.0,0.0,0.0
2021-05-21,0.0,0.0,0.0,0.0,0.0,0.0,0.0,0.0,0.0
2021-05-22,0.0,0.0,0.0,0.0,0.0,0.0,0.0,0.0,0.0
2021-05-23,0.0,0.0,0.0,0.0,0.0,0.0,0.0,0.0,0.0
2021-05-24,0.0,0.0,0.0,0.0,0.0,0.0,0.0,0.0,0.0
2021-05-25,0.0,0.0,0.0,0.0,0.0,0.0,0.0,0.0,0.0
2021-05-26,0.0,0.0,0.0,0.0,0.0,0.0,0.0,0.0,0.0
2021-05-27,0.0,0.0,0.0,0.0,0.0,0.0,0.0,0.0,0.0
2021-05-28,0.0,0.0,0.0,0.0,0.0,0.0,0.0,0.0,0.0
2021-05-29,0.0,0.0,0.0,0.0,0.0,0.0,0.0,0.0,0.0
2021-05-30,0.0,0.0,0.0,0.0,0.0,0.0,0.0,0.0,0.0
2021-05-31,0.0,0.0,0.0,0.0,0.0,0.0,0.0,0.0,0.0
2021-06-01,0.0,0.0,0.0,0.0,0.0,0.0,0.0,0.0,0.0
2021-06-02,0.0,0.0,0.0,0.0,0.0,0.0,0.0,0.0,0.0
2021-06-03,0.0,0.0,0.0,0.0,0.0,0.0,0.0,0.0,0.0
2021-06-04,0.0,0.0,0.0,0.0,0.0,0.0,0.0,0.0,0.0
2021-06-05,0.0,0.0,0.0,0.0,0.0,0.0,0.0,0.0,0.0
2021-06-06,0.0,0.0,0.0,0.0,0.0,0.0,0.0,0.0,0.0
2021-06-07,0.0,0.0,0.0,0.0,0.0,0.0,0.0,0.0,0.0
2021-06-08,0.0,0.0,0.0,0.0,0.0,0.0,0.0,0.0,0.0
2021-06-09,0.0,0.0,0.0,0.0,0.0,0.0,0.0,0.0,0.0
2021-06-10,0.0,0.0,0.0,0.0,0.0,0.0,0.0,0.0,0.0
2021-06-11,0.0,0.0,0.0,0.0,0.0,0.0,0.0,0.0,0.0
2021-06-12,0.0,0.0,0.0,0.0,0.0,0.0,0.0,0.0,0.0
2021-06-13,0.0,0.0,0.0,0.0,0.0,0.0,0.0,0.0,0.0
2021-06-14,0.0,0.0,0.0,0.0,0.0,0.0,0.0,0.0,0.0
2021-06-15,0.0,0.0,0.0,0.0,0.0,0.0,0.0,0.0,0.0
2021-06-16,0.0,0.0,0.0,0.0,0.0,0.0,0.0,0.0,0.0
2021-06-17,0.0,0.0,0.0,0.0,0.0,0.0,0.0,0.0,0.0
2021-06-18,0.0,0.0,0.0,0.0,0.0,0.0,0.0,0.0,0.0
2021-06-19,0.0,0.0,0.0,0.0,0.0,0.0,0.0,0.0,0.0
2021-06-20,0.0,0.0,0.0,0.0,0.0,0.0,0.0,0.0,0.0
2021-06-21,0.0,0.0,0.0,0.0,0.0,0.0,0.0,0.0,0.0
2021-06-22,0.0,0.0,0.0,0.0,0.0,0.0,0.0,0.0,0.0
2021-06-23,0.0,0.0,0.0,0.0,0.0,0.0,0.0,0.0,0.0
2021-06-24,0.0,0.0,0.0,0.0,0.0,0.0,0.0,0.0,0.0
2021-06-25,0.0,0.0,0.0,0.0,0.0,0.0,0.0,0.0,0.0
2021-06-26,0.0,0.0,0.0,0.0,0.0,0.0,0.0,0.0,0.0
2021-06-27,0.0,0.0,0.0,0.0,0.0,0.0,0.0,0.0,0.0
2021-06-28,0.0,0.0,0.0,0.0,0.0,0.0,0.0,0.0,0.0
2021-06-29,0.0,0.0,0.0,0.0,0.0,0.0,0.0,0.0,0.0
2021-06-30,0.0,0.0,0.0,0.0,0.0,0.0,0.0,0.0,0.0
2021-07-01,0.0,0.0,0.0,0.0,0.0,0.0,0.0,0.0,0.0
2021-07-02,0.0,0.0,0.0,0.0,0.0,0.0,0.0,0.0,0.0
2021-07-03,0.0,0.0,0.0,0.0,0.0,0.0,0.0,0.0,0.0
2021-07-04,0.0,0.0,0.0,0.0,0.0,0.0,0.0,0.0,0.0
2021-07-05,0.0,0.0,0.0,0.0,0.0,0.0,0.0,0.0,0.0
2021-07-06,0.0,0.0,0.0,0.0,0.0,0.0,0.0,0.0,0.0
2021-07-07,0.0,0.0,0.0,0.0,0.0,0.0,0.0,0.0,0.0
2021-07-08,0.0,0.0,0.0,0.0,0.0,0.0,0.0,0.0,0.0
2021-07-09,0.0,0.0,0.0,0.0,0.0,0.0,0.0,0.0,0.0
2021-07-10,0.0,0.0,0.0,0.0,0.0,0.0,0.0,0.0,0.0
2021-07-11,0.0,0.0,0.0,0.0,0.0,0.0,0.0,0.0,0.0
2021-07-12,0.0,0.0,0.0,0.0,0.0,0.0,0.0,0.0,0.0
2021-07-13,0.0,0.0,0.0,0.0,0.0,0.0,0.0,0.0,0.0
2021-07-14,0.0,0.0,0.0,0.0,0.0,0.0,0.0,0.0,0.0
2021-07-15,0.0,0.0,0.0,0.0,0.0,0.0,0.0,0.0,0.0
2021-07-16,0.0,0.0,0.0,0.0,0.0,0.0,0.0,0.0,0.0
2021-07-17,0.0,0.0,0.0,0.0,0.0,0.0,0.0,0.0,0.0
2021-07-18,0.0,0.0,0.0,0.0,0.0,0.0,0.0,0.0,0.0
2021-07-19,0.0,0.0,0.0,0.0,0.0,0.0,0.0,0.0,0.0
2021-07-20,0.0,0.0,0.0,0.0,0.0,0.0,0.0,0.0,0.0
2021-07-21,0.0,0.0,0.0,0.0,0.0,0.0,0.0,0.0,0.0
2021-07-22,0.0,0.0,0.0,0.0,0.0,0.0,0.0,0.0,0.0
2021-07-23,0.0,0.0,0.0,0.0,0.0,0.0,0.0,0.0,0.0
2021-07-24,0.0,0.0,0.0,0.0,0.0,0.0,0.0,0.0,0.0
2021-07-25,0.0,0.0,0.0,0.0,0.0,0.0,0.0,0.0,0.0
2021-07-26,0.0,0.0,0.0,0.0,0.0,0.0,0.0,0.0,0.0
2021-07-27,0.0,0.0,0.0,0.0,0.0,0.0,0.0,0.0,0.0
2021-07-28,0.0,0.0,0.0,0.0,0.0,0.0,0.0,0.0,0.0
2021-07-29,0.0,0.0,0.0,0.0,0.0,0.0,0.0,0.0,0.0
2021-07-30,0.0,0.0,0.0,0.0,0.0,0.0,0.0,0.0,0.0
2021-07-31,0.0,0.0,0.0,0.0,0.0,0.0,0.0,0.0,0.0
2021-08-01,0.0,0.0,0.0,0.0,0.0,0.0,0.0,0.0,0.0
2021-08-02,0.0,0.0,0.0,0.0,0.0,0.0,0.0,0.0,0.0
2021-08-03,0.0,0.0,0.0,0.0,0.0,0.0,0.0,0.0,0.0
2021-08-04,0.0,0.0,0.0,0.0,0.0,0.0,0.0,0.0,0.0
2021-08-05,0.0,0.0,0.0,0.0,0.0,0.0,0.0,0.0,0.0
2021-08-06,0.0,0.0,0.0,0.0,0.0,0.0,0.0,0.0,0.0
2021-08-07,0.0,0.0,0.0,0.0,0.0,0.0,0.0,0.0,0.0
2021-08-08,0.0,0.0,0.0,0.0,0.0,0.0,0.0,0.0,0.0
2021-08-09,0.0,0.0,0.0,0.0,0.0,0.0,0.0,0.0,0.0
2021-08-10,0.0,0.0,0.0,0.0,0.0,0.0,0.0,0.0,0.0
2021-08-11,0.0,0.0,0.0,0.0,0.0,0.0,0.0,0.0,0.0
2021-08-12,0.0,0.0,0.0,0.0,0.0,0.0,0.0,0.0,0.0
2021-08-13,0.0,0.0,0.0,0.0,0.0,0.0,0.0,0.0,0.0
2021-08-14,0.0,0.0,0.0,0.0,0.0,0.0,0.0,0.0,0.0
2021-08-15,0.0,0.0,0.0,0.0,0.0,0.0,0.0,0.0,0.0
2021-08-16,0.0,0.0,0.0,0.0,0.0,0.0,0.0,0.0,0.0
2021-08-17,0.0,0.0,0.0,0.0,0.0,0.0,0.0,0.0,0.0
2021-08-18,0.0,0.0,0.0,0.0,0.0,0.0,0.0,0.0,0.0
2021-08-19,0.0,0.0,0.0,0.0,0.0,0.0,0.0,0.0,0.0
2021-08-20,0.0,0.0,0.0,0.0,0.0,0.0,0.0,0.0,0.0
2021-08-21,0.0,0.0,0.0,0.0,0.0,0.0,0.0,0.0,0.0
2021-08-22,0.0,0.0,0.0,0.0,0.0,0.0,0.0,0.0,0.0
2021-08-23,0.0,0.0,0.0,0.0,0.0,0.0,0.0,0.0,0.0
2021-08-24,0.0,0.0,0.0,0.0,0.0,0.0,0.0,0.0,0.0
2021-08-25,0.0,0.0,0.0,0.0,0.0,0.0,0.0,0.0,0.0
2021-08-26,0.0,0.0,0.0,0.0,0.0,0.0,0.0,0.0,0.0
2021-08-27,0.0,0.0,0.0,0.0,0.0,0.0,0.0,0.0,0.0
2021-08-28,0.0,0.0,0.0,0.0,0.0,0.0,0.0,0.0,0.0
2021-08-29,0.0,0.0,0.0,0.0,0.0,0.0,0.0,0.0,0.0
2021-08-30,0.0,0.0,0.0,0.0,0.0,0.0,0.0,0.0,0.0
2021-08-31,0.0,0.0,0.0,0.0,0.0,0.0,0.0,0.0,0.0
2021-09-01,0.0,0.0,0.0,0.0,0.0,0.0,0.0,0.0,0.0
2021-09-02,0.0,0.0,0.0,0.0,0.0,0.0,0.0,0.0,0.0
2021-09-03,0.0,0.0,0.0,0.0,0.0,0.0,0.0,0.0,0.0
2021-09-04,0.0,0.0,0.0,0.0,0.0,0.0,0.0,0.0,0.0
2021-09-05,0.0,0.0,0.0,0.0,0.0,0.0,0.0,0.0,0.0
2021-09-06,0.0,0.0,0.0,0.0,0.0,0.0,0.0,0.0,0.0
2021-09-07,0.0,0.0,0.0,0.0,0.0,0.0,0.0,0.0,0.0
2021-09-08,0.0,0.0,0.0,0.0,0.0,0.0,0.0,0.0,0.0
2021-09-09,0.0,0.0,0.0,0.0,0.0,0.0,0.0,0.0,0.0
2021-09-10,0.0,0.0,0.0,0.0,0.0,0.0,0.0,0.0,0.0
2021-09-11,0.0,0.0,0.0,0.0,0.0,0.0,0.0,0.0,0.0
2021-09-12,0.0,0.0,0.0,0.0,0.0,0.0,0.0,0.0,0.0
2021-09-13,0.0,0.0,0.0,0.0,0.0,0.0,0.0,0.0,0.0
2021-09-14,0.0,0.0,0.0,0.0,0.0,0.0,0.0,0.0,0.0
2021-09-15,0.0,0.0,0.0,0.0,0.0,0.0,0.0,0.0,0.0
2021-09-16,0.0,0.0,0.0,0.0,0.0,0.0,0.0,0.0,0.0
2021-09-17,0.0,0.0,0.0,0.0,0.0,0.0,0.0,0.0,0.0
2021-09-18,0.0,0.0,0.0,0.0,0.0,0.0,0.0,0.0,0.0
2021-09-19,0.0,0.0,0.0,0.0,0.0,0.0,0.0,0.0,0.0
2021-09-20,0.0,0.0,0.0,0.0,0.0,0.0,0.0,0.0,0.0
2021-09-21,0.0,0.0,0.0,0.0,0.0,0.0,0.0,0.0,0.0
2021-09-22,0.0,0.0,0.0,0.0,0.0,0.0,0.0,0.0,0.0
2021-09-23,0.0,0.0,0.0,0.0,0.0,0.0,0.0,0.0,0.0
2021-09-24,0.0,0.0,0.0,0.0,0.0,0.0,0.0,0.0,0.0
2021-09-25,0.0,0.0,0.0,0.0,0.0,0.0,0.0,0.0,0.0
2021-09-26,0.0,0.0,0.0,0.0,0.0,0.0,0.0,0.0,0.0
2021-09-27,0.0,0.0,0.0,0.0,0.0,0.0,0.0,0.0,0.0
2021-09-28,0.0,0.0,0.0,0.0,0.0,0.0,0.0,0.0,0.0
2021-09-29,0.0,0.0,0.0,0.0,0.0,0.0,0.0,0.0,0.0
2021-09-30,0.0,0.0,0.0,0.0,0.0,0.0,0.0,0.0,0.0
2021-10-01,0.0,0.0,0.0,0.0,0.0,0.0,0.0,0.0,0.0
2021-10-02,0.0,0.0,0.0,0.0,0.0,0.0,0.0,0.0,0.0
2021-10-03,0.0,0.0,0.0,0.0,0.0,0.0,0.0,0.0,0.0
2021-10-04,0.0,0.0,0.0,0.0,0.0,0.0,0.0,0.0,0.0
2021-10-05,0.0,0.0,0.0,0.0,0.0,0.0,0.0,0.0,0.0
2021-10-06,0.0,0.0,0.0,0.0,0.0,0.0,0.0,0.0,0.0
2021-10-07,0.0,0.0,0.0,0.0,0.0,0.0,0.0,0.0,0.0
2021-10-08,0.0,0.0,0.0,0.0,0.0,0.0,0.0,0.0,0.0
2021-10-09,0.0,0.0,0.0,0.0,0.0,0.0,0.0,0.0,0.0
2021-10-10,0.0,0.0,0.0,0.0,0.0,0.0,0.0,0.0,0.0
2021-10-11,0.0,0.0,0.0,0.0,0.0,0.0,0.0,0.0,0.0
2021-10-12,0.0,0.0,0.0,0.0,0.0,0.0,0.0,0.0,0.0
2021-10-13,0.0,0.0,0.0,0.0,0.0,0.0,0.0,0.0,0.0
2021-10-14,0.0,0.0,0.0,0.0,0.0,0.0,0.0,0.0,0.0
2021-10-15,0.0,0.0,0.0,0.0,0.0,0.0,0.0,0.0,0.0
2021-10-16,0.0,0.0,0.0,0.0,0.0,0.0,0.0,0.0,0.0
2021-10-17,0.0,0.0,0.0,0.0,0.0,0.0,0.0,0.0,0.0
2021-10-18,0.0,0.0,0.0,0.0,0.0,0.0,0.0,0.0,0.0
2021-10-19,0.0,0.0,0.0,0.0,0.0,0.0,0.0,0.0,0.0
2021-10-20,0.0,0.0,0.0,0.0,0.0,0.0,0.0,0.0,0.0
2021-10-21,0.0,0.0,0.0,0.0,0.0,0.0,0.0,0.0,0.0
2021-10-22,0.0,0.0,0.0,0.0,0.0,0.0,0.0,0.0,0.0
2021-10-23,0.0,0.0,0.0,0.0,0.0,0.0,0.0,0.0,0.0
2021-10-24,0.0,0.0,0.0,0.0,0.0,0.0,0.0,0.0,0.0
2021-10-25,0.0,0.0,0.0,0.0,0.0,0.0,0.0,0.0,0.0
2021-10-26,0.0,0.0,0.0,0.0,0.0,0.0,0.0,0.0,0.0
2021-10-27,0.0,0.0,0.0,0.0,0.0,0.0,0.0,0.0,0.0
2021-10-28,0.0,0.0,0.0,0.0,0.0,0.0,0.0,0.0,0.0
2021-10-29,0.0,0.0,0.0,0.0,0.0,0.0,0.0,0.0,0.0
2021-10-30,0.0,0.0,0.0,0.0,0.0,0.0,0.0,0.0,0.0
2021-10-31,0.0,0.0,0.0,0.0,0.0,0.0,0.0,0.0,0.0
2021-11-01,0.0,0.0,0.0,0.0,0.0,0.0,0.0,0.0,0.0
2021-11-02,0.0,0.0,0.0,0.0,0.0,0.0,0.0,0.0,0.0
2021-11-03,0.0,0.0,0.0,0.0,0.0,0.0,0.0,0.0,0.0
2021-11-04,0.0,0.24744932125537425,0.2358067705399644,0.0,0.2578769852168896,0.0,0.0,0.2588669229877718,0.0
2021-11-05,0.0,0.2563884652705355,0.25278321880014176,0.0,0.2575347622701066,0.0,0.0,0.23329355365921597,0.0
2021-11-06,0.0,0.2607937953677925,0.2370497900326206,0.0,0.25867125966319554,0.0,0.0,0.2434851549363913,0.0
2021-11-07,0.0,0.26097603581776213,0.23119240807649616,0.0,0.25904431594587934,0.0,0.0,0.24878724015986226,0.0
2021-11-08,0.0,0.2631411078211498,0.23473895850181248,0.0,0.24811501602656266,0.0,0.0,0.25400491765047506,0.0
2021-11-09,0.0,0.2623333758127994,0.23639514872821005,0.0,0.24921284853171669,0.0,0.0,0.2520586269272739,0.0
2021-11-10,0.0,0.2662113038126005,0.2295112394891835,0.0,0.24747696491150947,0.0,0.0,0.25680049178670655,0.0
2021-11-11,0.0,0.26346606299396325,0.23773812512834303,0.0,0.24626031077041066,0.0,0.0,0.25253550110728307,0.0
2021-11-12,0.0,0.268836505247582,0.233635663573206,0.0,0.24717801386069785,0.0,0.0,0.2503498173185142,0.0
2021-11-13,0.0,0.2692471819270361,0.22496264449990183,0.0,0.23803313425886138,0.0,0.0,0.2677570393142007,0.0
2021-11-14,0.0,0.2700710637449018,0.2290065449851677,0.0,0.23736531050098741,0.0,0.0,0.263557080768943,0.0
2021-11-15,0.0,0.2662892341935714,0.22980789389472903,0.0,0.2404577703414121,0.0,0.0,0.2634451015702875,0.0
2021-11-16,0.0,0.26235844087949745,0.22270149476452603,0.0,0.2388535881225208,0.0,0.0,0.27608647623345584,0.0
2021-11-17,0.0,0.2535903685362504,0.21920561975487368,0.0,0.23851763582073168,0.0,0.0,0.2886863758881443,0.0
2021-11-18,0.0,0.2504586169193728,0.24718832143186956,0.0,0.2490145376909463,0.0,0.0,0.2533385239578114,0.0
2021-11-19,0.0,0.2500267214880021,0.2471469309470121,0.0,0.24212188223918066,0.0,0.0,0.26070446532580527,0.0
2021-11-20,0.0,0.2532382962767584,0.23848780657693802,0.0,0.2371982522453754,0.0,0.0,0.2710756449009281,0.0
2021-11-21,0.0,0.24199941462115726,0.22319112744731648,0.0,0.2303608784857627,0.0,0.0,0.30444857944576353,0.0
2021-11-22,0.0,0.2345424246642367,0.2205944167456274,0.0,0.22937148788451892,0.0,0.0,0.31549167070561696,0.0
2021-11-23,0.0,0.23528240539912965,0.21015091840483235,0.0,0.23204615608568505,0.0,0.0,0.32252052011035304,0.0
2021-11-24,0.0,0.2394960518942225,0.19942971794366748,0.0,0.24288726114422843,0.0,0.0,0.31818696901788157,0.0
2021-11-25,0.0,0.25429765154479567,0.20928993982627483,0.0,0.23584846631573786,0.0,0.0,0.3005639423131916,0.0
2021-11-26,0.0,0.26100037145575616,0.2126785515966655,0.0,0.23838274903503676,0.0,0.0,0.2879383279125417,0.0
2021-11-27,0.0,0.25503484386818587,0.20615111262721814,0.0,0.23184286444644794,0.0,0.0,0.30697117905814797,0.0
2021-11-28,0.0,0.25829186990059977,0.20574552871867954,0.0,0.2402496401192088,0.0,0.0,0.2957129612615117,0.0
2021-11-29,0.0,0.2559078415102212,0.21877803886024944,0.0,0.2357208711753364,0.0,0.0,0.289593248454193,0.0
2021-11-30,0.0,0.25418826052248533,0.2228220831977769,0.0,0.23926439500915214,0.0,0.0,0.2837252612705856,0.0
2021-12-01,0.0,0.2582015223613215,0.21378363568212505,0.0,0.2372163524169095,0.0,0.0,0.29079848953964405,0.0
2021-12-02,0.0,0.0,0.0,0.0,0.0,0.0,0.0,0.0,0.0
2021-12-03,0.0,0.0,0.0,0.0,0.0,0.0,0.0,0.0,0.0
2021-12-04,0.0,0.0,0.0,0.0,0.0,0.0,0.0,0.0,0.0
2021-12-05,0.0,0.0,0.0,0.0,0.0,0.0,0.0,0.0,0.0
2021-12-06,0.0,0.0,0.0,0.0,0.0,0.0,0.0,0.0,0.0
2021-12-07,0.0,0.0,0.0,0.0,0.0,0.0,0.0,0.0,0.0
2021-12-08,0.0,0.0,0.0,0.0,0.0,0.0,0.0,0.0,0.0
2021-12-09,0.0,0.0,0.0,0.0,0.0,0.0,0.0,0.0,0.0
2021-12-10,0.0,0.0,0.0,0.0,0.0,0.0,0.0,0.0,0.0
2021-12-11,0.0,0.0,0.0,0.0,0.0,0.0,0.0,0.0,0.0
2021-12-12,0.0,0.0,0.0,0.0,0.0,0.0,0.0,0.0,0.0
2021-12-13,0.0,0.0,0.0,0.0,0.0,0.0,0.0,0.0,0.0
2021-12-14,0.0,0.0,0.0,0.0,0.0,0.0,0.0,0.0,0.0
2021-12-15,0.0,0.0,0.0,0.0,0.0,0.0,0.0,0.0,0.0
2021-12-16,0.0,0.0,0.0,0.0,0.0,0.0,0.0,0.0,0.0
2021-12-17,0.0,0.0,0.0,0.0,0.0,0.0,0.0,0.0,0.0
2021-12-18,0.0,0.0,0.0,0.0,0.0,0.0,0.0,0.0,0.0
2021-12-19,0.0,0.0,0.0,0.0,0.0,0.0,0.0,0.0,0.0
2021-12-20,0.0,0.0,0.0,0.0,0.0,0.0,0.0,0.0,0.0
2021-12-21,0.0,0.0,0.0,0.0,0.0,0.0,0.0,0.0,0.0
2021-12-22,0.0,0.0,0.0,0.0,0.0,0.0,0.0,0.0,0.0
2021-12-23,0.0,0.0,0.0,0.0,0.0,0.0,0.0,0.0,0.0
2021-12-24,0.0,0.0,0.0,0.0,0.0,0.0,0.0,0.0,0.0
2021-12-25,0.0,0.0,0.0,0.0,0.0,0.0,0.0,0.0,0.0
2021-12-26,0.0,0.0,0.0,0.0,0.0,0.0,0.0,0.0,0.0
2021-12-27,0.0,0.0,0.0,0.0,0.0,0.0,0.0,0.0,0.0
2021-12-28,0.0,0.0,0.0,0.0,0.0,0.0,0.0,0.0,0.0
2021-12-29,0.0,0.0,0.0,0.0,0.0,0.0,0.0,0.0,0.0
2021-12-30,0.0,0.0,0.0,0.0,0.0,0.0,0.0,0.0,0.0
2021-12-31,0.0,0.0,0.0,0.0,0.0,0.0,0.0,0.0,0.0
2022-01-01,0.0,0.0,0.0,0.0,0.0,0.0,0.0,0.0,0.0
2022-01-02,0.0,0.0,0.0,0.0,0.0,0.0,0.0,0.0,0.0
2022-01-03,0.0,0.0,0.0,0.0,0.0,0.0,0.0,0.0,0.0
2022-01-04,0.0,0.0,0.0,0.0,0.0,0.0,0.0,0.0,0.0
2022-01-05,0.0,0.0,0.0,0.0,0.0,0.0,0.0,0.0,0.0
2022-01-06,0.0,0.0,0.0,0.0,0.0,0.0,0.0,0.0,0.0
2022-01-07,0.0,0.0,0.0,0.0,0.0,0.0,0.0,0.0,0.0
2022-01-08,0.0,0.0,0.0,0.0,0.0,0.0,0.0,0.0,0.0
2022-01-09,0.0,0.0,0.0,0.0,0.0,0.0,0.0,0.0,0.0
2022-01-10,0.0,0.0,0.0,0.0,0.0,0.0,0.0,0.0,0.0
2022-01-11,0.0,0.0,0.0,0.0,0.0,0.0,0.0,0.0,0.0
2022-01-12,0.0,0.0,0.0,0.0,0.0,0.0,0.0,0.0,0.0
2022-01-13,0.0,0.0,0.0,0.0,0.0,0.0,0.0,0.0,0.0
2022-01-14,0.0,0.0,0.0,0.0,0.0,0.0,0.0,0.0,0.0
2022-01-15,0.0,0.0,0.0,0.0,0.0,0.0,0.0,0.0,0.0
2022-01-16,0.0,0.0,0.0,0.0,0.0,0.0,0.0,0.0,0.0
2022-01-17,0.0,0.0,0.0,0.0,0.0,0.0,0.0,0.0,0.0
2022-01-18,0.0,0.0,0.0,0.0,0.0,0.0,0.0,0.0,0.0
2022-01-19,0.0,0.0,0.0,0.0,0.0,0.0,0.0,0.0,0.0
2022-01-20,0.0,0.0,0.0,0.0,0.0,0.0,0.0,0.0,0.0
2022-01-21,0.0,0.0,0.0,0.0,0.0,0.0,0.0,0.0,0.0
2022-01-22,0.0,0.0,0.0,0.0,0.0,0.0,0.0,0.0,0.0
2022-01-23,0.0,0.0,0.0,0.0,0.0,0.0,0.0,0.0,0.0
2022-01-24,0.0,0.0,0.0,0.0,0.0,0.0,0.0,0.0,0.0
2022-01-25,0.0,0.0,0.0,0.0,0.0,0.0,0.0,0.0,0.0
2022-01-26,0.0,0.0,0.0,0.0,0.0,0.0,0.0,0.0,0.0
2022-01-27,0.0,0.0,0.0,0.0,0.0,0.0,0.0,0.0,0.0
2022-01-28,0.0,0.0,0.0,0.0,0.0,0.0,0.0,0.0,0.0
2022-01-29,0.0,0.0,0.0,0.0,0.0,0.0,0.0,0.0,0.0
2022-01-30,0.0,0.0,0.0,0.0,0.0,0.0,0.0,0.0,0.0
2022-01-31,0.0,0.0,0.0,0.0,0.0,0.0,0.0,0.0,0.0
2022-02-01,0.0,0.0,0.0,0.0,0.0,0.0,0.0,0.0,0.0
2022-02-02,0.0,0.0,0.0,0.0,0.0,0.0,0.0,0.0,0.0
2022-02-03,0.0,0.0,0.0,0.0,0.0,0.0,0.0,0.0,0.0
2022-02-04,0.0,0.0,0.0,0.0,0.0,0.0,0.0,0.0,0.0
2022-02-05,0.0,0.0,0.0,0.0,0.0,0.0,0.0,0.0,0.0
2022-02-06,0.0,0.0,0.0,0.0,0.0,0.0,0.0,0.0,0.0
2022-02-07,0.0,0.0,0.0,0.0,0.0,0.0,0.0,0.0,0.0
2022-02-08,0.0,0.0,0.0,0.0,0.0,0.0,0.0,0.0,0.0
2022-02-09,0.0,0.0,0.0,0.0,0.0,0.0,0.0,0.0,0.0
2022-02-10,0.0,0.0,0.0,0.0,0.0,0.0,0.0,0.0,0.0
2022-02-11,0.0,0.0,0.0,0.0,0.0,0.0,0.0,0.0,0.0
2022-02-12,0.0,0.0,0.0,0.0,0.0,0.0,0.0,0.0,0.0
2022-02-13,0.0,0.0,0.0,0.0,0.0,0.0,0.0,0.0,0.0
2022-02-14,0.0,0.0,0.0,0.0,0.0,0.0,0.0,0.0,0.0
2022-02-15,0.0,0.0,0.0,0.0,0.0,0.0,0.0,0.0,0.0
2022-02-16,0.0,0.0,0.0,0.0,0.0,0.0,0.0,0.0,0.0
2022-02-17,0.0,0.0,0.0,0.0,0.0,0.0,0.0,0.0,0.0
2022-02-18,0.0,0.0,0.0,0.0,0.0,0.0,0.0,0.0,0.0
2022-02-19,0.0,0.0,0.0,0.0,0.0,0.0,0.0,0.0,0.0
2022-02-20,0.0,0.0,0.0,0.0,0.0,0.0,0.0,0.0,0.0
2022-02-21,0.0,0.0,0.0,0.0,0.0,0.0,0.0,0.0,0.0
2022-02-22,0.0,0.0,0.0,0.0,0.0,0.0,0.0,0.0,0.0
2022-02-23,0.0,0.0,0.0,0.0,0.0,0.0,0.0,0.0,0.0
2022-02-24,0.0,0.0,0.0,0.0,0.0,0.0,0.0,0.0,0.0
2022-02-25,0.0,0.0,0.0,0.0,0.0,0.0,0.0,0.0,0.0
2022-02-26,0.0,0.0,0.0,0.0,0.0,0.0,0.0,0.0,0.0
2022-02-27,0.0,0.0,0.0,0.0,0.0,0.0,0.0,0.0,0.0
2022-02-28,0.0,0.0,0.0,0.0,0.0,0.0,0.0,0.0,0.0
2022-03-01,0.0,0.0,0.0,0.0,0.0,0.0,0.0,0.0,0.0
2022-03-02,0.0,0.0,0.0,0.0,0.0,0.0,0.0,0.0,0.0
2022-03-03,0.0,0.0,0.0,0.0,0.0,0.0,0.0,0.0,0.0
2022-03-04,0.0,0.0,0.0,0.0,0.0,0.0,0.0,0.0,0.0
2022-03-05,0.0,0.0,0.0,0.0,0.0,0.0,0.0,0.0,0.0
2022-03-06,0.0,0.0,0.0,0.0,0.0,0.0,0.0,0.0,0.0
2022-03-07,0.0,0.0,0.0,0.0,0.0,0.0,0.0,0.0,0.0
2022-03-08,0.0,0.0,0.0,0.0,0.0,0.0,0.0,0.0,0.0
2022-03-09,0.0,0.0,0.0,0.0,0.0,0.0,0.0,0.0,0.0
2022-03-10,0.0,0.0,0.0,0.0,0.0,0.0,0.0,0.0,0.0
2022-03-11,0.0,0.0,0.0,0.0,0.0,0.0,0.0,0.0,0.0
2022-03-12,0.0,0.0,0.0,0.0,0.0,0.0,0.0,0.0,0.0
2022-03-13,0.0,0.0,0.0,0.0,0.0,0.0,0.0,0.0,0.0
2022-03-14,0.0,0.0,0.0,0.0,0.0,0.0,0.0,0.0,0.0
2022-03-15,0.0,0.0,0.0,0.0,0.0,0.0,0.0,0.0,0.0
2022-03-16,0.0,0.0,0.0,0.0,0.0,0.0,0.0,0.0,0.0
2022-03-17,0.0,0.0,0.0,0.0,0.0,0.0,0.0,0.0,0.0
2022-03-18,0.0,0.0,0.0,0.0,0.0,0.0,0.0,0.0,0.0
2022-03-19,0.0,0.0,0.0,0.0,0.0,0.0,0.0,0.0,0.0
2022-03-20,0.0,0.0,0.0,0.0,0.0,0.0,0.0,0.0,0.0
2022-03-21,0.0,0.0,0.0,0.0,0.0,0.0,0.0,0.0,0.0
2022-03-22,0.0,0.0,0.0,0.0,0.0,0.0,0.0,0.0,0.0
2022-03-23,0.0,0.0,0.0,0.0,0.0,0.0,0.0,0.0,0.0
2022-03-24,0.0,0.0,0.0,0.0,0.0,0.0,0.0,0.0,0.0
2022-03-25,0.0,0.0,0.0,0.0,0.0,0.0,0.0,0.0,0.0
2022-03-26,0.0,0.0,0.0,0.0,0.0,0.0,0.0,0.0,0.0
2022-03-27,0.0,0.0,0.0,0.0,0.0,0.0,0.0,0.0,0.0
2022-03-28,0.0,0.0,0.0,0.0,0.0,0.0,0.0,0.0,0.0
2022-03-29,0.0,0.0,0.0,0.0,0.0,0.0,0.0,0.0,0.0
2022-03-30,0.0,0.0,0.0,0.0,0.0,0.0,0.0,0.0,0.0
2022-03-31,0.0,0.0,0.0,0.0,0.0,0.0,0.0,0.0,0.0
2022-04-01,0.0,0.0,0.0,0.0,0.0,0.0,0.0,0.0,0.0
2022-04-02,0.0,0.0,0.0,0.0,0.0,0.0,0.0,0.0,0.0
2022-04-03,0.0,0.0,0.0,0.0,0.0,0.0,0.0,0.0,0.0
2022-04-04,0.0,0.0,0.0,0.0,0.0,0.0,0.0,0.0,0.0
2022-04-05,0.0,0.0,0.0,0.0,0.0,0.0,0.0,0.0,0.0
2022-04-06,0.0,0.0,0.0,0.0,0.0,0.0,0.0,0.0,0.0
2022-04-07,0.0,0.2480859411413586,0.24326542267550594,0.0,0.0,0.0,0.2533906466492351,0.0,0.25525798953390033
2022-04-08,0.0,0.24935339885101815,0.24495433648454162,0.0,0.0,0.0,0.2528485460455102,0.0,0.2528437186189301
2022-04-09,0.0,0.24249846765727334,0.2406476265825424,0.0,0.0,0.0,0.2683988228031307,0.0,0.24845508295705349
2022-04-10,0.0,0.24078420642072682,0.24667299037707818,0.0,0.0,0.0,0.26741897050229074,0.0,0.24512383269990431
2022-04-11,0.0,0.24309679556397457,0.23919392328779499,0.0,0.0,0.0,0.2744036424907851,0.0,0.24330563865744545
2022-04-12,0.0,0.2420202574746824,0.25421609098827047,0.0,0.0,0.0,0.2677652834681819,0.0,0.23599836806886512
2022-04-13,0.0,0.24354605162592655,0.2516219886974492,0.0,0.0,0.0,0.2685073482076714,0.0,0.23632461146895292
2022-04-14,0.0,0.2443588747638652,0.2555270413447736,0.0,0.0,0.0,0.2662537551825985,0.0,0.23386032870876267
2022-04-15,0.0,0.24161548726295032,0.2531210145448053,0.0,0.0,0.0,0.2728498871150863,0.0,0.23241361107715808
2022-04-16,0.0,0.24274524113520982,0.25083852123489414,0.0,0.0,0.0,0.2707465556263827,0.0,0.2356696820035134
2022-04-17,0.0,0.24037836945523547,0.2463643228205823,0.0,0.0,0.0,0.28096686756023265,0.0,0.23229044016394945
2022-04-18,0.0,0.23637535385734,0.23978115196043553,0.0,0.0,0.0,0.29702079105998275,0.0,0.22682270312224176
2022-04-19,0.0,0.24003886999324708,0.24348113504251012,0.0,0.0,0.0,0.2843101771654159,0.0,0.2321698177988269
2022-04-20,0.0,0.23706374618512527,0.2380774494316345,0.0,0.0,0.0,0.2976881324556004,0.0,0.22717067192763984
2022-04-21,0.0,0.0,0.0,0.0,0.0,0.0,0.0,0.0,0.0
2022-04-22,0.0,0.0,0.0,0.0,0.0,0.0,0.0,0.0,0.0
2022-04-23,0.0,0.0,0.0,0.0,0.0,0.0,0.0,0.0,0.0
2022-04-24,0.0,0.0,0.0,0.0,0.0,0.0,0.0,0.0,0.0
2022-04-25,0.0,0.0,0.0,0.0,0.0,0.0,0.0,0.0,0.0
2022-04-26,0.0,0.0,0.0,0.0,0.0,0.0,0.0,0.0,0.0
2022-04-27,0.0,0.0,0.0,0.0,0.0,0.0,0.0,0.0,0.0
2022-04-28,0.0,0.0,0.0,0.0,0.0,0.0,0.0,0.0,0.0
2022-04-29,0.0,0.0,0.0,0.0,0.0,0.0,0.0,0.0,0.0
2022-04-30,0.0,0.0,0.0,0.0,0.0,0.0,0.0,0.0,0.0
2022-05-01,0.0,0.0,0.0,0.0,0.0,0.0,0.0,0.0,0.0
2022-05-02,0.0,0.0,0.0,0.0,0.0,0.0,0.0,0.0,0.0
2022-05-03,0.0,0.0,0.0,0.0,0.0,0.0,0.0,0.0,0.0
2022-05-04,0.0,0.0,0.0,0.0,0.0,0.0,0.0,0.0,0.0
2022-05-05,0.0,0.0,0.0,0.0,0.0,0.0,0.0,0.0,0.0
2022-05-06,0.0,0.0,0.0,0.0,0.0,0.0,0.0,0.0,0.0
2022-05-07,0.0,0.0,0.0,0.0,0.0,0.0,0.0,0.0,0.0
2022-05-08,0.0,0.0,0.0,0.0,0.0,0.0,0.0,0.0,0.0
2022-05-09,0.0,0.0,0.0,0.0,0.0,0.0,0.0,0.0,0.0
2022-05-10,0.0,0.0,0.0,0.0,0.0,0.0,0.0,0.0,0.0
2022-05-11,0.0,0.0,0.0,0.0,0.0,0.0,0.0,0.0,0.0
2022-05-12,0.0,0.0,0.0,0.0,0.0,0.0,0.0,0.0,0.0
2022-05-13,0.0,0.0,0.0,0.0,0.0,0.0,0.0,0.0,0.0
2022-05-14,0.0,0.0,0.0,0.0,0.0,0.0,0.0,0.0,0.0
2022-05-15,0.0,0.0,0.0,0.0,0.0,0.0,0.0,0.0,0.0
2022-05-16,0.0,0.0,0.0,0.0,0.0,0.0,0.0,0.0,0.0
2022-05-17,0.0,0.0,0.0,0.0,0.0,0.0,0.0,0.0,0.0
2022-05-18,0.0,0.0,0.0,0.0,0.0,0.0,0.0,0.0,0.0
2022-05-19,0.0,0.0,0.0,0.0,0.0,0.0,0.0,0.0,0.0
2022-05-20,0.0,0.0,0.0,0.0,0.0,0.0,0.0,0.0,0.0
2022-05-21,0.0,0.0,0.0,0.0,0.0,0.0,0.0,0.0,0.0
2022-05-22,0.0,0.0,0.0,0.0,0.0,0.0,0.0,0.0,0.0
2022-05-23,0.0,0.0,0.0,0.0,0.0,0.0,0.0,0.0,0.0
2022-05-24,0.0,0.0,0.0,0.0,0.0,0.0,0.0,0.0,0.0
2022-05-25,0.0,0.0,0.0,0.0,0.0,0.0,0.0,0.0,0.0
2022-05-26,0.0,0.0,0.0,0.0,0.0,0.0,0.0,0.0,0.0
2022-05-27,0.0,0.0,0.0,0.0,0.0,0.0,0.0,0.0,0.0
2022-05-28,0.0,0.0,0.0,0.0,0.0,0.0,0.0,0.0,0.0
2022-05-29,0.0,0.0,0.0,0.0,0.0,0.0,0.0,0.0,0.0
2022-05-30,0.0,0.0,0.0,0.0,0.0,0.0,0.0,0.0,0.0
2022-05-31,0.0,0.0,0.0,0.0,0.0,0.0,0.0,0.0,0.0
2022-06-01,0.0,0.0,0.0,0.0,0.0,0.0,0.0,0.0,0.0
2022-06-02,0.0,0.0,0.0,0.0,0.0,0.0,0.0,0.0,0.0
2022-06-03,0.0,0.0,0.0,0.0,0.0,0.0,0.0,0.0,0.0
2022-06-04,0.0,0.0,0.0,0.0,0.0,0.0,0.0,0.0,0.0
2022-06-05,0.0,0.0,0.0,0.0,0.0,0.0,0.0,0.0,0.0
2022-06-06,0.0,0.0,0.0,0.0,0.0,0.0,0.0,0.0,0.0
2022-06-07,0.0,0.0,0.0,0.0,0.0,0.0,0.0,0.0,0.0
2022-06-08,0.0,0.0,0.0,0.0,0.0,0.0,0.0,0.0,0.0
2022-06-09,0.0,0.0,0.0,0.0,0.0,0.0,0.0,0.0,0.0
2022-06-10,0.0,0.0,0.0,0.0,0.0,0.0,0.0,0.0,0.0
2022-06-11,0.0,0.0,0.0,0.0,0.0,0.0,0.0,0.0,0.0
2022-06-12,0.0,0.0,0.0,0.0,0.0,0.0,0.0,0.0,0.0
2022-06-13,0.0,0.0,0.0,0.0,0.0,0.0,0.0,0.0,0.0
2022-06-14,0.0,0.0,0.0,0.0,0.0,0.0,0.0,0.0,0.0
2022-06-15,0.0,0.0,0.0,0.0,0.0,0.0,0.0,0.0,0.0
2022-06-16,0.0,0.0,0.0,0.0,0.0,0.0,0.0,0.0,0.0
2022-06-17,0.0,0.0,0.0,0.0,0.0,0.0,0.0,0.0,0.0
2022-06-18,0.0,0.0,0.0,0.0,0.0,0.0,0.0,0.0,0.0
2022-06-19,0.0,0.0,0.0,0.0,0.0,0.0,0.0,0.0,0.0
2022-06-20,0.0,0.0,0.0,0.0,0.0,0.0,0.0,0.0,0.0
2022-06-21,0.0,0.0,0.0,0.0,0.0,0.0,0.0,0.0,0.0
2022-06-22,0.0,0.0,0.0,0.0,0.0,0.0,0.0,0.0,0.0
2022-06-23,0.0,0.0,0.0,0.0,0.0,0.0,0.0,0.0,0.0
2022-06-24,0.0,0.0,0.0,0.0,0.0,0.0,0.0,0.0,0.0
2022-06-25,0.0,0.0,0.0,0.0,0.0,0.0,0.0,0.0,0.0
2022-06-26,0.0,0.0,0.0,0.0,0.0,0.0,0.0,0.0,0.0
2022-06-27,0.0,0.0,0.0,0.0,0.0,0.0,0.0,0.0,0.0
2022-06-28,0.0,0.0,0.0,0.0,0.0,0.0,0.0,0.0,0.0
2022-06-29,0.0,0.0,0.0,0.0,0.0,0.0,0.0,0.0,0.0
2022-06-30,0.0,0.0,0.0,0.0,0.0,0.0,0.0,0.0,0.0
2022-07-01,0.0,0.0,0.0,0.0,0.0,0.0,0.0,0.0,0.0
2022-07-02,0.0,0.0,0.0,0.0,0.0,0.0,0.0,0.0,0.0
2022-07-03,0.0,0.0,0.0,0.0,0.0,0.0,0.0,0.0,0.0
2022-07-04,0.0,0.0,0.0,0.0,0.0,0.0,0.0,0.0,0.0
2022-07-05,0.0,0.0,0.0,0.0,0.0,0.0,0.0,0.0,0.0
2022-07-06,0.0,0.0,0.0,0.0,0.0,0.0,0.0,0.0,0.0
2022-07-07,0.0,0.0,0.0,0.0,0.0,0.0,0.0,0.0,0.0
2022-07-08,0.0,0.0,0.0,0.0,0.0,0.0,0.0,0.0,0.0
2022-07-09,0.0,0.0,0.0,0.0,0.0,0.0,0.0,0.0,0.0
2022-07-10,0.0,0.0,0.0,0.0,0.0,0.0,0.0,0.0,0.0
2022-07-11,0.0,0.0,0.0,0.0,0.0,0.0,0.0,0.0,0.0
2022-07-12,0.0,0.0,0.0,0.0,0.0,0.0,0.0,0.0,0.0
2022-07-13,0.0,0.0,0.0,0.0,0.0,0.0,0.0,0.0,0.0
2022-07-14,0.0,0.0,0.0,0.0,0.0,0.0,0.0,0.0,0.0
2022-07-15,0.0,0.0,0.0,0.0,0.0,0.0,0.0,0.0,0.0
2022-07-16,0.0,0.0,0.0,0.0,0.0,0.0,0.0,0.0,0.0
2022-07-17,0.0,0.0,0.0,0.0,0.0,0.0,0.0,0.0,0.0
2022-07-18,0.0,0.0,0.0,0.0,0.0,0.0,0.0,0.0,0.0
2022-07-19,0.0,0.0,0.0,0.0,0.0,0.0,0.0,0.0,0.0
2022-07-20,0.0,0.0,0.0,0.0,0.0,0.0,0.0,0.0,0.0
2022-07-21,0.0,0.0,0.0,0.0,0.0,0.0,0.0,0.0,0.0
2022-07-22,0.0,0.0,0.0,0.0,0.0,0.0,0.0,0.0,0.0
2022-07-23,0.0,0.0,0.0,0.0,0.0,0.0,0.0,0.0,0.0
2022-07-24,0.0,0.0,0.0,0.0,0.0,0.0,0.0,0.0,0.0
2022-07-25,0.0,0.0,0.0,0.0,0.0,0.0,0.0,0.0,0.0
2022-07-26,0.0,0.0,0.0,0.0,0.0,0.0,0.0,0.0,0.0
2022-07-27,0.0,0.0,0.0,0.0,0.0,0.0,0.0,0.0,0.0
2022-07-28,0.0,0.0,0.0,0.0,0.0,0.0,0.0,0.0,0.0
2022-07-29,0.0,0.0,0.0,0.0,0.0,0.0,0.0,0.0,0.0
2022-07-30,0.0,0.0,0.0,0.0,0.0,0.0,0.0,0.0,0.0
2022-07-31,0.0,0.0,0.0,0.0,0.0,0.0,0.0,0.0,0.0
2022-08-01,0.0,0.0,0.0,0.0,0.0,0.0,0.0,0.0,0.0
2022-08-02,0.0,0.0,0.0,0.0,0.0,0.0,0.0,0.0,0.0
2022-08-03,0.0,0.0,0.0,0.0,0.0,0.0,0.0,0.0,0.0
2022-08-04,0.0,0.0,0.0,0.0,0.0,0.0,0.0,0.0,0.0
2022-08-05,0.0,0.0,0.0,0.0,0.0,0.0,0.0,0.0,0.0
2022-08-06,0.0,0.0,0.0,0.0,0.0,0.0,0.0,0.0,0.0
2022-08-07,0.0,0.0,0.0,0.0,0.0,0.0,0.0,0.0,0.0
2022-08-08,0.0,0.0,0.0,0.0,0.0,0.0,0.0,0.0,0.0
2022-08-09,0.0,0.0,0.0,0.0,0.0,0.0,0.0,0.0,0.0
2022-08-10,0.0,0.0,0.0,0.0,0.0,0.0,0.0,0.0,0.0
2022-08-11,0.0,0.0,0.0,0.0,0.0,0.0,0.0,0.0,0.0
2022-08-12,0.0,0.0,0.0,0.0,0.0,0.0,0.0,0.0,0.0
2022-08-13,0.0,0.0,0.0,0.0,0.0,0.0,0.0,0.0,0.0
2022-08-14,0.0,0.0,0.0,0.0,0.0,0.0,0.0,0.0,0.0
2022-08-15,0.0,0.0,0.0,0.0,0.0,0.0,0.0,0.0,0.0
2022-08-16,0.0,0.0,0.0,0.0,0.0,0.0,0.0,0.0,0.0
2022-08-17,0.0,0.0,0.0,0.0,0.0,0.0,0.0,0.0,0.0
2022-08-18,0.0,0.0,0.0,0.0,0.0,0.0,0.0,0.0,0.0
2022-08-19,0.0,0.0,0.0,0.0,0.0,0.0,0.0,0.0,0.0
2022-08-20,0.0,0.0,0.0,0.0,0.0,0.0,0.0,0.0,0.0
2022-08-21,0.0,0.0,0.0,0.0,0.0,0.0,0.0,0.0,0.0
2022-08-22,0.0,0.0,0.0,0.0,0.0,0.0,0.0,0.0,0.0
2022-08-23,0.0,0.0,0.0,0.0,0.0,0.0,0.0,0.0,0.0
2022-08-24,0.0,0.0,0.0,0.0,0.0,0.0,0.0,0.0,0.0
2022-08-25,0.0,0.0,0.0,0.0,0.0,0.0,0.0,0.0,0.0
2022-08-26,0.0,0.0,0.0,0.0,0.0,0.0,0.0,0.0,0.0
2022-08-27,0.0,0.0,0.0,0.0,0.0,0.0,0.0,0.0,0.0
2022-08-28,0.0,0.0,0.0,0.0,0.0,0.0,0.0,0.0,0.0
2022-08-29,0.0,0.0,0.0,0.0,0.0,0.0,0.0,0.0,0.0
2022-08-30,0.0,0.0,0.0,0.0,0.0,0.0,0.0,0.0,0.0
2022-08-31,0.0,0.0,0.0,0.0,0.0,0.0,0.0,0.0,0.0
2022-09-01,0.0,0.0,0.0,0.0,0.0,0.0,0.0,0.0,0.0
2022-09-02,0.0,0.0,0.0,0.0,0.0,0.0,0.0,0.0,0.0
2022-09-03,0.0,0.0,0.0,0.0,0.0,0.0,0.0,0.0,0.0
2022-09-04,0.0,0.0,0.0,0.0,0.0,0.0,0.0,0.0,0.0
2022-09-05,0.0,0.0,0.0,0.0,0.0,0.0,0.0,0.0,0.0
2022-09-06,0.0,0.0,0.0,0.0,0.0,0.0,0.0,0.0,0.0
2022-09-07,0.0,0.0,0.0,0.0,0.0,0.0,0.0,0.0,0.0
2022-09-08,0.0,0.0,0.0,0.0,0.0,0.0,0.0,0.0,0.0
2022-09-09,0.0,0.0,0.0,0.0,0.0,0.0,0.0,0.0,0.0
2022-09-10,0.0,0.0,0.0,0.0,0.0,0.0,0.0,0.0,0.0
2022-09-11,0.0,0.0,0.0,0.0,0.0,0.0,0.0,0.0,0.0
2022-09-12,0.0,0.0,0.0,0.0,0.0,0.0,0.0,0.0,0.0
2022-09-13,0.0,0.0,0.0,0.0,0.0,0.0,0.0,0.0,0.0
2022-09-14,0.0,0.0,0.0,0.0,0.0,0.0,0.0,0.0,0.0
2022-09-15,0.0,0.0,0.0,0.0,0.0,0.0,0.0,0.0,0.0
2022-09-16,0.0,0.0,0.0,0.0,0.0,0.0,0.0,0.0,0.0
2022-09-17,0.0,0.0,0.0,0.0,0.0,0.0,0.0,0.0,0.0
2022-09-18,0.0,0.0,0.0,0.0,0.0,0.0,0.0,0.0,0.0
2022-09-19,0.0,0.0,0.0,0.0,0.0,0.0,0.0,0.0,0.0
2022-09-20,0.0,0.0,0.0,0.0,0.0,0.0,0.0,0.0,0.0
2022-09-21,0.0,0.0,0.0,0.0,0.0,0.0,0.0,0.0,0.0
2022-09-22,0.0,0.0,0.0,0.0,0.0,0.0,0.0,0.0,0.0
2022-09-23,0.0,0.0,0.0,0.0,0.0,0.0,0.0,0.0,0.0
2022-09-24,0.0,0.0,0.0,0.0,0.0,0.0,0.0,0.0,0.0
2022-09-25,0.0,0.0,0.0,0.0,0.0,0.0,0.0,0.0,0.0
2022-09-26,0.0,0.0,0.0,0.0,0.0,0.0,0.0,0.0,0.0
2022-09-27,0.0,0.0,0.0,0.0,0.0,0.0,0.0,0.0,0.0
2022-09-28,0.0,0.0,0.0,0.0,0.0,0.0,0.0,0.0,0.0
2022-09-29,0.0,0.0,0.0,0.0,0.0,0.0,0.0,0.0,0.0
2022-09-30,0.0,0.0,0.0,0.0,0.0,0.0,0.0,0.0,0.0
2022-10-01,0.0,0.0,0.0,0.0,0.0,0.0,0.0,0.0,0.0
2022-10-02,0.0,0.0,0.0,0.0,0.0,0.0,0.0,0.0,0.0
2022-10-03,0.0,0.0,0.0,0.0,0.0,0.0,0.0,0.0,0.0
2022-10-04,0.0,0.0,0.0,0.0,0.0,0.0,0.0,0.0,0.0
2022-10-05,0.0,0.0,0.0,0.0,0.0,0.0,0.0,0.0,0.0
2022-10-06,0.0,0.0,0.0,0.0,0.0,0.0,0.0,0.0,0.0
2022-10-07,0.0,0.0,0.0,0.0,0.0,0.0,0.0,0.0,0.0
2022-10-08,0.0,0.0,0.0,0.0,0.0,0.0,0.0,0.0,0.0
2022-10-09,0.0,0.0,0.0,0.0,0.0,0.0,0.0,0.0,0.0
2022-10-10,0.0,0.0,0.0,0.0,0.0,0.0,0.0,0.0,0.0
2022-10-11,0.0,0.0,0.0,0.0,0.0,0.0,0.0,0.0,0.0
2022-10-12,0.0,0.0,0.0,0.0,0.0,0.0,0.0,0.0,0.0
2022-10-13,0.0,0.0,0.0,0.0,0.0,0.0,0.0,0.0,0.0
2022-10-14,0.0,0.0,0.0,0.0,0.0,0.0,0.0,0.0,0.0
2022-10-15,0.0,0.0,0.0,0.0,0.0,0.0,0.0,0.0,0.0
2022-10-16,0.0,0.0,0.0,0.0,0.0,0.0,0.0,0.0,0.0
2022-10-17,0.0,0.0,0.0,0.0,0.0,0.0,0.0,0.0,0.0
2022-10-18,0.0,0.0,0.0,0.0,0.0,0.0,0.0,0.0,0.0
2022-10-19,0.0,0.0,0.0,0.0,0.0,0.0,0.0,0.0,0.0
2022-10-20,0.0,0.0,0.0,0.0,0.0,0.0,0.0,0.0,0.0
2022-10-21,0.0,0.0,0.0,0.0,0.0,0.0,0.0,0.0,0.0
2022-10-22,0.0,0.0,0.0,0.0,0.0,0.0,0.0,0.0,0.0
2022-10-23,0.0,0.0,0.0,0.0,0.0,0.0,0.0,0.0,0.0
2022-10-24,0.0,0.0,0.0,0.0,0.0,0.0,0.0,0.0,0.0
2022-10-25,0.0,0.0,0.0,0.0,0.0,0.0,0.0,0.0,0.0
2022-10-26,0.0,0.0,0.0,0.0,0.0,0.0,0.0,0.0,0.0
2022-10-27,0.0,0.0,0.0,0.0,0.0,0.0,0.0,0.0,0.0
2022-10-28,0.0,0.0,0.0,0.0,0.0,0.0,0.0,0.0,0.0
2022-10-29,0.0,0.0,0.0,0.0,0.0,0.0,0.0,0.0,0.0
2022-10-30,0.0,0.0,0.0,0.0,0.0,0.0,0.0,0.0,0.0
2022-10-31,0.0,0.0,0.0,0.0,0.0,0.0,0.0,0.0,0.0
2022-11-01,0.0,0.0,0.0,0.0,0.0,0.0,0.0,0.0,0.0
2022-11-02,0.0,0.0,0.0,0.0,0.0,0.0,0.0,0.0,0.0
2022-11-03,0.0,0.0,0.0,0.0,0.0,0.0,0.0,0.0,0.0
2022-11-04,0.0,0.0,0.0,0.0,0.0,0.0,0.0,0.0,0.0
2022-11-05,0.0,0.0,0.0,0.0,0.0,0.0,0.0,0.0,0.0
2022-11-06,0.0,0.0,0.0,0.0,0.0,0.0,0.0,0.0,0.0
2022-11-07,0.0,0.0,0.0,0.0,0.0,0.0,0.0,0.0,0.0
2022-11-08,0.0,0.0,0.0,0.0,0.0,0.0,0.0,0.0,0.0
2022-11-09,0.0,0.0,0.0,0.0,0.0,0.0,0.0,0.0,0.0
2022-11-10,0.0,0.0,0.0,0.0,0.0,0.0,0.0,0.0,0.0
2022-11-11,0.0,0.0,0.0,0.0,0.0,0.0,0.0,0.0,0.0
2022-11-12,0.0,0.0,0.0,0.0,0.0,0.0,0.0,0.0,0.0
2022-11-13,0.0,0.0,0.0,0.0,0.0,0.0,0.0,0.0,0.0
2022-11-14,0.0,0.0,0.0,0.0,0.0,0.0,0.0,0.0,0.0
2022-11-15,0.0,0.0,0.0,0.0,0.0,0.0,0.0,0.0,0.0
2022-11-16,0.0,0.0,0.0,0.0,0.0,0.0,0.0,0.0,0.0
2022-11-17,0.0,0.0,0.0,0.0,0.0,0.0,0.0,0.0,0.0
2022-11-18,0.0,0.0,0.0,0.0,0.0,0.0,0.0,0.0,0.0
2022-11-19,0.0,0.0,0.0,0.0,0.0,0.0,0.0,0.0,0.0
2022-11-20,0.0,0.0,0.0,0.0,0.0,0.0,0.0,0.0,0.0
2022-11-21,0.0,0.0,0.0,0.0,0.0,0.0,0.0,0.0,0.0
2022-11-22,0.0,0.0,0.0,0.0,0.0,0.0,0.0,0.0,0.0
2022-11-23,0.0,0.0,0.0,0.0,0.0,0.0,0.0,0.0,0.0
2022-11-24,0.0,0.0,0.0,0.0,0.0,0.0,0.0,0.0,0.0
2022-11-25,0.0,0.0,0.0,0.0,0.0,0.0,0.0,0.0,0.0
2022-11-26,0.0,0.0,0.0,0.0,0.0,0.0,0.0,0.0,0.0
2022-11-27,0.0,0.0,0.0,0.0,0.0,0.0,0.0,0.0,0.0
2022-11-28,0.0,0.0,0.0,0.0,0.0,0.0,0.0,0.0,0.0
2022-11-29,0.0,0.0,0.0,0.0,0.0,0.0,0.0,0.0,0.0
2022-11-30,0.0,0.0,0.0,0.0,0.0,0.0,0.0,0.0,0.0
2022-12-01,0.0,0.0,0.0,0.0,0.0,0.0,0.0,0.0,0.0
2022-12-02,0.0,0.0,0.0,0.0,0.0,0.0,0.0,0.0,0.0
2022-12-03,0.0,0.0,0.0,0.0,0.0,0.0,0.0,0.0,0.0
2022-12-04,0.0,0.0,0.0,0.0,0.0,0.0,0.0,0.0,0.0
2022-12-05,0.0,0.0,0.0,0.0,0.0,0.0,0.0,0.0,0.0
2022-12-06,0.0,0.0,0.0,0.0,0.0,0.0,0.0,0.0,0.0
2022-12-07,0.0,0.0,0.0,0.0,0.0,0.0,0.0,0.0,0.0
2022-12-08,0.0,0.0,0.0,0.0,0.0,0.0,0.0,0.0,0.0
2022-12-09,0.0,0.0,0.0,0.0,0.0,0.0,0.0,0.0,0.0
2022-12-10,0.0,0.0,0.0,0.0,0.0,0.0,0.0,0.0,0.0
2022-12-11,0.0,0.0,0.0,0.0,0.0,0.0,0.0,0.0,0.0
2022-12-12,0.0,0.0,0.0,0.0,0.0,0.0,0.0,0.0,0.0
2022-12-13,0.0,0.0,0.0,0.0,0.0,0.0,0.0,0.0,0.0
2022-12-14,0.0,0.0,0.0,0.0,0.0,0.0,0.0,0.0,0.0
2022-12-15,0.0,0.0,0.0,0.0,0.0,0.0,0.0,0.0,0.0
2022-12-16,0.0,0.0,0.0,0.0,0.0,0.0,0.0,0.0,0.0
2022-12-17,0.0,0.0,0.0,0.0,0.0,0.0,0.0,0.0,0.0
2022-12-18,0.0,0.0,0.0,0.0,0.0,0.0,0.0,0.0,0.0
2022-12-19,0.0,0.0,0.0,0.0,0.0,0.0,0.0,0.0,0.0
2022-12-20,0.0,0.0,0.0,0.0,0.0,0.0,0.0,0.0,0.0
2022-12-21,0.0,0.0,0.0,0.0,0.0,0.0,0.0,0.0,0.0
2022-12-22,0.0,0.0,0.0,0.0,0.0,0.0,0.0,0.0,0.0
2022-12-23,0.0,0.0,0.0,0.0,0.0,0.0,0.0,0.0,0.0
2022-12-24,0.0,0.0,0.0,0.0,0.0,0.0,0.0,0.0,0.0
2022-12-25,0.0,0.0,0.0,0.0,0.0,0.0,0.0,0.0,0.0
2022-12-26,0.0,0.0,0.0,0.0,0.0,0.0,0.0,0.0,0.0
2022-12-27,0.0,0.0,0.0,0.0,0.0,0.0,0.0,0.0,0.0
2022-12-28,0.0,0.0,0.0,0.0,0.0,0.0,0.0,0.0,0.0
2022-12-29,0.0,0.0,0.0,0.0,0.0,0.0,0.0,0.0,0.0
2022-12-30,0.0,0.0,0.0,0.0,0.0,0.0,0.0,0.0,0.0
2022-12-31,0.0,0.0,0.0,0.0,0.0,0.0,0.0,0.0,0.0
2023-01-01,0.0,0.0,0.0,0.0,0.0,0.0,0.0,0.0,0.0
2023-01-02,0.0,0.0,0.0,0.0,0.0,0.0,0.0,0.0,0.0
2023-01-03,0.0,0.0,0.0,0.0,0.0,0.0,0.0,0.0,0.0
2023-01-04,0.0,0.0,0.0,0.0,0.0,0.0,0.0,0.0,0.0
2023-01-05,0.0,0.0,0.0,0.0,0.0,0.0,0.0,0.0,0.0
2023-01-06,0.0,0.0,0.0,0.0,0.0,0.0,0.0,0.0,0.0
2023-01-07,0.0,0.0,0.0,0.0,0.0,0.0,0.0,0.0,0.0
2023-01-08,0.0,0.0,0.0,0.0,0.0,0.0,0.0,0.0,0.0
2023-01-09,0.0,0.0,0.0,0.0,0.0,0.0,0.0,0.0,0.0
2023-01-10,0.0,0.0,0.0,0.0,0.0,0.0,0.0,0.0,0.0
2023-01-11,0.0,0.0,0.0,0.0,0.0,0.0,0.0,0.0,0.0
2023-01-12,0.0,0.0,0.0,0.0,0.0,0.0,0.0,0.0,0.0
2023-01-13,0.0,0.0,0.0,0.0,0.0,0.0,0.0,0.0,0.0
2023-01-14,0.0,0.0,0.0,0.0,0.0,0.0,0.0,0.0,0.0
2023-01-15,0.0,0.0,0.0,0.0,0.0,0.0,0.0,0.0,0.0
2023-01-16,0.0,0.0,0.0,0.0,0.0,0.0,0.0,0.0,0.0
2023-01-17,0.0,0.0,0.0,0.0,0.0,0.0,0.0,0.0,0.0
2023-01-18,0.0,0.0,0.0,0.0,0.0,0.0,0.0,0.0,0.0
2023-01-19,0.0,0.0,0.0,0.0,0.0,0.0,0.0,0.0,0.0
2023-01-20,0.0,0.0,0.0,0.0,0.0,0.0,0.0,0.0,0.0
2023-01-21,0.0,0.0,0.0,0.0,0.0,0.0,0.0,0.0,0.0
2023-01-22,0.0,0.0,0.0,0.0,0.0,0.0,0.0,0.0,0.0
2023-01-23,0.0,0.0,0.0,0.0,0.0,0.0,0.0,0.0,0.0
2023-01-24,0.0,0.0,0.0,0.0,0.0,0.0,0.0,0.0,0.0
2023-01-25,0.0,0.0,0.0,0.0,0.0,0.0,0.0,0.0,0.0
2023-01-26,0.0,0.0,0.2534889593171368,0.0,0.0,0.2489451785038566,0.0,0.24436178398487823,0.25320407819412855
2023-01-27,0.0,0.0,0.2534479729519066,0.0,0.0,0.24942011639260492,0.0,0.2456562371248741,0.25147567353061434
2023-01-28,0.0,0.0,0.25670775754322817,0.0,0.0,0.25063881872341365,0.0,0.2402089804837102,0.25244444324964793
2023-01-29,0.0,0.0,0.2519476825215693,0.0,0.0,0.2487182229437727,0.0,0.24984324193804114,0.24949085259661685
2023-01-30,0.0,0.0,0.25699693091125997,0.0,0.0,0.25105901688834514,0.0,0.23903538278193465,0.2529086694184602
2023-01-31,0.0,0.0,0.26431488114827545,0.0,0.0,0.2518970250392659,0.0,0.23451746161950482,0.2492706321929538
2023-02-01,0.0,0.0,0.2503420547750698,0.0,0.0,0.25023092780618567,0.0,0.2559446566483732,0.24348236077037133
2023-02-02,0.0,0.0,0.24994163574320413,0.0,0.0,0.24885555289898734,0.0,0.25847555163950064,0.24272725971830772
2023-02-03,0.0,0.0,0.25157228179173446,0.0,0.0,0.24446294828029252,0.0,0.2680146256003681,0.2359501443276049
2023-02-04,0.0,0.0,0.2715105489948846,0.0,0.0,0.23893739461402064,0.0,0.25792910433830696,0.23162295205278782
2023-02-05,0.0,0.0,0.2692642091297948,0.0,0.0,0.23921699912948347,0.0,0.25794806229139094,0.23357072944933074
2023-02-06,0.0,0.0,0.2678480111565091,0.0,0.0,0.24031001421792236,0.0,0.25633488434632373,0.23550709027924485
2023-02-07,0.0,0.0,0.26639596410343813,0.0,0.0,0.24202556777795226,0.0,0.25889915287790244,0.232679315240707
2023-02-08,0.0,0.0,0.2651272030428091,0.0,0.0,0.2460208002271108,0.0,0.25152819231932877,0.23732380441075127
2023-02-09,0.0,0.0,0.0,0.0,0.0,0.0,0.0,0.0,0.0
2023-02-10,0.0,0.0,0.0,0.0,0.0,0.0,0.0,0.0,0.0
2023-02-11,0.0,0.0,0.0,0.0,0.0,0.0,0.0,0.0,0.0
2023-02-12,0.0,0.0,0.0,0.0,0.0,0.0,0.0,0.0,0.0
2023-02-13,0.0,0.0,0.0,0.0,0.0,0.0,0.0,0.0,0.0
2023-02-14,0.0,0.0,0.0,0.0,0.0,0.0,0.0,0.0,0.0
2023-02-15,0.0,0.0,0.0,0.0,0.0,0.0,0.0,0.0,0.0
2023-02-16,0.0,0.0,0.0,0.0,0.0,0.0,0.0,0.0,0.0
2023-02-17,0.0,0.0,0.0,0.0,0.0,0.0,0.0,0.0,0.0
2023-02-18,0.0,0.0,0.0,0.0,0.0,0.0,0.0,0.0,0.0
2023-02-19,0.0,0.0,0.0,0.0,0.0,0.0,0.0,0.0,0.0
2023-02-20,0.0,0.0,0.0,0.0,0.0,0.0,0.0,0.0,0.0
2023-02-21,0.0,0.0,0.0,0.0,0.0,0.0,0.0,0.0,0.0
2023-02-22,0.0,0.0,0.0,0.0,0.0,0.0,0.0,0.0,0.0
2023-02-23,0.0,0.0,0.0,0.0,0.0,0.0,0.0,0.0,0.0
2023-02-24,0.0,0.0,0.0,0.0,0.0,0.0,0.0,0.0,0.0
2023-02-25,0.0,0.0,0.0,0.0,0.0,0.0,0.0,0.0,0.0
2023-02-26,0.0,0.0,0.0,0.0,0.0,0.0,0.0,0.0,0.0
2023-02-27,0.0,0.0,0.0,0.0,0.0,0.0,0.0,0.0,0.0
2023-02-28,0.0,0.0,0.0,0.0,0.0,0.0,0.0,0.0,0.0
2023-03-01,0.0,0.0,0.0,0.0,0.0,0.0,0.0,0.0,0.0
2023-03-02,0.0,0.0,0.0,0.0,0.0,0.0,0.0,0.0,0.0
2023-03-03,0.0,0.0,0.0,0.0,0.0,0.0,0.0,0.0,0.0
2023-03-04,0.0,0.0,0.0,0.0,0.0,0.0,0.0,0.0,0.0
2023-03-05,0.0,0.0,0.0,0.0,0.0,0.0,0.0,0.0,0.0
2023-03-06,0.0,0.0,0.0,0.0,0.0,0.0,0.0,0.0,0.0
2023-03-07,0.0,0.0,0.0,0.0,0.0,0.0,0.0,0.0,0.0
2023-03-08,0.0,0.0,0.0,0.0,0.0,0.0,0.0,0.0,0.0
2023-03-09,0.0,0.0,0.24474634941423584,0.0,0.0,0.24889777868508067,0.0,0.25811945048660145,0.24823642141408211
2023-03-10,0.0,0.0,0.25338661511893423,0.0,0.0,0.24663011536048174,0.0,0.24792527933852976,0.2520579901820545
2023-03-11,0.0,0.0,0.25908483216760836,0.0,0.0,0.24567280178721473,0.0,0.23418026615557658,0.2610620998896002
2023-03-12,0.0,0.0,0.24989009849662328,0.0,0.0,0.2375043682519509,0.0,0.25555497308749864,0.257050560163927
2023-03-13,0.0,0.0,0.2425543613033127,0.0,0.0,0.23169054044790635,0.0,0.260725620822597,0.2650294774261839
2023-03-14,0.0,0.0,0.23701871886895914,0.0,0.0,0.2252142585895034,0.0,0.2782791573005092,0.25948786524102835
2023-03-15,0.0,0.0,0.2325075305850558,0.0,0.0,0.22231901783587918,0.0,0.27583964081151846,0.2693338107675465
2023-03-16,0.0,0.0,0.23223719719803917,0.0,0.0,0.2219944686402768,0.0,0.2756544681982591,0.27011386596342485
2023-03-17,0.0,0.0,0.221761267841674,0.0,0.0,0.2132263022627872,0.0,0.29746022958751683,0.267552200308022
2023-03-18,0.0,0.0,0.2186641191808524,0.0,0.0,0.21426944815472243,0.0,0.2966319195057179,0.27043451315870726
2023-03-19,0.0,0.0,0.21890220348980127,0.0,0.0,0.2147668743283802,0.0,0.2906166946486357,0.2757142275331829
2023-03-20,0.0,0.0,0.22226051263665736,0.0,0.0,0.21561113502206364,0.0,0.27279645654645057,0.2893318957948284
2023-03-21,0.0,0.0,0.2217980294818621,0.0,0.0,0.23514152460164622,0.0,0.26661306147835,0.27644738443814154
2023-03-22,0.0,0.0,0.22283523649574932,0.0,0.0,0.23729582060266843,0.0,0.2611040889411481,0.27876485396043404
2023-03-23,0.0,0.24835066112404716,0.0,0.2568643314810867,0.0,0.0,0.0,0.24344789666555036,0.25133711072931575
2023-03-24,0.0,0.25528205381049474,0.0,0.25514520303044214,0.0,0.0,0.0,0.23320380507106622,0.2563689380879969
2023-03-25,0.0,0.25907373237381565,0.0,0.25447084103350104,0.0,0.0,0.0,0.2265060694306582,0.25994935716202505
2023-03-26,0.0,0.25715198115872095,0.0,0.2541789525864854,0.0,0.0,0.0,0.230861759491572,0.25780730676322156
2023-03-27,0.0,0.2569533867168275,0.0,0.25439504983692823,0.0,0.0,0.0,0.22429476943480453,0.2643567940114398
2023-03-28,0.0,0.2546855887343909,0.0,0.25285451566800254,0.0,0.0,0.0,0.23135222838680589,0.26110766721080064
2023-03-29,0.0,0.2464674645036571,0.0,0.2594727255888784,0.0,0.0,0.0,0.23179034143104876,0.2622694684764158
2023-03-30,0.0,0.2492400237796475,0.0,0.2549549266071941,0.0,0.0,0.0,0.23575173316785858,0.2600533164452997
2023-03-31,0.0,0.24506843628255348,0.0,0.2627406606400089,0.0,0.0,0.0,0.23281193927107213,0.25937896380636544
2023-04-01,0.0,0.24505006379358418,0.0,0.2630464001757843,0.0,0.0,0.0,0.2309033345453883,0.2610002014852431
2023-04-02,0.0,0.2502812408076874,0.0,0.25897162424165154,0.0,0.0,0.0,0.2260886306579647,0.2646585042926964
2023-04-03,0.0,0.24865931683373282,0.0,0.2611231215331487,0.0,0.0,0.0,0.2263285400866259,0.26388902154649263
2023-04-04,0.0,0.2466328415917776,0.0,0.2618898505807505,0.0,0.0,0.0,0.22807398533996753,0.26340332248750437
2023-04-05,0.0,0.24726669751329589,0.0,0.25813868698213094,0.0,0.0,0.0,0.2331294701502371,0.26146514535433607
2023-04-06,0.0,0.0,0.23728879489415397,0.0,0.0,0.25430604272724266,0.0,0.25220118230607574,0.25620398007252765
2023-04-07,0.0,0.0,0.23088579226137643,0.0,0.0,0.25909512468313445,0.0,0.252253640431477,0.2577654426240122
2023-04-08,0.0,0.0,0.23062887131830484,0.0,0.0,0.25866844746487927,0.0,0.25013333751604855,0.2605693437007673
2023-04-09,0.0,0.0,0.23297228549645774,0.0,0.0,0.25645031084228564,0.0,0.24968099247691494,0.2608964111843417
2023-04-10,0.0,0.0,0.2295616854386048,0.0,0.0,0.2553400997666673,0.0,0.25104037015518116,0.26405784463954685
2023-04-11,0.0,0.0,0.22783542428875753,0.0,0.0,0.25582658228508776,0.0,0.24715941979626435,0.2691785736298902
2023-04-12,0.0,0.0,0.22856514742206815,0.0,0.0,0.2527856266556502,0.0,0.24936352528838746,0.2692857006338943
2023-04-13,0.0,0.0,0.2290740506262284,0.0,0.0,0.24666731174913797,0.0,0.2621163864591125,0.2621422511655211
2023-04-14,0.0,0.0,0.22202456024627085,0.0,0.0,0.24057168810802018,0.0,0.2864173811184738,0.2509863705272352
2023-04-15,0.0,0.0,0.22392694510345063,0.0,0.0,0.24173172856398972,0.0,0.2832960907731072,0.25104523555945246
2023-04-16,0.0,0.0,0.22464700347948624,0.0,0.0,0.24276080455962779,0.0,0.28493610790640256,0.2476560840544834
2023-04-17,0.0,0.0,0.2314706313755429,0.0,0.0,0.24369907170592758,0.0,0.27959876025764063,0.24523153666088895
2023-04-18,0.0,0.0,0.23104622557281657,0.0,0.0,0.2447564287163492,0.0,0.27872043680582337,0.24547690890501087
2023-04-19,0.0,0.0,0.23409523386303743,0.0,0.0,0.24043278184161582,0.0,0.27305645123344113,0.2524155330619056
2023-04-20,0.0,0.0,0.24670041637670748,0.25042197952152423,0.0,0.0,0.0,0.24950487307508928,0.253372731026679
2023-04-21,0.0,0.0,0.24065716430821343,0.24721789675242944,0.0,0.0,0.0,0.25709063083984923,0.2550343080995079
2023-04-22,0.0,0.0,0.24223507949491788,0.24536381770802362,0.0,0.0,0.0,0.2564587805950498,0.2559423222020087
2023-04-23,0.0,0.0,0.24333246440016681,0.24784169946034035,0.0,0.0,0.0,0.2489401522951804,0.2598856838443125
2023-04-24,0.0,0.0,0.24396585143285465,0.24819183535582504,0.0,0.0,0.0,0.2478650534353642,0.2599772597759562
2023-04-25,0.0,0.0,0.24102018110401627,0.24910039202200973,0.0,0.0,0.0,0.24894078797289515,0.2609386389010788
2023-04-26,0.0,0.0,0.23971302421245838,0.2421193599760676,0.0,0.0,0.0,0.2537542244338139,0.2644133913776601
2023-04-27,0.0,0.0,0.23804399503435414,0.2414280076917872,0.0,0.0,0.0,0.25341233349938524,0.2671156637744735
2023-04-28,0.0,0.0,0.24121179996801692,0.23958365871713377,0.0,0.0,0.0,0.2505929037132694,0.26861163760157997
2023-04-29,0.0,0.0,0.24336972219856146,0.24308209701933897,0.0,0.0,0.0,0.24739332721089502,0.26615485357120466
2023-04-30,0.0,0.0,0.24054209512544794,0.24102633817617058,0.0,0.0,0.0,0.24865488542446068,0.26977668127392085
2023-05-01,0.0,0.0,0.24444586872630247,0.2424077911057686,0.0,0.0,0.0,0.2474704162505985,0.2656759239173303
2023-05-02,0.0,0.0,0.24113766951404542,0.24237009666004788,0.0,0.0,0.0,0.2486032555160726,0.267888978309834
2023-05-03,0.0,0.0,0.24112600815741625,0.24457207138543605,0.0,0.0,0.0,0.24604656085279614,0.26825535960435165
2023-05-04,0.0,0.0,0.0,0.0,0.0,0.0,0.0,0.0,0.0
2023-05-05,0.0,0.0,0.0,0.0,0.0,0.0,0.0,0.0,0.0
2023-05-06,0.0,0.0,0.0,0.0,0.0,0.0,0.0,0.0,0.0
2023-05-07,0.0,0.0,0.0,0.0,0.0,0.0,0.0,0.0,0.0
2023-05-08,0.0,0.0,0.0,0.0,0.0,0.0,0.0,0.0,0.0
2023-05-09,0.0,0.0,0.0,0.0,0.0,0.0,0.0,0.0,0.0
2023-05-10,0.0,0.0,0.0,0.0,0.0,0.0,0.0,0.0,0.0
2023-05-11,0.0,0.0,0.0,0.0,0.0,0.0,0.0,0.0,0.0
2023-05-12,0.0,0.0,0.0,0.0,0.0,0.0,0.0,0.0,0.0
2023-05-13,0.0,0.0,0.0,0.0,0.0,0.0,0.0,0.0,0.0
2023-05-14,0.0,0.0,0.0,0.0,0.0,0.0,0.0,0.0,0.0
2023-05-15,0.0,0.0,0.0,0.0,0.0,0.0,0.0,0.0,0.0
2023-05-16,0.0,0.0,0.0,0.0,0.0,0.0,0.0,0.0,0.0
2023-05-17,0.0,0.0,0.0,0.0,0.0,0.0,0.0,0.0,0.0
2023-05-18,0.0,0.0,0.0,0.0,0.0,0.0,0.0,0.0,0.0
2023-05-19,0.0,0.0,0.0,0.0,0.0,0.0,0.0,0.0,0.0
2023-05-20,0.0,0.0,0.0,0.0,0.0,0.0,0.0,0.0,0.0
2023-05-21,0.0,0.0,0.0,0.0,0.0,0.0,0.0,0.0,0.0
2023-05-22,0.0,0.0,0.0,0.0,0.0,0.0,0.0,0.0,0.0
2023-05-23,0.0,0.0,0.0,0.0,0.0,0.0,0.0,0.0,0.0
2023-05-24,0.0,0.0,0.0,0.0,0.0,0.0,0.0,0.0,0.0
2023-05-25,0.0,0.0,0.0,0.0,0.0,0.0,0.0,0.0,0.0
2023-05-26,0.0,0.0,0.0,0.0,0.0,0.0,0.0,0.0,0.0
2023-05-27,0.0,0.0,0.0,0.0,0.0,0.0,0.0,0.0,0.0
2023-05-28,0.0,0.0,0.0,0.0,0.0,0.0,0.0,0.0,0.0
2023-05-29,0.0,0.0,0.0,0.0,0.0,0.0,0.0,0.0,0.0
2023-05-30,0.0,0.0,0.0,0.0,0.0,0.0,0.0,0.0,0.0
2023-05-31,0.0,0.0,0.0,0.0,0.0,0.0,0.0,0.0,0.0
2023-06-01,0.0,0.0,0.0,0.0,0.0,0.0,0.0,0.0,0.0
2023-06-02,0.0,0.0,0.0,0.0,0.0,0.0,0.0,0.0,0.0
2023-06-03,0.0,0.0,0.0,0.0,0.0,0.0,0.0,0.0,0.0
2023-06-04,0.0,0.0,0.0,0.0,0.0,0.0,0.0,0.0,0.0
2023-06-05,0.0,0.0,0.0,0.0,0.0,0.0,0.0,0.0,0.0
2023-06-06,0.0,0.0,0.0,0.0,0.0,0.0,0.0,0.0,0.0
2023-06-07,0.0,0.0,0.0,0.0,0.0,0.0,0.0,0.0,0.0
2023-06-08,0.0,0.0,0.0,0.0,0.0,0.0,0.0,0.0,0.0
2023-06-09,0.0,0.0,0.0,0.0,0.0,0.0,0.0,0.0,0.0
2023-06-10,0.0,0.0,0.0,0.0,0.0,0.0,0.0,0.0,0.0
2023-06-11,0.0,0.0,0.0,0.0,0.0,0.0,0.0,0.0,0.0
2023-06-12,0.0,0.0,0.0,0.0,0.0,0.0,0.0,0.0,0.0
2023-06-13,0.0,0.0,0.0,0.0,0.0,0.0,0.0,0.0,0.0
2023-06-14,0.0,0.0,0.0,0.0,0.0,0.0,0.0,0.0,0.0
2023-06-15,0.0,0.0,0.0,0.0,0.0,0.0,0.0,0.0,0.0
2023-06-16,0.0,0.0,0.0,0.0,0.0,0.0,0.0,0.0,0.0
2023-06-17,0.0,0.0,0.0,0.0,0.0,0.0,0.0,0.0,0.0
2023-06-18,0.0,0.0,0.0,0.0,0.0,0.0,0.0,0.0,0.0
2023-06-19,0.0,0.0,0.0,0.0,0.0,0.0,0.0,0.0,0.0
2023-06-20,0.0,0.0,0.0,0.0,0.0,0.0,0.0,0.0,0.0
2023-06-21,0.0,0.0,0.0,0.0,0.0,0.0,0.0,0.0,0.0
2023-06-22,0.0,0.0,0.0,0.0,0.0,0.0,0.0,0.0,0.0
2023-06-23,0.0,0.0,0.0,0.0,0.0,0.0,0.0,0.0,0.0
2023-06-24,0.0,0.0,0.0,0.0,0.0,0.0,0.0,0.0,0.0
2023-06-25,0.0,0.0,0.0,0.0,0.0,0.0,0.0,0.0,0.0
2023-06-26,0.0,0.0,0.0,0.0,0.0,0.0,0.0,0.0,0.0
2023-06-27,0.0,0.0,0.0,0.0,0.0,0.0,0.0,0.0,0.0
2023-06-28,0.0,0.0,0.0,0.0,0.0,0.0,0.0,0.0,0.0
2023-06-29,0.0,0.0,0.0,0.0,0.0,0.0,0.0,0.0,0.0
2023-06-30,0.0,0.0,0.0,0.0,0.0,0.0,0.0,0.0,0.0
2023-07-01,0.0,0.0,0.0,0.0,0.0,0.0,0.0,0.0,0.0
2023-07-02,0.0,0.0,0.0,0.0,0.0,0.0,0.0,0.0,0.0
2023-07-03,0.0,0.0,0.0,0.0,0.0,0.0,0.0,0.0,0.0
2023-07-04,0.0,0.0,0.0,0.0,0.0,0.0,0.0,0.0,0.0
2023-07-05,0.0,0.0,0.0,0.0,0.0,0.0,0.0,0.0,0.0
2023-07-06,0.0,0.0,0.0,0.0,0.0,0.0,0.0,0.0,0.0
2023-07-07,0.0,0.0,0.0,0.0,0.0,0.0,0.0,0.0,0.0
2023-07-08,0.0,0.0,0.0,0.0,0.0,0.0,0.0,0.0,0.0
2023-07-09,0.0,0.0,0.0,0.0,0.0,0.0,0.0,0.0,0.0
2023-07-10,0.0,0.0,0.0,0.0,0.0,0.0,0.0,0.0,0.0
2023-07-11,0.0,0.0,0.0,0.0,0.0,0.0,0.0,0.0,0.0
2023-07-12,0.0,0.0,0.0,0.0,0.0,0.0,0.0,0.0,0.0
2023-07-13,0.0,0.0,0.0,0.0,0.0,0.0,0.0,0.0,0.0
2023-07-14,0.0,0.0,0.0,0.0,0.0,0.0,0.0,0.0,0.0
2023-07-15,0.0,0.0,0.0,0.0,0.0,0.0,0.0,0.0,0.0
2023-07-16,0.0,0.0,0.0,0.0,0.0,0.0,0.0,0.0,0.0
2023-07-17,0.0,0.0,0.0,0.0,0.0,0.0,0.0,0.0,0.0
2023-07-18,0.0,0.0,0.0,0.0,0.0,0.0,0.0,0.0,0.0
2023-07-19,0.0,0.0,0.0,0.0,0.0,0.0,0.0,0.0,0.0
2023-07-20,0.0,0.0,0.0,0.0,0.0,0.0,0.0,0.0,0.0
2023-07-21,0.0,0.0,0.0,0.0,0.0,0.0,0.0,0.0,0.0
2023-07-22,0.0,0.0,0.0,0.0,0.0,0.0,0.0,0.0,0.0
2023-07-23,0.0,0.0,0.0,0.0,0.0,0.0,0.0,0.0,0.0
2023-07-24,0.0,0.0,0.0,0.0,0.0,0.0,0.0,0.0,0.0
2023-07-25,0.0,0.0,0.0,0.0,0.0,0.0,0.0,0.0,0.0
2023-07-26,0.0,0.0,0.0,0.0,0.0,0.0,0.0,0.0,0.0
2023-07-27,0.0,0.0,0.0,0.0,0.0,0.0,0.0,0.0,0.0
2023-07-28,0.0,0.0,0.0,0.0,0.0,0.0,0.0,0.0,0.0
2023-07-29,0.0,0.0,0.0,0.0,0.0,0.0,0.0,0.0,0.0
2023-07-30,0.0,0.0,0.0,0.0,0.0,0.0,0.0,0.0,0.0
2023-07-31,0.0,0.0,0.0,0.0,0.0,0.0,0.0,0.0,0.0
2023-08-01,0.0,0.0,0.0,0.0,0.0,0.0,0.0,0.0,0.0
2023-08-02,0.0,0.0,0.0,0.0,0.0,0.0,0.0,0.0,0.0
2023-08-03,0.0,0.0,0.0,0.0,0.0,0.0,0.0,0.0,0.0
2023-08-04,0.0,0.0,0.0,0.0,0.0,0.0,0.0,0.0,0.0
2023-08-05,0.0,0.0,0.0,0.0,0.0,0.0,0.0,0.0,0.0
2023-08-06,0.0,0.0,0.0,0.0,0.0,0.0,0.0,0.0,0.0
2023-08-07,0.0,0.0,0.0,0.0,0.0,0.0,0.0,0.0,0.0
2023-08-08,0.0,0.0,0.0,0.0,0.0,0.0,0.0,0.0,0.0
2023-08-09,0.0,0.0,0.0,0.0,0.0,0.0,0.0,0.0,0.0
2023-08-10,0.0,0.0,0.0,0.0,0.0,0.0,0.0,0.0,0.0
2023-08-11,0.0,0.0,0.0,0.0,0.0,0.0,0.0,0.0,0.0
2023-08-12,0.0,0.0,0.0,0.0,0.0,0.0,0.0,0.0,0.0
2023-08-13,0.0,0.0,0.0,0.0,0.0,0.0,0.0,0.0,0.0
2023-08-14,0.0,0.0,0.0,0.0,0.0,0.0,0.0,0.0,0.0
2023-08-15,0.0,0.0,0.0,0.0,0.0,0.0,0.0,0.0,0.0
2023-08-16,0.0,0.0,0.0,0.0,0.0,0.0,0.0,0.0,0.0
2023-08-17,0.0,0.0,0.0,0.0,0.0,0.0,0.0,0.0,0.0
2023-08-18,0.0,0.0,0.0,0.0,0.0,0.0,0.0,0.0,0.0
2023-08-19,0.0,0.0,0.0,0.0,0.0,0.0,0.0,0.0,0.0
2023-08-20,0.0,0.0,0.0,0.0,0.0,0.0,0.0,0.0,0.0
2023-08-21,0.0,0.0,0.0,0.0,0.0,0.0,0.0,0.0,0.0
2023-08-22,0.0,0.0,0.0,0.0,0.0,0.0,0.0,0.0,0.0
2023-08-23,0.0,0.0,0.0,0.0,0.0,0.0,0.0,0.0,0.0
2023-08-24,0.0,0.0,0.0,0.0,0.0,0.0,0.0,0.0,0.0
2023-08-25,0.0,0.0,0.0,0.0,0.0,0.0,0.0,0.0,0.0
2023-08-26,0.0,0.0,0.0,0.0,0.0,0.0,0.0,0.0,0.0
2023-08-27,0.0,0.0,0.0,0.0,0.0,0.0,0.0,0.0,0.0
2023-08-28,0.0,0.0,0.0,0.0,0.0,0.0,0.0,0.0,0.0
2023-08-29,0.0,0.0,0.0,0.0,0.0,0.0,0.0,0.0,0.0
2023-08-30,0.0,0.0,0.0,0.0,0.0,0.0,0.0,0.0,0.0
2023-08-31,0.0,0.0,0.0,0.0,0.0,0.0,0.0,0.0,0.0
2023-09-01,0.0,0.0,0.0,0.0,0.0,0.0,0.0,0.0,0.0
2023-09-02,0.0,0.0,0.0,0.0,0.0,0.0,0.0,0.0,0.0
2023-09-03,0.0,0.0,0.0,0.0,0.0,0.0,0.0,0.0,0.0
2023-09-04,0.0,0.0,0.0,0.0,0.0,0.0,0.0,0.0,0.0
2023-09-05,0.0,0.0,0.0,0.0,0.0,0.0,0.0,0.0,0.0
2023-09-06,0.0,0.0,0.0,0.0,0.0,0.0,0.0,0.0,0.0
2023-09-07,0.0,0.0,0.0,0.0,0.0,0.0,0.0,0.0,0.0
2023-09-08,0.0,0.0,0.0,0.0,0.0,0.0,0.0,0.0,0.0
2023-09-09,0.0,0.0,0.0,0.0,0.0,0.0,0.0,0.0,0.0
2023-09-10,0.0,0.0,0.0,0.0,0.0,0.0,0.0,0.0,0.0
2023-09-11,0.0,0.0,0.0,0.0,0.0,0.0,0.0,0.0,0.0
2023-09-12,0.0,0.0,0.0,0.0,0.0,0.0,0.0,0.0,0.0
2023-09-13,0.0,0.0,0.0,0.0,0.0,0.0,0.0,0.0,0.0
2023-09-14,0.0,0.0,0.0,0.0,0.0,0.0,0.0,0.0,0.0
2023-09-15,0.0,0.0,0.0,0.0,0.0,0.0,0.0,0.0,0.0
2023-09-16,0.0,0.0,0.0,0.0,0.0,0.0,0.0,0.0,0.0
2023-09-17,0.0,0.0,0.0,0.0,0.0,0.0,0.0,0.0,0.0
2023-09-18,0.0,0.0,0.0,0.0,0.0,0.0,0.0,0.0,0.0
2023-09-19,0.0,0.0,0.0,0.0,0.0,0.0,0.0,0.0,0.0
2023-09-20,0.0,0.0,0.0,0.0,0.0,0.0,0.0,0.0,0.0
2023-09-21,0.0,0.0,0.0,0.0,0.0,0.0,0.0,0.0,0.0
2023-09-22,0.0,0.0,0.0,0.0,0.0,0.0,0.0,0.0,0.0
2023-09-23,0.0,0.0,0.0,0.0,0.0,0.0,0.0,0.0,0.0
2023-09-24,0.0,0.0,0.0,0.0,0.0,0.0,0.0,0.0,0.0
2023-09-25,0.0,0.0,0.0,0.0,0.0,0.0,0.0,0.0,0.0
2023-09-26,0.0,0.0,0.0,0.0,0.0,0.0,0.0,0.0,0.0
2023-09-27,0.0,0.0,0.0,0.0,0.0,0.0,0.0,0.0,0.0
2023-09-28,0.0,0.0,0.0,0.0,0.0,0.0,0.0,0.0,0.0
2023-09-29,0.0,0.0,0.0,0.0,0.0,0.0,0.0,0.0,0.0
2023-09-30,0.0,0.0,0.0,0.0,0.0,0.0,0.0,0.0,0.0
2023-10-01,0.0,0.0,0.0,0.0,0.0,0.0,0.0,0.0,0.0
2023-10-02,0.0,0.0,0.0,0.0,0.0,0.0,0.0,0.0,0.0
2023-10-03,0.0,0.0,0.0,0.0,0.0,0.0,0.0,0.0,0.0
2023-10-04,0.0,0.0,0.0,0.0,0.0,0.0,0.0,0.0,0.0
2023-10-05,0.0,0.0,0.0,0.0,0.0,0.0,0.0,0.0,0.0
2023-10-06,0.0,0.0,0.0,0.0,0.0,0.0,0.0,0.0,0.0
2023-10-07,0.0,0.0,0.0,0.0,0.0,0.0,0.0,0.0,0.0
2023-10-08,0.0,0.0,0.0,0.0,0.0,0.0,0.0,0.0,0.0
2023-10-09,0.0,0.0,0.0,0.0,0.0,0.0,0.0,0.0,0.0
2023-10-10,0.0,0.0,0.0,0.0,0.0,0.0,0.0,0.0,0.0
2023-10-11,0.0,0.0,0.0,0.0,0.0,0.0,0.0,0.0,0.0
2023-10-12,0.0,0.0,0.0,0.0,0.0,0.0,0.0,0.0,0.0
2023-10-13,0.0,0.0,0.0,0.0,0.0,0.0,0.0,0.0,0.0
2023-10-14,0.0,0.0,0.0,0.0,0.0,0.0,0.0,0.0,0.0
2023-10-15,0.0,0.0,0.0,0.0,0.0,0.0,0.0,0.0,0.0
2023-10-16,0.0,0.0,0.0,0.0,0.0,0.0,0.0,0.0,0.0
2023-10-17,0.0,0.0,0.0,0.0,0.0,0.0,0.0,0.0,0.0
2023-10-18,0.0,0.0,0.0,0.0,0.0,0.0,0.0,0.0,0.0
2023-10-19,0.0,0.0,0.0,0.0,0.0,0.0,0.0,0.0,0.0
2023-10-20,0.0,0.0,0.0,0.0,0.0,0.0,0.0,0.0,0.0
2023-10-21,0.0,0.0,0.0,0.0,0.0,0.0,0.0,0.0,0.0
2023-10-22,0.0,0.0,0.0,0.0,0.0,0.0,0.0,0.0,0.0
2023-10-23,0.0,0.0,0.0,0.0,0.0,0.0,0.0,0.0,0.0
2023-10-24,0.0,0.0,0.0,0.0,0.0,0.0,0.0,0.0,0.0
2023-10-25,0.0,0.0,0.0,0.0,0.0,0.0,0.0,0.0,0.0
2023-10-26,0.0,0.0,0.0,0.0,0.0,0.0,0.0,0.0,0.0
2023-10-27,0.0,0.0,0.0,0.0,0.0,0.0,0.0,0.0,0.0
2023-10-28,0.0,0.0,0.0,0.0,0.0,0.0,0.0,0.0,0.0
2023-10-29,0.0,0.0,0.0,0.0,0.0,0.0,0.0,0.0,0.0
2023-10-30,0.0,0.0,0.0,0.0,0.0,0.0,0.0,0.0,0.0
2023-10-31,0.0,0.0,0.0,0.0,0.0,0.0,0.0,0.0,0.0
2023-11-01,0.0,0.0,0.0,0.0,0.0,0.0,0.0,0.0,0.0
2023-11-02,0.0,0.0,0.0,0.24239553485101037,0.0,0.2547088845423657,0.0,0.25019207381285274,0.25270350679377135
2023-11-03,0.0,0.0,0.0,0.24951092912169065,0.0,0.2548445965069474,0.0,0.24727371939599452,0.2483707549753676
2023-11-04,0.0,0.0,0.0,0.24659105303010617,0.0,0.2522155813852161,0.0,0.2540911405304065,0.24710222505427132
2023-11-05,0.0,0.0,0.0,0.25407835738254203,0.0,0.2623307245420966,0.0,0.24469650572772178,0.23889441234763972
2023-11-06,0.0,0.0,0.0,0.2591842495253118,0.0,0.27262763598627904,0.0,0.23846401635837067,0.22972409813003844
2023-11-07,0.0,0.0,0.0,0.2620639451159104,0.0,0.2630683512257927,0.0,0.24123684199591688,0.23363086166237992
2023-11-08,0.0,0.0,0.0,0.2882550939497179,0.0,0.2534546724525489,0.0,0.2324475912615318,0.22584264233620147
2023-11-09,0.0,0.0,0.0,0.2784512278280269,0.0,0.24269550713529253,0.0,0.24924948932432284,0.2296037757123578
2023-11-10,0.0,0.0,0.0,0.2823051409568464,0.0,0.22946574051712124,0.0,0.2651143059624702,0.22311481256356216
2023-11-11,0.0,0.0,0.0,0.29533829268139405,0.0,0.2270949685246275,0.0,0.25881262596898585,0.21875411282499252
2023-11-12,0.0,0.0,0.0,0.2902444666374926,0.0,0.22878074099787182,0.0,0.2606016281033796,0.2203731642612559
2023-11-13,0.0,0.0,0.0,0.2713485778985242,0.0,0.24208701548950803,0.0,0.2601416735590251,0.22642273305294272
2023-11-14,0.0,0.0,0.0,0.2686608012323517,0.0,0.2316440862640957,0.0,0.27481725606528584,0.22487785643826677
2023-11-15,0.0,0.0,0.0,0.27039170249902894,0.0,0.22280241055669228,0.0,0.2831060135773573,0.2236998733669214
2023-11-16,0.0,0.0,0.0,0.2477506905421665,0.0,0.25352902750805456,0.0,0.24228030530164954,0.25643997664812934
2023-11-17,0.0,0.0,0.0,0.24259083303430218,0.0,0.2517615211494435,0.0,0.2483593403244504,0.2572883054918039
2023-11-18,0.0,0.0,0.0,0.24451776958932658,0.0,0.2518088895410407,0.0,0.24553152806770423,0.2581418128019285
2023-11-19,0.0,0.0,0.0,0.24990019824254278,0.0,0.2432088292388112,0.0,0.2582760023449683,0.24861497017367765
2023-11-20,0.0,0.0,0.0,0.2478347697659236,0.0,0.24312948059948036,0.0,0.25438533813138575,0.25465041150321027
2023-11-21,0.0,0.0,0.0,0.24423010512042623,0.0,0.2452924656353268,0.0,0.2511552969532552,0.2593221322909918
2023-11-22,0.0,0.0,0.0,0.24307326718583808,0.0,0.24247352264723096,0.0,0.26030592427153176,0.25414728589539914
2023-11-23,0.0,0.0,0.0,0.24440269711745263,0.0,0.24445269379539045,0.0,0.25964673706474767,0.2514978720224092
2023-11-24,0.0,0.0,0.0,0.24456313396705429,0.0,0.2431877597453283,0.0,0.2595633473658408,0.25268575892177664
2023-11-25,0.0,0.0,0.0,0.2471915300100206,0.0,0.24168781678262713,0.0,0.26012694181357565,0.2509937113937767
2023-11-26,0.0,0.0,0.0,0.2504483862148426,0.0,0.2422065046193902,0.0,0.25517257653555103,0.25217253263021616
2023-11-27,0.0,0.0,0.0,0.24619000305427624,0.0,0.24299140026406044,0.0,0.25427518331364124,0.25654341336802206
2023-11-28,0.0,0.0,0.0,0.24732741122805824,0.0,0.24116518827757857,0.0,0.25582024260387787,0.2556871578904853
2023-11-29,0.0,0.0,0.0,0.24850671885453293,0.0,0.24180722292148754,0.0,0.2524311004597258,0.25725495776425367
2023-11-30,0.0,0.0,0.25702731096455644,0.24615248253426875,0.0,0.0,0.0,0.24965551941977734,0.24716468708139758
2023-12-01,0.0,0.0,0.2529430362740221,0.25080649267772237,0.0,0.0,0.0,0.24809668951097985,0.24815378153727566
2023-12-02,0.0,0.0,0.25024793269972273,0.25746328448460026,0.0,0.0,0.0,0.24872118709594115,0.24356759571973596
2023-12-03,0.0,0.0,0.2503753070582798,0.25434122666516296,0.0,0.0,0.0,0.2470515151981535,0.24823195107840385
2023-12-04,0.0,0.0,0.25967273914290684,0.24772691127202015,0.0,0.0,0.0,0.24031409773735737,0.2522862518477158
2023-12-05,0.0,0.0,0.2595182393319617,0.23990423496909652,0.0,0.0,0.0,0.24270549294980498,0.2578720327491369
2023-12-06,0.0,0.0,0.2602411787625816,0.23223281619773958,0.0,0.0,0.0,0.25223510653189696,0.2552908985077818
2023-12-07,0.0,0.0,0.2584615920303826,0.23454405714620002,0.0,0.0,0.0,0.2590086636359092,0.24798568718750807
2023-12-08,0.0,0.0,0.25525721823914493,0.23547274582519737,0.0,0.0,0.0,0.2734444299690212,0.23582560596663665
2023-12-09,0.0,0.0,0.25178793810461486,0.22961323413754597,0.0,0.0,0.0,0.28093884223741883,0.23765998552042034
2023-12-10,0.0,0.0,0.2501097117098343,0.2227861873746954,0.0,0.0,0.0,0.2985466932670328,0.22855740764843735
2023-12-11,0.0,0.0,0.24521340902191377,0.21332105687095226,0.0,0.0,0.0,0.31306897797003475,0.22839655613709917
2023-12-12,0.0,0.0,0.2464786088035,0.2114783633685122,0.0,0.0,0.0,0.3102354847143496,0.23180754311363821
2023-12-13,0.0,0.0,0.24611972742261118,0.2090465496691426,0.0,0.0,0.0,0.31204713309124543,0.2327865898170009
2023-12-14,0.0,0.0,0.2493692329256185,0.2542155995415194,0.0,0.0,0.0,0.25114900234292814,0.24526616518993408
2023-12-15,0.0,0.0,0.2456074462439459,0.246218182418617,0.0,0.0,0.0,0.25913907830176774,0.24903529303566935
2023-12-16,0.0,0.0,0.25134280539982684,0.24180957508789439,0.0,0.0,0.0,0.2610144138999654,0.24583320561231342
2023-12-17,0.0,0.0,0.2457746391463459,0.24203957891498246,0.0,0.0,0.0,0.2661677536537391,0.2460180282849325
2023-12-18,0.0,0.0,0.2330323320906572,0.24225848547378945,0.0,0.0,0.0,0.28214876757557,0.24256041485998325
2023-12-19,0.0,0.0,0.23342532783791742,0.238229387964655,0.0,0.0,0.0,0.2824002824329459,0.24594500176448175
2023-12-20,0.0,0.0,0.2249967174756852,0.22877262252696282,0.0,0.0,0.0,0.3047842562169939,0.2414464037803581
2023-12-21,0.0,0.0,0.22790405494283256,0.23963609137140762,0.0,0.0,0.0,0.2957985334660841,0.23666132021967576
2023-12-22,0.0,0.0,0.22913231171219303,0.24379116272892876,0.0,0.0,0.0,0.2885438796832677,0.23853264587561052
2023-12-23,0.0,0.0,0.22093035230345984,0.24207294670699742,0.0,0.0,0.0,0.30462707518513477,0.23236962580440806
2023-12-24,0.0,0.0,0.22165784167652758,0.2409045667351249,0.0,0.0,0.0,0.3038375916213622,0.23359999996698533
2023-12-25,0.0,0.0,0.22197668468839443,0.23939008157079839,0.0,0.0,0.0,0.3080997977677338,0.23053343597307338
2023-12-26,0.0,0.0,0.22600305478061292,0.24366129948767953,0.0,0.0,0.0,0.2939002704008816,0.23643537533082604
2023-12-27,0.0,0.0,0.22427665095914023,0.2613403371400372,0.0,0.0,0.0,0.2803902206023001,0.23399279129852255
2023-12-28,0.0,0.2581024317252995,0.0,0.24854552640428335,0.0,0.0,0.0,0.23920006231895719,0.25415197955146007
2023-12-29,0.0,0.2549055613753558,0.0,0.24494186846012866,0.0,0.0,0.0,0.2450735093677951,0.25507906079672044
2023-12-30,0.0,0.25767068292883893,0.0,0.23916554369774223,0.0,0.0,0.0,0.24758608985949504,0.2555776835139238
2023-12-31,0.0,0.25731342374184096,0.0,0.23901245705187632,0.0,0.0,0.0,0.24332844127202824,0.2603456779342544
2024-01-01,0.0,0.24698904338143404,0.0,0.2377235771217162,0.0,0.0,0.0,0.2555618285717423,0.2597255509251074
2024-01-02,0.0,0.2497761672861976,0.0,0.23532583645002947,0.0,0.0,0.0,0.24657158134182877,0.2683264149219442
2024-01-03,0.0,0.26495742030407105,0.0,0.23039083288341464,0.0,0.0,0.0,0.23645880490662918,0.26819294190588516
2024-01-04,0.0,0.2606518931703907,0.0,0.2269612131476992,0.0,0.0,0.0,0.24704397003528586,0.26534292364662415
2024-01-05,0.0,0.26047368526131953,0.0,0.22427594969110037,0.0,0.0,0.0,0.2449593442360099,0.2702910208115702
2024-01-06,0.0,0.2574961634508109,0.0,0.21831522235951156,0.0,0.0,0.0,0.2493514548206672,0.27483715936901043
2024-01-07,0.0,0.25960534873942376,0.0,0.21908667978797097,0.0,0.0,0.0,0.23987142613481804,0.2814365453377871
2024-01-08,0.0,0.24475373084559537,0.0,0.22106144107731474,0.0,0.0,0.0,0.2518281668840987,0.28235666119299113
2024-01-09,0.0,0.24914582281356887,0.0,0.22024052585803777,0.0,0.0,0.0,0.2458307578113838,0.2847828935170095
2024-01-10,0.0,0.24203003322328587,0.0,0.2315671118336232,0.0,0.0,0.0,0.250762300798503,0.2756405541445879
2024-01-11,0.0,0.0,0.2566570724474916,0.0,0.0,0.255574407822706,0.0,0.23742152358745772,0.2503469961423447
2024-01-12,0.0,0.0,0.25618992540143803,0.0,0.0,0.2642758293274109,0.0,0.23596637723232494,0.24356786803882624
2024-01-13,0.0,0.0,0.25480286301425337,0.0,0.0,0.2594134813807979,0.0,0.2457270889114642,0.24005656669348466
2024-01-14,0.0,0.0,0.25779434683642277,0.0,0.0,0.2615507359719784,0.0,0.24140525144461064,0.2392496657469882
2024-01-15,0.0,0.0,0.25525829189375593,0.0,0.0,0.25425938608857457,0.0,0.25224422791671475,0.2382380941009548
2024-01-16,0.0,0.0,0.25557507680681407,0.0,0.0,0.25437488723566487,0.0,0.24875941847398036,0.2412906174835407
2024-01-17,0.0,0.0,0.25733010401087614,0.0,0.0,0.2569071017306642,0.0,0.24268931732213928,0.2430734769363204
2024-01-18,0.0,0.0,0.25949888981164415,0.0,0.0,0.26091199073843463,0.0,0.23518017457196683,0.24440894487795442
2024-01-19,0.0,0.0,0.2595438442074574,0.0,0.0,0.2638885210348004,0.0,0.23161743210686644,0.24495020265087578
2024-01-20,0.0,0.0,0.28718657924345825,0.0,0.0,0.25535825376531274,0.0,0.2221678535690486,0.2352873134221805
2024-01-21,0.0,0.0,0.27616941766241826,0.0,0.0,0.25951564144194295,0.0,0.22496700857525065,0.23934793232038806
2024-01-22,0.0,0.0,0.27491965483198333,0.0,0.0,0.2607757813179061,0.0,0.2239158115756481,0.24038875227446246
2024-01-23,0.0,0.0,0.2709570749203711,0.0,0.0,0.25858661282811224,0.0,0.22441394280629398,0.24604236944522268
2024-01-24,0.0,0.0,0.26944235728931004,0.0,0.0,0.255735092356534,0.0,0.2315606227966931,0.24326192755746287
2024-01-25,0.0,0.0,0.25260809732683426,0.24733214689289543,0.0,0.0,0.0,0.2445960833613987,0.25546367241887163
2024-01-26,0.0,0.0,0.24416183815551865,0.24097456986781404,0.0,0.0,0.0,0.26273090141757144,0.252132690559096
2024-01-27,0.0,0.0,0.24562971679819134,0.24403823901407604,0.0,0.0,0.0,0.2558069058576841,0.2545251383300484
2024-01-28,0.0,0.0,0.24344398058654895,0.24848956583429868,0.0,0.0,0.0,0.2521606455112694,0.255905808067883
2024-01-29,0.0,0.0,0.23932607961396218,0.2450196359263218,0.0,0.0,0.0,0.26451622403780467,0.2511380604219112
2024-01-30,0.0,0.0,0.23425313995246932,0.25236616737749756,0.0,0.0,0.0,0.264648606316603,0.24873208635343014
2024-01-31,0.0,0.0,0.2352149792007668,0.2557915887951938,0.0,0.0,0.0,0.25835628533118077,0.25063714667285864
2024-02-01,0.0,0.0,0.2286911006304919,0.2750216481065911,0.0,0.0,0.0,0.2514694466105383,0.2448178046523787
2024-02-02,0.0,0.0,0.22721922599039981,0.2837528822353991,0.0,0.0,0.0,0.24489597605736896,0.24413191571683204
2024-02-03,0.0,0.0,0.22776180615467045,0.2836142430184018,0.0,0.0,0.0,0.24330049390897268,0.24532345691795504
2024-02-04,0.0,0.0,0.22557654739119376,0.29040020545399214,0.0,0.0,0.0,0.24218876607665057,0.24183448107816352
2024-02-05,0.0,0.0,0.21970643200947504,0.29838536628536094,0.0,0.0,0.0,0.2457543689006058,0.23615383280455804
2024-02-06,0.0,0.0,0.22229815740926903,0.28768888133409615,0.0,0.0,0.0,0.24935888318504998,0.2406540780715848
2024-02-07,0.0,0.0,0.22115769887500752,0.2883243276917561,0.0,0.0,0.0,0.2492104185683884,0.24130755486484812
2024-02-08,0.0,0.0,0.0,0.2424130720701862,0.0,0.2507500687676877,0.0,0.2511239997244496,0.25571285943767647
2024-02-09,0.0,0.0,0.0,0.23553818261136994,0.0,0.24562465217250018,0.0,0.2638710187712763,0.2549661464448537
2024-02-10,0.0,0.0,0.0,0.24086638331754787,0.0,0.24213839130031292,0.0,0.26130688624853915,0.2556883391336
2024-02-11,0.0,0.0,0.0,0.25106256622539125,0.0,0.24011512256955486,0.0,0.25345994825754253,0.25536236294751136
2024-02-12,0.0,0.0,0.0,0.24889676417250592,0.0,0.23661114019735296,0.0,0.25699865325038246,0.2574934423797587
2024-02-13,0.0,0.0,0.0,0.24243368905298285,0.0,0.23429708428820376,0.0,0.2659781537905894,0.257291072868224
2024-02-14,0.0,0.0,0.0,0.23975526683446297,0.0,0.23325573205106134,0.0,0.2667146822528246,0.2602743188616511
2024-02-15,0.0,0.0,0.0,0.23599238073219508,0.0,0.24373125598899875,0.0,0.2596525280389339,0.26062383523987226
2024-02-16,0.0,0.0,0.0,0.23385911737681384,0.0,0.24704927528295495,0.0,0.2546493339410179,0.2644422733992133
2024-02-17,0.0,0.0,0.0,0.24138576369825832,0.0,0.24253637670335937,0.0,0.252053101961366,0.2640247576370163
2024-02-18,0.0,0.0,0.0,0.2393371291415615,0.0,0.24274504508358058,0.0,0.2548001302467402,0.2631176955281177
2024-02-19,0.0,0.0,0.0,0.23719492831680075,0.0,0.24649947754300114,0.0,0.25354667135404396,0.262758922786154
2024-02-20,0.0,0.0,0.0,0.2335641367049022,0.0,0.24930317366988522,0.0,0.24878339825614748,0.2683492913690651
2024-02-21,0.0,0.0,0.0,0.23018815398085085,0.0,0.24882883107689624,0.0,0.24873933029461942,0.2722436846476335
2024-02-22,0.0,0.24652400652868856,0.0,0.25506130502294666,0.0,0.25625636545646674,0.0,0.2421583229918981,0.0
2024-02-23,0.0,0.24989578159972525,0.0,0.26120508904273965,0.0,0.25473467486303214,0.0,0.23416445449450302,0.0
2024-02-24,0.0,0.24975554208466968,0.0,0.2624210359466315,0.0,0.2538460813434901,0.0,0.23397734062520864,0.0
2024-02-25,0.0,0.2517963453566485,0.0,0.26139048047919516,0.0,0.2498665047158175,0.0,0.23694666944833875,0.0
2024-02-26,0.0,0.2547018364254341,0.0,0.2587372305407363,0.0,0.2490065171888494,0.0,0.2375544158449805,0.0
2024-02-27,0.0,0.2533550704846798,0.0,0.25326610928183146,0.0,0.2558412718384677,0.0,0.237537548395021,0.0
2024-02-28,0.0,0.2616535850856191,0.0,0.2524511468258124,0.0,0.2548994589734712,0.0,0.23099580911509715,0.0
2024-02-29,0.0,0.2515172270752401,0.0,0.25801463987381573,0.0,0.25838034944418414,0.0,0.23208778360676008,0.0
2024-03-01,0.0,0.25199593238433377,0.0,0.2592865873737661,0.0,0.2593245532335028,0.0,0.22939292700839725,0.0
2024-03-02,0.0,0.246130843006555,0.0,0.27672653837406713,0.0,0.2586842292963686,0.0,0.2184583893230092,0.0
2024-03-03,0.0,0.24652733499555252,0.0,0.28757629415244107,0.0,0.25051617934834336,0.0,0.21538019150366317,0.0
2024-03-04,0.0,0.25083667239171603,0.0,0.2818243139623992,0.0,0.2614249670090265,0.0,0.20591404663685825,0.0
2024-03-05,0.0,0.2545796468900709,0.0,0.27560158721482847,0.0,0.262691184779684,0.0,0.20712758111541651,0.0
2024-03-06,0.0,0.2554271055955096,0.0,0.27866039835542633,0.0,0.261621475477121,0.0,0.20429102057194315,0.0
2024-03-07,0.2471559101391279,0.0,0.24872388282765456,0.25385899437667714,0.0,0.0,0.0,0.25026121265654033,0.0
2024-03-08,0.23504754706486486,0.0,0.26057274926152824,0.26305932726532866,0.0,0.0,0.0,0.24132037640827814,0.0
2024-03-09,0.22533907356494703,0.0,0.2674269441817263,0.25631730507581507,0.0,0.0,0.0,0.2509166771775115,0.0
2024-03-10,0.23009246583639434,0.0,0.2573155423868579,0.2666350910654792,0.0,0.0,0.0,0.24595690071126855,0.0
2024-03-11,0.22559360349346205,0.0,0.261218059352904,0.2610830887659166,0.0,0.0,0.0,0.2521052483877173,0.0
2024-03-12,0.2202497210465135,0.0,0.2452519687873736,0.25488733104821804,0.0,0.0,0.0,0.2796109791178948,0.0
2024-03-13,0.2257030866925256,0.0,0.24857083782856018,0.25528897006764234,0.0,0.0,0.0,0.27043710541127197,0.0
2024-03-14,0.2164199708937073,0.0,0.24983784522575464,0.24881333850752838,0.0,0.0,0.0,0.2849288453730098,0.0
2024-03-15,0.2196432625813145,0.0,0.25079259032329504,0.2524684034540317,0.0,0.0,0.0,0.27709574364135864,0.0
2024-03-16,0.22338833361115948,0.0,0.23812719860136813,0.2545522667242167,0.0,0.0,0.0,0.2839322010632558,0.0
2024-03-17,0.20985027789434207,0.0,0.2425717173005368,0.23929143548676124,0.0,0.0,0.0,0.30828656931835985,0.0
2024-03-18,0.21279643671887366,0.0,0.236891028232885,0.24744249960516945,0.0,0.0,0.0,0.3028700354430719,0.0
2024-03-19,0.21177036494468982,0.0,0.2402273144889691,0.2507145468419813,0.0,0.0,0.0,0.29728777372435977,0.0
2024-03-20,0.21340357024658285,0.0,0.2481048740938551,0.244944901094178,0.0,0.0,0.0,0.2935466545653839,0.0
2024-03-21,0.0,0.25534195604038573,0.2570078818477253,0.0,0.0,0.0,0.0,0.23982868621577583,0.24782147589611317
2024-03-22,0.0,0.25893930490306744,0.25524480737849925,0.0,0.0,0.0,0.0,0.24107654992037714,0.2447393377980562
2024-03-23,0.0,0.2551668634383281,0.2628131368514778,0.0,0.0,0.0,0.0,0.2391955317297722,0.24282446798042198
2024-03-24,0.0,0.24981831237110685,0.2660800694927899,0.0,0.0,0.0,0.0,0.2414704802354071,0.24263113790069626
2024-03-25,0.0,0.2504583633371517,0.2597469487111644,0.0,0.0,0.0,0.0,0.24514808472519312,0.24464660322649087
2024-03-26,0.0,0.24373708097822594,0.26929435008836433,0.0,0.0,0.0,0.0,0.24575977958561862,0.24120878934779108
2024-03-27,0.0,0.24352695167917587,0.2761750004658762,0.0,0.0,0.0,0.0,0.23859513318016207,0.2417029146747859
2024-03-28,0.0,0.23784413386105127,0.29509138770338983,0.0,0.0,0.0,0.0,0.23028867127323432,0.23677580716232474
2024-03-29,0.0,0.2506195317571212,0.28586394951379807,0.0,0.0,0.0,0.0,0.22899070026462912,0.23452581846445164
2024-03-30,0.0,0.2506232176884959,0.2769220074759543,0.0,0.0,0.0,0.0,0.2342026041887577,0.23825217064679216
2024-03-31,0.0,0.24365669021964753,0.2854481869086237,0.0,0.0,0.0,0.0,0.2359967599729421,0.23489836289878677
2024-04-01,0.0,0.24399320586864293,0.2807236025738352,0.0,0.0,0.0,0.0,0.23317949239903812,0.24210369915848368
2024-04-02,0.0,0.25046909265325623,0.2720960645750165,0.0,0.0,0.0,0.0,0.23341827319160818,0.24401656958011905
2024-04-03,0.0,0.25274287761077313,0.2632598882439605,0.0,0.0,0.0,0.0,0.2404286685823681,0.2435685655628982
2024-04-04,0.0,0.0,0.24789550044628653,0.0,0.0,0.2530585511663564,0.0,0.25139833855357463,0.24764760983378242
2024-04-05,0.0,0.0,0.24483477859269076,0.0,0.0,0.253985499961614,0.0,0.2528796206443958,0.24830010080129936
2024-04-06,0.0,0.0,0.24725942951343743,0.0,0.0,0.2594281679332624,0.0,0.24743826779279537,0.24587413476050468
2024-04-07,0.0,0.0,0.25645900352499706,0.0,0.0,0.25424515648771706,0.0,0.24454556855790757,0.24475027142937839
2024-04-08,0.0,0.0,0.2518619019252203,0.0,0.0,0.24645235470938057,0.0,0.25827645930263393,0.2434092840627652
2024-04-09,0.0,0.0,0.2420748669910731,0.0,0.0,0.242402503884588,0.0,0.27640955220241864,0.23911307692192033
2024-04-10,0.0,0.0,0.2509330269426119,0.0,0.0,0.23273779299465508,0.0,0.2726325942466027,0.2436965858161303
2024-04-11,0.0,0.0,0.24155631739676953,0.0,0.0,0.22921882684316508,0.0,0.2907134990219585,0.23851135673810708
2024-04-12,0.0,0.0,0.24025488826380187,0.0,0.0,0.22053155145441414,0.0,0.28641465632989366,0.25279890395189036
2024-04-13,0.0,0.0,0.22826845242302707,0.0,0.0,0.21787120970693424,0.0,0.2893365468640512,0.2645237910059875
2024-04-14,0.0,0.0,0.2262513618185431,0.0,0.0,0.21498297284679166,0.0,0.30670550128045554,0.2520601640542096
2024-04-15,0.0,0.0,0.2306353660676107,0.0,0.0,0.21740328646521123,0.0,0.2987834952042414,0.25317785226293676
2024-04-16,0.0,0.0,0.23350125280867193,0.0,0.0,0.21793659284715916,0.0,0.2906766297204962,0.25788552462367265
2024-04-17,0.0,0.0,0.23379496475548245,0.0,0.0,0.2224134917266654,0.0,0.2851134695945843,0.25867807392326786
2024-04-18,0.0,0.24918590150051012,0.2488545138353404,0.0,0.0,0.0,0.0,0.25222666708317065,0.24973291758097874
2024-04-19,0.0,0.2524370448010037,0.2550157361807045,0.0,0.0,0.0,0.0,0.2392361753155783,0.25331104370271346
2024-04-20,0.0,0.2477444998928483,0.2651983690048996,0.0,0.0,0.0,0.0,0.24148255123036877,0.2455745798718833
2024-04-21,0.0,0.25236059173228603,0.2630301710799114,0.0,0.0,0.0,0.0,0.2382404754707837,0.24636876171701882
2024-04-22,0.0,0.2551361225701709,0.26063119182518085,0.0,0.0,0.0,0.0,0.23845821574862885,0.24577446985601945
2024-04-23,0.0,0.2587629670921015,0.2620763144965199,0.0,0.0,0.0,0.0,0.232077392875521,0.24708332553585752
2024-04-24,0.0,0.26896649914349047,0.2584867305076959,0.0,0.0,0.0,0.0,0.22502288377920054,0.24752388656961302
2024-04-25,0.0,0.27041284764822604,0.2580436953500793,0.0,0.0,0.0,0.0,0.2236317780188543,0.24791167898284036
2024-04-26,0.0,0.2704276816334055,0.25914062301586666,0.0,0.0,0.0,0.0,0.2190696176311816,0.25136207771954616
2024-04-27,0.0,0.2707830068199016,0.25779159639937377,0.0,0.0,0.0,0.0,0.22011527896188365,0.251310117818841
2024-04-28,0.0,0.27336268125769453,0.2545654868883101,0.0,0.0,0.0,0.0,0.22148135549410358,0.25059047635989173
2024-04-29,0.0,0.27310281052448293,0.2540351342167494,0.0,0.0,0.0,0.0,0.21646998074275073,0.256392074516017
2024-04-30,0.0,0.27886581459328663,0.24711786930602078,0.0,0.0,0.0,0.0,0.21907653850948033,0.2549397775912121
2024-05-01,0.0,0.2782546949494884,0.2526962504962959,0.0,0.0,0.0,0.0,0.21712782121096183,0.2519212333432539
2024-05-02,0.0,0.24806357443471017,0.2509394981985452,0.0,0.0,0.24927194151584353,0.0,0.0,0.25172498585090086
2024-05-03,0.0,0.24355843563733867,0.25628546698699345,0.0,0.0,0.2490583018863098,0.0,0.0,0.251097795489358
2024-05-04,0.0,0.23905206609302632,0.26758064466269976,0.0,0.0,0.24231821416160843,0.0,0.0,0.25104907508266544
2024-05-05,0.0,0.24090489881313273,0.2657646694243675,0.0,0.0,0.24254911466522744,0.0,0.0,0.2507813170972724
2024-05-06,0.0,0.24170578049312283,0.26024243856732177,0.0,0.0,0.24816768533055011,0.0,0.0,0.24988409560900532
2024-05-07,0.0,0.24307803214453222,0.25639992262221484,0.0,0.0,0.24761916151934052,0.0,0.0,0.25290288371391245
2024-05-08,0.0,0.25033949928881327,0.250230371640801,0.0,0.0,0.2488019709928998,0.0,0.0,0.250628158077486
2024-05-09,0.0,0.24596507860357242,0.2552709569474211,0.0,0.0,0.24848213731404706,0.0,0.0,0.2502818271349595
2024-05-10,0.0,0.2504656167707164,0.25160044680173166,0.0,0.0,0.2476505852978152,0.0,0.0,0.2502833511297367
2024-05-11,0.0,0.25188703681768587,0.24976259993004246,0.0,0.0,0.24925620760022177,0.0,0.0,0.24909415565204998
2024-05-12,0.0,0.25210052738209887,0.24629984108362904,0.0,0.0,0.2507255175938488,0.0,0.0,0.25087411394042314
2024-05-13,0.0,0.24728699593199066,0.25485130662602695,0.0,0.0,0.24468280435174466,0.0,0.0,0.2531788930902378
2024-05-14,0.0,0.24324949025407736,0.25671675214191175,0.0,0.0,0.2457688989303094,0.0,0.0,0.25426485867370147
2024-05-15,0.0,0.23548857487978128,0.26247742250011186,0.0,0.0,0.2437376404837845,0.0,0.0,0.2582963621363224
2024-05-16,0.0,0.2501497434014139,0.2472736376392487,0.0,0.0,0.0,0.0,0.2509632243038818,0.2516133946554555
2024-05-17,0.0,0.25114852958842765,0.2502394722526462,0.0,0.0,0.0,0.0,0.24433268800294095,0.2542793101559853
2024-05-18,0.0,0.25338690744902653,0.2494694063807748,0.0,0.0,0.0,0.0,0.24071876928141117,0.25642491688878755
2024-05-19,0.0,0.2552806819869839,0.24599489944916386,0.0,0.0,0.0,0.0,0.24029199300845927,0.25843242555539303
2024-05-20,0.0,0.24904068197151402,0.25341492884897515,0.0,0.0,0.0,0.0,0.23723188164503362,0.26031250753447716
2024-05-21,0.0,0.2580681779957477,0.25828719319293053,0.0,0.0,0.0,0.0,0.22677345126728815,0.2568711775440336
2024-05-22,0.0,0.25777398217772346,0.25280001227220794,0.0,0.0,0.0,0.0,0.23484111934011545,0.2545848862099532
2024-05-23,0.0,0.2589584937782983,0.25155398680313273,0.0,0.0,0.0,0.0,0.23153707595538298,0.257950443463186
2024-05-24,0.0,0.2565548382818988,0.25103539656746543,0.0,0.0,0.0,0.0,0.23526817495617336,0.2571415901944625
2024-05-25,0.0,0.25240920740195716,0.2572589889543716,0.0,0.0,0.0,0.0,0.23551201988010656,0.25481978376356473
2024-05-26,0.0,0.2569135082812103,0.25286023655285267,0.0,0.0,0.0,0.0,0.23287353550353623,0.25735271966240086
2024-05-27,0.0,0.25465347338892996,0.2571352175660149,0.0,0.0,0.0,0.0,0.23121492860041087,0.25699638044464423
2024-05-28,0.0,0.2544193727044866,0.26064318657339924,0.0,0.0,0.0,0.0,0.23115118335802354,0.2537862573640907
2024-05-29,0.0,0.252734575269996,0.2646623201591627,0.0,0.0,0.0,0.0,0.2306728407131824,0.251930263857659
2024-05-30,0.0,0.0,0.24339462910798698,0.24736970179760076,0.0,0.25207674132612085,0.0,0.0,0.2571589277682914
2024-05-31,0.0,0.0,0.24081226988407195,0.25378582651885595,0.0,0.2514202624056714,0.0,0.0,0.2539816411914007
2024-06-01,0.0,0.0,0.2406175822183798,0.253522813987134,0.0,0.25151773323859544,0.0,0.0,0.25434187055589075
2024-06-02,0.0,0.0,0.23801709177127767,0.2525914124883359,0.0,0.252007438354913,0.0,0.0,0.2573840573854734
2024-06-03,0.0,0.0,0.2380657877443315,0.24543555835559722,0.0,0.25514154716754595,0.0,0.0,0.26135710673252543
2024-06-04,0.0,0.0,0.23798931677226515,0.24326757009029618,0.0,0.2544586847507597,0.0,0.0,0.2642844283866789
2024-06-05,0.0,0.0,0.2430762846672459,0.24113938355405345,0.0,0.25199614575455603,0.0,0.0,0.26378818602414444
2024-06-06,0.0,0.0,0.2412566189823923,0.23812573530764886,0.0,0.25387287200265213,0.0,0.0,0.2667447737073067
2024-06-07,0.0,0.0,0.23565854074841755,0.23603713688226496,0.0,0.2545165792583692,0.0,0.0,0.2737877431109484
2024-06-08,0.0,0.0,0.2344981262323214,0.23356732488211052,0.0,0.2546566782478769,0.0,0.0,0.27727787063769127
2024-06-09,0.0,0.0,0.23353965459465162,0.23694647871850877,0.0,0.2544586064909093,0.0,0.0,0.27505526019593035
2024-06-10,0.0,0.0,0.2320401985346649,0.23313420343898264,0.0,0.2567315403406339,0.0,0.0,0.2780940576857185
2024-06-11,0.0,0.0,0.23003340839713265,0.2295002799590153,0.0,0.2592211124910993,0.0,0.0,0.28124519915275265
2024-06-12,0.0,0.0,0.23175047689486378,0.2366007799107633,0.0,0.2562620288152576,0.0,0.0,0.27538671437911544
2024-06-13,0.0,0.2545442748843996,0.0,0.2426290573770609,0.0,0.0,0.0,0.25190218900937955,0.25092447872915996
2024-06-14,0.0,0.2562843909611232,0.0,0.23991009186927242,0.0,0.0,0.0,0.2519382551121687,0.25186726205743554
2024-06-15,0.0,0.25776131444335976,0.0,0.243093344483352,0.0,0.0,0.0,0.24512552027444592,0.25401982079884244
2024-06-16,0.0,0.25634148922858474,0.0,0.24631264528003494,0.0,0.0,0.0,0.2430353171258102,0.25431054836557015
2024-06-17,0.0,0.2593042881016483,0.0,0.2450425522560576,0.0,0.0,0.0,0.23261811128834892,0.26303504835394526
2024-06-18,0.0,0.257411883436182,0.0,0.24642711110606835,0.0,0.0,0.0,0.22689246875561403,0.2692685367021357
2024-06-19,0.0,0.25757577403533954,0.0,0.250753346744619,0.0,0.0,0.0,0.22540308385629643,0.26626779536374506
2024-06-20,0.0,0.25935569273991554,0.0,0.24875702260390936,0.0,0.0,0.0,0.22649227482040224,0.2653950098357729
2024-06-21,0.0,0.2631714502100901,0.0,0.243252382288998,0.0,0.0,0.0,0.22955862187544512,0.26401754562546675
2024-06-22,0.0,0.26394588386672646,0.0,0.2374506381514606,0.0,0.0,0.0,0.23326867725477624,0.26533480072703663
2024-06-23,0.0,0.26493274311338233,0.0,0.23502591230423708,0.0,0.0,0.0,0.23590790487275026,0.2641334397096303
2024-06-24,0.0,0.2581781957594518,0.0,0.24272996753292406,0.0,0.0,0.0,0.2470865064699574,0.25200533023766686
2024-06-25,0.0,0.2531454806789161,0.0,0.24814086114312572,0.0,0.0,0.0,0.24536616760341706,0.25334749057454103
2024-06-26,0.0,0.255224993809003,0.0,0.24524267414982853,0.0,0.0,0.0,0.24812185155433839,0.25141048048683007
2024-06-27,0.0,0.0,0.0,0.0,0.0,0.0,0.0,0.0,0.0
2024-06-28,0.0,0.0,0.0,0.0,0.0,0.0,0.0,0.0,0.0
2024-06-29,0.0,0.0,0.0,0.0,0.0,0.0,0.0,0.0,0.0
2024-06-30,0.0,0.0,0.0,0.0,0.0,0.0,0.0,0.0,0.0
2024-07-01,0.0,0.0,0.0,0.0,0.0,0.0,0.0,0.0,0.0
2024-07-02,0.0,0.0,0.0,0.0,0.0,0.0,0.0,0.0,0.0
2024-07-03,0.0,0.0,0.0,0.0,0.0,0.0,0.0,0.0,0.0
2024-07-04,0.0,0.0,0.0,0.0,0.0,0.0,0.0,0.0,0.0
2024-07-05,0.0,0.0,0.0,0.0,0.0,0.0,0.0,0.0,0.0
2024-07-06,0.0,0.0,0.0,0.0,0.0,0.0,0.0,0.0,0.0
2024-07-07,0.0,0.0,0.0,0.0,0.0,0.0,0.0,0.0,0.0
2024-07-08,0.0,0.0,0.0,0.0,0.0,0.0,0.0,0.0,0.0
2024-07-09,0.0,0.0,0.0,0.0,0.0,0.0,0.0,0.0,0.0
2024-07-10,0.0,0.0,0.0,0.0,0.0,0.0,0.0,0.0,0.0
2024-07-11,0.0,0.0,0.0,0.0,0.0,0.0,0.0,0.0,0.0
2024-07-12,0.0,0.0,0.0,0.0,0.0,0.0,0.0,0.0,0.0
2024-07-13,0.0,0.0,0.0,0.0,0.0,0.0,0.0,0.0,0.0
2024-07-14,0.0,0.0,0.0,0.0,0.0,0.0,0.0,0.0,0.0
2024-07-15,0.0,0.0,0.0,0.0,0.0,0.0,0.0,0.0,0.0
2024-07-16,0.0,0.0,0.0,0.0,0.0,0.0,0.0,0.0,0.0
2024-07-17,0.0,0.0,0.0,0.0,0.0,0.0,0.0,0.0,0.0
2024-07-18,0.0,0.0,0.0,0.0,0.0,0.0,0.0,0.0,0.0
2024-07-19,0.0,0.0,0.0,0.0,0.0,0.0,0.0,0.0,0.0
2024-07-20,0.0,0.0,0.0,0.0,0.0,0.0,0.0,0.0,0.0
2024-07-21,0.0,0.0,0.0,0.0,0.0,0.0,0.0,0.0,0.0
2024-07-22,0.0,0.0,0.0,0.0,0.0,0.0,0.0,0.0,0.0
2024-07-23,0.0,0.0,0.0,0.0,0.0,0.0,0.0,0.0,0.0
2024-07-24,0.0,0.0,0.0,0.0,0.0,0.0,0.0,0.0,0.0
2024-07-25,0.0,0.0,0.0,0.0,0.0,0.0,0.0,0.0,0.0
2024-07-26,0.0,0.0,0.0,0.0,0.0,0.0,0.0,0.0,0.0
2024-07-27,0.0,0.0,0.0,0.0,0.0,0.0,0.0,0.0,0.0
2024-07-28,0.0,0.0,0.0,0.0,0.0,0.0,0.0,0.0,0.0
2024-07-29,0.0,0.0,0.0,0.0,0.0,0.0,0.0,0.0,0.0
2024-07-30,0.0,0.0,0.0,0.0,0.0,0.0,0.0,0.0,0.0
2024-07-31,0.0,0.0,0.0,0.0,0.0,0.0,0.0,0.0,0.0
2024-08-01,0.0,0.0,0.0,0.0,0.0,0.0,0.0,0.0,0.0
2024-08-02,0.0,0.0,0.0,0.0,0.0,0.0,0.0,0.0,0.0
2024-08-03,0.0,0.0,0.0,0.0,0.0,0.0,0.0,0.0,0.0
2024-08-04,0.0,0.0,0.0,0.0,0.0,0.0,0.0,0.0,0.0
2024-08-05,0.0,0.0,0.0,0.0,0.0,0.0,0.0,0.0,0.0
2024-08-06,0.0,0.0,0.0,0.0,0.0,0.0,0.0,0.0,0.0
2024-08-07,0.0,0.0,0.0,0.0,0.0,0.0,0.0,0.0,0.0
2024-08-08,0.0,0.0,0.0,0.0,0.0,0.0,0.0,0.0,0.0
2024-08-09,0.0,0.0,0.0,0.0,0.0,0.0,0.0,0.0,0.0
2024-08-10,0.0,0.0,0.0,0.0,0.0,0.0,0.0,0.0,0.0
2024-08-11,0.0,0.0,0.0,0.0,0.0,0.0,0.0,0.0,0.0
2024-08-12,0.0,0.0,0.0,0.0,0.0,0.0,0.0,0.0,0.0
2024-08-13,0.0,0.0,0.0,0.0,0.0,0.0,0.0,0.0,0.0
2024-08-14,0.0,0.0,0.0,0.0,0.0,0.0,0.0,0.0,0.0
2024-08-15,0.0,0.0,0.0,0.0,0.0,0.0,0.0,0.0,0.0
2024-08-16,0.0,0.0,0.0,0.0,0.0,0.0,0.0,0.0,0.0
2024-08-17,0.0,0.0,0.0,0.0,0.0,0.0,0.0,0.0,0.0
2024-08-18,0.0,0.0,0.0,0.0,0.0,0.0,0.0,0.0,0.0
2024-08-19,0.0,0.0,0.0,0.0,0.0,0.0,0.0,0.0,0.0
2024-08-20,0.0,0.0,0.0,0.0,0.0,0.0,0.0,0.0,0.0
2024-08-21,0.0,0.0,0.0,0.0,0.0,0.0,0.0,0.0,0.0
2024-08-22,0.0,0.0,0.0,0.0,0.0,0.0,0.0,0.0,0.0
2024-08-23,0.0,0.0,0.0,0.0,0.0,0.0,0.0,0.0,0.0
2024-08-24,0.0,0.0,0.0,0.0,0.0,0.0,0.0,0.0,0.0
2024-08-25,0.0,0.0,0.0,0.0,0.0,0.0,0.0,0.0,0.0
2024-08-26,0.0,0.0,0.0,0.0,0.0,0.0,0.0,0.0,0.0
2024-08-27,0.0,0.0,0.0,0.0,0.0,0.0,0.0,0.0,0.0
2024-08-28,0.0,0.0,0.0,0.0,0.0,0.0,0.0,0.0,0.0
2024-08-29,0.0,0.0,0.0,0.0,0.0,0.0,0.0,0.0,0.0
2024-08-30,0.0,0.0,0.0,0.0,0.0,0.0,0.0,0.0,0.0
2024-08-31,0.0,0.0,0.0,0.0,0.0,0.0,0.0,0.0,0.0
2024-09-01,0.0,0.0,0.0,0.0,0.0,0.0,0.0,0.0,0.0
2024-09-02,0.0,0.0,0.0,0.0,0.0,0.0,0.0,0.0,0.0
2024-09-03,0.0,0.0,0.0,0.0,0.0,0.0,0.0,0.0,0.0
2024-09-04,0.0,0.0,0.0,0.0,0.0,0.0,0.0,0.0,0.0
2024-09-05,0.0,0.0,0.0,0.0,0.0,0.0,0.0,0.0,0.0
2024-09-06,0.0,0.0,0.0,0.0,0.0,0.0,0.0,0.0,0.0
2024-09-07,0.0,0.0,0.0,0.0,0.0,0.0,0.0,0.0,0.0
2024-09-08,0.0,0.0,0.0,0.0,0.0,0.0,0.0,0.0,0.0
2024-09-09,0.0,0.0,0.0,0.0,0.0,0.0,0.0,0.0,0.0
2024-09-10,0.0,0.0,0.0,0.0,0.0,0.0,0.0,0.0,0.0
2024-09-11,0.0,0.0,0.0,0.0,0.0,0.0,0.0,0.0,0.0
2024-09-12,0.0,0.0,0.0,0.0,0.0,0.0,0.0,0.0,0.0
2024-09-13,0.0,0.0,0.0,0.0,0.0,0.0,0.0,0.0,0.0
2024-09-14,0.0,0.0,0.0,0.0,0.0,0.0,0.0,0.0,0.0
2024-09-15,0.0,0.0,0.0,0.0,0.0,0.0,0.0,0.0,0.0
2024-09-16,0.0,0.0,0.0,0.0,0.0,0.0,0.0,0.0,0.0
2024-09-17,0.0,0.0,0.0,0.0,0.0,0.0,0.0,0.0,0.0
2024-09-18,0.0,0.0,0.0,0.0,0.0,0.0,0.0,0.0,0.0
2024-09-19,0.0,0.0,0.0,0.0,0.0,0.0,0.0,0.0,0.0
2024-09-20,0.0,0.0,0.0,0.0,0.0,0.0,0.0,0.0,0.0
2024-09-21,0.0,0.0,0.0,0.0,0.0,0.0,0.0,0.0,0.0
2024-09-22,0.0,0.0,0.0,0.0,0.0,0.0,0.0,0.0,0.0
2024-09-23,0.0,0.0,0.0,0.0,0.0,0.0,0.0,0.0,0.0
2024-09-24,0.0,0.0,0.0,0.0,0.0,0.0,0.0,0.0,0.0
2024-09-25,0.0,0.0,0.0,0.0,0.0,0.0,0.0,0.0,0.0
2024-09-26,0.0,0.0,0.0,0.0,0.0,0.0,0.0,0.0,0.0
2024-09-27,0.0,0.0,0.0,0.0,0.0,0.0,0.0,0.0,0.0
2024-09-28,0.0,0.0,0.0,0.0,0.0,0.0,0.0,0.0,0.0
2024-09-29,0.0,0.0,0.0,0.0,0.0,0.0,0.0,0.0,0.0
2024-09-30,0.0,0.0,0.0,0.0,0.0,0.0,0.0,0.0,0.0
2024-10-01,0.0,0.0,0.0,0.0,0.0,0.0,0.0,0.0,0.0
2024-10-02,0.0,0.0,0.0,0.0,0.0,0.0,0.0,0.0,0.0
2024-10-03,0.0,0.0,0.0,0.0,0.0,0.0,0.0,0.0,0.0
2024-10-04,0.0,0.0,0.0,0.0,0.0,0.0,0.0,0.0,0.0
2024-10-05,0.0,0.0,0.0,0.0,0.0,0.0,0.0,0.0,0.0
2024-10-06,0.0,0.0,0.0,0.0,0.0,0.0,0.0,0.0,0.0
2024-10-07,0.0,0.0,0.0,0.0,0.0,0.0,0.0,0.0,0.0
2024-10-08,0.0,0.0,0.0,0.0,0.0,0.0,0.0,0.0,0.0
2024-10-09,0.0,0.0,0.0,0.0,0.0,0.0,0.0,0.0,0.0
2024-10-10,0.0,0.0,0.0,0.0,0.0,0.0,0.0,0.0,0.0
2024-10-11,0.0,0.0,0.0,0.0,0.0,0.0,0.0,0.0,0.0
2024-10-12,0.0,0.0,0.0,0.0,0.0,0.0,0.0,0.0,0.0
2024-10-13,0.0,0.0,0.0,0.0,0.0,0.0,0.0,0.0,0.0
2024-10-14,0.0,0.0,0.0,0.0,0.0,0.0,0.0,0.0,0.0
2024-10-15,0.0,0.0,0.0,0.0,0.0,0.0,0.0,0.0,0.0
2024-10-16,0.0,0.0,0.0,0.0,0.0,0.0,0.0,0.0,0.0
2024-10-17,0.0,0.0,0.25398319124290564,0.24564178673138617,0.0,0.0,0.0,0.24863020707974687,0.2517448149459614
2024-10-18,0.0,0.0,0.2578142215989951,0.24711290650216386,0.0,0.0,0.0,0.24698468383432215,0.24808818806451896
2024-10-19,0.0,0.0,0.26650654837706245,0.24542148700778135,0.0,0.0,0.0,0.2397700066705919,0.2483019579445643
2024-10-20,0.0,0.0,0.25932564081484033,0.2472064401126929,0.0,0.0,0.0,0.24793912818430952,0.2455287908881573
2024-10-21,0.0,0.0,0.26697075520237146,0.24443031907544174,0.0,0.0,0.0,0.2390015704650984,0.2495973552570884
2024-10-22,0.0,0.0,0.26451555557218853,0.2463513199681891,0.0,0.0,0.0,0.2365370272790594,0.25259609718056303
2024-10-23,0.0,0.0,0.26475526893326656,0.24387783373141078,0.0,0.0,0.0,0.2384194834929168,0.2529474138424059
2024-10-24,0.0,0.0,0.26502854138262316,0.2449026942789795,0.0,0.0,0.0,0.23549095904927547,0.25457780528912194
2024-10-25,0.0,0.0,0.26520353388131845,0.23522200730768064,0.0,0.0,0.0,0.22973460159096903,0.2698398572200319
2024-10-26,0.0,0.0,0.26711571851051386,0.23743340201568378,0.0,0.0,0.0,0.2316550865951634,0.2637957928786388
2024-10-27,0.0,0.0,0.27209171323738635,0.23812636878662483,0.0,0.0,0.0,0.22600725450351178,0.2637746634724769
2024-10-28,0.0,0.0,0.2867369239378414,0.2315584814556648,0.0,0.0,0.0,0.21987978192413749,0.2618248126823562
2024-10-29,0.0,0.0,0.28917945351049495,0.22867201864764966,0.0,0.0,0.0,0.2256812450618489,0.25646728278000647
2024-10-30,0.0,0.0,0.28483118633093524,0.22684689259478474,0.0,0.0,0.0,0.2266250563573688,0.2616968647169113
2024-10-31,0.0,0.0,0.2515879471631119,0.24479265742402834,0.0,0.0,0.0,0.25072808805100055,0.2528913073618593
2024-11-01,0.0,0.0,0.25133304431237047,0.24471193389614165,0.0,0.0,0.0,0.2500912012572083,0.2538638205342796
2024-11-02,0.0,0.0,0.25474982773143545,0.24534623584461462,0.0,0.0,0.0,0.24232141468248283,0.2575825217414671
2024-11-03,0.0,0.0,0.24923883408106937,0.24161439836897475,0.0,0.0,0.0,0.24853509236678856,0.2606116751831674
2024-11-04,0.0,0.0,0.2599141821211921,0.23454574131347816,0.0,0.0,0.0,0.24306770121666488,0.2624723753486649
2024-11-05,0.0,0.0,0.2623913864680826,0.2332953267816615,0.0,0.0,0.0,0.25039698551808404,0.25391630123217196
2024-11-06,0.0,0.0,0.2605040794229234,0.23595182238466267,0.0,0.0,0.0,0.25670716436897045,0.24683693382344354
2024-11-07,0.0,0.0,0.25910835373816377,0.2397216954867542,0.0,0.0,0.0,0.2530971936488411,0.24807275712624077
2024-11-08,0.0,0.0,0.26095449703065676,0.24580005155659718,0.0,0.0,0.0,0.24620410996222658,0.24704134145051954
2024-11-09,0.0,0.0,0.2662949195749915,0.2399380076675876,0.0,0.0,0.0,0.26018171575309246,0.23358535700432845
2024-11-10,0.0,0.0,0.3018382021423582,0.22470641808162617,0.0,0.0,0.0,0.25481562813774006,0.21863975163827568
2024-11-11,0.0,0.0,0.3149288993565434,0.22664444857596594,0.0,0.0,0.0,0.24432504287740647,0.2141016091900841
2024-11-12,0.0,0.0,0.3244519144348533,0.22582987083812706,0.0,0.0,0.0,0.2363369835521319,0.21338123117488775
2024-11-13,0.0,0.0,0.3299567779827983,0.21801094766266804,0.0,0.0,0.0,0.2336829481873709,0.21834932616716288
2024-11-14,0.0,0.0,0.24637796569072234,0.0,0.0,0.25924222759035814,0.0,0.24384617166130515,0.25053363505761433
2024-11-15,0.0,0.0,0.25042916994858605,0.0,0.0,0.2596365393391901,0.0,0.2473186316567211,0.24261565905550275
2024-11-16,0.0,0.0,0.2184549152542573,0.0,0.0,0.31927694093878356,0.0,0.235916127871602,0.2263520159353571
2024-11-17,0.0,0.0,0.2265376399888825,0.0,0.0,0.29970511752008944,0.0,0.2414780211910091,0.23227922130001885
2024-11-18,0.0,0.0,0.21462792594502106,0.0,0.0,0.3246567843540933,0.0,0.2361869263040223,0.22452836339686333
2024-11-19,0.0,0.0,0.21475509170108287,0.0,0.0,0.32133231299360976,0.0,0.23604962949784952,0.2278629658074579
2024-11-20,0.0,0.0,0.20485587055985288,0.0,0.0,0.3316492625577846,0.0,0.23230648620904792,0.23118838067331468
2024-11-21,0.0,0.0,0.20615566234002725,0.0,0.0,0.3373133690852594,0.0,0.22805987877857142,0.22847108979614209
2024-11-22,0.0,0.0,0.1976502969456571,0.0,0.0,0.3758552405675355,0.0,0.21303757096742884,0.2134568915193786
2024-11-23,0.0,0.0,0.17479625188131206,0.0,0.0,0.4541984883248472,0.0,0.1878887595219761,0.18311650027186482
2024-11-24,0.0,0.0,0.17312653904501232,0.0,0.0,0.4635882024957676,0.0,0.18019131585934722,0.18309394259987288
2024-11-25,0.0,0.0,0.1733444233608326,0.0,0.0,0.4564601282022006,0.0,0.18206174047318263,0.1881337079637842
2024-11-26,0.0,0.0,0.17460528028456224,0.0,0.0,0.4392481223324502,0.0,0.19406114292154228,0.19208545446144534
2024-11-27,0.0,0.0,0.17412982409261035,0.0,0.0,0.45177026614654403,0.0,0.18510245996444114,0.1889974497964045
2024-11-28,0.23711975743625255,0.0,0.2504377847075139,0.0,0.0,0.2581753408580814,0.0,0.2542671169981522,0.0
2024-11-29,0.2214720875792362,0.0,0.24703520519328231,0.0,0.0,0.2841695630439617,0.0,0.2473231441835198,0.0
2024-11-30,0.22648757297457656,0.0,0.2505189941012026,0.0,0.0,0.2739136023726455,0.0,0.24907983055157534,0.0
2024-12-01,0.2143674412481674,0.0,0.25533151665508147,0.0,0.0,0.29163570991495086,0.0,0.2386653321818002,0.0
2024-12-02,0.2117828374101529,0.0,0.2272376754525427,0.0,0.0,0.33857765090805475,0.0,0.22240183622924958,0.0
2024-12-03,0.2262811301420431,0.0,0.21510250444994278,0.0,0.0,0.3304736722011421,0.0,0.22814269320687186,0.0
2024-12-04,0.23266215535356316,0.0,0.23672284791968143,0.0,0.0,0.30532203200183755,0.0,0.22529296472491797,0.0
2024-12-05,0.2248189737336861,0.0,0.2276660649051389,0.0,0.0,0.30694772872801246,0.0,0.2405672326331625,0.0
2024-12-06,0.23726050910005322,0.0,0.20887525297378118,0.0,0.0,0.33064422319046455,0.0,0.22322001473570113,0.0
2024-12-07,0.24566417883740396,0.0,0.21847071395550793,0.0,0.0,0.3115470877260611,0.0,0.22431801948102714,0.0
2024-12-08,0.25136050281141964,0.0,0.22064565191595648,0.0,0.0,0.30751235662847565,0.0,0.22048148864414838,0.0
2024-12-09,0.2524850703133604,0.0,0.22250501030653935,0.0,0.0,0.30049988491128954,0.0,0.22451003446881065,0.0
2024-12-10,0.24163442715081704,0.0,0.21841999473895035,0.0,0.0,0.31582717043375774,0.0,0.2241184076764749,0.0
2024-12-11,0.25247265733887325,0.0,0.21437056998491108,0.0,0.0,0.29938979961180767,0.0,0.23376697306440797,0.0
2024-12-12,0.24711018612070673,0.0,0.22999706410897658,0.2893308717577997,0.0,0.233561878012517,0.0,0.0,0.0
2024-12-13,0.24049354254281083,0.0,0.23273811147537188,0.2840482327706312,0.0,0.24272011321118608,0.0,0.0,0.0
2024-12-14,0.23758934195668108,0.0,0.22986140730402987,0.29422799849886305,0.0,0.2383212522404259,0.0,0.0,0.0
2024-12-15,0.23851461202610516,0.0,0.23294737643729904,0.29130122925669755,0.0,0.2372367822798982,0.0,0.0,0.0
2024-12-16,0.2338048587140655,0.0,0.23551553031380784,0.29502128122074617,0.0,0.23565832975138046,0.0,0.0,0.0
2024-12-17,0.2371088108031726,0.0,0.2309617614687009,0.28946763313395535,0.0,0.24246179459417114,0.0,0.0,0.0
2024-12-18,0.23802344285116955,0.0,0.22618106190588289,0.2846852025659768,0.0,0.2511102926769707,0.0,0.0,0.0
2024-12-19,0.22622344023024826,0.0,0.21912192879304027,0.28871895682353604,0.0,0.2659356741531754,0.0,0.0,0.0
2024-12-20,0.23531167059770633,0.0,0.21704804171449182,0.2866816813599096,0.0,0.26095860632789225,0.0,0.0,0.0
2024-12-21,0.23896236913103566,0.0,0.22447098753686906,0.28128244470108144,0.0,0.2552841986310138,0.0,0.0,0.0
2024-12-22,0.24448260657723944,0.0,0.2210275944498778,0.27678623786751694,0.0,0.25770356110536574,0.0,0.0,0.0
2024-12-23,0.23620792756151185,0.0,0.21550967222109185,0.2889976364205951,0.0,0.2592847637968012,0.0,0.0,0.0
2024-12-24,0.22932332273615413,0.0,0.21306124364961937,0.2846923847621392,0.0,0.2729230488520873,0.0,0.0,0.0
2024-12-25,0.22765931749541468,0.0,0.21694271060133108,0.28490283603860994,0.0,0.27049513586464435,0.0,0.0,0.0
2024-12-26,0.0,0.0,0.25099260966993053,0.2506587924007235,0.0,0.24747660541264116,0.0,0.2508719925167048,0.0
2024-12-27,0.0,0.0,0.2567144420721147,0.24501562121988807,0.0,0.24601886854888705,0.0,0.25225106815911025,0.0
2024-12-28,0.0,0.0,0.2598599599409152,0.24223552058384148,0.0,0.24794639932846968,0.0,0.24995812014677365,0.0
2024-12-29,0.0,0.0,0.26037684907035596,0.24104112593356175,0.0,0.2463045035383048,0.0,0.2522775214577775,0.0
2024-12-30,0.0,0.0,0.26361615854086373,0.2383747939828424,0.0,0.24334003645191882,0.0,0.2546690110243752,0.0
2024-12-31,0.0,0.0,0.27519917431120694,0.2340733800088871,0.0,0.2404605646644899,0.0,0.2502668810154161,0.0
