timestamp,asset,side,action,quantity,price,notional,fee,margin,reason
2022-03-24 03:00:00+00:00,cardano,long,open,0.5378044649532898,1.10671,0.5951935794084554,0.0011903871588169108,0.30652469339535454,rebalance
2022-03-25 03:00:00+00:00,cardano,long,increase,0.08295325733747805,1.13644,0.09427139976860355,0.0001885427995372071,0.04854977088083083,rebalance
2022-03-26 03:00:00+00:00,cardano,long,increase,0.09780148449481806,1.09319,0.10691560483489015,0.0002138312096697803,0.05506153648996843,rebalance
2022-03-27 03:00:00+00:00,cardano,long,increase,0.08157729507323294,1.14715,0.09358139404325916,0.00018716278808651832,0.048194417932278466,rebalance
2022-03-30 03:00:00+00:00,cardano,long,reduce,0.0944636214153779,1.17929,0.11140000409894099,0.00022280000819788198,0.053305261991921093,rebalance
2022-03-31 03:00:00+00:00,cardano,long,reduce,0.09146516034319507,1.19669,0.10945544273109811,0.00021891088546219622,0.05144999475008669,rebalance
2022-04-01 03:00:00+00:00,cardano,long,reduce,0.07714195378855593,1.10892,0.08554425539520544,0.00017108851079041088,0.04325731867443138,rebalance
2022-04-03 03:00:00+00:00,cardano,long,reduce,0.09710269320756393,1.15158,0.11182151944396647,0.00022364303888793295,0.0541117299988473,rebalance
2022-04-03 03:00:00+00:00,solana,long,open,0.0006449706916044296,134.0117,0.08643361883208532,0.00017286723766417065,0.04451331369852394,rebalance
2022-04-04 03:00:00+00:00,cardano,long,reduce,0.17934747893660918,1.18195,0.21197975272912523,0.00042395950545825046,0.099627039650123,rebalance
2022-04-04 03:00:00+00:00,near,long,open,0.0037206985405230345,16.9953,0.06323438790575113,0.00012646877581150225,0.03256570977146183,rebalance
2022-04-04 03:00:00+00:00,solana,long,increase,0.0006508083464186274,136.383,0.08875919470961166,0.0001775183894192233,0.045710985275450006,rebalance
2022-04-05 03:00:00+00:00,cardano,long,reduce,0.17556791632431612,1.20801,0.21208779859893712,0.00042417559719787427,0.09720831334314828,rebalance
2022-04-05 03:00:00+00:00,near,long,increase,0.007210791162146497,17.3636,0.12520529342304693,0.00025041058684609386,0.06448072611286917,rebalance
2022-04-05 03:00:00+00:00,solana,long,increase,4.635523090592598e-05,131.7498,0.006107292400809566,1.2214584801619133e-05,0.0031452555864169267,rebalance
2022-04-06 03:00:00+00:00,cardano,long,close,0.08504767784320078,1.14336,0.09724011293880203,0.00019448022587760405,0.04693769572243091,rebalance
2022-04-06 03:00:00+00:00,near,long,increase,0.0044156918082780845,16.2538,0.07177177151339031,0.00014354354302678062,0.03696246232939601,rebalance
2022-04-06 03:00:00+00:00,solana,long,increase,3.400419602935489e-05,125.015,0.0042510345666098015,8.502069133219603e-06,0.002189282801804048,rebalance
2022-04-10 03:00:00+00:00,solana,long,reduce,0.0006224327084199101,113.0243,0.07035002116626445,0.0001407000423325289,0.04269989072880151,rebalance
2022-04-10 03:00:00+00:00,near,long,increase,0.006211805976520231,17.3936,0.10804566843320229,0.00021609133686640458,0.05564351924309918,rebalance
2022-04-11 03:00:00+00:00,solana,long,reduce,4.552873977561444e-06,108.8811,0.0004957219268382654,9.914438536765308e-07,0.0003121130855898801,rebalance
2022-04-11 03:00:00+00:00,near,long,increase,0.009056539574792574,15.5896,0.1411878293551863,0.0002823756587103726,0.07271173211792095,rebalance
2022-04-12 03:00:00+00:00,solana,long,reduce,0.0003362984801867719,99.178,0.033353410667963664,6.670682133592732e-05,0.023016475160832602,rebalance
2022-04-12 03:00:00+00:00,near,long,reduce,0.013738310250441838,15.9823,0.21956979591563658,0.0004391395918312732,0.1166966260131164,rebalance
2022-04-13 03:00:00+00:00,solana,long,close,0.00041285440237409426,103.2425,0.04262412063710743,8.524824127421486e-05,0.028255290289847416,rebalance
2022-04-13 03:00:00+00:00,near,long,close,0.01687721681181858,16.496,0.2784065685277593,0.0005568131370555186,0.14308412512604202,rebalance
2022-04-21 03:00:00+00:00,near,long,open,0.022562295996189075,16.5737,0.37394072515203886,0.0007478814503040777,0.1925794734533,rebalance
2022-04-23 03:00:00+00:00,near,long,close,0.022562295996189075,15.2884,0.34494140610813706,0.0006898828122162741,0.1915054901140446,rebalance
2022-11-06 03:00:00+00:00,dogecoin,long,open,3.6588836575201147,0.12386,0.4531893298204414,0.0009063786596408828,0.23339250485752733,rebalance
2022-11-09 03:00:00+00:00,dogecoin,long,close,3.6588836575201147,0.082571,0.3021176824850934,0.0006042353649701868,0.23231498923257327,rebalance
2023-01-13 03:00:00+00:00,solana,long,open,0.04699628487728968,16.4554,0.7733426661697526,0.0015466853323395052,0.39827147307742256,rebalance
2023-01-15 03:00:00+00:00,solana,long,reduce,0.02277197546132624,22.7735,0.5185975831685131,0.0010371951663370263,0.19106397470325442,rebalance
2023-01-21 03:00:00+00:00,solana,long,reduce,0.008127040417965591,24.8897,0.2022795978910382,0.0004045591957820764,0.06584194899850573,rebalance
2023-01-24 03:00:00+00:00,solana,long,increase,0.00579134349638468,24.865,0.14400175603760507,0.00028800351207521014,0.0741609043593666,rebalance
2023-01-25 03:00:00+00:00,solana,long,increase,0.012899191056186914,22.7021,0.29283872527666094,0.0005856774505533219,0.1508119435174804,rebalance
2023-01-26 03:00:00+00:00,solana,long,reduce,0.028347289557381045,24.7731,0.7022502389339563,0.0014045004778679127,0.28636343592978947,rebalance
2023-01-31 03:00:00+00:00,aptos,long,open,0.0009245389089661742,16.992,0.015709765141153232,3.141953028230647e-05,0.008090529047693914,rebalance
2023-01-31 03:00:00+00:00,solana,long,increase,0.003766705927833933,24.0533,0.09060170769396794,0.0001812034153879359,0.04665987946239349,rebalance
2023-02-01 03:00:00+00:00,solana,long,reduce,0.0018141077350532116,23.8748,0.043311459352848414,8.662291870569683e-05,0.0195166445011055,rebalance
2023-02-01 03:00:00+00:00,aptos,long,increase,0.0022182962442645025,16.568,0.03675273217497428,7.350546434994857e-05,0.018927657070111754,rebalance
2023-02-03 03:00:00+00:00,aptos,long,increase,0.0031002604271339247,16.738,0.05189215902936763,0.00010378431805873525,0.026724461900124327,rebalance
2023-02-03 03:00:00+00:00,solana,long,increase,0.0010188888632658034,24.1647,0.02462114371415916,4.924228742831832e-05,0.012679889012791969,rebalance
2023-02-04 03:00:00+00:00,solana,long,reduce,0.0014505319356503139,24.5625,0.03562869066941084,7.125738133882167e-05,0.015707680829193712,rebalance
2023-02-04 03:00:00+00:00,aptos,long,increase,0.0023028112845049796,16.79,0.038664201466838605,7.732840293367722e-05,0.019912063755421882,rebalance
2023-02-05 03:00:00+00:00,solana,long,reduce,0.004203581447407142,24.1252,0.10141224313498678,0.00020282448626997358,0.04536568686061057,rebalance
2023-02-05 03:00:00+00:00,aptos,long,increase,0.010692949342922494,16.435,0.1757386224509312,0.0003514772449018624,0.09050539056222956,rebalance
2023-02-06 03:00:00+00:00,solana,long,reduce,0.0009085596516919896,23.3046,0.021173619258821143,4.234723851764229e-05,0.009805313199835342,rebalance
2023-02-06 03:00:00+00:00,aptos,long,close,0.019238856207792074,14.944,0.28750546716924474,0.0005750109343384895,0.16325286099665248,rebalance
2023-02-07 03:00:00+00:00,solana,long,close,0.0028493280144854774,23.074,0.0657453946062379,0.0001314907892124758,0.03068370268310832,rebalance
2023-02-07 03:00:00+00:00,shiba-inu,long,open,97041.63442760197,1.4157e-05,1.373818418591561,0.002747636837183122,0.707516485574654,rebalance
2023-02-09 03:00:00+00:00,shiba-inu,long,reduce,26235.130790534196,1.3095e-05,0.3435490377020453,0.0006870980754040907,0.1901702252695142,rebalance
2023-02-10 03:00:00+00:00,shiba-inu,long,reduce,15675.557926759371,1.2477e-05,0.19558393625217665,0.0003911678725043533,0.11335781795979867,rebalance
2023-02-11 03:00:00+00:00,shiba-inu,long,reduce,23847.92169911881,1.2749e-05,0.3040371537420657,0.0006080743074841314,0.17211803777541898,rebalance
2023-02-12 04:00:00+00:00,shiba-inu,long,reduce,7876.8159161492,1.2775e-05,0.10062632332880604,0.00020125264665761208,0.05671227157497748,rebalance
2023-02-13 03:00:00+00:00,shiba-inu,long,reduce,15568.031375723083,1.2682e-05,0.19743377390692013,0.00039486754781384027,0.11196074232761188,rebalance
2023-02-14 03:00:00+00:00,shiba-inu,long,close,7838.176719317304,1.2313e-05,0.09651146994495396,0.00019302293988990792,0.05627701473046209,rebalance
2023-02-19 03:00:00+00:00,filecoin,long,open,0.021647031426309308,7.7999,0.16884468042206996,0.0003376893608441399,0.08695501041736603,rebalance
2023-02-20 03:00:00+00:00,filecoin,long,increase,0.004733389782129665,8.6583,0.040983108750613284,8.196621750122656e-05,0.021106301006565843,rebalance
2023-02-25 03:00:00+00:00,filecoin,long,close,0.026380421208438972,6.9188,0.18252085825694755,0.0003650417165138951,0.10518240864955329,rebalance
2023-03-02 03:00:00+00:00,filecoin,long,open,0.04362238795924017,6.9385,0.30267393885518795,0.000605347877710376,0.1558770785104218,rebalance
2023-03-03 03:00:00+00:00,filecoin,long,close,0.04362238795924017,6.1919,0.2701054640048192,0.0005402109280096385,0.15542831319429112,rebalance
2023-03-05 03:00:00+00:00,solana,long,open,0.003980335700177864,21.1838,0.08431863540542785,0.0001686372708108557,0.04342409723379534,rebalance
2023-03-05 03:00:00+00:00,tron,long,open,2.0630723829777717,0.06707,0.13837026472631916,0.00027674052945263834,0.07126068633405437,rebalance
2023-03-06 03:00:00+00:00,solana,long,reduce,0.0012885573013431883,20.8418,0.02685585356313446,5.3711707126268925e-05,0.014016797983703989,rebalance
2023-03-06 03:00:00+00:00,tron,long,reduce,0.006830022791997514,0.06716,0.00045870433071055306,9.174086614211061e-07,0.00023591615875952579,rebalance
2023-03-06 03:00:00+00:00,filecoin,long,open,0.007816569346783505,6.0827,0.04754584636568003,9.509169273136007e-05,0.024486110878325217,rebalance
2023-03-07 03:00:00+00:00,solana,long,reduce,0.0013431519931336648,20.8142,0.027956634215482726,5.5913268430965455e-05,0.014605678462905914,rebalance
2023-03-07 03:00:00+00:00,tron,long,reduce,0.002827148237929844,0.0673,0.0001902670764126785,3.80534152825357e-07,9.765266864374665e-05,rebalance
2023-03-07 03:00:00+00:00,filecoin,long,close,0.007816569346783505,6.1625,0.04816960859955335,9.63392171991067e-05,0.024433183112135246,rebalance
2023-03-08 03:00:00+00:00,solana,long,close,0.001348626405701011,20.0387,0.02702471995592085,5.40494399118417e-05,0.014665208218392041,rebalance
2023-03-08 03:00:00+00:00,tron,long,increase,0.02436775352988004,0.06626,0.0016146073488898516,3.2292146977797033e-06,0.0008315227846782735,rebalance
2023-03-09 03:00:00+00:00,tron,long,reduce,0.6798458388461,0.06554,0.04455709627797339,8.911419255594679e-05,0.02347926314435721,rebalance
2023-03-10 03:00:00+00:00,tron,long,reduce,0.6177698311882205,0.05801,0.03583682790722867,7.167365581445734e-05,0.02133539635063778,rebalance
2023-03-11 03:00:00+00:00,tron,long,close,0.780167295443404,0.05755,0.0448986278527679,8.97972557055358e-05,0.02694398079633439,rebalance
2023-03-13 03:00:00+00:00,ethereum,long,open,8.537850868735764e-05,1589.29,0.13569121007173063,0.0002713824201434613,0.06988097318694128,rebalance
2023-03-13 03:00:00+00:00,ripple,long,open,0.3689466802755197,0.36778,0.13569121007173063,0.0002713824201434613,0.06988097318694128,rebalance
2023-03-14 03:00:00+00:00,ripple,long,reduce,0.12234780722327293,0.36967,0.04522831389622731,9.045662779245462e-05,0.023135958478183612,rebalance
2023-03-14 03:00:00+00:00,ethereum,long,increase,2.3800620134650678e-05,1669.92,0.03974513157525586,7.949026315051172e-05,0.020468742761256768,rebalance
2023-03-15 03:00:00+00:00,ethereum,long,reduce,1.939615240098623e-06,1709.01,0.0033148218414809473,6.629643682961895e-06,0.0015927837735262855,rebalance
2023-03-15 03:00:00+00:00,ripple,long,reduce,0.12412921017227545,0.37412,0.046439220109651694,9.28784402193034e-05,0.02340302250687193,rebalance
2023-03-16 03:00:00+00:00,ripple,long,close,0.12246966287997131,0.36146,0.04426788434459443,8.853576868918886e-05,0.023027505785250955,rebalance
2023-03-16 03:00:00+00:00,bitcoin,long,open,1.86195602014582e-06,24373.1,0.04538164027461608,9.076328054923216e-05,0.02337154474142728,rebalance
2023-03-16 03:00:00+00:00,ethereum,long,increase,2.776584053523229e-06,1650.0,0.004581363688313328,9.162727376626656e-06,0.0023594022994813638,rebalance
2023-03-17 03:00:00+00:00,ethereum,long,reduce,5.626111661625651e-05,1703.24,0.09582618426547274,0.00019165236853094548,0.045944078370493004,rebalance
2023-03-17 03:00:00+00:00,bitcoin,long,reduce,7.23571134966115e-08,25580.49,0.0018509304182289356,3.701860836457871e-06,0.0009061464738080488,rebalance
2023-03-17 03:00:00+00:00,binancecoin,long,open,0.0004167772845552715,329.52,0.13733645080665305,0.0002746729016133061,0.07072827216542632,rebalance
2023-03-18 03:00:00+00:00,ethereum,long,reduce,2.8032113235264984e-05,1806.07,0.05062795875081503,0.00010125591750163006,0.022828216954097955,rebalance
2023-03-18 03:00:00+00:00,binancecoin,long,reduce,8.958997926254155e-06,341.75,0.0030617375412973573,6.1234750825947145e-06,0.0015203670332795234,rebalance
2023-03-18 03:00:00+00:00,bitcoin,long,increase,3.3168577200381282e-06,27293.27,0.09052789330458505,0.00018105578660917011,0.0466218650518613,rebalance
2023-03-19 03:00:00+00:00,binancecoin,long,increase,6.721642015557464e-06,334.21,0.00224643997801946,4.49287995603892e-06,0.0011569165886800219,rebalance
2023-03-19 03:00:00+00:00,bitcoin,long,increase,1.706587547958339e-06,27113.36,0.04627132255931171,9.254264511862342e-05,0.02382973111804553,rebalance
2023-03-19 03:00:00+00:00,ethereum,long,increase,2.6290164206795754e-07,1777.17,0.0004672209112339121,9.344418224678241e-07,0.00024061876928546474,rebalance
2023-03-20 03:00:00+00:00,binancecoin,long,reduce,1.7484340408732138e-07,335.02,5.857603723733441e-05,1.1715207447466881e-07,2.9678262834399366e-05,rebalance
2023-03-20 03:00:00+00:00,bitcoin,long,increase,2.354672274969355e-05,27435.11,0.646006928777345,0.00129201385755469,0.3326935683203327,rebalance
2023-03-20 03:00:00+00:00,ethereum,long,increase,2.2529099349929106e-07,1765.42,0.00039773322574351844,7.954664514870369e-07,0.000204832611257912,rebalance
2023-03-21 03:00:00+00:00,bitcoin,long,reduce,1.860574864754093e-05,27782.37,0.5169117930529816,0.0010338235861059634,0.25975070663551797,rebalance
2023-03-21 03:00:00+00:00,binancecoin,long,increase,4.489618129166858e-06,334.13,0.0015001161054985224,3.000232210997045e-06,0.0007725597943317391,rebalance
2023-03-21 03:00:00+00:00,ethereum,long,increase,4.6245264777169665e-07,1748.95,0.0008088065583203088,1.6176131166406177e-06,0.0004165353775349591,rebalance
2023-03-22 03:00:00+00:00,ethereum,long,close,2.6673513067250364e-05,1793.59,0.047841346302289575,9.568269260457915e-05,0.021568015609304395,rebalance
2023-03-22 03:00:00+00:00,bitcoin,long,reduce,6.708062486482803e-08,28042.75,0.001881125192928156,3.762250385856312e-06,0.0009363292724366841,rebalance
2023-03-22 03:00:00+00:00,binancecoin,long,increase,1.2235751822367023e-06,334.36,0.0004091145979326638,8.182291958653277e-07,0.00021069401793532186,rebalance
2023-03-22 03:00:00+00:00,ripple,long,open,1.4255496774195622,0.4598,0.6554677416775146,0.0013109354833550292,0.33756588696392004,rebalance
2023-03-23 03:00:00+00:00,binancecoin,long,reduce,0.00028610838496012354,320.34,0.09165196003812597,0.00018330392007625193,0.04857378375115835,rebalance
2023-03-23 03:00:00+00:00,ripple,long,reduce,1.220548766420079,0.41869,0.5110315630124228,0.0010220631260248456,0.28838470420875373,rebalance
2023-03-23 03:00:00+00:00,bitcoin,long,increase,2.4398365526807082e-06,27341.22,0.06670810795088483,0.00013341621590176966,0.03435467559470569,rebalance
2023-03-24 03:00:00+00:00,binancecoin,long,close,0.00013396989359176753,326.87,0.043790739118341054,8.758147823668211e-05,0.02274461351910112,rebalance
2023-03-24 03:00:00+00:00,ripple,long,reduce,0.0035436040954839043,0.4333,0.0015354436545731759,3.0708873091463518e-06,0.0008361095628940037,rebalance
2023-03-24 03:00:00+00:00,bitcoin,long,increase,1.357511180000089e-06,28187.11,0.03826431695689231,7.652863391378462e-05,0.01970612323279954,rebalance
2023-03-25 03:00:00+00:00,ripple,long,reduce,0.10036752909355792,0.42597,0.04275355636798287,8.550711273596574e-05,0.023656224720609617,rebalance
2023-03-25 03:00:00+00:00,bitcoin,long,increase,1.6778356494989059e-06,27599.93,0.04630814647767434,9.261629295534868e-05,0.023848695436002286,rebalance
2023-03-29 03:00:00+00:00,ripple,long,reduce,0.023726143514579676,0.52602,0.012480426011539201,2.4960852023078404e-05,0.005555142647335133,rebalance
2023-03-29 03:00:00+00:00,bitcoin,long,increase,2.48410565816232e-07,27390.99,0.0068042113241667534,1.3608422648333507e-05,0.0035041688319458783,rebalance
2023-03-30 03:00:00+00:00,bitcoin,long,reduce,3.936033339605854e-07,28959.79,0.011398669894798421,2.2797339789596842e-05,0.005480982237332911,rebalance
2023-03-30 03:00:00+00:00,ripple,long,increase,0.9251134311285435,0.54058,0.500097818599468,0.001000195637198936,0.25755037657872604,rebalance
2023-03-31 03:00:00+00:00,bitcoin,long,reduce,4.674168905727598e-06,28143.9,0.13154934226590695,0.0002630986845318139,0.06504319429865399,rebalance
2023-03-31 03:00:00+00:00,ripple,long,reduce,0.697397432988361,0.52988,0.36953695179187274,0.0007390739035837455,0.19128088964940737,rebalance
2023-04-01 03:00:00+00:00,bitcoin,long,reduce,6.229906961985461e-06,28575.21,0.17802089971919655,0.0003560417994383931,0.08645964960050087,rebalance
2023-04-01 03:00:00+00:00,ripple,long,increase,1.2295359152852836,0.53332,0.6557360943399475,0.001311472188679895,0.33770408858507295,rebalance
2023-04-02 03:00:00+00:00,bitcoin,long,reduce,4.6197246291874055e-06,28403.93,0.13121833498671504,0.0002624366699734301,0.06395987113540917,rebalance
2023-04-02 03:00:00+00:00,ripple,long,increase,0.22335280233422,0.51955,0.11604294845274399,0.000232085896905488,0.059762118453163156,rebalance
2023-04-05 03:00:00+00:00,bitcoin,long,close,1.4931277690683585e-06,28565.55,0.042652015943710646,8.530403188742129e-05,0.020626772839335915,rebalance
2023-04-05 03:00:00+00:00,ripple,long,reduce,0.0864910898573028,0.50379,0.043573346159210574,8.714669231842115e-05,0.023606795606344336,rebalance
2023-04-05 03:00:00+00:00,dogecoin,long,open,0.7649658168288296,0.096092,0.07350709527071589,0.00014701419054143178,0.03785615406441868,rebalance
2023-04-06 03:00:00+00:00,ripple,long,reduce,0.16148259042120583,0.50053,0.08082688098352615,0.0001616537619670523,0.043992192084257406,rebalance
2023-04-06 03:00:00+00:00,dogecoin,long,increase,0.8200722701674218,0.091583,0.07510467871874299,0.000150209357437486,0.03867890954015264,rebalance
2023-04-08 03:00:00+00:00,dogecoin,long,reduce,0.7142165200360001,0.083471,0.059616367143924966,0.00011923273428784994,0.034330082274916664,rebalance
2023-04-08 03:00:00+00:00,ripple,long,increase,0.12018645753854852,0.5102,0.06131913063616745,0.0001226382612723349,0.03157935227762624,rebalance
2023-04-09 03:00:00+00:00,dogecoin,long,close,0.8708215669602514,0.081834,0.07126281211062521,0.00014252562422125044,0.041776957838239454,rebalance
2023-04-09 03:00:00+00:00,ripple,long,increase,0.14043278922272653,0.50634,0.07110673849503535,0.0001422134769900707,0.036619970324943206,rebalance
2023-04-13 03:00:00+00:00,ripple,long,reduce,0.15573668732947854,0.50442,0.07855669982273557,0.00015711339964547113,0.04183469672748424,rebalance
2023-04-13 03:00:00+00:00,bitcoin,long,open,2.6312165219385926e-06,30110.53,0.07922732402032764,0.0001584546480406553,0.04080207187046874,rebalance
2023-04-14 03:00:00+00:00,ripple,long,reduce,0.14381163750086512,0.51855,0.0745735246260736,0.0001491470492521472,0.038557886729087755,rebalance
2023-04-14 03:00:00+00:00,bitcoin,long,increase,3.530109082896e-08,30607.59,0.0010804813146455677,2.1609626292911354e-06,0.0005564478770424674,rebalance
2023-04-14 03:00:00+00:00,cardano,long,open,0.18758343749423803,0.43509,0.08161567781936802,0.00016323135563873603,0.04203207407697453,rebalance
2023-04-16 03:00:00+00:00,ripple,long,reduce,0.4448604603473745,0.51942,0.23106942031363326,0.00046213884062726654,0.11857772906919031,rebalance
2023-04-16 03:00:00+00:00,bitcoin,long,close,2.6665176127675526e-06,30251.61,0.08066645087957502,0.00016133290175915005,0.04114264076976271,rebalance
2023-04-16 03:00:00+00:00,cardano,long,reduce,0.006115192779814899,0.44979,0.0027505525604329434,5.501105120865887e-06,0.00136212720924553,rebalance
2023-04-17 03:00:00+00:00,ripple,long,reduce,0.29202587717339135,0.51448,0.1502414732881664,0.0003004829465763328,0.07761183848047255,rebalance
2023-04-17 03:00:00+00:00,cardano,long,increase,0.18031013324354844,0.44714,0.08062387297852025,0.0001612477459570405,0.04152129458393793,rebalance
2023-04-18 03:00:00+00:00,ripple,long,reduce,0.2960922359021908,0.51107,0.15132385900253267,0.00030264771800506536,0.07846590956326435,rebalance
2023-04-18 03:00:00+00:00,cardano,long,increase,0.1904880348623023,0.43469,0.08280324387429419,0.0001656064877485884,0.04264367059526151,rebalance
2023-04-20 03:00:00+00:00,ripple,long,reduce,0.14229980112891133,0.48933,0.06963156168641017,0.00013926312337282035,0.037561480366234905,rebalance
2023-04-20 03:00:00+00:00,cardano,long,reduce,0.3647929989784503,0.41443,0.15118116256663916,0.00030236232513327835,0.08159451511515375,rebalance
2023-04-21 03:00:00+00:00,ripple,long,close,0.29578721715610273,0.47072,0.13923295885972067,0.00027846591771944133,0.07793217904991678,rebalance
2023-04-21 03:00:00+00:00,cardano,long,close,0.1874734138418236,0.40143,0.07525745251852324,0.00015051490503704647,0.041818189541411324,rebalance
2023-04-23 03:00:00+00:00,binancecoin,long,open,0.00034941297648092635,329.48,0.11512458749093561,0.00023024917498187122,0.05928916255783184,rebalance
2023-04-24 03:00:00+00:00,binancecoin,long,reduce,0.00023360348469083592,331.59,0.07746057948863427,0.00015492115897726855,0.03963835321000736,rebalance
2023-04-25 03:00:00+00:00,binancecoin,long,increase,0.0009274499389629623,331.19,0.30716214528514346,0.000614324290570287,0.15818850482184887,rebalance
2023-04-26 03:00:00+00:00,binancecoin,long,increase,0.00033046860811528707,338.59,0.11189336602175504,0.00022378673204351008,0.05762508350120384,rebalance
2023-04-26 03:00:00+00:00,internet-computer,long,open,0.0827315677877559,5.506,0.455520012239384,0.000911040024478768,0.23459280630328275,rebalance
2023-04-27 03:00:00+00:00,binancecoin,long,reduce,1.2172284508593298e-05,332.76,0.004050449393079506,8.100898786159012e-06,0.0020863952390864503,rebalance
2023-04-27 03:00:00+00:00,internet-computer,long,close,0.0827315677877559,5.391,0.44600588194379204,0.0008920117638875841,0.2339557436465084,rebalance
2023-04-28 03:00:00+00:00,binancecoin,long,reduce,0.00033381421671668235,326.06,0.10884346350264144,0.0002176869270052829,0.05721755780563387,rebalance
2023-04-28 03:00:00+00:00,bitcoin,long,open,5.068956868900905e-06,29381.93,0.14893573589506556,0.0002978714717901311,0.07670190398595876,rebalance
2023-04-28 03:00:00+00:00,cardano,long,open,0.3659084978872947,0.40703,0.14893573589506556,0.0002978714717901311,0.07670190398595876,rebalance
2023-04-28 03:00:00+00:00,internet-computer,long,open,0.04357794712581078,5.686,0.2477842073573601,0.0004955684147147202,0.12760886678904046,rebalance
2023-04-29 03:00:00+00:00,binancecoin,long,reduce,0.0004377567384599245,323.47,0.14160117218963178,0.0002832023443792636,0.07503386684364882,rebalance
2023-04-29 03:00:00+00:00,cardano,long,reduce,0.08324185641240728,0.40509,0.033720443614102064,6.744088722820413e-05,0.017403008532442858,rebalance
2023-04-29 03:00:00+00:00,bitcoin,long,increase,1.3283904184378715e-07,29350.23,0.003898856431094777,7.797712862189554e-06,0.00200791106201381,rebalance
2023-04-29 03:00:00+00:00,internet-computer,long,increase,0.02609131527678207,6.222,0.16234016365213805,0.0003246803273042761,0.08360518428085109,rebalance
2023-04-30 03:00:00+00:00,binancecoin,long,reduce,0.0004685161290130847,321.3,0.15053423225190413,0.0003010684645038083,0.08030619234359974,rebalance
2023-04-30 03:00:00+00:00,cardano,long,reduce,0.08759549774699887,0.40014,0.03505046246848413,7.010092493696827e-05,0.01827298634962326,rebalance
2023-04-30 03:00:00+00:00,bitcoin,long,increase,1.52190470439018e-07,29158.0,0.004437569737060887,8.875139474121773e-06,0.002285348414586357,rebalance
2023-04-30 03:00:00+00:00,internet-computer,long,increase,0.025990210756051273,6.535,0.16984602729079507,0.0003396920545815901,0.08747070405475946,rebalance
2023-05-01 03:00:00+00:00,binancecoin,long,close,0.00012146867017005499,333.12,0.040463643407048715,8.092728681409744e-05,0.02082038543890831,rebalance
2023-05-01 03:00:00+00:00,bitcoin,long,reduce,4.0472686094833536e-06,28540.43,0.11551078644015698,0.00023102157288031397,0.06097199644526987,rebalance
2023-05-01 03:00:00+00:00,cardano,long,close,0.19507114372788853,0.39099,0.07627086648616714,0.0001525417329723343,0.04063391436468561,rebalance
2023-05-01 03:00:00+00:00,internet-computer,long,reduce,0.03391080004233748,6.244,0.2117390354643552,0.0004234780709287104,0.10522294237734836,rebalance
2023-05-03 03:00:00+00:00,internet-computer,long,reduce,0.0032578087562582167,5.703,0.01857928333694061,3.715856667388122e-05,0.010068565854057432,rebalance
2023-05-03 03:00:00+00:00,bitcoin,long,increase,1.18289318800759e-06,28489.01,0.03369945586208011,6.739891172416022e-05,0.017355219768971256,rebalance
2023-05-07 03:00:00+00:00,bitcoin,long,reduce,6.433902636480425e-08,28804.85,0.0018532760035842315,3.706552007168463e-06,0.0009478323821679408,rebalance
2023-05-07 03:00:00+00:00,internet-computer,long,reduce,0.011271029241253408,5.553,0.06258802537668018,0.00012517605075336037,0.03448367930330893,rebalance
2023-05-07 03:00:00+00:00,tron,long,open,0.9954345148070564,0.07018,0.06985959424915922,0.00013971918849831844,0.035977691038317,rebalance
2023-05-08 03:00:00+00:00,internet-computer,long,close,0.04721983511879502,5.366,0.25338163524745405,0.0005067632704949081,0.1441777130899993,rebalance
2023-05-08 03:00:00+00:00,bitcoin,long,increase,1.2116533640930578e-06,28274.5,0.03425889304304916,6.851778608609832e-05,0.017643329917170318,rebalance
2023-05-08 03:00:00+00:00,tron,long,increase,3.517390718766372,0.06836,0.2404488295348692,0.00048089765906973844,0.12383114721045764,rebalance
2023-05-10 03:00:00+00:00,bitcoin,long,reduce,1.1581935005981653e-06,27655.7,0.03203065199449268,6.406130398898537e-05,0.016951792631968554,rebalance
2023-05-10 03:00:00+00:00,tron,long,increase,0.4467365486443149,0.06911,0.030873962876808603,6.17479257536172e-05,0.01590009088155643,rebalance
2023-05-14 03:00:00+00:00,bitcoin,long,reduce,1.1997175530509308e-06,26791.12,0.03214177692989385,6.428355385978771e-05,0.017487618021434247,rebalance
2023-05-14 03:00:00+00:00,tron,long,increase,0.4584124158145299,0.06957,0.03189175176821685,6.37835035364337e-05,0.01642425216063168,rebalance
2023-05-15 03:00:00+00:00,bitcoin,long,close,1.2790142437871044e-06,27141.99,0.03471499181472715,6.94299836294543e-05,0.018624565988697828,rebalance
2023-05-15 03:00:00+00:00,tron,long,increase,0.4974355337760026,0.06951,0.03457674395276994,6.915348790553988e-05,0.01780702313567652,rebalance
2023-05-19 03:00:00+00:00,tron,long,reduce,0.5151102286149376,0.07015,0.03613498253733787,7.226996507467574e-05,0.018250359842617282,rebalance
2023-05-19 03:00:00+00:00,ripple,long,open,0.06745138683989871,0.46465,0.031341286895158936,6.268257379031788e-05,0.016140762751006853,rebalance
2023-05-20 03:00:00+00:00,tron,long,reduce,0.5054814653709556,0.0706,0.035686991455189464,7.137398291037893e-05,0.017909212677835584,rebalance
2023-05-20 03:00:00+00:00,litecoin,long,open,0.000378089883446674,91.4,0.034557415347026006,6.911483069405201e-05,0.017797068903718394,rebalance
2023-05-20 03:00:00+00:00,ripple,long,increase,0.00021845901971573968,0.46474,0.00010152664482269286,2.0305328964538572e-07,5.228622208368682e-05,rebalance
2023-05-21 03:00:00+00:00,tron,long,reduce,0.05701233689515828,0.07243,0.004129403561316314,8.258807122632628e-06,0.0020199475879229146,rebalance
2023-05-21 03:00:00+00:00,litecoin,long,increase,2.120909650286497e-06,92.16,0.00019546303337040355,3.909260667408071e-07,0.00010066346218575783,rebalance
2023-05-21 03:00:00+00:00,ripple,long,increase,0.007154469091946265,0.4683,0.0033504378757584358,6.700875751516872e-06,0.0017254755060155944,rebalance
2023-05-22 03:00:00+00:00,ripple,long,close,0.07482431495156071,0.45762,0.03424110300813321,6.848220601626642e-05,0.01780404394289249,rebalance
2023-05-22 03:00:00+00:00,litecoin,long,increase,1.0368279416586768e-05,90.98,0.0009433060613210642,1.8866121226421285e-06,0.0004858026215803481,rebalance
2023-05-22 03:00:00+00:00,tron,long,increase,0.3970104794679535,0.07467,0.029644772501872085,5.928954500374417e-05,0.015267057838464125,rebalance
2023-05-26 03:00:00+00:00,tron,long,close,5.234816180395177,0.07704,0.40329023853764445,0.0008065804770752889,0.18638432007615555,rebalance
2023-05-26 03:00:00+00:00,litecoin,long,close,0.0003905790725135473,87.1,0.03401943721592997,6.803887443185994e-05,0.018131451958933127,rebalance
2023-05-28 03:00:00+00:00,tron,long,open,5.572362336681397,0.07758,0.4323038700797427,0.0008646077401594854,0.2226364930910675,rebalance
2023-05-30 03:00:00+00:00,tron,long,reduce,0.4343868280998242,0.07613,0.033069869223239616,6.613973844647923e-05,0.017355361013851947,rebalance
2023-05-30 03:00:00+00:00,litecoin,long,open,0.00039072037585112025,91.01,0.035559461406210455,7.111892281242091e-05,0.018313122624198385,rebalance
2023-05-31 03:00:00+00:00,tron,long,reduce,0.46902520201735953,0.07623,0.03575379114978332,7.150758229956664e-05,0.018739292213840974,rebalance
2023-05-31 03:00:00+00:00,litecoin,long,reduce,2.803120407643498e-06,91.75,0.00025718629740129095,5.143725948025819e-07,0.00013100750604184855,rebalance
2023-05-31 03:00:00+00:00,ripple,long,open,0.06798221375050424,0.52354,0.03559140818693899,7.118281637387799e-05,0.01832957521627358,rebalance
2023-06-01 03:00:00+00:00,tron,long,reduce,0.4376381619592715,0.07462,0.032656559645400846,6.531311929080169e-05,0.017485263831472145,rebalance
2023-06-01 03:00:00+00:00,litecoin,long,increase,2.4931511524883e-06,89.86,0.00022403456256259863,4.4806912512519726e-07,0.0001153777997197383,rebalance
2023-06-01 03:00:00+00:00,ripple,long,increase,0.07111726341817828,0.50442,0.03587297001339749,7.174594002679498e-05,0.01847457955689971,rebalance
2023-06-02 03:00:00+00:00,tron,long,reduce,0.47535347826420304,0.07547,0.0358749270045994,7.17498540091988e-05,0.01899213026452449,rebalance
2023-06-02 03:00:00+00:00,litecoin,long,reduce,1.794351845771277e-05,95.13,0.0017069669108822157,3.4139338217644314e-06,0.0008345457645941991,rebalance
2023-06-02 03:00:00+00:00,ripple,long,increase,0.06763822671481087,0.51417,0.03477754702995431,6.955509405990862e-05,0.01791043672042647,rebalance
2023-06-05 03:00:00+00:00,tron,long,reduce,0.14590970013562998,0.08103,0.011823063001990099,2.36461260039802e-05,0.005811072613577104,rebalance
2023-06-05 03:00:00+00:00,litecoin,long,close,0.0003724668881382523,92.63,0.03450160784824631,6.900321569649263e-05,0.01716369671144505,rebalance
2023-06-05 03:00:00+00:00,ripple,long,increase,0.06975882503215552,0.52898,0.03690102326550963,7.380204653101927e-05,0.019004026981737462,rebalance
2023-06-09 03:00:00+00:00,tron,long,close,3.6100489662051083,0.07709,0.27829867480475184,0.0005565973496095037,0.14330735093770167,rebalance
2023-06-09 03:00:00+00:00,ripple,long,close,0.2764965289156489,0.52394,0.14486759136006508,0.00028973518272013015,0.07242656572429707,rebalance
2023-06-22 03:00:00+00:00,bitcoin-cash,long,open,0.00303620930497069,140.86,0.42768044269817146,0.0008553608853963429,0.2202554279895583,rebalance
2023-06-24 03:00:00+00:00,bitcoin-cash,long,reduce,0.0015986132913449642,194.67,0.31120204942612417,0.0006224040988522483,0.11568181008012553,rebalance
2023-06-25 03:00:00+00:00,bitcoin-cash,long,reduce,0.00045444785790053335,205.15,0.09322997804829442,0.00018645995609658885,0.03288559595594218,rebalance
2023-06-26 03:00:00+00:00,bitcoin-cash,long,increase,0.0013614102693508116,196.63,0.2676941012624501,0.0005353882025249002,0.1378624621501618,rebalance
2023-06-27 03:00:00+00:00,bitcoin-cash,long,reduce,0.001532602978684643,220.7,0.3382454773957007,0.0006764909547914014,0.13662466752735,rebalance
2023-06-28 03:00:00+00:00,bitcoin-cash,long,increase,0.0007893216306656878,230.95,0.18229383060224058,0.0003645876612044812,0.0938813227601539,rebalance
2023-06-29 03:00:00+00:00,bitcoin-cash,long,reduce,0.0008147761408832786,228.81,0.18642892879550296,0.00037285785759100595,0.08459968368571848,rebalance
2023-07-01 03:00:00+00:00,bitcoin-cash,long,increase,3.551367450317963e-05,294.36,0.010453805226755958,2.0907610453511916e-05,0.005383709691779318,rebalance
2023-07-09 03:00:00+00:00,bitcoin-cash,long,increase,0.00028604269371416784,273.67,0.07828130398875632,0.00015656260797751264,0.04031487155420951,rebalance
2023-07-13 03:00:00+00:00,bitcoin-cash,long,increase,0.00039359784500167695,282.7,0.11127011078197407,0.00022254022156394814,0.05730410705271665,rebalance
2023-07-15 03:00:00+00:00,bitcoin-cash,long,increase,0.00036877374641295914,257.77,0.09505880861286847,0.00019011761722573695,0.048955286435627264,rebalance
2023-07-15 03:00:00+00:00,solana,long,open,0.0025556965164908276,27.4692,0.07020293875078984,0.0001404058775015797,0.03615451345665677,rebalance
2023-07-16 03:00:00+00:00,bitcoin-cash,long,reduce,0.0003376986132012968,256.72,0.08669398798103692,0.00017338797596207385,0.042131457023853305,rebalance
2023-07-16 03:00:00+00:00,solana,long,increase,0.005730595897059988,27.5019,0.15760227530135407,0.00031520455060270815,0.08116517178019735,rebalance
2023-07-17 03:00:00+00:00,bitcoin-cash,long,reduce,0.0003215780292717442,252.02,0.08104409493706498,0.00016208818987412997,0.04012024447373686,rebalance
2023-07-17 03:00:00+00:00,solana,long,increase,0.0040583777505399715,28.1803,0.11436630252354155,0.0002287326050470831,0.0588986457996239,rebalance
2023-07-18 03:00:00+00:00,bitcoin-cash,long,reduce,0.00016391451862176275,239.74,0.039296866694381406,7.859373338876282e-05,0.02043654354180703,rebalance
2023-07-18 03:00:00+00:00,solana,long,increase,0.002873599772066673,26.4771,0.07608458852498651,0.00015216917704997303,0.03918356309036805,rebalance
2023-07-20 03:00:00+00:00,bitcoin-cash,long,reduce,0.0004568571182969667,244.38,0.11164674256941272,0.00022329348513882544,0.05687682290830935,rebalance
2023-07-20 03:00:00+00:00,solana,long,reduce,0.004408190848063504,26.6578,0.1175126699895073,0.0002350253399790146,0.06179538328423132,rebalance
2023-07-20 03:00:00+00:00,ripple,long,open,0.09605806348317619,0.84275,0.08095293300044673,0.00016190586600089348,0.041690760495230066,rebalance
2023-07-21 03:00:00+00:00,bitcoin-cash,long,reduce,0.00030192446730451834,245.27,0.07405301409577922,0.00014810602819155844,0.03758834824020897,rebalance
2023-07-21 03:00:00+00:00,solana,long,reduce,0.004170170231265739,25.5387,0.10650072648522632,0.00021300145297045264,0.058342612584080106,rebalance
2023-07-21 03:00:00+00:00,ripple,long,increase,0.03929811742384429,0.79666,0.031307238226879794,6.261447645375959e-05,0.016123227686843093,rebalance
2023-07-21 03:00:00+00:00,stellar,long,open,0.5729818502021986,0.16713,0.09576245662429345,0.0001915249132485869,0.04931766516151113,rebalance
2023-07-22 03:00:00+00:00,bitcoin-cash,long,close,0.00028845614910946515,246.87,0.07121116953065366,0.00014242233906130734,0.03585355954015595,rebalance
2023-07-22 03:00:00+00:00,solana,long,reduce,0.004243405326345236,25.8025,0.10949046593302295,0.00021898093186604588,0.05931307442394859,rebalance
2023-07-22 03:00:00+00:00,ripple,long,increase,0.0775340507146789,0.7749,0.06008113589880469,0.00012016227179760938,0.030941784987884417,rebalance
2023-07-22 03:00:00+00:00,stellar,long,increase,0.42851412219733814,0.15974,0.0684508458798028,0.0001369016917596056,0.03525218562809844,rebalance
2023-07-23 03:00:00+00:00,solana,long,close,0.002396503530482981,24.6503,0.05907453097746462,0.00011814906195492925,0.0334123815162643,rebalance
2023-07-23 03:00:00+00:00,ripple,long,increase,0.0489745265230198,0.73341,0.03591840749724795,7.18368149944959e-05,0.018497979861082696,rebalance
2023-07-23 03:00:00+00:00,stellar,long,increase,0.002852253901349815,0.15633,0.00044589285239801657,8.917857047960332e-07,0.00022963481898497854,rebalance
2023-07-24 03:00:00+00:00,ripple,long,increase,0.02223330351266636,0.72933,0.016215415250892956,3.243083050178591e-05,0.008350938854209873,rebalance
2023-07-24 03:00:00+00:00,stellar,long,increase,0.012975415537587048,0.15358,0.0019927643182626187,3.985528636525238e-06,0.0010262736239052487,rebalance
2023-07-25 03:00:00+00:00,ripple,long,increase,0.04362476584036134,0.69413,0.030281258712770015,6.056251742554003e-05,0.015594848237076558,rebalance
2023-07-25 03:00:00+00:00,stellar,long,increase,0.29998464441855427,0.14506,0.04351577251935548,8.703154503871097e-05,0.022410622847468073,rebalance
2023-07-27 03:00:00+00:00,ripple,long,reduce,0.0024933868750871002,0.71785,0.0017898777682812748,3.57975553656255e-06,0.0009903282509391583,rebalance
2023-07-27 03:00:00+00:00,stellar,long,reduce,0.21953442117436195,0.15599,0.03424517435898872,6.849034871797743e-05,0.018008934485770938,rebalance
2023-07-28 03:00:00+00:00,ripple,long,reduce,0.032238617236415135,0.71459,0.02303739349096989,4.607478698193978e-05,0.01277179649473509,rebalance
2023-07-28 03:00:00+00:00,stellar,long,reduce,0.03225378046362137,0.16161,0.00521253346072585,1.04250669214517e-05,0.0026458548786135886,rebalance
2023-07-31 03:00:00+00:00,ripple,long,increase,0.025707549511792764,0.70759,0.018190404959049444,3.638080991809889e-05,0.009368058553910465,rebalance
2023-07-31 03:00:00+00:00,stellar,long,increase,0.027695534924191793,0.1558,0.0043149643411890815,8.629928682378164e-06,0.002222206635712377,rebalance
2023-08-01 03:00:00+00:00,ripple,long,reduce,0.08489865041066316,0.68556,0.05820311877553423,0.00011640623755106847,0.03311007867265122,rebalance
2023-08-01 03:00:00+00:00,stellar,long,increase,0.5482063355627668,0.14704,0.08060825958114923,0.00016121651916229846,0.04151325368429185,rebalance
2023-08-04 03:00:00+00:00,ripple,long,reduce,0.16187401723275735,0.66304,0.10732894838600743,0.00021465789677201487,0.06268248088155567,rebalance
2023-08-04 03:00:00+00:00,stellar,long,reduce,0.6898092832382928,0.14033,0.09680093671682964,0.00019360187343365928,0.054990412082017506,rebalance
2023-08-04 03:00:00+00:00,dogecoin,long,open,0.5638342952692681,0.074202,0.04183763237757023,8.367526475514046e-05,0.02154638067444867,rebalance
2023-08-04 03:00:00+00:00,shiba-inu,long,open,4983.043398948336,8.396e-06,0.04183763237757023,8.367526475514046e-05,0.02154638067444867,rebalance
2023-08-05 03:00:00+00:00,ripple,long,reduce,0.020977054868813926,0.61929,0.012990880309707777,2.5981760619415553e-05,0.008104372218775911,rebalance
2023-08-05 03:00:00+00:00,dogecoin,long,increase,0.0009150723206537761,0.07352,6.727611701446562e-05,1.3455223402893123e-07,3.4647200262449794e-05,rebalance
2023-08-05 03:00:00+00:00,shiba-inu,long,increase,4252.94225452982,8.991e-06,0.03823820381047762,7.647640762095525e-05,0.019692674962395976,rebalance
2023-08-05 03:00:00+00:00,stellar,long,increase,0.027314501913900165,0.13538,0.003697837269103804,7.3956745382076086e-06,0.0019043861935884592,rebalance
2023-08-06 03:00:00+00:00,ripple,long,close,0.05094865038580299,0.63317,0.03225915696477888,6.451831392955776e-05,0.019635955622152514,rebalance
2023-08-06 03:00:00+00:00,stellar,long,reduce,0.01951006889270701,0.14066,0.0027442862904481684,5.4885725808963365e-06,0.0015459002235999795,rebalance
2023-08-06 03:00:00+00:00,dogecoin,long,reduce,0.006303371359273946,0.07571,0.00047722824561063047,9.54456491221261e-07,0.0002397237932396686,rebalance
2023-08-06 03:00:00+00:00,shiba-inu,long,increase,7945.746084659548,9.843e-06,0.07820997871130393,0.00015641995742260786,0.04027813903632153,rebalance
2023-08-07 03:00:00+00:00,stellar,long,reduce,0.011084129796141928,0.14078,0.0015604237927008605,3.120847585401721e-06,0.0008767174325024448,rebalance
2023-08-07 03:00:00+00:00,dogecoin,long,close,0.558445996230648,0.075251,0.04202361966235249,8.404723932470498e-05,0.0211757854671747,rebalance
2023-08-07 03:00:00+00:00,shiba-inu,long,increase,5104.681334691886,9.384e-06,0.047902329644748665,9.580465928949734e-05,0.024669699767045562,rebalance
2023-08-10 03:00:00+00:00,stellar,long,reduce,0.11865575708579579,0.13987,0.016596380743590256,3.319276148718051e-05,0.009350785143216318,rebalance
2023-08-10 03:00:00+00:00,shiba-inu,long,reduce,605.0403539889667,9.709e-06,0.005874336796878877,1.1748673593757754e-05,0.0028550703525091715,rebalance
2023-08-10 03:00:00+00:00,bitcoin-cash,long,open,9.976557328410018e-05,238.75,0.023819030621578918,4.763806124315784e-05,0.012266800770113143,rebalance
2023-08-11 03:00:00+00:00,stellar,long,reduce,0.4165765872881811,0.13967,0.05818325194654025,0.00011636650389308049,0.03282873295907178,rebalance
2023-08-11 03:00:00+00:00,bitcoin-cash,long,increase,4.4165960640509375e-06,229.74,0.0010146687797550624,2.029337559510125e-06,0.0005225544215738571,rebalance
2023-08-11 03:00:00+00:00,shiba-inu,long,increase,12322.876098588802,9.953e-06,0.12264958580925434,0.00024529917161850867,0.06316453669176599,rebalance
2023-08-12 03:00:00+00:00,stellar,long,reduce,0.2743272137044899,0.13958,0.038290592488872705,7.65811849777454e-05,0.0215691224201014,rebalance
2023-08-12 03:00:00+00:00,bitcoin-cash,long,increase,5.848237181500822e-06,228.72,0.001337608808152868,2.6752176163057363e-06,0.000688868536198727,rebalance
2023-08-12 03:00:00+00:00,shiba-inu,long,increase,5715.345545686441,1.1199e-05,0.06400615476614246,0.00012801230953228494,0.03296316970456337,rebalance
2023-08-13 03:00:00+00:00,stellar,long,close,0.13877341701429458,0.13848,0.01921734278813951,3.843468557627902e-05,0.010882324024983922,rebalance
2023-08-13 03:00:00+00:00,bitcoin-cash,long,reduce,3.072899872071322e-06,228.38,0.0007017888727836485,1.403577745567297e-06,0.0003762638908776349,rebalance
2023-08-13 03:00:00+00:00,shiba-inu,long,increase,5169.779295875038,1.058e-05,0.0546962649503579,0.0001093925299007158,0.028168576449434317,rebalance
2023-08-18 03:00:00+00:00,bitcoin-cash,long,increase,9.738079959863055e-06,179.09,0.0017439927400118745,3.487985480023749e-06,0.0008981562611061154,rebalance
2023-08-18 03:00:00+00:00,shiba-inu,long,increase,947.1636324767223,8.059e-06,0.0076331917141299055,1.526638342825981e-05,0.003931093732776902,rebalance
2023-08-18 03:00:00+00:00,solana,long,open,0.0016819349566483252,21.4072,0.036005518003962025,7.201103600792406e-05,0.018542841772040443,rebalance
2023-08-19 03:00:00+00:00,shiba-inu,long,close,45836.537291467626,8.516e-06,0.39034395157413826,0.0007806879031482765,0.2291431046631428,rebalance
2023-08-19 03:00:00+00:00,bitcoin-cash,long,close,0.00011669558661744367,187.74,0.021908429431558876,4.381685886311775e-05,0.013978548543019597,rebalance
2023-08-19 03:00:00+00:00,solana,long,close,0.0016819349566483252,21.4465,0.036071618047758304,7.214323609551661e-05,0.018528010561493644,rebalance
2023-10-18 03:00:00+00:00,solana,long,open,0.01903461245725235,23.9781,0.4564138409612426,0.0009128276819224852,0.23505312809503995,rebalance
2023-10-22 03:00:00+00:00,solana,long,increase,0.016230956569359373,29.6913,0.4819182007878199,0.0009638364015756397,0.24818787340572723,rebalance
2023-10-26 03:00:00+00:00,solana,long,reduce,0.002496862313541605,32.4742,0.08108360614241279,0.00016216721228482558,0.033883154908980355,rebalance
2023-10-27 03:00:00+00:00,solana,long,reduce,0.0019652111789723765,32.4118,0.06369603169061687,0.00012739206338123374,0.026588754961873705,rebalance
2023-10-29 03:00:00+00:00,solana,long,increase,0.0024281502728713223,31.7323,0.07705079290383465,0.00015410158580766932,0.039681158345474844,rebalance
2023-10-31 03:00:00+00:00,solana,long,reduce,0.004158481490124957,35.8314,0.14900421366526337,0.00029800842733052676,0.05633542448048992,rebalance
2023-11-01 03:00:00+00:00,solana,long,reduce,0.0043091006063495155,38.1528,0.1644042536139318,0.0003288085072278636,0.058215449246128835,rebalance
2023-11-02 03:00:00+00:00,solana,long,reduce,0.003032211020401191,42.3198,0.12832256394117433,0.00025664512788234865,0.040902394654324895,rebalance
2023-11-09 03:00:00+00:00,solana,long,reduce,0.0047582366779146575,43.9654,0.20919777883918908,0.00041839555767837815,0.06189322323460379,rebalance
2023-11-11 03:00:00+00:00,solana,long,reduce,0.0059501406743373095,55.8845,0.3325206365150034,0.0006650412730300068,0.07618342385913664,rebalance
2023-11-12 03:00:00+00:00,solana,long,increase,0.0019281890302103616,55.6047,0.1072163725681381,0.0002144327451362762,0.05521643187259112,rebalance
2023-11-14 03:00:00+00:00,solana,long,increase,0.0047897883269393095,54.3485,0.26031781088666106,0.0005206356217733222,0.13406367260663046,rebalance
2023-11-15 03:00:00+00:00,solana,long,reduce,0.004686984857482857,56.989,0.2671065800430905,0.000534213160086181,0.08419206464470336,rebalance
2023-11-16 03:00:00+00:00,solana,long,reduce,0.0034741968333989563,66.0873,0.22960028838788685,0.00045920057677577373,0.06164330310117468,rebalance
2023-11-18 03:00:00+00:00,solana,long,reduce,0.004951687983195472,57.1216,0.28284834030089845,0.0005656966806017969,0.08659383818639746,rebalance
2023-11-19 03:00:00+00:00,solana,long,reduce,0.002329980612749381,57.5516,0.13409411223270726,0.0002681882244654145,0.04054467776644745,rebalance
2023-11-20 03:00:00+00:00,solana,long,close,0.0022986024081644413,60.3935,0.1388206445374792,0.0002776412890749584,0.03979013604094608,rebalance
2023-11-22 03:00:00+00:00,avalanche-2,long,open,0.060997851443625295,19.823,1.2091604091669843,0.0024183208183339686,0.622717610720997,rebalance
2023-11-23 03:00:00+00:00,avalanche-2,long,reduce,0.03234562372774445,21.028,0.6801637757470103,0.0013603275514940205,0.3292259202555047,rebalance
2023-11-24 03:00:00+00:00,avalanche-2,long,reduce,0.0023892570736077437,20.697,0.04945045365245947,9.890090730491893e-05,0.02424431835708251,rebalance
2023-11-25 03:00:00+00:00,avalanche-2,long,reduce,0.003168106779225733,21.439,0.06792104123982048,0.00013584208247964096,0.03204741815588666,rebalance
2023-11-26 03:00:00+00:00,avalanche-2,long,increase,0.0015451994922418596,21.118,0.03263152287716359,6.526304575432718e-05,0.01680523428173925,rebalance
2023-11-27 03:00:00+00:00,avalanche-2,long,increase,0.0008044126659465529,20.816,0.016744654054343444,3.348930810868689e-05,0.008623496837986874,rebalance
2023-11-30 03:00:00+00:00,avalanche-2,long,increase,0.0064863915813485155,21.39,0.13874391592504476,0.0002774878318500895,0.07145311670139805,rebalance
2023-12-01 03:00:00+00:00,avalanche-2,long,increase,0.004515951051843325,22.02,0.09944124216159,0.00019888248432318,0.05121223971321885,rebalance
2023-12-02 03:00:00+00:00,avalanche-2,long,increase,0.003012249952253236,21.91,0.0659983964538684,0.0001319967929077368,0.033989174173742226,rebalance
2023-12-04 03:00:00+00:00,avalanche-2,long,reduce,0.005989593814172196,22.34,0.13380752580860686,0.0002676150516172137,0.06168188896270843,rebalance
2023-12-05 03:00:00+00:00,avalanche-2,long,reduce,0.003065443104031864,22.842,0.07002085138229583,0.00014004170276459165,0.03137720105386329,rebalance
2023-12-06 03:00:00+00:00,avalanche-2,long,increase,6.301197825764805e-05,26.332,0.0016592314114803886,3.3184628229607773e-06,0.0008545041769124002,rebalance
2023-12-08 03:00:00+00:00,avalanche-2,long,increase,0.025420872585487413,26.225,0.6666623835544074,0.001333324767108815,0.34333112753051986,rebalance
2023-12-08 03:00:00+00:00,cardano,long,open,0.3821035946019272,0.45911,0.17542758131769082,0.00035085516263538163,0.09034520437861078,rebalance
2023-12-11 03:00:00+00:00,avalanche-2,long,reduce,0.005921721194458614,35.004,0.2072839286908293,0.0004145678573816586,0.06655415740953408,rebalance
2023-12-11 03:00:00+00:00,cardano,long,increase,0.030359003981397584,0.5522,0.016764241998527746,3.3528483997055495e-05,0.008633584629241789,rebalance
2023-12-12 03:00:00+00:00,avalanche-2,long,reduce,0.007454409381040285,42.255,0.31498606839585724,0.0006299721367917145,0.08334025260219279,rebalance
2023-12-12 03:00:00+00:00,cardano,long,increase,0.0019515395991646183,0.56173,0.001096238339038741,2.192476678077482e-06,0.0005645627446049516,rebalance
2023-12-13 03:00:00+00:00,avalanche-2,long,reduce,0.0023864930469002024,35.362,0.08439116712448497,0.00016878233424896994,0.026457503926096245,rebalance
2023-12-13 03:00:00+00:00,cardano,long,reduce,0.08577123993452856,0.5615,0.04816055122323779,9.632110244647558e-05,0.020009013788663082,rebalance
2023-12-14 03:00:00+00:00,avalanche-2,long,reduce,0.0009568905503211864,39.147,0.03745939437342348,7.491878874684696e-05,0.010554266726560712,rebalance
2023-12-14 03:00:00+00:00,cardano,long,reduce,0.04685485792117139,0.66137,0.030988397383325123,6.197679476665024e-05,0.010835701501662855,rebalance
2023-12-17 03:00:00+00:00,avalanche-2,long,reduce,0.012610661663115232,42.901,0.5410099960093065,0.0010820199920186131,0.13551729267557,rebalance
2023-12-17 03:00:00+00:00,cardano,long,close,0.28178804032678945,0.60551,0.17062547629827426,0.00034125095259654855,0.06425682987416827,rebalance
2023-12-17 03:00:00+00:00,internet-computer,long,open,0.008995058826530318,10.214,0.09187553085418068,0.00018375106170836136,0.04731589838990305,rebalance
2023-12-21 03:00:00+00:00,avalanche-2,long,reduce,0.006676460418193166,44.355,0.29613440184895784,0.0005922688036979157,0.06964236639349863,rebalance
2023-12-21 03:00:00+00:00,internet-computer,long,reduce,0.001161059072712571,8.964,0.010407733527795488,2.0815467055590976e-05,0.005998290991548542,rebalance
2023-12-22 03:00:00+00:00,avalanche-2,long,increase,0.0023468803760122886,48.176,0.11306330899476802,0.00022612661798953603,0.05822760413230553,rebalance
2023-12-22 03:00:00+00:00,internet-computer,long,increase,2.52301064460489e-05,9.186,0.0002317637578134052,4.6352751562681037e-07,0.00011935833527390368,rebalance
2023-12-23 03:00:00+00:00,avalanche-2,long,increase,0.0013414642783506191,43.576,0.058455647393406585,0.00011691129478681317,0.03010465840760439,rebalance
2023-12-23 03:00:00+00:00,internet-computer,long,increase,0.0020677790443863735,8.913,0.018430114622615748,3.68602292452315e-05,0.00949150903064711,rebalance
2023-12-26 03:00:00+00:00,avalanche-2,long,reduce,0.0033101301509981113,47.109,0.15593692128337003,0.00031187384256674007,0.03816845962202788,rebalance
2023-12-26 03:00:00+00:00,internet-computer,long,close,0.00992700890465017,9.632,0.09561694976959044,0.00019123389953918087,0.048078073395163026,rebalance
2023-12-26 03:00:00+00:00,near,long,open,0.03878931172085754,4.2575,0.16514549465155098,0.00033029098930310196,0.08504992974554876,rebalance
2023-12-27 03:00:00+00:00,avalanche-2,long,reduce,0.005320923384936251,43.007,0.22883695201595336,0.00045767390403190676,0.06077287775456294,rebalance
2023-12-27 03:00:00+00:00,near,long,increase,0.06721825666981247,4.1001,0.2756015741718981,0.0005512031483437962,0.14193481069852754,rebalance
2023-12-28 03:00:00+00:00,avalanche-2,long,reduce,0.003985952926744691,41.557,0.16564424577672912,0.00033128849155345826,0.044792819690134426,rebalance
2023-12-28 03:00:00+00:00,internet-computer,long,open,0.010683052607830323,9.659,0.10318760513903309,0.0002063752102780662,0.053141616646602045,rebalance
2023-12-28 03:00:00+00:00,near,long,increase,0.08291191263400999,3.9369,0.3264159088488339,0.0006528318176976679,0.16810419305714946,rebalance
2023-12-29 03:00:00+00:00,avalanche-2,long,reduce,0.0054681294156278416,40.43,0.22107647227383365,0.0004421529445476673,0.05901154133465045,rebalance
2023-12-29 03:00:00+00:00,internet-computer,long,increase,0.02272003269548448,9.667,0.21963455606724847,0.00043926911213449694,0.11311179637463296,rebalance
2023-12-29 03:00:00+00:00,near,long,increase,0.005470834936789368,3.7279,0.020394725560857085,4.0789451121714175e-05,0.010503283663841399,rebalance
2023-12-30 03:00:00+00:00,avalanche-2,long,reduce,0.0020715661131428826,39.703,0.08224738939011188,0.00016449477878022377,0.021802022857512024,rebalance
2023-12-30 03:00:00+00:00,internet-computer,long,increase,0.004969550561528163,9.735,0.04837857471647666,9.675714943295332e-05,0.024914965978985484,rebalance
2023-12-30 03:00:00+00:00,near,long,increase,0.08555686848732295,3.5837,0.30661014959801924,0.0006132202991960385,0.1579042270429799,rebalance
2023-12-31 03:00:00+00:00,avalanche-2,long,close,0.0034129226611062987,38.899,0.13275927859437392,0.00026551855718874785,0.03510922280845973,rebalance
2023-12-31 03:00:00+00:00,near,long,reduce,0.05024499309634886,3.6216,0.18196726699773702,0.00036393453399547403,0.09777570263231287,rebalance
2023-12-31 03:00:00+00:00,internet-computer,long,reduce,0.010231162839963705,12.854,0.13151136714489345,0.0002630227342897869,0.05023802573097979,rebalance
2024-01-02 03:00:00+00:00,near,long,reduce,0.03936762427013071,3.9083,0.15386048593495186,0.0003077209718699037,0.07442267404043523,rebalance
2024-01-02 03:00:00+00:00,internet-computer,long,increase,0.006187220855459725,13.122,0.0811887120653425,0.000162377424130685,0.04181218671365139,rebalance
2024-01-03 03:00:00+00:00,near,long,reduce,0.027715665614193002,3.9762,0.11020302961515421,0.00022040605923030843,0.05164094875248667,rebalance
2024-01-03 03:00:00+00:00,internet-computer,long,reduce,0.0002770411597000505,14.043,0.003890489005667809,7.780978011335619e-06,0.0013855880213321423,rebalance
2024-01-05 03:00:00+00:00,internet-computer,long,increase,0.005797326413010389,13.737,0.07963787293552371,0.00015927574587104742,0.041013504561794714,rebalance
2024-01-05 03:00:00+00:00,near,long,increase,0.005307113625874239,3.7809,0.02006566590806791,4.013133181613582e-05,0.010333817942654974,rebalance
2024-01-06 03:00:00+00:00,internet-computer,long,increase,0.014209474523413326,12.847,0.182549119202291,0.000365098238404582,0.09401279638917986,rebalance
2024-01-06 03:00:00+00:00,near,long,increase,0.07568636719034894,3.3848,0.2561832156658931,0.0005123664313317861,0.13193435606793494,rebalance
2024-01-07 03:00:00+00:00,near,long,reduce,0.08195592725052214,3.4297,0.2810842436911158,0.0005621684873822316,0.14837780044882148,rebalance
2024-01-07 03:00:00+00:00,internet-computer,long,reduce,0.027901348450492358,12.332,0.34407942909147177,0.0006881588581829436,0.1556006426232464,rebalance
2024-01-08 03:00:00+00:00,near,long,reduce,0.011918127850813753,3.0304,0.036116694639106,7.223338927821201e-05,0.02151779002905028,rebalance
2024-01-08 03:00:00+00:00,internet-computer,long,increase,0.008221442340506367,10.735,0.08825718352533585,0.0001765143670506717,0.045452449515547964,rebalance
2024-01-09 03:00:00+00:00,internet-computer,long,increase,0.042454519529976475,13.25,0.5625223837721883,0.0011250447675443768,0.289699027642677,rebalance
2024-01-09 03:00:00+00:00,near,long,increase,0.034543872555427534,3.4769,0.12010559048796599,0.000240211180975932,0.06185437910130248,rebalance
2024-01-10 03:00:00+00:00,near,long,close,0.1842821997384346,3.1977,0.5892791901035923,0.0011785583802071847,0.33055842362198273,rebalance
2024-01-10 03:00:00+00:00,internet-computer,long,increase,0.014490611327765742,12.629,0.18300193045835356,0.0003660038609167071,0.09424599418605209,rebalance
2024-01-10 03:00:00+00:00,optimism,long,open,0.09015269788562622,3.5161,0.31698590103565033,0.0006339718020713006,0.16324773903335993,rebalance
2024-01-12 03:00:00+00:00,internet-computer,long,reduce,0.00012972196651367396,12.928,0.001677045583088777,3.354091166177554e-06,0.0008105006471162369,rebalance
2024-01-12 03:00:00+00:00,optimism,long,close,0.09015269788562622,3.8529,0.3473493296835292,0.0006946986593670585,0.162221823869596,rebalance
2024-01-12 03:00:00+00:00,ethereum-classic,long,open,0.018015174511015433,30.0846,0.5419793190940949,0.00108395863818819,0.2791193493334589,rebalance
2024-01-14 03:00:00+00:00,internet-computer,long,reduce,0.012427351493267319,13.39,0.16640223649484942,0.00033280447298969886,0.07718330839652247,rebalance
2024-01-14 03:00:00+00:00,ethereum-classic,long,increase,0.008965976087057036,28.2004,0.2528441120454432,0.0005056882240908865,0.13021471770340326,rebalance
2024-01-15 03:00:00+00:00,internet-computer,long,reduce,0.03646820233669982,12.97,0.4729925843069967,0.0009459851686139934,0.22588337858604207,rebalance
2024-01-15 03:00:00+00:00,ethereum-classic,long,reduce,0.015231738720039878,26.9535,0.41054866959059483,0.0008210973391811897,0.22955992138779566,rebalance
2024-01-16 03:00:00+00:00,ethereum-classic,long,increase,0.011815344000207272,26.5606,0.3138226258519053,0.0006276452517038106,0.16161865231373124,rebalance
2024-01-16 03:00:00+00:00,internet-computer,long,increase,0.04176218974605506,12.778,0.5336372605750916,0.0010672745211501833,0.2748231891961722,rebalance
2024-01-19 03:00:00+00:00,internet-computer,long,reduce,0.03957505024959088,11.1,0.4392830577704588,0.0008785661155409175,0.25029846742025896,rebalance
2024-01-19 03:00:00+00:00,ethereum-classic,long,reduce,0.01154734214155305,23.7191,0.27389256298971093,0.0005477851259794218,0.16438271457807113,rebalance
2024-01-21 03:00:00+00:00,internet-computer,long,reduce,0.010546442482108308,11.457,0.1208305915175149,0.0002416611830350298,0.06634924297603743,rebalance
2024-01-21 03:00:00+00:00,ethereum-classic,long,increase,0.007135224007724778,24.8701,0.17745373459451602,0.00035490746918903204,0.09138867331617576,rebalance
2024-01-22 03:00:00+00:00,internet-computer,long,reduce,0.004057549075963271,11.045,0.04481562954401433,8.963125908802866e-05,0.025460459941376162,rebalance
2024-01-22 03:00:00+00:00,ethereum-classic,long,increase,0.00424817735249041,24.0187,0.10203569737626139,0.00020407139475252278,0.05254838414877462,rebalance
2024-01-27 03:00:00+00:00,internet-computer,long,reduce,0.00257883183975572,12.297,0.03171189513347609,6.342379026695217e-05,0.015994684131629303,rebalance
2024-01-27 03:00:00+00:00,ethereum-classic,long,reduce,0.0036937258859203945,24.2405,0.08953776233765333,0.00017907552467530665,0.04883061276957002,rebalance
2024-01-27 03:00:00+00:00,tron,long,open,0.9599477350996073,0.1153,0.11068197385698472,0.00022136394771396945,0.057001216536347134,rebalance
2024-02-01 03:00:00+00:00,ethereum-classic,long,reduce,0.00796538326708106,23.7364,0.18906952338074287,0.00037813904676148574,0.10384641737383787,rebalance
2024-02-01 03:00:00+00:00,internet-computer,long,increase,0.0016063256035288248,11.368,0.01826070946091568,3.652141892183136e-05,0.009404265372371576,rebalance
2024-02-01 03:00:00+00:00,tron,long,increase,1.935300758952182,0.11226,0.21725686319997195,0.0004345137263999439,0.11188728454798556,rebalance
2024-02-02 03:00:00+00:00,internet-computer,long,reduce,0.0018248318920612953,12.443,0.0227063832329187,4.54127664658374e-05,0.011104080542447348,rebalance
2024-02-02 03:00:00+00:00,ethereum-classic,long,reduce,0.003957914810666631,24.589,0.09732116727948179,0.00019464233455896357,0.05145670993624473,rebalance
2024-02-02 03:00:00+00:00,tron,long,reduce,0.04872620403846106,0.11709,0.005705351230863406,1.1410702461726812e-05,0.0028311920386398567,rebalance
2024-02-02 03:00:00+00:00,chainlink,long,open,0.00574829994804636,17.8528,0.10262324931248205,0.00020524649862496412,0.05285097339592826,rebalance
2024-02-03 04:00:00+00:00,internet-computer,long,reduce,0.001265583748056548,13.175,0.01667406588064502,3.334813176129004e-05,0.0076771831473876825,rebalance
2024-02-03 04:00:00+00:00,ethereum-classic,long,close,0.007783791133233917,25.4303,0.19794414365547847,0.00039588828731095693,0.10090423877589869,rebalance
2024-02-03 04:00:00+00:00,chainlink,long,increase,0.011934454612017208,17.5227,0.20912386782999395,0.0004182477356599879,0.10769879193244689,rebalance
2024-02-03 04:00:00+00:00,tron,long,increase,0.05361721138880402,0.116,0.006219596521101267,1.2439193042202534e-05,0.003203092208367153,rebalance
2024-02-09 03:00:00+00:00,tron,long,reduce,0.14137869267847902,0.12266,0.017341510443942238,3.468302088788448e-05,0.008167537242963681,rebalance
2024-02-09 03:00:00+00:00,celestia,long,open,0.0280169153625065,20.4822,0.5738480638379306,0.0011476961276758613,0.29553175287653427,rebalance
2024-02-09 03:00:00+00:00,chainlink,long,increase,0.016187070269860507,18.4615,0.2988375977870298,0.0005976751955740595,0.15390136286032036,rebalance
2024-02-09 03:00:00+00:00,internet-computer,long,increase,0.0014014043571527856,12.57,0.017615652769410517,3.523130553882103e-05,0.009072061176246416,rebalance
2024-02-10 03:00:00+00:00,tron,long,reduce,1.847800239241828,0.12372,0.22860984559899897,0.00045721969119799795,0.10663910530001962,rebalance
2024-02-10 03:00:00+00:00,celestia,long,close,0.0280169153625065,19.955,0.5590775460588172,0.0011181550921176345,0.29547669105514507,rebalance
2024-02-10 03:00:00+00:00,chainlink,long,increase,0.01765316860854845,18.5621,0.32767988102873724,0.0006553597620574745,0.1687551387297997,rebalance
2024-02-10 03:00:00+00:00,immutable-x,long,open,0.07087620224715936,2.5799,0.1828535141774464,0.0003657070283548928,0.0941695598013849,rebalance
2024-02-10 03:00:00+00:00,internet-computer,long,increase,0.024385631872292104,12.937,0.3154769195318429,0.0006309538390636859,0.1624706135588991,rebalance
2024-02-11 03:00:00+00:00,internet-computer,long,reduce,0.008449914411403851,13.346,0.1127725577345958,0.0002255451154691916,0.05300923756411485,rebalance
2024-02-11 03:00:00+00:00,tron,long,close,0.910960569481825,0.12448,0.11339637168909757,0.00022679274337819515,0.05247334141272051,rebalance
2024-02-11 03:00:00+00:00,chainlink,long,reduce,0.011910482737604366,19.5818,0.2332286908712212,0.0004664573817424424,0.11049218009649715,rebalance
2024-02-11 03:00:00+00:00,immutable-x,long,increase,0.1628422394247686,2.7561,0.44880949607860476,0.0008976189921572096,0.23113689048048147,rebalance
2024-02-12 03:00:00+00:00,internet-computer,long,reduce,0.015861682904734376,12.866,0.2040764122523125,0.000408152824504625,0.09919321651095982,rebalance
2024-02-12 03:00:00+00:00,chainlink,long,reduce,8.97374929889963e-05,19.9048,0.0017862068504473738,3.5724137008947476e-06,0.0008297580224848932,rebalance
2024-02-12 03:00:00+00:00,immutable-x,long,increase,0.11302609666411277,2.9497,0.33339307733013346,0.000666786154660267,0.17169743482501873,rebalance
2024-02-13 03:00:00+00:00,internet-computer,long,reduce,0.009281298101040773,13.18,0.12232750897171739,0.0002446550179434348,0.05778363320360214,rebalance
2024-02-13 03:00:00+00:00,chainlink,long,reduce,0.0003428851895274851,20.1646,0.006914142692745926,1.3828285385491852e-05,0.003160043063650594,rebalance
2024-02-13 03:00:00+00:00,immutable-x,long,increase,0.06591909695043735,2.9375,0.19363734729190973,0.0003872746945838195,0.09972323385533352,rebalance
2024-02-14 03:00:00+00:00,internet-computer,long,reduce,0.008999208867920824,13.039,0.11734068442881962,0.00023468136885763924,0.055805132687966705,rebalance
2024-02-14 03:00:00+00:00,chainlink,long,increase,0.0006886933234249164,20.1376,0.013868630669801596,2.7737261339603192e-05,0.007142344794947822,rebalance
2024-02-14 03:00:00+00:00,immutable-x,long,increase,0.06424145529689188,2.9012,0.1863773101073427,0.0003727546202146854,0.0959843147052815,rebalance
2024-02-15 03:00:00+00:00,immutable-x,long,reduce,0.02454962837833985,3.2357,0.07943523254379425,0.0001588704650875885,0.03510322757554582,rebalance
2024-02-15 03:00:00+00:00,chainlink,long,increase,0.002783706527994682,20.0918,0.055929674819163555,0.00011185934963832711,0.028803782531869233,rebalance
2024-02-15 03:00:00+00:00,internet-computer,long,increase,0.002516579284876882,13.339,0.03356865108097273,6.713730216194547e-05,0.017287855306700958,rebalance
2024-02-16 03:00:00+00:00,internet-computer,long,close,0.011530139899607874,13.619,0.15702897529275964,0.0003140579505855193,0.0719889882403923,rebalance
2024-02-16 03:00:00+00:00,chainlink,long,reduce,0.000530420004686255,20.0245,0.010621395383839913,2.1242790767679826e-05,0.004878004631209854,rebalance
2024-02-16 03:00:00+00:00,immutable-x,long,increase,0.061502991421849985,3.1717,0.1950690378926816,0.0003901380757853632,0.10046055451473103,rebalance
2024-02-17 03:00:00+00:00,chainlink,long,reduce,0.006158162731173353,19.4818,0.11997209469617302,0.00023994418939234606,0.056338580057660466,rebalance
2024-02-17 03:00:00+00:00,immutable-x,long,increase,0.027948287669656444,3.0842,0.0861981088307544,0.0001723962176615088,0.04439202604783852,rebalance
2024-02-19 03:00:00+00:00,chainlink,long,reduce,0.011188160948763539,20.1154,0.2250543327487581,0.0004501086654975162,0.10066693017562861,rebalance
2024-02-19 03:00:00+00:00,immutable-x,long,increase,0.0912334597194778,3.3474,0.30539488306497997,0.00061078976612996,0.15727836477846469,rebalance
2024-02-21 03:00:00+00:00,chainlink,long,close,0.024775544185148126,18.9607,0.46976166063133806,0.0009395233212626761,0.22010644145504363,rebalance
2024-02-21 03:00:00+00:00,immutable-x,long,increase,0.04779401375031282,3.4133,0.16313530713394275,0.0003262706142678855,0.08401468317398052,rebalance
2024-02-23 03:00:00+00:00,immutable-x,long,reduce,0.18621486416354277,3.2079,0.5973586627502289,0.0011947173255004578,0.2699324752550537,rebalance
2024-02-23 03:00:00+00:00,filecoin,long,open,0.022771047916685175,8.0606,0.18354830883723253,0.00036709661767446504,0.09452737905117475,rebalance
2024-02-23 03:00:00+00:00,hedera-hashgraph,long,open,5.259883169886269,0.11192,0.5886861243736713,0.0011773722487473427,0.3031733540524407,rebalance
2024-02-24 03:00:00+00:00,immutable-x,long,reduce,0.18310631912064718,2.9969,0.5487513277726676,0.0010975026555453352,0.2645650179568456,rebalance
2024-02-24 03:00:00+00:00,filecoin,long,reduce,0.000827120635772241,7.8604,0.006501499045424124,1.3002998090848248e-05,0.0034084727351351334,rebalance
2024-02-24 03:00:00+00:00,hedera-hashgraph,long,close,5.259883169886269,0.10767,0.5663316209016546,0.001132663241803309,0.30188741085098164,rebalance
2024-02-24 03:00:00+00:00,uniswap,long,open,0.05876729995790847,12.086,0.7102615872912817,0.0014205231745825636,0.3657847174550101,rebalance
2024-02-25 03:00:00+00:00,immutable-x,long,reduce,0.2521213043268461,3.0598,0.7714407669792837,0.0015428815339585673,0.3631145106987457,rebalance
2024-02-25 03:00:00+00:00,filecoin,long,reduce,0.0017723197795553869,8.3226,0.014750308597327661,2.9500617194655324e-05,0.00725408487468176,rebalance
2024-02-25 03:00:00+00:00,uniswap,long,increase,0.0485512213071028,10.7464,0.5217508446546495,0.001043501689309299,0.2687016849971445,rebalance
2024-02-26 03:00:00+00:00,immutable-x,long,close,0.05939172715529106,3.3103,0.19660443440216,0.00039320886880431997,0.08526075257110174,rebalance
2024-02-26 03:00:00+00:00,filecoin,long,increase,0.001158826830426596,8.0794,0.009362625493748639,1.8725250987497276e-05,0.004821752129280549,rebalance
2024-02-26 03:00:00+00:00,uniswap,long,increase,0.00817531946002972,11.2775,0.09219716521048515,0.0001843943304209703,0.04748154008339986,rebalance
2024-02-27 03:00:00+00:00,filecoin,long,close,0.021330434331784144,8.2149,0.17522738499217358,0.00035045476998434716,0.08546799177651819,rebalance
2024-02-27 03:00:00+00:00,uniswap,long,increase,0.01304843346997847,10.6668,0.13918503013756633,0.00027837006027513266,0.07168029052084667,rebalance
2024-03-02 03:00:00+00:00,uniswap,long,reduce,0.026108865885854426,11.4249,0.2982911818592982,0.0005965823637185964,0.1401893519380364,rebalance
2024-03-02 03:00:00+00:00,shiba-inu,long,open,17736.11171572579,1.938e-05,0.34372584505076587,0.0006874516901015317,0.17701881020114443,rebalance
2024-03-03 03:00:00+00:00,uniswap,long,reduce,0.06449251130846911,12.3877,0.7989138823359229,0.0015978277646718458,0.33839474646229567,rebalance
2024-03-03 03:00:00+00:00,shiba-inu,long,increase,6206.7585588378915,2.2435e-05,0.1392486282675281,0.0002784972565350562,0.07171304355777697,rebalance
2024-03-04 03:00:00+00:00,uniswap,long,reduce,0.02537256548437787,12.4635,0.3162309699145436,0.0006324619398290871,0.1305748760130596,rebalance
2024-03-04 03:00:00+00:00,shiba-inu,long,increase,15892.868154758407,2.273e-05,0.3612448931576586,0.0007224897863153172,0.18604111997619419,rebalance
2024-03-05 03:00:00+00:00,uniswap,long,close,0.012568331516318046,12.4055,0.15591643662568352,0.00031183287325136706,0.0634223847937711,rebalance
2024-03-05 03:00:00+00:00,shiba-inu,long,reduce,25922.054454722536,4.286e-05,1.111019253929408,0.0022220385078588157,0.2695412932403666,rebalance
2024-03-17 03:00:00+00:00,shiba-inu,long,increase,16905.232075504973,2.6054e-05,0.44044891649520657,0.0008808978329904131,0.22683119199503138,rebalance
2024-03-18 03:00:00+00:00,shiba-inu,long,reduce,8945.063400242405,2.8716e-05,0.2568664406013609,0.0005137328812027217,0.095863486180258,rebalance
2024-03-20 03:00:00+00:00,shiba-inu,long,increase,10670.550076766782,2.5095e-05,0.26777745417646237,0.0005355549083529247,0.1379053889008781,rebalance
2024-03-22 03:00:00+00:00,shiba-inu,long,increase,6175.804669214751,2.6878e-05,0.16599327789915408,0.0003319865557983082,0.08548653811806435,rebalance
2024-03-23 03:00:00+00:00,shiba-inu,long,increase,3084.9796740781,2.7065e-05,0.08349497487892377,0.00016698994975784755,0.042999912062645744,rebalance
2024-03-23 03:00:00+00:00,the-open-network,long,open,0.043658178853933666,4.635,0.20235565898798252,0.00040471131797596504,0.10421316437881101,rebalance
2024-03-24 03:00:00+00:00,shiba-inu,long,reduce,4417.956383933728,2.7949e-05,0.12347746297456376,0.0002469549259491275,0.05133546206537247,rebalance
2024-03-24 03:00:00+00:00,the-open-network,long,increase,0.04060774146653419,4.945,0.20080528155201158,0.00040161056310402315,0.10341471999928596,rebalance
2024-03-25 03:00:00+00:00,shiba-inu,long,reduce,3602.5137615992426,2.7802e-05,0.10015708759998214,0.00020031417519996428,0.04155913561482417,rebalance
2024-03-25 03:00:00+00:00,the-open-network,long,increase,0.03838755087032554,5.031,0.1931277684286078,0.0003862555368572156,0.09946080074073302,rebalance
2024-03-26 03:00:00+00:00,shiba-inu,long,reduce,8630.370017944624,2.8998e-05,0.2502634697803582,0.0005005269395607164,0.09872851585479053,rebalance
2024-03-26 03:00:00+00:00,the-open-network,long,increase,0.008569795703164943,5.371,0.04602837272169891,9.205674544339782e-05,0.023704611951674937,rebalance
2024-03-27 03:00:00+00:00,shiba-inu,long,reduce,4887.27021795791,3.1461e-05,0.15375840832717383,0.0003075168166543477,0.05528461078036058,rebalance
2024-03-27 03:00:00+00:00,the-open-network,long,increase,0.04835509372097283,4.951,0.23940606901253647,0.00047881213802507293,0.12329412554145629,rebalance
2024-03-28 03:00:00+00:00,shiba-inu,long,increase,5239.3771494662005,3.0303e-05,0.15876884576027428,0.00031753769152054857,0.08176595556654126,rebalance
2024-03-28 03:00:00+00:00,the-open-network,long,increase,0.037219955183836695,4.845,0.18033068286568876,0.00036066136573137755,0.09287030167582971,rebalance
2024-03-29 03:00:00+00:00,the-open-network,long,close,0.21679831579876785,4.864,1.0545070080452068,0.0021090140160904135,0.5162486600355642,rebalance
2024-03-29 03:00:00+00:00,dogecoin,long,open,2.537019770101909,0.214372,0.5438660021562864,0.001087732004312573,0.2800909911104875,rebalance
2024-03-29 03:00:00+00:00,shiba-inu,long,increase,6964.1757261434905,3.0974e-05,0.21570837894156847,0.00043141675788313695,0.11108981515490776,rebalance
2024-03-30 03:00:00+00:00,shiba-inu,long,reduce,3758.6704790388103,3.072e-05,0.11546635711607224,0.00023093271423214447,0.046988149354246035,rebalance
2024-03-30 03:00:00+00:00,dogecoin,long,reduce,0.85033441027655,0.21309,0.18119775948583003,0.0003623955189716601,0.09258142671495698,rebalance
2024-03-30 03:00:00+00:00,bitcoin-cash,long,open,0.0004581848643427352,616.68,0.2825534421428779,0.0005651068842857558,0.14551502270358213,rebalance
2024-03-31 03:00:00+00:00,shiba-inu,long,reduce,3625.8725721257033,3.0204e-05,0.10951585516848475,0.0002190317103369695,0.04444003227796934,rebalance
2024-03-31 03:00:00+00:00,dogecoin,long,reduce,0.8193001427105655,0.203228,0.1665047294027828,0.0003330094588055656,0.08806506259715148,rebalance
2024-03-31 03:00:00+00:00,bitcoin-cash,long,increase,0.00047332476441078316,594.37,0.2813300402228372,0.0005626600804456744,0.14488497071476117,rebalance
2024-04-01 03:00:00+00:00,shiba-inu,long,reduce,3229.2147907502513,3.0392e-05,0.09814229592048164,0.00019628459184096327,0.03857566972023709,rebalance
2024-04-01 03:00:00+00:00,dogecoin,long,close,0.8673852171147933,0.216771,0.18802396089919085,0.0003760479217983817,0.09189506052434418,rebalance
2024-04-01 03:00:00+00:00,bitcoin-cash,long,increase,0.00031032017764177146,685.33,0.21267172734323525,0.0004253434546864705,0.10952593958176615,rebalance
2024-04-02 03:00:00+00:00,shiba-inu,long,reduce,6431.485917382197,2.6972e-05,0.1734700381636326,0.0003469400763272652,0.07602650595103805,rebalance
2024-04-02 03:00:00+00:00,bitcoin-cash,long,increase,0.00028008791227854485,611.65,0.17131577154517197,0.00034263154309034394,0.08822762234576356,rebalance
2024-04-02 03:00:00+00:00,the-open-network,long,open,0.040403412165711604,5.125,0.20706748734927197,0.00041413497469854397,0.10663975598487506,rebalance
2024-04-03 03:00:00+00:00,shiba-inu,long,reduce,7648.7894361470235,2.6899e-05,0.2057447870429188,0.0004114895740858376,0.09005144248869959,rebalance
2024-04-03 03:00:00+00:00,bitcoin-cash,long,increase,0.00038230613543789176,630.14,0.24090638818483312,0.00048181277636966623,0.12406678991518906,rebalance
2024-04-03 03:00:00+00:00,the-open-network,long,increase,0.001500002986415899,4.969,0.007453514839500602,1.4907029679001205e-05,0.0038385601423428103,rebalance
2024-04-04 03:00:00+00:00,the-open-network,long,close,0.041903415152127504,4.959,0.20779903573940028,0.00041559807147880057,0.10940316603130382,rebalance
2024-04-04 03:00:00+00:00,bitcoin-cash,long,increase,0.00022579035917903522,617.12,0.13933974645656622,0.00027867949291313245,0.0717599694251316,rebalance
2024-04-04 03:00:00+00:00,shiba-inu,long,increase,86.74302358852741,2.6276e-05,0.0022792596878121463,4.558519375624292e-06,0.0011738187392232554,rebalance
2024-04-10 03:00:00+00:00,shiba-inu,long,close,7863.339392240482,2.6925e-05,0.21172041313607498,0.00042344082627214996,0.08985131187111621,rebalance
2024-04-10 03:00:00+00:00,bitcoin-cash,long,reduce,0.00029024097857330094,619.55,0.1798187982750886,0.0003596375965501772,0.08849726785199215,rebalance
2024-04-10 03:00:00+00:00,the-open-network,long,open,0.052281385940972286,6.419,0.33559421635510106,0.0006711884327102022,0.17283102142287704,rebalance
2024-04-11 03:00:00+00:00,bitcoin-cash,long,increase,2.087096589944509e-05,620.42,0.012948764663333723,2.5897529326667445e-05,0.006668613801616868,rebalance
2024-04-11 03:00:00+00:00,the-open-network,long,increase,0.0011802551280426642,7.096,0.008375090388590745,1.675018077718149e-05,0.004313171550124234,rebalance
2024-04-12 03:00:00+00:00,bitcoin-cash,long,reduce,0.00017094342121763955,614.32,0.10501396252242033,0.00021002792504484067,0.05215030246694626,rebalance
2024-04-12 03:00:00+00:00,the-open-network,long,increase,0.024417152288066065,7.29,0.17800104018000162,0.0003560020803600033,0.09167053569270084,rebalance
2024-04-13 03:00:00+00:00,bitcoin-cash,long,reduce,0.0007895953568941784,532.22,0.42023844084621964,0.0008404768816924393,0.2406316238190076,rebalance
2024-04-13 03:00:00+00:00,the-open-network,long,reduce,0.03700912861934242,6.411,0.23726552357860423,0.00047453104715720846,0.12583083740858134,rebalance
2024-04-14 03:00:00+00:00,bitcoin-cash,long,reduce,0.00012838780493193587,466.65,0.059912169171487874,0.00011982433834297574,0.03908935619079883,rebalance
2024-04-14 03:00:00+00:00,the-open-network,long,increase,0.02987943181762489,5.848,0.17473491726947035,0.0003494698345389407,0.08998848239377723,rebalance
2024-04-16 03:00:00+00:00,bitcoin-cash,long,reduce,1.742984262298854e-05,490.63,0.008551603686116868,1.7103207372233736e-05,0.0053067448812662964,rebalance
2024-04-16 03:00:00+00:00,the-open-network,long,reduce,0.008132579272486132,6.572,0.05344731097877886,0.00010689462195755772,0.026010144708927846,rebalance
2024-04-17 03:00:00+00:00,the-open-network,long,reduce,0.00024033544648731364,6.455,0.0015513653070756096,3.1027306141512194e-06,0.0007657358347011788,rebalance
2024-04-17 03:00:00+00:00,bitcoin-cash,long,increase,7.967889524618128e-06,482.75,0.0038464986680094015,7.692997336018803e-06,0.001980946814024842,rebalance
2024-04-18 03:00:00+00:00,bitcoin-cash,long,reduce,0.00021282200903714851,472.89,0.10064139985357716,0.0002012827997071543,0.06467222128806976,rebalance
2024-04-18 03:00:00+00:00,the-open-network,long,increase,0.02804097899411184,6.129,0.17186316025491144,0.0003437263205098229,0.0885095275312794,rebalance
2024-04-19 03:00:00+00:00,bitcoin-cash,long,reduce,0.00020543259494232123,456.05,0.0936875349234456,0.0001873750698468912,0.062426730675083225,rebalance
2024-04-19 03:00:00+00:00,the-open-network,long,increase,0.020798068289059963,6.421,0.13354439648405403,0.0002670887929681081,0.06877536418928783,rebalance
2024-04-20 03:00:00+00:00,bitcoin-cash,long,reduce,0.00023546598690138605,474.67,0.11176864000248092,0.00022353728000496184,0.07155325936257878,rebalance
2024-04-20 03:00:00+00:00,the-open-network,long,increase,0.030183462965482133,6.052,0.18267031786709786,0.0003653406357341957,0.0940752137015554,rebalance
2024-04-21 03:00:00+00:00,bitcoin-cash,long,close,0.00010853507359392592,514.85,0.055879282639832766,0.00011175856527966553,0.03298157144902292,rebalance
2024-04-21 03:00:00+00:00,the-open-network,long,increase,0.009721019978330598,6.241,0.06066888568476125,0.0001213377713695225,0.031244476127652045,rebalance
2024-04-24 03:00:00+00:00,the-open-network,long,reduce,0.018452693950324617,5.725,0.10564167286560842,0.00021128334573121687,0.057576441655386904,rebalance
2024-04-24 03:00:00+00:00,hedera-hashgraph,long,open,0.5851356922102494,0.16766,0.09810385015597041,0.00019620770031194082,0.05052348283032476,rebalance
2024-04-25 03:00:00+00:00,the-open-network,long,reduce,0.011464743104149536,5.504,0.06310194604523904,0.0001262038920904781,0.035659601312120426,rebalance
2024-04-25 03:00:00+00:00,hedera-hashgraph,long,increase,0.6060675485349865,0.11915,0.07221294840794364,0.00014442589681588729,0.03718966843009097,rebalance
2024-04-26 03:00:00+00:00,the-open-network,long,reduce,0.011174304910355468,5.368,0.059983668758788154,0.0001199673375175763,0.03464859744955904,rebalance
2024-04-26 03:00:00+00:00,hedera-hashgraph,long,increase,0.34815755836774737,0.12142,0.04227329073701189,8.454658147402377e-05,0.02177074472956112,rebalance
2024-04-27 03:00:00+00:00,the-open-network,long,close,0.11002797009854495,5.297,0.5828181576119926,0.0011656363152239852,0.3401718340912948,rebalance
2024-04-27 03:00:00+00:00,hedera-hashgraph,long,increase,0.9972359489681645,0.10759,0.10729261574948482,0.00021458523149896964,0.05525569711098468,rebalance
2024-04-27 03:00:00+00:00,shiba-inu,long,open,10381.192057104807,2.4764e-05,0.2570798401021434,0.0005141596802042868,0.13239611765260387,rebalance
2024-04-28 03:00:00+00:00,hedera-hashgraph,long,close,2.536596748081148,0.10832,0.27476415975214996,0.0005495283195042999,0.1645699831231879,rebalance
2024-04-28 03:00:00+00:00,shiba-inu,long,reduce,53.119668194569385,2.4904e-05,0.001322892216717556,2.6457844334351123e-06,0.000676255803319084,rebalance
2024-04-28 03:00:00+00:00,binancecoin,long,open,0.0005515846743061914,600.31,0.33112179583274975,0.0006622435916654995,0.17052772485386614,rebalance
2024-04-28 03:00:00+00:00,near,long,open,0.02230454397775662,7.2899,0.16259789514344797,0.00032519579028689595,0.0837379159988757,rebalance
2024-04-29 03:00:00+00:00,shiba-inu,long,reduce,1457.7289079001566,2.3912e-05,0.03485721364570855,6.97144272914171e-05,0.018546512527589595,rebalance
2024-04-29 03:00:00+00:00,binancecoin,long,increase,2.437839833382025e-07,593.79,0.00014475649146639125,2.895129829327825e-07,7.45495931051915e-05,rebalance
2024-04-29 03:00:00+00:00,near,long,increase,0.008668092820726671,6.9272,0.0600456125877378,0.00012009122517547561,0.03092349048268497,rebalance
2024-04-30 03:00:00+00:00,shiba-inu,long,reduce,1847.901647694809,2.4174e-05,0.04467117443137431,8.934234886274863e-05,0.023480047092344712,rebalance
2024-04-30 03:00:00+00:00,binancecoin,long,increase,4.4652665938524987e-07,593.57,0.0002650448292113028,5.300896584226056e-07,0.00013649808704382094,rebalance
2024-04-30 03:00:00+00:00,near,long,increase,0.00788904150997486,6.9028,0.054456475735054466,0.00010891295147010894,0.02804508500355305,rebalance
2024-05-01 03:00:00+00:00,shiba-inu,long,reduce,3254.2918964591295,2.1939e-05,0.07139590991641684,0.00014279181983283367,0.0413133574878783,rebalance
2024-05-01 03:00:00+00:00,near,long,reduce,0.004788690761355345,6.1341,0.029374307999229823,5.8748615998459646e-05,0.01753247324518011,rebalance
2024-05-01 03:00:00+00:00,binancecoin,long,increase,0.00019616517714017977,570.57,0.11192596512087238,0.00022385193024174478,0.05764187203724928,rebalance
2024-05-01 03:00:00+00:00,the-open-network,long,open,0.02822260656765935,5.048,0.1424677179535444,0.0002849354359070888,0.07337087474607537,rebalance
2024-05-02 04:00:00+00:00,shiba-inu,long,reduce,1590.5346591524835,2.2002e-05,0.03499494357067294,6.998988714134588e-05,0.02017110124722952,rebalance
2024-05-02 04:00:00+00:00,near,long,reduce,0.01684258992951963,5.9717,0.10057889428211238,0.00020115778856422475,0.061539253788063235,rebalance
2024-05-02 04:00:00+00:00,binancecoin,long,increase,2.0754607196305908e-05,546.8,0.01134861921494007,2.269723842988014e-05,0.005844538895694136,rebalance
2024-05-02 04:00:00+00:00,the-open-network,long,increase,0.030740892925844476,4.741,0.14574257336142865,0.0002914851467228573,0.07505742528113575,rebalance
2024-05-02 04:00:00+00:00,tron,long,open,0.9330488957891006,0.12064,0.11256301878799709,0.00022512603757599418,0.0579699546758185,rebalance
2024-05-03 03:00:00+00:00,shiba-inu,long,close,2177.6152777036586,2.3182e-05,0.050481477367726214,0.00010096295473545243,0.02758573025483415,rebalance
2024-05-03 03:00:00+00:00,binancecoin,long,close,0.0007691947692854006,564.25,0.43401814856928733,0.0008680362971385747,0.23422518346695856,rebalance
2024-05-03 03:00:00+00:00,near,long,close,0.017230397617583177,6.2678,0.10799668618748784,0.00021599337237497568,0.06285458077470922,rebalance
2024-05-03 03:00:00+00:00,the-open-network,long,close,0.058963499493503824,5.288,0.31179898532164824,0.0006235979706432965,0.14757644214811574,rebalance
2024-05-03 03:00:00+00:00,tron,long,close,0.9330488957891006,0.12245,0.11425183728937537,0.00022850367457875073,0.0579289816898607,rebalance
2024-05-05 03:00:00+00:00,near,long,open,0.09268128950145052,6.7521,0.6257933348427441,0.0012515866696854883,0.32228356744401326,rebalance
2024-05-06 03:00:00+00:00,near,long,increase,0.008650640841112273,7.3378,0.06347667236391363,0.00012695334472782727,0.032690486267415525,rebalance
2024-05-09 03:00:00+00:00,near,long,reduce,0.005630438088316411,7.0054,0.03944347098389179,7.888694196778358e-05,0.019485058672295334,rebalance
2024-05-09 03:00:00+00:00,the-open-network,long,open,0.012016256433194556,5.889,0.07076373413508275,0.0001415274682701655,0.036443323079567616,rebalance
2024-05-10 03:00:00+00:00,near,long,reduce,0.021223645183906265,7.5534,0.16031068153211758,0.0003206213630642352,0.07321627123414871,rebalance
2024-05-10 03:00:00+00:00,the-open-network,long,increase,0.021765869901186636,6.385,0.13897507931907666,0.0002779501586381533,0.07157216584932448,rebalance
2024-05-11 03:00:00+00:00,near,long,reduce,0.014228915944837967,7.2238,0.1027868430023205,0.000205573686004641,0.0489354919808549,rebalance
2024-05-11 03:00:00+00:00,the-open-network,long,increase,0.019444542369170897,6.808,0.13237844444931546,0.0002647568888986309,0.06817489889139747,rebalance
2024-05-12 03:00:00+00:00,near,long,close,0.060248931125502156,7.0211,0.42301377032526316,0.0008460275406505264,0.20675452611259612,rebalance
2024-05-12 03:00:00+00:00,the-open-network,long,close,0.05322666870355209,6.852,0.36470913395673893,0.0007294182679134779,0.17477688286808363,rebalance
2024-05-17 03:00:00+00:00,pepe,long,open,73269.22528749733,1.01338e-05,0.7424956752184405,0.001484991350436881,0.3823852727374969,rebalance
2024-05-19 03:00:00+00:00,pepe,long,close,73269.22528749733,9.5771e-06,0.7017066975008908,0.0014034133950017816,0.38127244142652406,rebalance
2024-05-19 03:00:00+00:00,near,long,open,0.060725010545808734,7.9656,0.4837111440036941,0.0009674222880073882,0.24911123916190245,rebalance
2024-05-19 03:00:00+00:00,solana,long,open,0.0034202640669955416,174.0988,0.5954638697470435,0.0011909277394940869,0.3066638929197274,rebalance
2024-05-20 03:00:00+00:00,near,long,reduce,9.81398975352446e-05,7.9372,0.0007789559947167434,1.557911989433487e-06,0.0004014605126364346,rebalance
2024-05-20 03:00:00+00:00,solana,long,increase,0.0002218758937445751,172.672,0.03831175432466327,7.662350864932654e-05,0.019730553477201585,rebalance
2024-05-21 03:00:00+00:00,near,long,reduce,0.020218083765622973,8.1106,0.16398079018946168,0.0003279615803789234,0.08254866908027397,rebalance
2024-05-21 03:00:00+00:00,solana,long,reduce,0.00013630222105774983,183.2628,0.024979126677262195,4.995825335452439e-05,0.0121593703017172,rebalance
2024-05-21 03:00:00+00:00,pepe,long,open,82691.79682642684,1.09742e-05,0.9074763167325736,0.0018149526334651472,0.4673503031172754,rebalance
2024-05-22 03:00:00+00:00,near,long,reduce,0.017463428270593377,7.7682,0.13565940349162348,0.000271318806983247,0.07109403746682948,rebalance
2024-05-22 03:00:00+00:00,solana,long,reduce,0.00022757175973228422,177.6467,0.040427372129633175,8.085474425926635e-05,0.020240431196942587,rebalance
2024-05-22 03:00:00+00:00,pepe,long,increase,2935.62833927987,1.38782e-05,0.04074123721819389,8.148247443638779e-05,0.020981737167369854,rebalance
2024-05-23 03:00:00+00:00,near,long,close,0.02294535861205714,7.9941,0.183427491280646,0.000366854982561292,0.09313870188537288,rebalance
2024-05-23 03:00:00+00:00,solana,long,reduce,0.0013407476736506285,178.6791,0.23956358765498803,0.00047912717530997604,0.11888659014743035,rebalance
2024-05-23 03:00:00+00:00,pepe,long,increase,20763.29535147192,1.35614e-05,0.2815793535794513,0.0005631587071589026,0.14501336709341742,rebalance
2024-05-24 03:00:00+00:00,solana,long,reduce,0.0005549945029152271,172.8761,0.0959452851854231,0.0001918905703708462,0.04906638080453581,rebalance
2024-05-24 03:00:00+00:00,pepe,long,increase,1197.5945041069585,1.452e-05,0.017389072199633038,3.4778144399266075e-05,0.008955372182811014,rebalance
2024-05-25 03:00:00+00:00,solana,long,reduce,0.0006820178226870497,169.0714,0.11530970810665127,0.00023061941621330253,0.0601255184161829,rebalance
2024-05-25 03:00:00+00:00,pepe,long,increase,4668.621904314866,1.43898e-05,0.06718053547871006,0.0001343610709574201,0.03459797577153568,rebalance
2024-05-27 03:00:00+00:00,solana,long,close,0.0007005059806971774,164.3662,0.11513950612446838,0.00023027901224893676,0.061406367367418904,rebalance
2024-05-27 03:00:00+00:00,pepe,long,reduce,1409.6066831526987,1.6572e-05,0.023360001953206522,4.672000390641305e-05,0.008182696905830534,rebalance
2024-06-05 03:00:00+00:00,pepe,long,reduce,6455.270249721245,1.45695e-05,0.09405005990331368,0.00018810011980662737,0.034959065156221075,rebalance
2024-06-05 03:00:00+00:00,uniswap,long,open,0.014605299797251453,11.3539,0.16582711336801326,0.0003316542267360265,0.08540096338452682,rebalance
2024-06-08 03:00:00+00:00,pepe,long,reduce,51823.2815141335,1.30227e-05,0.6748790481741064,0.0013497580963482128,0.2747091356143668,rebalance
2024-06-08 03:00:00+00:00,uniswap,long,reduce,0.006913801428171138,9.92,0.06858491016745769,0.00013716982033491537,0.040017868792371604,rebalance
2024-06-11 03:00:00+00:00,pepe,long,reduce,1086.709678670115,1.17149e-05,0.01273069521465253,2.5461390429305062e-05,0.005699264106502144,rebalance
2024-06-11 03:00:00+00:00,uniswap,long,increase,0.007349012085936085,9.9084,0.0728169513522891,0.0001456339027045782,0.03750072994642889,rebalance
2024-06-12 03:00:00+00:00,pepe,long,reduce,12386.975447731442,1.25589e-05,0.1555667859505144,0.0003111335719010288,0.06473628196481242,rebalance
2024-06-12 03:00:00+00:00,the-open-network,long,open,0.03090982974521431,6.992,0.21612152957853845,0.0004322430591570769,0.11130258773294731,rebalance
2024-06-12 03:00:00+00:00,uniswap,long,increase,0.0015849420408098206,9.0859,0.01440062488859395,2.88012497771879e-05,0.007416321817625884,rebalance
2024-06-13 03:00:00+00:00,pepe,long,reduce,7618.776516447437,1.27555e-05,0.09718130385554528,0.00019436260771109058,0.03966469666171727,rebalance
2024-06-13 03:00:00+00:00,the-open-network,long,increase,0.01300718867257149,7.568,0.09843840387402103,0.00019687680774804205,0.05069577799512083,rebalance
2024-06-13 03:00:00+00:00,uniswap,long,increase,0.007161946233389772,9.741,0.06976451825944976,0.00013952903651889953,0.03592872690361663,rebalance
2024-06-14 03:00:00+00:00,uniswap,long,reduce,0.0013979645686869636,10.3836,0.014515904895417955,2.903180979083591e-05,0.007299704214132731,rebalance
2024-06-14 03:00:00+00:00,the-open-network,long,reduce,0.00020343002975359986,7.968,0.0016209304770766837,3.2418609541533675e-06,0.0007446097344255746,rebalance
2024-06-14 03:00:00+00:00,pepe,long,increase,2039.2373860296357,1.20192e-05,0.024510001990167396,4.9020003980334794e-05,0.01262265102493621,rebalance
2024-06-15 03:00:00+00:00,pepe,long,reduce,4682.16427306741,1.15812e-05,0.054225080879248294,0.00010845016175849659,0.024514066272365558,rebalance
2024-06-15 03:00:00+00:00,uniswap,long,reduce,0.0008867201737263811,10.7903,0.00956797669055977,1.913595338111954e-05,0.004616094763134259,rebalance
2024-06-15 03:00:00+00:00,the-open-network,long,increase,0.014173685824602114,8.031,0.11382887085737958,0.00022765774171475917,0.05862186849155049,rebalance
2024-06-16 03:00:00+00:00,pepe,long,close,28833.389948706226,1.16653e-05,0.33635014376864275,0.0006727002875372855,0.15044363201747082,rebalance
2024-06-16 03:00:00+00:00,uniswap,long,close,0.021502713986802646,11.4459,0.2461179140215444,0.0004922358280430888,0.11157306649114483,rebalance
2024-06-16 03:00:00+00:00,the-open-network,long,close,0.057887274212634315,7.845,0.4541256661981162,0.0009082513323962324,0.2168023998293358,rebalance
2024-07-17 03:00:00+00:00,near,long,open,0.04843965157472589,6.4385,0.3118786966638727,0.0006237573933277454,0.16061752878189445,rebalance
2024-07-17 03:00:00+00:00,ripple,long,open,1.8013867820908311,0.58629,1.0561350564720333,0.0021122701129440667,0.5439095540830972,rebalance
2024-07-18 03:00:00+00:00,near,long,reduce,0.014648180674181034,6.1949,0.09074401445848408,0.00018148802891696818,0.04844687792445067,rebalance
2024-07-18 03:00:00+00:00,ripple,long,increase,0.15534268608432156,0.6038,0.09379591385771335,0.00018759182771542672,0.04830489563672238,rebalance
2024-07-19 03:00:00+00:00,near,long,close,0.03379147090054486,5.9513,0.20110318077041262,0.0004022063615408252,0.11145653913011949,rebalance
2024-07-19 03:00:00+00:00,ripple,long,close,1.9567294681751526,0.54781,1.0719159699610303,0.002143831939922061,0.5892845057618588,rebalance
2024-07-21 03:00:00+00:00,internet-computer,long,open,0.11246416278752457,10.192,1.1462347471304504,0.002292469494260901,0.5903108947721819,rebalance
2024-07-21 03:00:00+00:00,ripple,long,open,2.2623001194757157,0.5928,1.3410915108252042,0.0026821830216504083,0.6906621280749802,rebalance
2024-07-22 03:00:00+00:00,internet-computer,long,reduce,0.0017507956853365508,10.581,0.018525169146546044,3.7050338293092086e-05,0.00916681559539133,rebalance
2024-07-22 03:00:00+00:00,ripple,long,reduce,0.3519671036991583,0.59789,0.21043761163068977,0.00042087522326137957,0.10720383305660311,rebalance
2024-07-22 03:00:00+00:00,solana,long,open,0.0012537495855419122,182.2005,0.22843380136052918,0.00045686760272105835,0.11764340770067253,rebalance
2024-07-25 03:00:00+00:00,internet-computer,long,reduce,0.062401569439898906,9.438,0.5889460123737659,0.0011778920247475318,0.3240641303858674,rebalance
2024-07-25 03:00:00+00:00,ripple,long,reduce,0.8467943794225141,0.60193,0.5097109408057939,0.001019421881611588,0.2558515715351211,rebalance
2024-07-25 03:00:00+00:00,solana,long,reduce,0.0006286882571313531,170.6968,0.10731507368989915,0.0002146301473797983,0.058564130885903336,rebalance
2024-07-27 03:00:00+00:00,internet-computer,long,increase,0.024638749640083023,10.072,0.2481614863749162,0.0004963229727498324,0.12780316548308185,rebalance
2024-07-27 03:00:00+00:00,ripple,long,increase,0.5694487414401911,0.5963,0.33956228452078596,0.0006791245690415719,0.17487457652820476,rebalance
2024-07-27 03:00:00+00:00,solana,long,increase,0.0034617341024130244,183.8739,0.6365225501736822,0.0012730451003473645,0.32780911333944635,rebalance
2024-07-28 03:00:00+00:00,internet-computer,long,reduce,0.016521779426184845,9.658,0.15956734569809322,0.00031913469139618645,0.08541819426708719,rebalance
2024-07-28 03:00:00+00:00,solana,long,reduce,7.134617304531236e-05,184.9356,0.01319444731983867,2.6388894639677338e-05,0.006721090950671213,rebalance
2024-07-28 03:00:00+00:00,ripple,long,increase,0.3253099143741071,0.60058,0.19537462837480124,0.0003907492567496025,0.10061793361302264,rebalance
2024-07-29 03:00:00+00:00,internet-computer,long,reduce,0.027853792404880423,9.709,0.270432470458984,0.0005408649409179681,0.14371435269140945,rebalance
2024-07-29 03:00:00+00:00,ripple,long,increase,0.37959716789967657,0.60531,0.22977396170135322,0.00045954792340270644,0.11833359027619691,rebalance
2024-07-29 03:00:00+00:00,solana,long,increase,0.0004824541831637029,192.0879,0.09267361089013104,0.00018534722178026208,0.04772690960841749,rebalance
2024-07-30 04:00:00+00:00,internet-computer,long,close,0.028574975471306864,9.044,0.2584320781624993,0.0005168641563249986,0.1471218230075641,rebalance
2024-07-30 04:00:00+00:00,solana,long,reduce,0.0005104242470115022,182.4149,0.09310898797617846,0.00018621797595235693,0.04811467479523123,rebalance
2024-07-30 04:00:00+00:00,kaspa,long,open,0.5425558412580489,0.19301,0.104718702921216,0.00020943740584243202,0.05393013200442624,rebalance
2024-07-30 04:00:00+00:00,ripple,long,increase,0.4545577436276796,0.60001,0.27273919175404404,0.0005454783835080881,0.14046068375333268,rebalance
2024-07-31 03:00:00+00:00,solana,long,reduce,0.0015283254128539607,180.2136,0.27542502462189855,0.0005508500492437972,0.1437452032266539,rebalance
2024-07-31 03:00:00+00:00,kaspa,long,increase,1.1488156183229297,0.19829,0.2277986489572537,0.00045559729791450743,0.11731630421298567,rebalance
2024-07-31 03:00:00+00:00,ripple,long,increase,0.12005490670295826,0.65253,0.07833942827088136,0.00015667885654176272,0.0403448055595039,rebalance
2024-08-01 03:00:00+00:00,ripple,long,reduce,1.0353865663776645,0.61206,0.6337187018171133,0.0012674374036342267,0.3146573542291964,rebalance
2024-08-01 03:00:00+00:00,solana,long,close,0.002459153781076511,169.9171,0.4178522789345557,0.0008357045578691114,0.23072560834243677,rebalance
2024-08-01 03:00:00+00:00,kaspa,long,reduce,1.1759431136681693,0.20264,0.2382931125537178,0.0004765862251074356,0.11842213054281521,rebalance
2024-08-04 03:00:00+00:00,ripple,long,close,1.8771205440209917,0.5557,1.043115886312465,0.00208623177262493,0.5686134101515569,rebalance
2024-08-04 03:00:00+00:00,kaspa,long,close,0.5154283459128093,0.18169,0.09364817616889831,0.00018729635233779662,0.05130924253980895,rebalance
2024-08-25 03:00:00+00:00,tron,long,open,11.196435075641658,0.15754,1.7638863818165869,0.003527772763633174,0.9084014866355422,rebalance
2024-08-27 03:00:00+00:00,tron,long,reduce,5.008310128287245,0.16174,0.810044080149179,0.001620088160298358,0.4048587672311996,rebalance
2024-08-28 03:00:00+00:00,tron,long,close,6.188124947354413,0.1576,0.9752484917030554,0.0019504969834061108,0.4997306911099157,rebalance
2024-09-20 03:00:00+00:00,sui,long,open,0.8841156343026121,1.4249,1.259776367317792,0.002519552734635584,0.6487848291686629,rebalance
2024-09-23 03:00:00+00:00,sui,long,reduce,0.21732088898923818,1.5981,0.34730051269370155,0.0006946010253874031,0.1584073262635772,rebalance
2024-09-24 03:00:00+00:00,sui,long,increase,0.09108443671306041,1.5496,0.1411444431305584,0.0002822888862611168,0.07268938821223758,rebalance
2024-09-25 03:00:00+00:00,sui,long,reduce,0.18482107040778173,1.7497,0.3233814268924957,0.0006467628537849914,0.13578598932327643,rebalance
2024-09-26 03:00:00+00:00,sui,long,reduce,0.10069503222952608,1.7097,0.17215829660282075,0.0003443165932056415,0.07372971172438576,rebalance
2024-09-27 03:00:00+00:00,sui,long,increase,0.21609134252709036,1.6544,0.3575015170768183,0.0007150030341536367,0.18411328129456145,rebalance
2024-09-30 03:00:00+00:00,sui,long,increase,0.10086016813437663,1.7052,0.17198675870273905,0.00034397351740547813,0.08857318073191062,rebalance
2024-10-01 03:00:00+00:00,sui,long,reduce,0.252460214548884,1.8568,0.4687681263743678,0.0009375362527487357,0.19593490830526689,rebalance
2024-10-03 03:00:00+00:00,sui,long,close,0.5368543755017094,1.9435,1.0433764787875723,0.002086752957575145,0.4163179494879863,rebalance
2024-10-06 03:00:00+00:00,bittensor,long,open,0.0019496946576738697,562.5,1.0967032449415517,0.0021934064898831034,0.5648021711448992,rebalance
2024-10-06 03:00:00+00:00,sui,long,open,0.18253949852345702,1.7494,0.3193345987169357,0.0006386691974338715,0.1644573183392219,rebalance
2024-10-07 03:00:00+00:00,bittensor,long,reduce,0.00045934390101645076,646.28,0.2968647763489118,0.0005937295526978236,0.13275458771017692,rebalance
2024-10-07 03:00:00+00:00,sui,long,reduce,0.0327427822739082,1.8943,0.062024652461464304,0.0001240493049229286,0.029499315004637126,rebalance
2024-10-08 03:00:00+00:00,bittensor,long,increase,4.910935291528187e-05,623.84,0.030636378722669444,6.127275744533889e-05,0.015777735042174765,rebalance
2024-10-08 03:00:00+00:00,sui,long,increase,0.007014072880902483,2.0848,0.014622939142105496,2.9245878284210993e-05,0.007530813658184331,rebalance
2024-10-09 03:00:00+00:00,bittensor,long,increase,0.0003975128019509755,593.36,0.23586819616563082,0.00047173639233126166,0.12147212102529988,rebalance
2024-10-09 03:00:00+00:00,sui,long,increase,0.043200906979736484,1.9473,0.08412512616164086,0.00016825025232328173,0.043324439973245046,rebalance
2024-10-10 03:00:00+00:00,bittensor,long,increase,0.0005866480146787664,575.67,0.3377156626101254,0.0006754313252202509,0.1739235662442146,rebalance
2024-10-10 03:00:00+00:00,sui,long,increase,0.0645418576084536,1.8755,0.12104825394465474,0.0002420965078893095,0.06233985078149719,rebalance
2024-10-11 03:00:00+00:00,bittensor,long,close,0.0025236209262024427,567.2,1.4313977893420256,0.002862795578684051,0.7354838694027158,rebalance
2024-10-11 03:00:00+00:00,sui,long,close,0.26455355371864137,1.8345,0.48532349429684757,0.0009706469885936951,0.24729134605188305,rebalance
2024-10-13 03:00:00+00:00,sui,long,open,0.9052026553184803,2.2317,2.0201407658742525,0.004040281531748505,1.0403724944252402,rebalance
2024-10-16 03:00:00+00:00,sui,long,reduce,0.06849922799308539,2.0136,0.13793004548687673,0.0002758600909737535,0.07819498739586392,rebalance
2024-10-16 03:00:00+00:00,aptos,long,open,0.018478145411087502,10.312,0.1905466354791343,0.0003810932709582686,0.09813151727175418,rebalance
2024-10-17 03:00:00+00:00,sui,long,reduce,0.08803522883401471,2.1468,0.18899402926086276,0.0003779880585217255,0.10038182921318232,rebalance
2024-10-17 03:00:00+00:00,aptos,long,increase,0.021337892519437518,10.01,0.21359230411956956,0.0004271846082391391,0.11000003662157833,rebalance
2024-10-22 03:00:00+00:00,sui,long,reduce,0.05440893628738497,2.007,0.10919873512878164,0.00021839747025756328,0.061395632639349274,rebalance
2024-10-22 03:00:00+00:00,aptos,long,reduce,0.004661994501877466,10.921,0.0509136419550038,0.0001018272839100076,0.02398281603504285,rebalance
2024-10-22 03:00:00+00:00,dogecoin,long,open,1.530591720428714,0.1447,0.22147662194603493,0.00044295324389206984,0.114060460302208,rebalance
2024-10-23 03:00:00+00:00,sui,long,reduce,0.024727357533680827,1.9234,0.047560599480281705,9.512119896056341e-05,0.02783392490902807,rebalance
2024-10-23 03:00:00+00:00,aptos,long,reduce,0.000315785615626514,10.585,0.0033425907414066512,6.685181482813303e-06,0.0016194672936266597,rebalance
2024-10-23 03:00:00+00:00,dogecoin,long,increase,1.5565405675479347,0.13782,0.21452242101945634,0.00042904484203891267,0.11047904682502002,rebalance
2024-10-24 03:00:00+00:00,sui,long,reduce,0.17799954695216863,1.9887,0.35398769902377775,0.0007079753980475555,0.19984743536907768,rebalance
2024-10-24 03:00:00+00:00,aptos,long,increase,0.002879922044693881,9.895,0.028496828632245952,5.6993657264491905e-05,0.014675866745606666,rebalance
2024-10-24 03:00:00+00:00,dogecoin,long,increase,3.0377889387187356,0.14061,0.42714350267324147,0.0008542870053464829,0.21997890387671937,rebalance
2024-10-25 03:00:00+00:00,aptos,long,reduce,0.01967622740366474,10.148,0.19967435569238978,0.0003993487113847796,0.1003021356244955,rebalance
2024-10-25 03:00:00+00:00,dogecoin,long,increase,1.45813624277379,0.13976,0.20378912129006488,0.0004075782425801298,0.10495139746438341,rebalance
2024-10-25 03:00:00+00:00,sui,long,increase,0.008480780224115315,1.9246,0.016322109619332337,3.264421923866467e-05,0.008405886453956153,rebalance
2024-10-26 03:00:00+00:00,aptos,long,close,0.018041952454050176,8.863,0.1599058246002467,0.00031981164920049336,0.0917926266596498,rebalance
2024-10-26 03:00:00+00:00,dogecoin,long,increase,1.1651657684784944,0.13299,0.15495539554995497,0.00030991079109990996,0.07980202870822681,rebalance
2024-10-26 03:00:00+00:00,sui,long,increase,0.008063094400880847,1.7327,0.013970923668406243,2.7941847336812486e-05,0.007195025689229215,rebalance
2024-11-03 03:00:00+00:00,sui,long,reduce,0.24481396673200806,1.8252,0.4468344520792611,0.0008936689041585222,0.26955046017395456,rebalance
2024-11-03 03:00:00+00:00,dogecoin,long,reduce,4.506289673174094,0.1497,0.6745915640741619,0.0013491831281483239,0.314131990655131,rebalance
2024-11-07 03:00:00+00:00,sui,long,reduce,0.04539368696298862,2.3419,0.10630747549862304,0.0002126149509972461,0.04970237245950818,rebalance
2024-11-07 03:00:00+00:00,dogecoin,long,increase,6.022029246760423,0.20015,1.2053091537390985,0.002410618307478197,0.6207342141756358,rebalance
2024-11-11 03:00:00+00:00,sui,long,reduce,0.04607444023508003,3.201,0.14748428319249118,0.00029496856638498237,0.049276145314201936,rebalance
2024-11-11 03:00:00+00:00,dogecoin,long,reduce,3.737618481567633,0.29449,1.1006912666368522,0.0022013825332737047,0.32489926895858817,rebalance
2024-11-12 03:00:00+00:00,sui,long,reduce,0.020522303536044284,3.1343,0.0643230559730236,0.0001286461119460472,0.021775122196307367,rebalance
2024-11-12 03:00:00+00:00,dogecoin,long,reduce,2.4380080912250444,0.35361,0.8621040411380879,0.001724208082276176,0.21002480748179728,rebalance
2024-11-13 03:00:00+00:00,sui,long,reduce,0.015905242360595234,3.0019,0.047745947042270837,9.549189408454167e-05,0.01658294559297741,rebalance
2024-11-13 03:00:00+00:00,dogecoin,long,reduce,0.915168101403999,0.38692,0.35409684179523526,0.0007081936835904706,0.0771129921950243,rebalance
2024-11-14 03:00:00+00:00,sui,long,reduce,0.06753662590679343,3.3728,0.2277875318584329,0.0004555750637168658,0.06973001558208777,rebalance
2024-11-14 03:00:00+00:00,dogecoin,long,reduce,0.20635606153798225,0.38911,0.08029520710504427,0.00016059041421008854,0.017241797718369183,rebalance
2024-11-15 03:00:00+00:00,sui,long,reduce,0.03344177750820749,3.2811,0.1097258161821796,0.00021945163236435918,0.0343437898095071,rebalance
2024-11-15 03:00:00+00:00,dogecoin,long,increase,0.41462255246714963,0.37365,0.15492371672935046,0.00030984743345870093,0.07978571411561548,rebalance
2024-11-16 03:00:00+00:00,sui,long,close,0.034388189101424764,3.7674,0.12955406362070765,0.0002591081272414153,0.0351392071491242,rebalance
2024-11-16 03:00:00+00:00,dogecoin,long,increase,0.16894233361861768,0.37952,0.06411699445493779,0.0001282339889098756,0.033020252144292966,rebalance
2024-11-21 03:00:00+00:00,dogecoin,long,reduce,0.28668483843339976,0.37357,0.10709685509356515,0.0002141937101871303,0.02706707437340511,rebalance
2024-11-21 03:00:00+00:00,stellar,long,open,0.37006472215961544,0.23911,0.08848617571558565,0.00017697235143117129,0.04557038049352661,rebalance
2024-11-22 03:00:00+00:00,dogecoin,long,reduce,0.41906444744498206,0.39728,0.16648592368094248,0.00033297184736188497,0.0391879377727997,rebalance
2024-11-22 03:00:00+00:00,stellar,long,increase,0.2521907902053893,0.2764,0.0697055344127696,0.0001394110688255392,0.03589835022257634,rebalance
2024-11-23 03:00:00+00:00,dogecoin,long,reduce,1.4452898773284926,0.42791,0.6184539914076352,0.0012369079828152706,0.13197741527935403,rebalance
2024-11-23 03:00:00+00:00,stellar,long,reduce,0.07080800895289363,0.42432,0.030045254358891823,6.0090508717783646e-05,0.009209825873351894,rebalance
2024-11-24 03:00:00+00:00,dogecoin,long,reduce,0.5750490069183993,0.44605,0.256500609535952,0.000513001219071904,0.05080892609838619,rebalance
2024-11-24 03:00:00+00:00,stellar,long,reduce,0.27276760840738773,0.59361,0.16191758002670942,0.00032383516005341883,0.03480548793465075,rebalance
2024-11-25 03:00:00+00:00,dogecoin,long,reduce,0.08117639663153953,0.41946,0.03405025133106557,6.810050266213113e-05,0.007065488836596524,rebalance
2024-11-25 03:00:00+00:00,stellar,long,increase,0.10218282527970887,0.51039,0.052153092194510614,0.00010430618438902124,0.026858842480172968,rebalance
2024-11-26 03:00:00+00:00,dogecoin,long,reduce,0.2343164463025872,0.40729,0.09543474541458073,0.00019086949082916147,0.020114965923089947,rebalance
2024-11-26 03:00:00+00:00,stellar,long,increase,0.13901039621339029,0.50647,0.07040459537019578,0.00014080919074039157,0.03625836661565083,rebalance
2024-11-27 03:00:00+00:00,dogecoin,long,reduce,0.246883183402128,0.3912,0.09658070134691248,0.00019316140269382494,0.021001667351996392,rebalance
2024-11-27 03:00:00+00:00,stellar,long,increase,0.25989675317847,0.43282,0.11248851271070537,0.00022497702542141073,0.057931584046013264,rebalance
2024-11-28 03:00:00+00:00,dogecoin,long,close,0.2619127654235782,0.41538,0.10879332450164593,0.00021758664900329186,0.022037655225426358,rebalance
2024-11-28 03:00:00+00:00,stellar,long,increase,0.07819708933359289,0.48294,0.03776450232276535,7.552900464553069e-05,0.019448718696224155,rebalance
2024-12-08 03:00:00+00:00,stellar,long,reduce,0.22144803142212321,0.49286,0.10914287676670766,0.00021828575353341533,0.040427010721368756,rebalance
2024-12-08 03:00:00+00:00,hedera-hashgraph,long,open,0.41909852554405413,0.33258,0.1393837876254415,0.00027876757525088303,0.07178265062710239,rebalance
2024-12-09 03:00:00+00:00,stellar,long,reduce,0.21212266657544154,0.47699,0.10118039072981987,0.00020236078145963974,0.0381001459875731,rebalance
2024-12-09 03:00:00+00:00,hedera-hashgraph,long,increase,0.44742493195470684,0.31506,0.14096569906164994,0.00028193139812329987,0.07259733501674971,rebalance
2024-12-10 03:00:00+00:00,hedera-hashgraph,long,increase,1.9618765508591531,0.28469,0.5585266352640923,0.0011170532705281847,0.28764121716100755,rebalance
2024-12-10 03:00:00+00:00,ripple,long,open,0.07406020644819059,2.1342,0.15805929260172835,0.0003161185852034567,0.0814005356898901,rebalance
2024-12-10 03:00:00+00:00,stellar,long,increase,0.08192779954087347,0.39584,0.03243030017025936,6.486060034051871e-05,0.01670160458768357,rebalance
2024-12-11 03:00:00+00:00,stellar,long,reduce,0.26344110625615386,0.41253,0.10867735956385115,0.0002173547191277023,0.04795028814221878,rebalance
2024-12-11 03:00:00+00:00,ripple,long,reduce,0.016378068535252456,2.3026,0.037712140609272304,7.542428121854461e-05,0.017964561120579606,rebalance
2024-12-11 03:00:00+00:00,hedera-hashgraph,long,increase,0.33660959881256003,0.27819,0.09364142429366606,0.00018728284858733214,0.048225333511238026,rebalance
2024-12-12 03:00:00+00:00,stellar,long,close,0.24288295429704027,0.44021,0.10691950531110009,0.00021383901062220018,0.04409193734815163,rebalance
2024-12-12 03:00:00+00:00,ripple,long,reduce,0.0013364306446350185,2.4004,0.0032079681193818983,6.415936238763797e-06,0.0014623539376115366,rebalance
2024-12-12 03:00:00+00:00,hedera-hashgraph,long,increase,0.08527347930063262,0.299,0.02549677031088915,5.09935406217783e-05,0.013130836710107912,rebalance
2024-12-13 03:00:00+00:00,ripple,long,close,0.05634570726830311,2.3422,0.13197291556381954,0.0002639458311276391,0.061452580155913115,rebalance
2024-12-13 03:00:00+00:00,hedera-hashgraph,long,increase,0.29363389286502,0.2952,0.08668072517375391,0.00017336145034750784,0.04464057346448327,rebalance
2024-12-15 03:00:00+00:00,hedera-hashgraph,long,increase,0.17886183037750017,0.29336,0.05247090655954345,0.0001049418131190869,0.027022516878164878,rebalance
2024-12-19 03:00:00+00:00,hedera-hashgraph,long,increase,0.3634258444323895,0.26775,0.09730726984677229,0.0001946145396935446,0.05011324397108773,rebalance
2024-12-21 03:00:00+00:00,hedera-hashgraph,long,increase,1.8167328580931317,0.26807,0.4870115772690258,0.0009740231545380516,0.25081096229354827,rebalance
2024-12-23 03:00:00+00:00,hedera-hashgraph,long,reduce,2.896785377137207,0.2599,0.7528745195179603,0.0015057490390359206,0.41653253183412464,rebalance
2024-12-24 03:00:00+00:00,hedera-hashgraph,long,increase,1.8124232034731398,0.28342,0.5136769843283573,0.0010273539686567147,0.26454364692910404,rebalance
2024-12-24 03:00:00+00:00,sui,long,open,0.11747793072843668,4.5919,0.5394469101119084,0.0010788938202238169,0.2778151587076328,rebalance
2024-12-25 03:00:00+00:00,hedera-hashgraph,long,reduce,0.5153953984211954,0.31127,0.1604271256665655,0.000320854251333131,0.07415337994619352,rebalance
2024-12-25 03:00:00+00:00,sui,long,increase,0.03526007073459899,4.5712,0.1611808353419989,0.00032236167068399777,0.08300813020112943,rebalance
2024-12-26 03:00:00+00:00,hedera-hashgraph,long,reduce,2.7236113522330743,0.31446,0.8564668258232125,0.0017129336516464252,0.390594907600265,rebalance
2024-12-26 03:00:00+00:00,sui,long,reduce,0.09214721058370395,4.4279,0.40801863374358277,0.0008160372674871656,0.21763948752760556,rebalance
2024-12-27 03:00:00+00:00,hedera-hashgraph,long,reduce,0.730655392560193,0.28868,0.2109255987242765,0.000421851197448553,0.1045233097187677,rebalance
2024-12-27 03:00:00+00:00,sui,long,reduce,0.03550044836149111,4.2205,0.14982964230967324,0.0002996592846193465,0.08383722123441847,rebalance
2024-12-29 03:00:00+00:00,hedera-hashgraph,long,reduce,0.014096021574618867,0.29374,0.004140565377328546,8.281130754657092e-06,0.0020103149523406955,rebalance
2024-12-29 03:00:00+00:00,sui,long,increase,0.007197760109130833,4.1987,0.030221235370207628,6.044247074041526e-05,0.015563936215656929,rebalance
2024-12-30 03:00:00+00:00,hedera-hashgraph,long,increase,0.4682515417015633,0.28211,0.13209844242942803,0.00026419688485885607,0.06803069785115544,rebalance
2024-12-30 03:00:00+00:00,sui,long,increase,0.007431007980266049,4.1658,0.030956093044192307,6.191218608838461e-05,0.015942387917759038,rebalance
2024-12-31 03:00:00+00:00,hedera-hashgraph,long,reduce,0.10804610029527018,0.27232,0.029423114032407976,5.884622806481595e-05,0.015438377218555045,rebalance
2024-12-31 03:00:00+00:00,sui,long,increase,0.0006715952691043901,4.0798,0.0027399743788920905,5.479948757784181e-06,0.0014110868051294267,rebalance
2025-01-01 03:00:00+00:00,hedera-hashgraph,long,increase,0.15698928145489233,0.26991,0.04237297695748998,8.474595391497997e-05,0.02182208313310734,rebalance
2025-01-01 03:00:00+00:00,sui,long,increase,0.010382649971969736,4.1866,0.0434680023726485,8.6936004745297e-05,0.02238602122191398,rebalance
2025-01-02 03:00:00+00:00,sui,long,reduce,0.018875104380400166,4.2975,0.08111576107476973,0.00016223152214953947,0.04241262525020828,rebalance
2025-01-02 03:00:00+00:00,hedera-hashgraph,long,increase,0.005587292113358249,0.29554,0.001651268311181897,3.302536622363794e-06,0.000850403180258677,rebalance
2025-01-03 03:00:00+00:00,hedera-hashgraph,long,reduce,0.021878760691684374,0.3009,0.006583319092127828,1.3166638184255656e-05,0.0030976915609709516,rebalance
2025-01-03 03:00:00+00:00,sui,long,close,0.031898251467911455,4.3238,0.13792165969695555,0.0002758433193939111,0.07159929187613924,rebalance
2025-01-03 03:00:00+00:00,ripple,long,open,0.30237741508962834,2.4474,0.7400384856903565,0.001480076971380713,0.3811198201305336,rebalance
2025-01-04 03:00:00+00:00,ripple,long,reduce,0.10236037471602424,2.4843,0.25429387890701904,0.0005085877578140381,0.12864172847756256,rebalance
2025-01-04 03:00:00+00:00,hedera-hashgraph,long,increase,1.2978856666380587,0.31786,0.41254593799757333,0.0008250918759951467,0.21246115806875027,rebalance
2025-01-04 03:00:00+00:00,sui,long,open,0.23509605261073904,4.9015,1.1523233018715375,0.002304646603743075,0.5934465004638418,rebalance
2025-01-05 03:00:00+00:00,ripple,long,reduce,0.09577395337269719,2.3928,0.22916791563018982,0.00045833583126037963,0.12001573448234841,rebalance
2025-01-05 03:00:00+00:00,hedera-hashgraph,long,increase,0.11342173169050557,0.30594,0.03470024459339327,6.940048918678654e-05,0.017870625965597534,rebalance
2025-01-05 03:00:00+00:00,sui,long,increase,0.042383202524061976,5.2158,0.22106230772500246,0.00044212461545000494,0.11384708847837627,rebalance
2025-01-06 03:00:00+00:00,ripple,long,close,0.10424308700090691,2.4054,0.2507463214719815,0.000501492642943963,0.13025500522841063,rebalance
2025-01-06 03:00:00+00:00,sui,long,reduce,0.001717361456613331,5.2537,0.009022501884609457,1.8045003769218916e-05,0.004352835710680962,rebalance
2025-01-06 03:00:00+00:00,hedera-hashgraph,long,increase,0.011581967923917037,0.30497,0.003532152757756979,7.064305515513958e-06,0.0018190586702448441,rebalance
2025-01-07 03:00:00+00:00,hedera-hashgraph,long,reduce,0.07117502794838204,0.30989,0.02205642941092411,4.411285882184822e-05,0.010757134393014569,rebalance
2025-01-07 03:00:00+00:00,sui,long,increase,0.0661522445513093,5.0625,0.33489573804100337,0.0006697914760820067,0.17247130509111674,rebalance
2025-01-08 03:00:00+00:00,hedera-hashgraph,long,reduce,1.3466777996656192,0.2886,0.38865121298349775,0.0007773024259669955,0.20291698184422255,rebalance
2025-01-08 03:00:00+00:00,sui,long,reduce,0.16591547000300996,4.7558,0.7890607922403148,0.0015781215844806295,0.4209958839129082,rebalance
2025-01-09 03:00:00+00:00,hedera-hashgraph,long,increase,0.04162419916875024,0.27976,0.011644785959449566,2.3289571918899135e-05,0.005997064769116526,rebalance
2025-01-09 03:00:00+00:00,sui,long,increase,0.01577202479947865,4.8275,0.07613944971948317,0.00015227889943896633,0.03921181660553383,rebalance
2025-01-12 03:00:00+00:00,hedera-hashgraph,long,reduce,0.033598994683216254,0.28858,0.009695997885682546,1.939199577136509e-05,0.00502983823411257,rebalance
2025-01-12 03:00:00+00:00,sui,long,reduce,0.06533749733006303,4.913,0.32100312438259965,0.0006420062487651993,0.16493150223399,rebalance
2025-01-13 03:00:00+00:00,sui,long,reduce,0.06102491477521266,4.692,0.2863289001252978,0.0005726578002505957,0.15374058685280442,rebalance
2025-01-13 03:00:00+00:00,hedera-hashgraph,long,increase,0.05188897865005312,0.27459,0.014248194647518087,2.8496389295036172e-05,0.007337820243471815,rebalance
2025-01-14 03:00:00+00:00,hedera-hashgraph,long,reduce,0.018000853980192133,0.27838,0.005011077731005886,1.0022155462011772e-05,0.00268124690889736,rebalance
2025-01-14 03:00:00+00:00,sui,long,close,0.06540828092069001,4.6752,0.30579679496040996,0.0006115935899208199,0.16448814347598711,rebalance
2025-01-16 03:00:00+00:00,hedera-hashgraph,long,reduce,0.17653186631318674,0.32396,0.05718926341081998,0.00011437852682163996,0.026149248107290222,rebalance
2025-01-16 03:00:00+00:00,ripple,long,open,0.2568263413232141,3.0386,0.7803925207447183,0.0015607850414894367,0.40190214818352993,rebalance
2025-01-17 03:00:00+00:00,hedera-hashgraph,long,reduce,0.17003502849599506,0.39147,0.06656361260532719,0.00013312722521065438,0.025096640785943067,rebalance
2025-01-17 03:00:00+00:00,ripple,long,increase,0.23045337008332673,3.3432,0.7704517068625779,0.0015409034137251558,0.3967826290342276,rebalance
2025-01-18 03:00:00+00:00,hedera-hashgraph,long,increase,0.4213260220758581,0.37033,0.15602966575535254,0.00031205933151070507,0.08035527786400656,rebalance
2025-01-18 03:00:00+00:00,ripple,long,increase,0.2513447240536429,3.2703,0.8219726510726284,0.001643945302145257,0.42331591530240364,rebalance
2025-01-19 03:00:00+00:00,hedera-hashgraph,long,reduce,0.46003950110290137,0.35768,0.16454692875448576,0.0003290938575089715,0.07321092629814402,rebalance
2025-01-19 03:00:00+00:00,ripple,long,reduce,0.002731222358334673,3.2544,0.008888490042964358,1.7776980085928716e-05,0.004499534654503625,rebalance
2025-01-20 03:00:00+00:00,hedera-hashgraph,long,reduce,0.4858796507216331,0.33618,0.1633430209795986,0.0003266860419591972,0.0770747668050773,rebalance
2025-01-20 03:00:00+00:00,ripple,long,reduce,0.4883794318728864,3.0837,1.5060156540664198,0.0030120313081328396,0.803390773135367,rebalance
2025-01-21 03:00:00+00:00,hedera-hashgraph,long,close,0.5115102713048749,0.33643,0.17208740057509908,0.00034417480115019814,0.08086950887761948,rebalance
2025-01-21 03:00:00+00:00,ripple,long,reduce,0.0026989844010309183,3.1213,0.008424340010937805,1.684868002187561e-05,0.004426939070783396,rebalance
2025-01-22 03:00:00+00:00,ripple,long,increase,0.25125359633345407,3.1913,0.8018256019789519,0.001603651203957904,0.41294018501916024,rebalance
2025-01-23 03:00:00+00:00,ripple,long,reduce,0.25379195466979526,3.1458,0.7983787310002419,0.001596757462000484,0.4151380875319481,rebalance
2025-01-29 03:00:00+00:00,ripple,long,increase,0.035327248532120624,3.0635,0.10822502587815153,0.00021645005175630305,0.05573588832724804,rebalance
2025-01-31 03:00:00+00:00,ripple,long,increase,0.025620076824202847,3.0993,0.07940430410125188,0.00015880860820250377,0.04089321661214472,rebalance
2025-02-01 03:00:00+00:00,ripple,long,increase,0.02755008069077009,3.0571,0.08422335167975326,0.0001684467033595065,0.04337502611507293,rebalance
2025-02-02 03:00:00+00:00,ripple,long,reduce,0.042897343994822756,2.8846,0.12374167848746571,0.00024748335697493144,0.06850685494573774,rebalance
2025-02-02 03:00:00+00:00,chainlink,long,open,0.006316152638005757,22.55,0.14242924198702983,0.00028485848397405964,0.07335105962332036,rebalance
2025-02-03 03:00:00+00:00,chainlink,long,increase,0.0014946306658616148,17.079,0.02552679714225052,5.1053594284501046e-05,0.013146300528259018,rebalance
2025-02-03 03:00:00+00:00,ripple,long,increase,0.0017812612949981068,2.1481,0.003826327387785433,7.652654775570866e-06,0.001970558604709498,rebalance
2025-02-03 03:00:00+00:00,solana,long,open,0.0009040915401544374,187.554,0.16956598472212536,0.00033913196944425074,0.08732648213189456,rebalance
2025-02-04 03:00:00+00:00,ripple,long,reduce,0.16851844340912542,2.7231,0.4588925732473894,0.0009177851464947788,0.2679572225477074,rebalance
2025-02-04 03:00:00+00:00,chainlink,long,reduce,0.0010445666171474697,20.905,0.021836665131467856,4.367333026293571e-05,0.011550626839899868,rebalance
2025-02-04 03:00:00+00:00,solana,long,increase,0.0015749890273388835,215.569,0.3395188096344158,0.0006790376192688316,0.17485218696172414,rebalance
2025-02-05 03:00:00+00:00,ripple,long,reduce,0.056503711240782656,2.5176,0.1422537434197944,0.0002845074868395888,0.08979582681203399,rebalance
2025-02-05 03:00:00+00:00,chainlink,long,close,0.0067662166867199025,20.122,0.13614981217017788,0.00027229962434035577,0.0747667033865281,rebalance
2025-02-05 03:00:00+00:00,solana,long,increase,0.0017386549672764819,207.499,0.3607691670549027,0.0007215383341098054,0.1857961210332749,rebalance
2025-02-06 03:00:00+00:00,ripple,long,close,0.06463560718895131,2.4192,0.15636646091151102,0.000312732921823022,0.10264889783113851,rebalance
2025-02-06 03:00:00+00:00,solana,long,reduce,0.0007675539590662013,200.225,0.15368349145403015,0.00030736698290806033,0.08149584438939551,rebalance
2025-02-07 03:00:00+00:00,solana,long,reduce,0.0016912385814344206,194.816,0.3294803354807281,0.0006589606709614562,0.179414890343198,rebalance
2025-02-08 03:00:00+00:00,solana,long,close,0.0017589429942691805,193.218,0.3398594474667025,0.000679718894933405,0.18657288936917438,rebalance
2025-02-08 03:00:00+00:00,bitcoin,long,open,2.0342410724744853e-06,96711.8,0.19673511575293792,0.00039347023150587587,0.10131858461276304,rebalance
2025-02-09 03:00:00+00:00,bitcoin,long,increase,2.0339818717649448e-06,96687.9,0.1966614358190218,0.0003933228716380436,0.10128063944679623,rebalance
2025-02-10 03:00:00+00:00,bitcoin,long,increase,3.460426017337885e-08,95759.4,0.0033136831916466547,6.62736638329331e-06,0.0017065468436980272,rebalance
2025-02-10 03:00:00+00:00,tron,long,open,0.8582381742283366,0.22889,0.19644213569912397,0.0003928842713982479,0.10116769988504885,rebalance
2025-02-11 03:00:00+00:00,bitcoin,long,reduce,2.0803102282581765e-06,97714.9,0.20327730592322488,0.00040655461184644975,0.10321206612373186,rebalance
2025-02-11 03:00:00+00:00,litecoin,long,open,0.0012526328012204691,122.61,0.15358530775764173,0.0003071706155152835,0.0790964334951855,rebalance
2025-02-11 03:00:00+00:00,tron,long,increase,0.739999212640389,0.24731,0.1830092052780946,0.0003660184105561892,0.09424974071821873,rebalance
2025-02-12 03:00:00+00:00,bitcoin,long,close,2.0225169761546325e-06,95539.6,0.19323046289502313,0.0003864609257900463,0.10026172777448726,rebalance
2025-02-12 03:00:00+00:00,litecoin,long,increase,0.0026679527495285134,117.12,0.3124706260247795,0.000624941252049559,0.16092237240276144,rebalance
2025-02-12 03:00:00+00:00,tron,long,increase,0.03769271095378294,0.24004,0.009047758337346057,1.8095516674692114e-05,0.00465959554373322,rebalance
2025-02-13 03:00:00+00:00,tron,long,reduce,0.8199713706261768,0.24255,0.19888405594537917,0.0003977681118907583,0.09978479935962685,rebalance
2025-02-13 03:00:00+00:00,litecoin,long,increase,0.002309010441870855,124.22,0.2868252770891976,0.0005736505541783952,0.14771501770093676,rebalance
2025-02-14 03:00:00+00:00,tron,long,close,0.8159587271963319,0.23422,0.19111385308392487,0.00038222770616784974,0.09929648862843261,rebalance
2025-02-14 03:00:00+00:00,litecoin,long,increase,0.002410746717140514,125.47,0.3024763905996203,0.0006049527811992406,0.15577534115880445,rebalance
2025-02-15 03:00:00+00:00,litecoin,long,increase,0.0010215996049253676,129.34,0.13213369290104704,0.0002642673858020941,0.06804885184403922,rebalance
2025-02-16 03:00:00+00:00,litecoin,long,increase,0.0020166778631922062,135.85,0.27396568771466123,0.0005479313754293225,0.14109232917305053,rebalance
2025-02-17 03:00:00+00:00,litecoin,long,increase,0.0018407874303190627,125.49,0.23100041463073917,0.00046200082926147834,0.11896521353483068,rebalance
2025-02-18 03:00:00+00:00,litecoin,long,close,0.01351940760819699,123.63,1.671404362601394,0.003342808725202788,0.8648374165388375,rebalance
2025-04-24 03:00:00+00:00,hyperliquid,long,open,0.11114164621424788,18.292,2.0330029925510225,0.004066005985102045,1.0469965411637765,rebalance
2025-04-24 03:00:00+00:00,sui,long,open,0.2327340305475478,2.9894,0.6957351109188393,0.0013914702218376788,0.35830358212320224,rebalance
2025-05-03 03:00:00+00:00,hyperliquid,long,reduce,0.016244378895813982,20.704,0.3363236206589327,0.0006726472413178654,0.14743280923167845,rebalance
2025-05-03 03:00:00+00:00,sui,long,increase,0.0982687184896896,3.4435,0.3383883321192461,0.0006767766642384923,0.17426999104141175,rebalance
2025-05-04 03:00:00+00:00,hyperliquid,long,reduce,0.01287250081237247,20.598,0.2651477717332481,0.0005302955434664963,0.11638462161238938,rebalance
2025-05-04 03:00:00+00:00,sui,long,increase,0.09580794900245558,3.2814,0.3143842038566578,0.0006287684077133155,0.16190786498617876,rebalance
2025-05-05 03:00:00+00:00,hyperliquid,long,reduce,0.010780898474796935,20.225,0.21804367165276803,0.00043608734330553606,0.09717013056998901,rebalance
2025-05-05 03:00:00+00:00,sui,long,increase,0.07770535516140707,3.3158,0.25765541664419356,0.0005153108332883871,0.1326925395717597,rebalance
2025-05-06 03:00:00+00:00,hyperliquid,long,reduce,0.032288307086960934,20.081,0.6483814946132624,0.0012967629892265248,0.289957899208326,rebalance
2025-05-06 03:00:00+00:00,sui,long,reduce,0.25366846138560406,3.3259,0.8436759357223805,0.001687351871444761,0.41188608673528354,rebalance
2025-05-07 03:00:00+00:00,hyperliquid,long,increase,0.018078506578847943,20.756,0.3752374825505679,0.0007504749651011357,0.19324730351354247,rebalance
2025-05-07 03:00:00+00:00,sui,long,increase,0.3744663196644598,3.3827,1.2667072195289681,0.002533414439057936,0.6523542180574186,rebalance
2025-05-08 03:00:00+00:00,sui,long,reduce,0.05029289913757673,3.5327,0.17766972478331733,0.00035533944956663466,0.08500507798492356,rebalance
2025-05-08 03:00:00+00:00,hyperliquid,long,increase,0.006682830413432111,21.232,0.1418898553379906,0.0002837797106759812,0.07307327549906516,rebalance
2025-05-10 03:00:00+00:00,hyperliquid,long,reduce,0.009223773620605044,24.963,0.23025306089116374,0.0004605061217823275,0.08777277240175305,rebalance
2025-05-10 03:00:00+00:00,sui,long,increase,0.033826770853301394,3.9826,0.13471849760035814,0.0002694369952007163,0.06938002626418445,rebalance
2025-05-11 03:00:00+00:00,hyperliquid,long,reduce,0.006861821019435145,25.686,0.17625273470521113,0.0003525054694104223,0.06490538335104626,rebalance
2025-05-11 03:00:00+00:00,sui,long,increase,0.04074335067970495,4.0195,0.16376789805707404,0.0003275357961141481,0.08434046749939313,rebalance
2025-05-12 03:00:00+00:00,hyperliquid,long,reduce,0.004865213966559957,24.625,0.11980589392653895,0.00023961178785307792,0.04575185659804584,rebalance
2025-05-12 03:00:00+00:00,sui,long,increase,0.032899387187301815,3.99,0.13126855487733424,0.0002625371097546685,0.06760330576182713,rebalance
2025-05-15 03:00:00+00:00,hyperliquid,long,reduce,0.007051359697426471,24.83,0.17508526128709925,0.0003501705225741985,0.06511418561963501,rebalance
2025-05-15 03:00:00+00:00,sui,long,reduce,0.07523965687287126,3.8842,0.2922458752256066,0.0005844917504512131,0.1290863862756088,rebalance
2025-05-15 03:00:00+00:00,ethereum,long,open,7.505878130069866e-05,2590.07,0.19440749768350057,0.00038881499536700114,0.1001198613070028,rebalance
2025-05-16 03:00:00+00:00,sui,long,reduce,0.19839690049996916,3.9281,0.7793228648539289,0.0015586457297078577,0.33954485792174555,rebalance
2025-05-16 03:00:00+00:00,ethereum,long,increase,0.0001565592249987173,2572.83,0.4028002708534498,0.0008056005417068997,0.20744213948952667,rebalance
2025-05-16 03:00:00+00:00,hyperliquid,long,increase,0.0036756682062568935,26.99,0.09920628488687355,0.00019841256977374711,0.05109123671673988,rebalance
2025-05-17 03:00:00+00:00,sui,long,reduce,0.19848820679356163,3.7309,0.7405396507260992,0.0014810793014521984,0.339130860469364,rebalance
2025-05-17 03:00:00+00:00,ethereum,long,increase,0.00015898307722281516,2489.42,0.3957756521000205,0.0007915513042000411,0.20382446083151057,rebalance
2025-05-17 03:00:00+00:00,hyperliquid,long,increase,0.004495547592251773,27.219,0.122364309913501,0.000244728619827002,0.06301761960545302,rebalance
2025-05-18 03:00:00+00:00,sui,long,reduce,0.08643979410678905,3.7734,0.3261719190825578,0.0006523438381651157,0.14732028970368746,rebalance
2025-05-18 03:00:00+00:00,ethereum,long,increase,7.628773456950295e-05,2480.04,0.18919663324175007,0.0003783932664835001,0.09743626611950129,rebalance
2025-05-18 03:00:00+00:00,hyperliquid,long,increase,0.006614485924808511,26.521,0.1754227812118465,0.00035084556242369303,0.09034273232410095,rebalance
2025-05-20 03:00:00+00:00,sui,long,reduce,0.0014580720031202171,3.8732,0.005647404482485225,1.1294808964970451e-05,0.0024790108219472466,rebalance
2025-05-20 03:00:00+00:00,ethereum,long,reduce,9.173342623987845e-06,2566.1,0.023539714507415207,4.7079429014830417e-05,0.01190619784161894,rebalance
2025-05-20 03:00:00+00:00,hyperliquid,long,increase,0.011905776499729855,26.916,0.3204558802667288,0.0006409117605334576,0.16503477833736532,rebalance
2025-05-21 03:00:00+00:00,sui,long,reduce,0.08166212177258841,3.8402,0.31359888003109404,0.0006271977600621881,0.13836847934824792,rebalance
2025-05-21 03:00:00+00:00,ethereum,long,reduce,7.887396253484277e-07,2538.35,0.0020020972280031814,4.004194456006363e-06,0.0010225561045899157,rebalance
2025-05-21 03:00:00+00:00,hyperliquid,long,increase,0.016553250219543694,26.361,0.43636022903739136,0.0008727204580747828,0.22472551795425655,rebalance
2025-05-22 03:00:00+00:00,hyperliquid,long,reduce,0.004816209173808275,30.061,0.14478006397385057,0.00028956012794770117,0.05525832013008826,rebalance
2025-05-22 03:00:00+00:00,sui,long,close,0.04080576901378741,3.992,0.16289662990303932,0.00032579325980607867,0.06890584150304233,rebalance
2025-05-22 03:00:00+00:00,ethereum,long,reduce,0.00013780885957137388,2593.68,0.357432082893081,0.000714864165786162,0.17846574476725166,rebalance
2025-05-23 03:00:00+00:00,ethereum,long,reduce,0.00015299446863184475,2705.48,0.41392347499408333,0.0008278469499881667,0.19752246840916007,rebalance
2025-05-23 03:00:00+00:00,hyperliquid,long,increase,0.004503109780156519,35.341,0.15914440274051156,0.00031828880548102315,0.08195936741136345,rebalance
2025-05-24 03:00:00+00:00,ethereum,long,close,0.00016612340763917915,2540.43,0.4220248884687999,0.0008440497769375998,0.21404221794224398,rebalance
2025-05-24 03:00:00+00:00,hyperliquid,long,increase,0.013239977914111786,32.325,0.4279822860736635,0.000855964572147327,0.2204108773279367,rebalance
2025-05-28 03:00:00+00:00,hyperliquid,long,increase,0.01684731428638574,35.46,0.5974057645952384,0.0011948115291904769,0.3076639687665478,rebalance
2025-05-30 03:00:00+00:00,hyperliquid,long,increase,0.012472033501799769,32.486,0.4051664803394672,0.0008103329606789345,0.20866073737482563,rebalance
2025-05-31 03:00:00+00:00,hyperliquid,long,reduce,0.057199734931491095,30.979,1.7719905884426626,0.0035439811768853253,0.7608066104576637,rebalance
2025-06-02 03:00:00+00:00,hyperliquid,long,increase,0.05905938677483596,33.442,1.9750640125240642,0.003950128025048128,1.017157966449893,rebalance
2025-06-03 03:00:00+00:00,hyperliquid,long,reduce,0.06277194135937668,36.019,2.2609825558233885,0.004521965111646777,0.941422574285366,rebalance
2025-06-06 03:00:00+00:00,hyperliquid,long,increase,0.004474012171841276,34.063,0.1523982766094294,0.00030479655321885877,0.07848511245385614,rebalance
2025-06-07 03:00:00+00:00,hyperliquid,long,increase,0.0008796216259365023,33.569,0.029528018361062447,5.90560367221249e-05,0.015206929455947161,rebalance
2025-06-09 03:00:00+00:00,hyperliquid,long,increase,0.00760892574124318,35.284,0.26847333585402433,0.0005369466717080487,0.13826376796482254,rebalance
2025-06-10 03:00:00+00:00,hyperliquid,long,increase,0.06451431623461822,39.113,2.523348450884622,0.005046696901769244,1.2995244522055804,rebalance
2025-06-12 03:00:00+00:00,hyperliquid,long,reduce,0.06869509292133344,41.337,2.8396490560891605,0.0056792981121783215,1.1701813303868327,rebalance
2025-06-26 03:00:00+00:00,hyperliquid,long,reduce,0.0041523956927393135,37.652,0.15634600262302065,0.0003126920052460413,0.0642887310592858,rebalance
2025-06-26 03:00:00+00:00,bitcoin-cash,long,open,0.0005578188963337973,484.92,0.270497539210185,0.00054099507842037,0.13930623269324527,rebalance
2025-06-27 03:00:00+00:00,hyperliquid,long,reduce,0.011039860397646394,36.652,0.40463296329453563,0.0008092659265890713,0.17030882065062047,rebalance
2025-06-27 03:00:00+00:00,bitcoin-cash,long,increase,0.0010686369332254008,492.67,0.5264853578921582,0.0010529707157843164,0.2711399593144615,rebalance
2025-07-01 03:00:00+00:00,hyperliquid,long,reduce,0.007775793957731668,39.335,0.30586085532737517,0.0006117217106547504,0.11746090689903595,rebalance
2025-07-01 03:00:00+00:00,bitcoin-cash,long,increase,0.0004926389249367512,520.88,0.256605763221055,0.00051321152644211,0.13215196805884333,rebalance
2025-07-02 03:00:00+00:00,hyperliquid,long,reduce,0.004598390786019792,37.163,0.1708899967808535,0.00034177999356170704,0.06918141922023288,rebalance
2025-07-02 03:00:00+00:00,bitcoin-cash,long,increase,0.000561051050640489,500.42,0.2807611667615135,0.0005615223335230271,0.14459200088217947,rebalance
2025-07-03 03:00:00+00:00,hyperliquid,long,reduce,0.00455081318978065,39.898,0.1815683446458684,0.0003631366892917368,0.0681644448195398,rebalance
2025-07-03 03:00:00+00:00,bitcoin-cash,long,increase,5.3639652331741934e-05,501.29,0.026889021317378914,5.377804263475783e-05,0.013847845978450141,rebalance
2025-07-04 03:00:00+00:00,hyperliquid,long,reduce,0.005111908524355523,39.261,0.2006986405747222,0.0004013972811494444,0.07626035569994509,rebalance
2025-07-04 03:00:00+00:00,bitcoin-cash,long,increase,0.0005851021279725121,490.17,0.2867995100682863,0.0005735990201365726,0.14770174768516744,rebalance
2025-07-10 03:00:00+00:00,bitcoin-cash,long,increase,0.0026534664643632095,512.86,1.3608568109133157,0.0027217136218266316,0.7008412576203575,rebalance
2025-07-10 03:00:00+00:00,hedera-hashgraph,long,open,6.3788526075928775,0.17461,1.1138114538117923,0.0022276229076235846,0.573612898713073,rebalance
2025-07-10 03:00:00+00:00,hyperliquid,long,increase,0.015021649139244427,41.678,0.6260722928254292,0.0012521445856508585,0.32242723080509605,rebalance
2025-07-11 03:00:00+00:00,bitcoin-cash,long,reduce,0.0020191285187990387,520.79,1.0515419413053513,0.002103083882610703,0.5223571401924972,rebalance
2025-07-11 03:00:00+00:00,hedera-hashgraph,long,increase,4.016503738239096,0.19805,0.7954685653582529,0.001590937130716506,0.40966631115950025,rebalance
2025-07-11 03:00:00+00:00,hyperliquid,long,increase,0.005226475844299949,44.124,0.23061302015389096,0.0004612260403077819,0.11876570537925385,rebalance
2025-07-12 03:00:00+00:00,hyperliquid,long,reduce,0.0010218068074188819,46.18,0.04718703836660396,9.437407673320792e-05,0.017650517185995973,rebalance
2025-07-12 03:00:00+00:00,bitcoin-cash,long,reduce,0.002245288312130326,530.08,1.1901824284940434,0.002380364856988087,0.5796992885120255,rebalance
2025-07-12 03:00:00+00:00,hedera-hashgraph,long,reduce,1.3260514524584277,0.19965,0.2647461724833251,0.0005294923449666502,0.12495445632031293,rebalance
2025-07-12 03:00:00+00:00,stellar,long,open,3.8897339699809854,0.38792,1.5089056016350237,0.0030178112032700475,0.7770863848420373,rebalance
2025-07-13 03:00:00+00:00,hyperliquid,long,reduce,4.1325916350344605e-05,47.344,0.001956534183690715,3.913068367381431e-06,0.0007102792136388153,rebalance
2025-07-13 03:00:00+00:00,bitcoin-cash,long,close,0.0017079372188745366,507.19,0.8662486780409763,0.0017324973560819525,0.4408473146827417,rebalance
2025-07-13 03:00:00+00:00,hedera-hashgraph,long,increase,0.11981725332415817,0.20185,0.024185112583481327,4.837022516696266e-05,0.012455332980492884,rebalance
2025-07-13 03:00:00+00:00,stellar,long,increase,2.0324381414843136,0.4176,0.8487461678838495,0.0016974923357676991,0.4371042764601825,rebalance
2025-07-14 03:00:00+00:00,hyperliquid,long,reduce,0.02498160794288744,49.323,1.2321678485670373,0.0024643356971340746,0.4275542970312805,rebalance
2025-07-14 03:00:00+00:00,hedera-hashgraph,long,reduce,3.5919810415161413,0.25283,0.908160566726526,0.001816321133453052,0.3366079029609004,rebalance
2025-07-14 03:00:00+00:00,stellar,long,reduce,0.42970599963736156,0.50854,0.21852268905558384,0.0004370453781111677,0.08789883450961301,rebalance
2025-07-15 03:00:00+00:00,hyperliquid,long,reduce,0.010886161101879128,47.79,0.5202496390588035,0.001040499278117607,0.18512681884472043,rebalance
2025-07-15 03:00:00+00:00,hedera-hashgraph,long,increase,1.2770284589490477,0.23429,0.2991949976471724,0.0005983899952943448,0.1540854237882938,rebalance
2025-07-15 03:00:00+00:00,stellar,long,increase,3.472914241683132,0.44313,1.5389524879170464,0.003077904975834093,0.7925605312772789,rebalance
2025-07-16 03:00:00+00:00,hyperliquid,long,close,0.01516323838680243,47.29,0.7170695433118869,0.0014341390866237738,0.2551289079610428,rebalance
2025-07-16 03:00:00+00:00,hedera-hashgraph,long,increase,0.786945482426731,0.23135,0.18205983735942421,0.00036411967471884843,0.09376081624010348,rebalance
2025-07-16 03:00:00+00:00,stellar,long,increase,2.480620490343033,0.45663,1.132725734505339,0.002265451469010678,0.5833537532702496,rebalance
2025-07-18 03:00:00+00:00,hedera-hashgraph,long,reduce,3.3897006811761763,0.28419,0.9633190365834575,0.001926638073166915,0.33727728994145356,rebalance
2025-07-18 03:00:00+00:00,stellar,long,reduce,3.6451447266942907,0.49397,1.8005921406451788,0.0036011842812903577,0.7877490035409953,rebalance
2025-07-19 03:00:00+00:00,hedera-hashgraph,long,increase,1.1155514267442133,0.26353,0.2939812674899025,0.000587962534979805,0.1514003527572998,rebalance
2025-07-19 03:00:00+00:00,stellar,long,increase,1.8386884794914118,0.46392,0.8530043594056558,0.0017060087188113116,0.4392972450939127,rebalance
2025-07-23 03:00:00+00:00,hedera-hashgraph,long,reduce,0.7077068551494436,0.27134,0.19202917807625006,0.0003840583561525001,0.07447972505317837,rebalance
2025-07-23 03:00:00+00:00,stellar,long,reduce,1.1251956656590352,0.47013,0.5289882382962822,0.0010579764765925644,0.24465088095922546,rebalance
2025-07-24 03:00:00+00:00,hedera-hashgraph,long,increase,1.787170827721884,0.24706,0.4415384246969687,0.0008830768493939373,0.22739228871893888,rebalance
2025-07-24 03:00:00+00:00,stellar,long,increase,3.20278862339733,0.43147,1.381907207337246,0.002763814414674492,0.7116822117786817,rebalance
2025-07-27 03:00:00+00:00,stellar,long,reduce,1.8360301713994307,0.44212,0.8117456593791164,0.0016234913187582328,0.39717436244824866,rebalance
2025-07-27 03:00:00+00:00,hedera-hashgraph,long,increase,0.4614181372112846,0.28946,0.13356209399717844,0.0002671241879943569,0.0687844784085469,rebalance
2025-07-28 03:00:00+00:00,stellar,long,reduce,1.3018810338165991,0.44762,0.5827479883569862,0.0011654959767139724,0.28104891317694014,rebalance
2025-07-28 03:00:00+00:00,hedera-hashgraph,long,increase,1.8429549507986351,0.28766,0.5301444211467354,0.0010602888422934708,0.27302437689056874,rebalance
2025-07-29 03:00:00+00:00,stellar,long,reduce,0.5842889723341829,0.41705,0.24367771591197096,0.0004873554318239419,0.12588223440234725,rebalance
2025-07-29 03:00:00+00:00,hedera-hashgraph,long,increase,2.6024633136330637,0.26541,0.6907197880713514,0.0013814395761427027,0.35572069085674596,rebalance
2025-07-30 03:00:00+00:00,stellar,long,reduce,0.1269904046418091,0.4221,0.05360264979930762,0.00010720529959861525,0.027297608199102822,rebalance
2025-07-30 03:00:00+00:00,hedera-hashgraph,long,increase,0.32511392135192324,0.26046,0.08467917195532193,0.00016935834391064387,0.0436097735569908,rebalance
2025-08-02 03:00:00+00:00,stellar,long,reduce,2.591934543234439,0.38589,1.0002016208887377,0.002000403241777475,0.5545354644319739,rebalance
2025-08-02 03:00:00+00:00,hedera-hashgraph,long,increase,3.8164277906531474,0.2408,0.9189958119892778,0.0018379916239785556,0.4732828431744781,rebalance
2025-08-03 03:00:00+00:00,hedera-hashgraph,long,reduce,0.029660766245399373,0.23378,0.006934093932849465,1.3868187865698931e-05,0.003650636107785049,rebalance
2025-08-03 03:00:00+00:00,stellar,long,reduce,2.638564668009602,0.3749,0.9891978940367998,0.0019783957880736,0.5633800886650809,rebalance
2025-08-03 03:00:00+00:00,the-open-network,long,open,0.3424483795958997,3.5798,1.2258967092774018,0.0024517934185548035,0.631336805277862,rebalance
2025-08-04 03:00:00+00:00,hedera-hashgraph,long,reduce,2.135618616186747,0.25168,0.5374924933218805,0.001074984986643761,0.26285114714184293,rebalance
2025-08-04 03:00:00+00:00,stellar,long,reduce,0.09562889842513433,0.41262,0.03945839606817893,7.891679213635785e-05,0.020414125237819145,rebalance
2025-08-04 03:00:00+00:00,the-open-network,long,increase,0.20826919109797698,3.5417,0.7376269941117051,0.0014752539882234102,0.37987790196752813,rebalance
2025-08-05 03:00:00+00:00,hedera-hashgraph,long,reduce,3.9371324430657726,0.24847,0.9782592981285525,0.001956518596257105,0.48439354615495517,rebalance
2025-08-05 03:00:00+00:00,stellar,long,reduce,0.0812725786917734,0.41146,0.03344041522851708,6.688083045703416e-05,0.01734944799257781,rebalance
2025-08-05 03:00:00+00:00,litecoin,long,open,0.010419513375935585,121.98,1.2709722415966227,0.0025419444831932454,0.6545507044222607,rebalance
2025-08-05 03:00:00+00:00,the-open-network,long,increase,0.012989810262638323,3.382,0.04393153830824281,8.786307661648563e-05,0.02262474222874505,rebalance
2025-08-06 03:00:00+00:00,hedera-hashgraph,long,reduce,3.7914054212034385,0.23512,0.8914352426333524,0.0017828704852667048,0.4656349622885643,rebalance
2025-08-06 03:00:00+00:00,stellar,long,reduce,0.010638408178364145,0.38925,0.004141000383428243,8.282000766856486e-06,0.0022702571627476733,rebalance
2025-08-06 03:00:00+00:00,the-open-network,long,reduce,0.37455135357320735,3.1645,1.1852677583824145,0.002370535516764829,0.6804134635620753,rebalance
2025-08-06 03:00:00+00:00,litecoin,long,increase,0.019942355690992,118.29,2.358981254687444,0.004717962509374888,1.2148753461640338,rebalance
2025-08-07 03:00:00+00:00,stellar,long,reduce,1.2372570742416769,0.39697,0.4911539407617184,0.000982307881523437,0.2639506213348661,rebalance
2025-08-07 03:00:00+00:00,the-open-network,long,close,0.18915602738330772,3.2711,0.6187482811735379,0.0012374965623470758,0.34247020978209713,rebalance
2025-08-07 03:00:00+00:00,hedera-hashgraph,long,increase,1.762534807827681,0.24324,0.4287189666560052,0.0008574379333120103,0.22079026782784267,rebalance
2025-08-07 03:00:00+00:00,litecoin,long,increase,0.005249908548172729,120.3,0.6315639983451793,0.0012631279966903587,0.3252554591477673,rebalance
2025-08-08 03:00:00+00:00,hedera-hashgraph,long,reduce,2.032374253189567,0.26253,0.533559212689857,0.001067118425379714,0.24948715559260876,rebalance
2025-08-08 03:00:00+00:00,litecoin,long,increase,0.0010843142936858695,121.62,0.13187430439807546,0.0002637486087961509,0.06791526676500886,rebalance
2025-08-08 03:00:00+00:00,stellar,long,increase,0.9688087599676637,0.45325,0.4391125704553436,0.0008782251409106871,0.22614297378450196,rebalance
2025-08-09 03:00:00+00:00,litecoin,long,reduce,0.010621014420577585,123.11,1.3075530853173065,0.002615106170634613,0.6497197454686962,rebalance
2025-08-09 03:00:00+00:00,ethereum,long,open,0.00015926012346349216,4031.27,0.642020557914672,0.001284041115829344,0.3306405873260561,rebalance
2025-08-09 03:00:00+00:00,hedera-hashgraph,long,increase,0.014680152891105113,0.26364,0.003870275508210952,7.740551016421903e-06,0.0019931918867286402,rebalance
2025-08-09 03:00:00+00:00,stellar,long,increase,1.1207672883050237,0.45013,0.5044909794847403,0.0010089819589694806,0.25981285443464125,rebalance
2025-08-10 03:00:00+00:00,hedera-hashgraph,long,close,5.365831339173734,0.26509,1.422428229701565,0.00284485645940313,0.6552841718627134,rebalance
2025-08-10 03:00:00+00:00,litecoin,long,reduce,0.005030100208011645,121.63,0.6118110883004564,0.0012236221766009129,0.3069779113382295,rebalance
2025-08-10 03:00:00+00:00,chainlink,long,open,0.08962183308576133,21.394,1.9173694970367776,0.003834738994073555,0.9874452909739405,rebalance
2025-08-10 03:00:00+00:00,ethereum,long,increase,0.00014211655038412003,4246.68,0.6035235121852349,0.0012070470243704698,0.310814608775396,rebalance
2025-08-10 03:00:00+00:00,stellar,long,increase,0.012195630485574167,0.44701,0.0054515687833565085,1.0903137566713018e-05,0.002807557923428602,rebalance
2025-08-11 03:00:00+00:00,stellar,long,reduce,2.2081921237275757,0.4547,1.0040649586589288,0.0020081299173178575,0.4960552910879092,rebalance
2025-08-11 03:00:00+00:00,litecoin,long,reduce,0.010494878072977784,124.74,1.3091310908232487,0.0026182621816464974,0.6388628383310635,rebalance
2025-08-11 03:00:00+00:00,chainlink,long,increase,0.08727053138451751,22.305,1.9465692025316632,0.0038931384050633266,1.0024831393038065,rebalance
2025-08-11 03:00:00+00:00,ethereum,long,increase,0.0001569356432104048,4307.17,0.6759484943665592,0.0013518969887331186,0.348113474598778,rebalance
2025-08-12 03:00:00+00:00,stellar,long,close,1.106230356447191,0.43951,0.48619930396210487,0.0009723986079242097,0.2484262738124761,rebalance
2025-08-12 03:00:00+00:00,litecoin,long,close,0.010550099207219171,120.29,1.2690714336363942,0.0025381428672727885,0.6405435803933273,rebalance
2025-08-12 03:00:00+00:00,chainlink,long,increase,0.029488783676596766,21.45,0.6325344098630006,0.001265068819726001,0.3257552210794453,rebalance
2025-08-12 03:00:00+00:00,ethereum,long,increase,0.00027915243460985235,4290.04,1.197575110573651,0.002395150221147302,0.6167511819454302,rebalance
2025-08-16 03:00:00+00:00,ethereum,long,reduce,8.172343523846388e-06,4442.96,0.036309395382708554,7.261879076541711e-05,0.017534301972830648,rebalance
2025-08-16 03:00:00+00:00,chainlink,long,reduce,0.005058185820998012,21.864,0.11059217479030055,0.0002211843495806011,0.05592128180134594,rebalance
2025-08-18 03:00:00+00:00,ethereum,long,reduce,8.23141552880939e-05,4319.56,0.35556093261623894,0.0007111218652324779,0.1762135307528684,rebalance
2025-08-18 03:00:00+00:00,chainlink,long,increase,0.001017349829248407,24.804,0.025234345164677485,5.046869032935497e-05,0.012995687759808906,rebalance
2025-08-22 03:00:00+00:00,ethereum,long,reduce,8.535865684557945e-07,4288.66,0.0036607425726736275,7.3214851453472555e-06,0.0018112411575468006,rebalance
2025-08-22 03:00:00+00:00,chainlink,long,reduce,0.014969086560500278,24.783,0.3709788722288784,0.0007419577444577567,0.16327661338436836,rebalance
2025-08-26 03:00:00+00:00,ethereum,long,reduce,0.00034268215311041787,4394.54,1.5059304291298556,0.0030118608582597114,0.7203704451859461,rebalance
2025-08-26 03:00:00+00:00,chainlink,long,reduce,0.09133178324841755,23.268,2.1251079326241795,0.004250215865248359,0.9861230116764814,rebalance
2025-08-27 03:00:00+00:00,ethereum,long,reduce,0.00015461703783538827,4575.73,0.7074858185345211,0.0014149716370690422,0.32495582832165437,rebalance
2025-08-27 03:00:00+00:00,chainlink,long,increase,0.032631776455160126,24.206,0.789884780873606,0.001579769561747212,0.4067906621499071,rebalance
2025-08-28 03:00:00+00:00,ethereum,long,reduce,9.387196393339714e-05,4510.49,0.42340855460194843,0.0008468171092038968,0.19703062302939806,rebalance
2025-08-28 03:00:00+00:00,chainlink,long,reduce,0.06908660878355696,23.723,1.6389416201723217,0.0032778832403446436,0.7727680668314236,rebalance
2025-08-29 03:00:00+00:00,ethereum,long,close,5.4953511408270035e-05,4478.65,0.24611754386864856,0.0004922350877372972,0.11526185516694931,rebalance
2025-08-29 03:00:00+00:00,chainlink,long,reduce,0.017968206868682272,24.28,0.43626806277160557,0.0008725361255432112,0.20046836328527445,rebalance
2025-08-30 03:00:00+00:00,chainlink,long,increase,0.014731087213282975,22.953,0.33812264480648413,0.0006762452896129683,0.17413316207533933,rebalance
2025-08-31 03:00:00+00:00,chainlink,long,close,0.056347490362412045,23.763,1.3389854134819976,0.002677970826963995,0.637120202303536,rebalance
2025-09-13 03:00:00+00:00,hyperliquid,long,open,0.03458619512008842,55.576,1.922162379994034,0.003844324759988068,0.9899136256969275,rebalance
2025-09-13 03:00:00+00:00,solana,long,open,0.02501578792187495,242.418,6.064277276445082,0.012128554552890164,3.123102797369217,rebalance
2025-09-16 03:00:00+00:00,hyperliquid,long,reduce,0.011791168355938339,53.338,0.6289173377690391,0.0012578346755380784,0.3334977288102183,rebalance
2025-09-16 03:00:00+00:00,solana,long,reduce,0.005872424236581089,233.773,1.372814231058271,0.002745628462116542,0.7308399999821646,rebalance
2025-09-17 03:00:00+00:00,hyperliquid,long,reduce,0.011570671471966101,54.782,0.633864524577247,0.0012677290491544938,0.32597898195974345,rebalance
2025-09-17 03:00:00+00:00,solana,long,reduce,0.002720870458425669,236.254,0.6428165292848981,0.0012856330585697961,0.3381236790609459,rebalance
2025-09-17 03:00:00+00:00,avalanche-2,long,open,0.10386014930215533,30.041,3.1200627451860483,0.006240125490372097,1.606832313770815,rebalance
2025-09-18 03:00:00+00:00,hyperliquid,long,close,0.011224355292183978,59.068,0.6630002183987233,0.0013260004367974464,0.3152898580939271,rebalance
2025-09-18 03:00:00+00:00,solana,long,reduce,0.005098453323571051,246.308,1.2557898412221384,0.0025115796824442768,0.6326095516695924,rebalance
2025-09-18 03:00:00+00:00,avalanche-2,long,increase,0.059867653466594936,32.812,1.9643774455459129,0.003928754891091826,1.0116543844561452,rebalance
2025-09-19 03:00:00+00:00,solana,long,reduce,0.0023054228015471894,246.621,0.5685656767403694,0.0011371313534807388,0.28544470873748884,rebalance
2025-09-19 03:00:00+00:00,avalanche-2,long,increase,0.016391784504831586,35.492,0.5817772156454826,0.0011635544312909652,0.29961526605742356,rebalance
2025-09-20 03:00:00+00:00,solana,long,reduce,0.006081407965481703,238.297,1.4491812739503933,0.0028983625479007866,0.7521918604874406,rebalance
2025-09-20 03:00:00+00:00,avalanche-2,long,increase,0.030656146997133104,33.769,1.0352274279461877,0.0020704548558923754,0.5331421253922867,rebalance
2025-09-21 03:00:00+00:00,solana,long,close,0.002937209136268247,240.96,0.7077499134751969,0.0014154998269503938,0.3632949503454864,rebalance
2025-09-21 03:00:00+00:00,avalanche-2,long,increase,0.015466520632975335,33.045,0.51109117431667,0.0010221823486333398,0.263211954773085,rebalance
2025-09-23 03:00:00+00:00,avalanche-2,long,reduce,0.11347840538872878,32.907,3.7342338861268973,0.007468467772253795,1.8461401746124704,rebalance
2025-09-24 03:00:00+00:00,avalanche-2,long,close,0.11276384951496149,33.772,3.808260725819279,0.007616521451638558,1.8305616472828914,rebalance
2025-10-01 03:00:00+00:00,avalanche-2,long,open,0.06249208091461362,29.925,1.8700755213698126,0.0037401510427396254,0.9630888935054535,rebalance
2025-10-01 03:00:00+00:00,binancecoin,long,open,0.002044615453260562,1008.74,2.0624853923220594,0.004124970784644119,1.0621799770458606,rebalance
2025-10-02 03:00:00+00:00,avalanche-2,long,reduce,0.001560417116665866,31.295,0.04883325366605828,9.766650733211655e-05,0.023996704746190572,rebalance
2025-10-02 03:00:00+00:00,binancecoin,long,increase,0.004049946904410857,1035.21,4.192545534915164,0.008385091069830328,2.159160950481309,rebalance
2025-10-04 03:00:00+00:00,avalanche-2,long,reduce,0.015155475394113126,31.179,0.4725325673130531,0.0009450651346261062,0.23236613012390667,rebalance
2025-10-04 03:00:00+00:00,binancecoin,long,increase,0.0002625085772461874,1176.17,0.3087547132996482,0.0006175094265992964,0.15900867734931884,rebalance
2025-10-05 03:00:00+00:00,avalanche-2,long,reduce,0.02276670292405782,30.505,0.6944982726983837,0.0013889965453967674,0.3487119341240651,rebalance
2025-10-05 03:00:00+00:00,binancecoin,long,increase,0.00030176066866483366,1162.55,0.3508118653563024,0.0007016237307126048,0.18066811065849572,rebalance
2025-10-06 03:00:00+00:00,avalanche-2,long,close,0.023009485479776808,30.293,0.6970263436388788,0.0013940526872777577,0.35207293779732163,rebalance
2025-10-06 03:00:00+00:00,binancecoin,long,reduce,2.478279245408249e-06,1179.52,0.002923179935543938,5.8463598710878766e-06,0.0013181898550671534,rebalance
2025-10-08 03:00:00+00:00,binancecoin,long,reduce,0.003987128396323382,1288.59,5.137773780218346,0.010275547560436693,2.116567149803478,rebalance
2025-10-09 03:00:00+00:00,binancecoin,long,reduce,0.00034213949384499223,1259.29,0.43085284320406025,0.0008617056864081205,0.18162475379284615,rebalance
2025-10-10 03:00:00+00:00,binancecoin,long,increase,0.00039284870323338955,1246.22,0.4895759109435147,0.0009791518218870295,0.2521315941359101,rebalance
2025-10-12 03:00:00+00:00,binancecoin,long,close,0.002719934137402048,1115.03,3.0328081612274054,0.0060656163224548105,1.4874235553975976,rebalance
2026-04-18 03:00:00+00:00,hyperliquid,long,open,0.051692023857014886,45.139,2.333326264881795,0.00466665252976359,1.2016630264141246,rebalance
2026-04-18 03:00:00+00:00,zcash,long,open,0.013706933390941868,335.67,4.601006331337457,0.009202012662674914,2.3695182606387903,rebalance
2026-04-22 03:00:00+00:00,hyperliquid,long,reduce,0.015723761664587152,40.389,0.6350670098710105,0.001270134019742021,0.3631842801103603,rebalance
2026-04-22 03:00:00+00:00,zcash,long,reduce,0.00021388981442723581,318.45,0.06811321140435324,0.00013622642280870648,0.03681003398532615,rebalance
2026-04-22 03:00:00+00:00,monero,long,open,0.001942270042823675,389.23,0.7559897687682591,0.0015119795375365182,0.38933473091565346,rebalance
2026-04-24 03:00:00+00:00,hyperliquid,long,reduce,0.01760955084135952,41.195,0.7254254469098054,0.0014508508938196108,0.40561288928585604,rebalance
2026-04-24 03:00:00+00:00,monero,long,increase,0.00013526509506888617,378.88,0.051249239219699594,0.00010249847843939919,0.02639335819814529,rebalance
2026-04-24 03:00:00+00:00,zcash,long,increase,0.0011065375099958813,340.86,0.37717437565719614,0.0007543487513143923,0.19424480346345602,rebalance
2026-04-25 03:00:00+00:00,monero,long,close,0.0020775351378925612,368.62,0.7658210025299559,0.0015316420050599119,0.4055604631052303,rebalance
2026-04-25 03:00:00+00:00,hyperliquid,long,increase,0.0005259421827679261,41.142,0.021638313283438015,4.327662656687603e-05,0.011143731340970579,rebalance
2026-04-25 03:00:00+00:00,zcash,long,increase,0.0011541267302815547,357.26,0.41232331566038827,0.0008246466313207765,0.21234650756509996,rebalance
2026-04-29 03:00:00+00:00,hyperliquid,long,reduce,0.0004612046543619047,40.156,0.018520134100556647,3.7040268201113293e-05,0.010493967919086598,rebalance
2026-04-29 03:00:00+00:00,zcash,long,reduce,0.0012477001671075023,335.92,0.4191274401347522,0.0008382548802695045,0.2149443497712284,rebalance
2026-04-29 03:00:00+00:00,monero,long,open,0.002016154023267862,381.91,0.7699893830262292,0.0015399787660524585,0.39654453225850805,rebalance
2026-04-30 03:00:00+00:00,hyperliquid,long,reduce,0.00022852996805800344,39.655,0.009062355883340126,1.8124711766680254e-05,0.0051927499986473115,rebalance
2026-04-30 03:00:00+00:00,zcash,long,reduce,0.0028096812556725,325.22,0.9137645379698106,0.0018275290759396212,0.4833270670966612,rebalance
2026-04-30 03:00:00+00:00,monero,long,increase,0.0039602152244003624,376.96,1.4928427309899606,0.0029856854619799214,0.7688140064598297,rebalance
2026-05-01 03:00:00+00:00,zcash,long,reduce,0.0016872140854927078,344.31,0.5809246817759942,0.0011618493635519884,0.2897068931949848,rebalance
2026-05-01 03:00:00+00:00,dogecoin,long,open,7.174166867145598,0.10834,0.7772492383865541,0.0015544984767731083,0.40028335776907537,rebalance
2026-05-01 03:00:00+00:00,hyperliquid,long,increase,0.00033026815008111473,40.312,0.013313769666069897,2.6627539332139795e-05,0.006856591378025997,rebalance
2026-05-01 03:00:00+00:00,monero,long,increase,0.0001278421588074997,381.99,0.048834426242876816,9.766885248575363e-05,0.02514972951508156,rebalance
2026-05-02 03:00:00+00:00,hyperliquid,long,close,0.01852518706149735,41.263,0.7644047937185652,0.0015288095874371303,0.41954075270820107,rebalance
2026-05-02 03:00:00+00:00,dogecoin,long,increase,0.38697618656814303,0.10843,0.04195982790958375,8.39196558191675e-05,0.02160931137343563,rebalance
2026-05-02 03:00:00+00:00,monero,long,increase,0.0002959036701377088,384.3,0.1137157804339215,0.000227431560867843,0.05856362692346957,rebalance
2026-05-02 03:00:00+00:00,zcash,long,increase,0.0008350414770725306,383.0,0.3198208857187792,0.0006396417714375584,0.1647077561451713,rebalance
2026-05-03 03:00:00+00:00,monero,long,reduce,0.002171631786791057,387.16,0.8407689625740257,0.0016815379251480514,0.41812587872741674,rebalance
2026-05-03 03:00:00+00:00,dogecoin,long,increase,0.05610797219185883,0.10746,0.00602936269173715,1.2058725383474301e-05,0.0031051217862446325,rebalance
2026-05-03 03:00:00+00:00,zcash,long,increase,0.0013768490760254666,381.68,0.5255157553374001,0.0010510315106748002,0.2706406139987611,rebalance
2026-05-06 03:00:00+00:00,zcash,long,reduce,6.374874593995973e-05,526.75,0.033579651923873785,6.715930384774757e-05,0.011180297340562513,rebalance
2026-05-06 03:00:00+00:00,monero,long,reduce,0.0017409905968264815,408.33,0.7108986904021571,0.0014217973808043143,0.32754115826048236,rebalance
2026-05-06 03:00:00+00:00,dogecoin,long,increase,1.1722772826009227,0.11556,0.13546836277736263,0.00027093672555472524,0.06976620683034175,rebalance
2026-05-07 03:00:00+00:00,zcash,long,reduce,0.003109320334827066,542.39,1.6864642564068522,0.0033729285128137046,0.5435307831336046,rebalance
2026-05-07 03:00:00+00:00,monero,long,reduce,0.0005153617025615647,408.18,0.21036033975157947,0.00042072067950315895,0.09476780141256914,rebalance
2026-05-07 03:00:00+00:00,dogecoin,long,close,8.789528308506522,0.11056,0.9717702497884811,0.0019435404995769624,0.49228863322990696,rebalance
2026-05-07 03:00:00+00:00,the-open-network,long,open,0.22872206671137713,2.6531,0.6068225151919546,0.0012136450303839093,0.31251359532385664,rebalance
2026-05-08 03:00:00+00:00,zcash,long,reduce,0.0020058541933619008,572.92,1.1491939844609,0.0022983879689218003,0.3494259894951648,rebalance
2026-05-08 03:00:00+00:00,monero,long,close,0.00197213099043433,392.27,0.7736078236176746,0.001547215647235349,0.3567298803712223,rebalance
2026-05-08 03:00:00+00:00,the-open-network,long,increase,0.13426775686508866,2.6881,0.36092515722904484,0.0007218503144580897,0.1858764559729581,rebalance
2026-05-14 03:00:00+00:00,the-open-network,long,increase,0.1798362459671859,2.0773,0.3735738337476353,0.0007471476674952706,0.19239052438003218,rebalance
2026-05-14 03:00:00+00:00,zcash,long,increase,0.002174813433973735,523.73,1.1390150397750642,0.0022780300795501285,0.5865927454841581,rebalance
2026-05-16 03:00:00+00:00,the-open-network,long,increase,0.13066343272110614,1.9737,0.2578904171616472,0.0005157808343232943,0.1328135648382483,rebalance
2026-05-16 03:00:00+00:00,zcash,long,increase,0.0028395232783436945,509.75,1.4474469911356982,0.0028948939822713965,0.7454352004348845,rebalance
2026-05-19 03:00:00+00:00,zcash,long,reduce,0.0019364492253841573,563.81,1.0917894377638417,0.0021835788755276836,0.4062943361387042,rebalance
2026-05-19 03:00:00+00:00,the-open-network,long,reduce,0.06416149382715874,1.991,0.12774553420987306,0.0002554910684197461,0.07665584902301714,rebalance
2026-05-20 03:00:00+00:00,zcash,long,reduce,0.0013381374873055272,579.69,0.7757049200161411,0.0015514098400322824,0.28060604247495624,rebalance
2026-05-20 03:00:00+00:00,the-open-network,long,reduce,0.05180572314576004,1.9411,0.10056008919823482,0.00020112017839646966,0.06174714528976934,rebalance
2026-05-21 03:00:00+00:00,zcash,long,reduce,0.0026572350901615215,671.93,1.785475974132231,0.0035709519482644623,0.5572194409389283,rebalance
2026-05-21 03:00:00+00:00,the-open-network,long,reduce,0.115210621479853,2.0395,0.2349720625081602,0.0004699441250163204,0.1369713808782877,rebalance
2026-05-23 03:00:00+00:00,zcash,long,reduce,0.0012770273070879194,603.47,0.7706476690083467,0.0015412953380166934,0.2675486578394656,rebalance
2026-05-23 03:00:00+00:00,the-open-network,long,reduce,0.0949262635704663,1.8575,0.17632553458214115,0.0003526510691642823,0.11227958746440948,rebalance
2026-05-24 03:00:00+00:00,the-open-network,long,increase,0.014790224548586776,1.8068,0.026722977714386587,5.3445955428773173e-05,0.013762333522909093,rebalance
2026-05-24 03:00:00+00:00,zcash,long,increase,0.004948553520347499,638.12,3.1577709724041463,0.006315541944808292,1.6262520507881353,rebalance
2026-05-25 03:00:00+00:00,zcash,long,reduce,0.004768198664409639,649.02,3.0946562971751437,0.0061893125943502875,1.2859028828264931,rebalance
2026-05-25 03:00:00+00:00,the-open-network,long,reduce,0.1936610876878448,1.7719,0.3431480812740922,0.0006862961625481844,0.22603309501931632,rebalance
2026-05-26 03:00:00+00:00,zcash,long,reduce,0.001978712417915716,628.49,1.2436009675358484,0.002487201935071697,0.53362541738756,rebalance
2026-05-26 03:00:00+00:00,the-open-network,long,close,0.16851453710226177,1.8929,0.31898116728087134,0.0006379623345617427,0.196193318276414,rebalance
2026-05-26 03:00:00+00:00,near,long,open,0.09118411331450191,2.7279,0.24874114271062975,0.0004974822854212595,0.12810168849597434,rebalance
2026-05-27 03:00:00+00:00,near,long,increase,0.2632481549174953,2.5096,0.6606475695809462,0.0013212951391618924,0.3402334983341873,rebalance
2026-05-27 03:00:00+00:00,zcash,long,increase,0.0002335809460016053,565.03,0.13198024191928703,0.00026396048383857406,0.06796982458843283,rebalance
2026-05-28 03:00:00+00:00,zcash,long,reduce,8.957871961268096e-05,544.97,0.04881771482732274,9.763542965464549e-05,0.024201129672960068,rebalance
2026-05-28 03:00:00+00:00,near,long,increase,0.3887230668384764,2.4146,0.9386107171881851,0.0018772214343763703,0.48338451935191534,rebalance
2026-05-29 03:00:00+00:00,near,long,close,0.7431553350704736,2.4749,1.839235138765915,0.00367847027753183,0.948396125213948,rebalance
2026-05-29 03:00:00+00:00,hyperliquid,long,open,0.04897277289346217,60.455,2.9606489852742555,0.005921297970548511,1.5247342274162416,rebalance
2026-05-29 03:00:00+00:00,zcash,long,increase,9.796620412198173e-05,540.32,0.05293309941118918,0.00010586619882237835,0.027260546196762426,rebalance
2026-05-30 03:00:00+00:00,zcash,long,reduce,0.0015344919557716873,538.59,0.8264620224590731,0.001652924044918146,0.4139674279251796,rebalance
2026-05-30 03:00:00+00:00,hyperliquid,long,reduce,0.012810820855254909,65.486,0.838929414527223,0.0016778588290544461,0.39763110998261286,rebalance
2026-05-30 03:00:00+00:00,stellar,long,open,2.1157208633671005,0.28614,0.6053923678438622,0.0012107847356877244,0.31177706943958905,rebalance
2026-05-31 03:00:00+00:00,zcash,long,reduce,0.0008747689915729851,536.88,0.46964597619570425,0.0009392919523914086,0.23599072520915282,rebalance
2026-05-31 03:00:00+00:00,hyperliquid,long,increase,0.010620758477049142,68.583,0.7284034786314613,0.0014568069572629225,0.37512779149520253,rebalance
2026-05-31 03:00:00+00:00,stellar,long,increase,0.39110901540233,0.24171,0.09453496011289719,0.0001890699202257944,0.048685504458142057,rebalance
2026-06-01 03:00:00+00:00,zcash,long,close,0.0008819171110551135,578.29,0.5100038461520616,0.0010200076923041232,0.2379191084928765,rebalance
2026-06-01 03:00:00+00:00,hyperliquid,long,reduce,0.0017265696794208224,72.139,0.1245530101037387,0.0002491060202074774,0.055098355015139315,rebalance
2026-06-01 03:00:00+00:00,stellar,long,increase,0.38490145556275607,0.26836,0.10329215461482122,0.00020658430922964243,0.05319545962663293,rebalance
2026-06-02 03:00:00+00:00,hyperliquid,long,reduce,0.00855577477387326,74.85,0.6403997418244134,0.0012807994836488267,0.27209679378577895,rebalance
2026-06-02 03:00:00+00:00,stellar,long,reduce,1.9898595513620136,0.23795,0.47348708024659114,0.0009469741604931823,0.2841030638761955,rebalance
2026-06-02 03:00:00+00:00,near,long,open,0.1868390380213754,2.6638,0.4977018294813398,0.0009954036589626795,0.25631644218289,rebalance
2026-06-03 03:00:00+00:00,hyperliquid,long,close,0.036500366061962324,70.128,2.5596976711932937,0.0051193953423865875,1.1550311657109327,rebalance
2026-06-03 03:00:00+00:00,stellar,long,close,0.9018717829701728,0.22183,0.20006221761627344,0.00040012443523254685,0.12846259009155014,rebalance
2026-06-03 03:00:00+00:00,near,long,close,0.1868390380213754,2.7153,0.5073240399394406,0.0010146480798788812,0.25603261464897437,rebalance
2026-08-21 03:00:00+00:00,chainlink,long,open,0.6103181143130043,10.875,6.637209493153922,0.013274418986307844,3.41816288897427,rebalance
2026-08-21 03:00:00+00:00,hyperliquid,long,open,0.0900424556809464,73.712,6.637209493153922,0.013274418986307844,3.41816288897427,rebalance
2026-08-22 03:00:00+00:00,hyperliquid,long,reduce,0.028064281848976136,80.855,2.2691375088989654,0.004538275017797931,1.0587654490103438,rebalance
2026-08-22 03:00:00+00:00,chainlink,long,increase,0.004659212675127508,12.223,0.056949556528083534,0.00011389911305616706,0.029329021611963022,rebalance
2026-08-22 03:00:00+00:00,zcash,long,open,0.0023167436215816386,818.12,1.8953742916883702,0.0037907485833767406,0.9761177602195107,rebalance
2026-08-23 03:00:00+00:00,chainlink,long,reduce,0.06453089980731519,11.537,0.7444929910769954,0.001488985982153991,0.35950066696444755,rebalance
2026-08-23 03:00:00+00:00,hyperliquid,long,reduce,0.008255526399159906,78.806,0.6505850134121955,0.0013011700268243912,0.30831064995094204,rebalance
2026-08-23 03:00:00+00:00,zcash,long,reduce,0.0003161435934679411,794.77,0.2512614437805155,0.000502522887561031,0.13281352323844595,rebalance
2026-08-24 03:00:00+00:00,chainlink,long,reduce,0.17640295086515512,11.458,2.0212250110129473,0.0040424500220258945,0.9797131256308125,rebalance
2026-08-24 03:00:00+00:00,hyperliquid,long,reduce,0.000741670690387046,80.893,0.05999596715747931,0.00011999193431495862,0.027606033814175392,rebalance
2026-08-24 03:00:00+00:00,zcash,long,increase,0.001806893999243451,841.44,1.5203928867234096,0.003040785773446819,0.7830023366625559,rebalance
2026-08-25 03:00:00+00:00,chainlink,long,reduce,0.09863951377856012,11.81,1.164932657724795,0.00232986531544959,0.5461159297699905,rebalance
2026-08-25 03:00:00+00:00,hyperliquid,long,increase,0.0008522166927524424,80.558,0.06865287233475126,0.00013730574466950252,0.0353562292523969,rebalance
2026-08-25 03:00:00+00:00,zcash,long,increase,0.000970576437138471,853.95,0.8288237484943974,0.001657647496988795,0.42684423047461467,rebalance
2026-08-26 03:00:00+00:00,chainlink,long,reduce,0.1727344980900678,11.426,1.9736643751771148,0.00394732875035423,0.9533669302548111,rebalance
2026-08-26 03:00:00+00:00,hyperliquid,long,increase,0.0035367841064813865,81.792,0.2892806456373256,0.0005785612912746512,0.14897953250322268,rebalance
2026-08-26 03:00:00+00:00,zcash,long,increase,0.0028078257691977917,784.26,2.20206543775106,0.0044041308755021205,1.134063700441796,rebalance
2026-08-28 03:00:00+00:00,chainlink,long,close,0.10266946444703356,11.735,1.2048261652859389,0.002409652330571878,0.5634582526765312,rebalance
2026-08-28 03:00:00+00:00,hyperliquid,long,reduce,0.004879212910917273,83.303,0.4064530731181416,0.0008129061462362832,0.18146275187453748,rebalance
2026-08-28 03:00:00+00:00,zcash,long,increase,0.0010777992667756007,785.48,0.8465897680668988,0.0016931795361337977,0.4359937305544529,rebalance
2026-08-30 03:00:00+00:00,zcash,long,reduce,0.0007880518362667257,831.44,0.6552178187456065,0.001310435637491213,0.32500164677261645,rebalance
2026-08-30 03:00:00+00:00,hyperliquid,long,increase,0.0018973016231047198,82.874,0.15723697471318054,0.0003144739494263611,0.08097704197728799,rebalance
2026-09-02 03:00:00+00:00,hyperliquid,long,reduce,0.030793318325737583,82.919,2.5533511622518343,0.005106702324503669,1.1384249606930057,rebalance
2026-09-02 03:00:00+00:00,zcash,long,increase,0.000967567804794455,832.29,0.8052970082523769,0.0016105940165047539,0.41472795924997413,rebalance
2026-09-04 03:00:00+00:00,hyperliquid,long,close,0.023594747928107007,87.016,2.0531205857121595,0.004106241171424319,0.8684580777581811,rebalance
2026-09-04 03:00:00+00:00,zcash,long,reduce,0.0007419668079788801,938.99,0.6966994130240887,0.0013933988260481775,0.3046817943239309,rebalance
2026-09-05 03:00:00+00:00,zcash,long,reduce,0.0013022765618637376,1029.5,1.340693720438718,0.002681387440877436,0.5344377140247252,rebalance
2026-09-07 03:00:00+00:00,zcash,long,reduce,0.002295599189956107,1189.8,2.731303916209776,0.005462607832419552,0.9401237247201705,rebalance
2026-09-08 03:00:00+00:00,zcash,long,increase,0.0010823231729469186,1129.88,1.2228953066492645,0.002445790613298529,0.6297910829243712,rebalance
2026-09-11 03:00:00+00:00,zcash,long,increase,0.001426399039557245,1070.17,1.5264894601629768,0.0030529789203259535,0.786142071983933,rebalance
2026-09-12 03:00:00+00:00,zcash,long,increase,0.0011656225535264517,1140.63,1.3295440532288767,0.0026590881064577536,0.6847151874128715,rebalance
2026-09-13 03:00:00+00:00,zcash,long,increase,0.0014923484124314851,1125.8,1.680085842715366,0.003360171685430732,0.8652442089984135,rebalance
2026-09-17 03:00:00+00:00,zcash,long,reduce,0.0026941430800324915,1375.99,3.707113936693908,0.007414227873387816,1.328536715251177,rebalance
2026-09-18 03:00:00+00:00,zcash,long,reduce,0.0017768079677883365,1485.4,2.639270555352795,0.00527854111070559,0.8761801251955659,rebalance
2026-09-19 03:00:00+00:00,zcash,long,reduce,0.0014486889422157655,1548.57,2.2433962352470678,0.004486792470494136,0.7136918863718731,rebalance
2026-09-19 03:00:00+00:00,near,long,open,0.17486336375039768,3.8272,0.669237065745522,0.001338474131491044,0.34465708885894386,rebalance
2026-09-20 03:00:00+00:00,near,long,increase,0.4970760220799274,3.485,1.7323099369485468,0.003464619873897094,0.8921396175285017,rebalance
2026-09-20 03:00:00+00:00,zcash,long,increase,6.416453512660704e-05,1451.37,0.09312648134670365,0.0001862529626934073,0.04796013789355238,rebalance
