candidate_id,frequency,score_family,include_btc,stop_kind,stop_lookback,ma_window,stop_confirm_days,risk_off_asset,initial_asset,multiple_2bps,cagr_2bps,sharpe_2bps,dd_2bps,turnover_2bps,multiple_20bps,sharpe_20bps,dd_20bps
overlay__21D__ctrend_lite_breakout__btc0__ma100__c2__rocash__incash,21D,ctrend_lite_breakout,False,ma,,100.0,2,cash,cash,24.07813104130876,0.9611596183012012,1.2168676409684065,-0.6154359112326827,15.87877030162413,21.03214382344846,1.1803196028670382,-0.6195744069319233
overlay__21D__ctrend_lite_breakout__btc0__ma100__c2__rocash__inbtc,21D,ctrend_lite_breakout,False,ma,,100.0,2,cash,btc,24.07813104130876,0.9611596183012012,1.2168676409684065,-0.6154359112326827,15.87877030162413,21.03214382344846,1.1803196028670382,-0.6195744069319233
overlay__21D__ctrend_lite_breakout__btc0__trailing11__c2__robtc__incash,21D,ctrend_lite_breakout,False,trailing,11.0,,2,btc,cash,23.996964854825173,0.9597581002102546,1.2317440083717537,-0.6361569505339735,31.969257540603248,18.274922632029817,1.1579556840449903,-0.6458696663369587
overlay__21D__ctrend_lite_breakout__btc0__trailing11__c2__robtc__inbtc,21D,ctrend_lite_breakout,False,trailing,11.0,,2,btc,btc,23.996964854825173,0.9597581002102546,1.2317440083717537,-0.6361569505339735,31.969257540603248,18.274922632029817,1.1579556840449903,-0.6458696663369587
overlay__21D__ctrend_lite_breakout__btc0__ma100__c2__robtc__incash,21D,ctrend_lite_breakout,False,ma,,100.0,2,btc,cash,21.912025483754867,0.9224063751342382,1.1503186700417931,-0.6834481260257673,20.536542923433874,18.39451323210661,1.1084798413162265,-0.6903843570286152
overlay__21D__ctrend_lite_breakout__btc0__ma100__c2__robtc__inbtc,21D,ctrend_lite_breakout,False,ma,,100.0,2,btc,btc,21.912025483754867,0.9224063751342382,1.1503186700417931,-0.6834481260257673,20.536542923433874,18.39451323210661,1.1084798413162265,-0.6903843570286152
overlay__21D__ctrend_lite_breakout__btc0__trailing11__c2__rocash__incash,21D,ctrend_lite_breakout,False,trailing,11.0,,2,cash,cash,21.563500833439694,0.9158917138387928,1.2977627659038657,-0.49219701176240094,17.572505800464036,18.56737000662049,1.2491453686055833,-0.5154454203711658
overlay__21D__ctrend_lite_breakout__btc0__trailing11__c2__rocash__inbtc,21D,ctrend_lite_breakout,False,trailing,11.0,,2,cash,btc,21.563500833439694,0.9158917138387928,1.2977627659038657,-0.49219701176240094,17.572505800464036,18.56737000662049,1.2491453686055833,-0.5154454203711658
overlay__21D__ctrend_lite_breakout__btc0__ma100__c1__robtc__incash,21D,ctrend_lite_breakout,False,ma,,100.0,1,btc,cash,17.805946872471335,0.8397796351679403,1.1016220283105558,-0.6817298993270524,20.959976798143853,14.89374588178143,1.0587345388373561,-0.6828761301818174
overlay__21D__ctrend_lite_breakout__btc0__ma100__c1__robtc__inbtc,21D,ctrend_lite_breakout,False,ma,,100.0,1,btc,btc,17.805946872471335,0.8397796351679403,1.1016220283105558,-0.6817298993270524,20.959976798143853,14.89374588178143,1.0587345388373561,-0.6828761301818174
overlay__21D__ctrend_lite_breakout__btc0__ma100__c1__rocash__incash,21D,ctrend_lite_breakout,False,ma,,100.0,1,cash,cash,16.23616989707269,0.8041800564920827,1.1140220606001787,-0.6344309314158179,15.87877030162413,14.182280907850874,1.0770700478772923,-0.6390160849415653
overlay__21D__ctrend_lite_breakout__btc0__ma100__c1__rocash__inbtc,21D,ctrend_lite_breakout,False,ma,,100.0,1,cash,btc,16.23616989707269,0.8041800564920827,1.1140220606001787,-0.6344309314158179,15.87877030162413,14.182280907850874,1.0770700478772923,-0.6390160849415653
overlay__21D__ctrend_lite_breakout__btc0__ma75__c2__rocash__incash,21D,ctrend_lite_breakout,False,ma,,75.0,2,cash,cash,15.821259183555336,0.7943189394729719,1.1106381126598608,-0.6080548500487841,15.031902552204176,13.919995216567342,1.0753376235469236,-0.6122727772156467
overlay__21D__ctrend_lite_breakout__btc0__ma75__c2__rocash__inbtc,21D,ctrend_lite_breakout,False,ma,,75.0,2,cash,btc,15.821259183555336,0.7943189394729719,1.1106381126598608,-0.6080548500487841,15.031902552204176,13.919995216567342,1.0753376235469236,-0.6122727772156467
overlay__21D__ctrend_lite_breakout__btc0__ma75__c1__rocash__incash,21D,ctrend_lite_breakout,False,ma,,75.0,1,cash,cash,15.30016993132442,0.781641263883261,1.1049478749665869,-0.6498350362517562,15.455336426914153,13.413151801559664,1.0682560949518156,-0.6554695248939603
overlay__21D__ctrend_lite_breakout__btc0__ma75__c1__rocash__inbtc,21D,ctrend_lite_breakout,False,ma,,75.0,1,cash,btc,15.30016993132442,0.781641263883261,1.1049478749665869,-0.6498350362517562,15.455336426914153,13.413151801559664,1.0682560949518156,-0.6554695248939603
overlay__21D__ctrend_lite_breakout__btc0__trailing15__c2__robtc__incash,21D,ctrend_lite_breakout,False,trailing,15.0,,2,btc,cash,15.213924831103917,0.7795102753982479,1.113853561387534,-0.7513806034807661,29.00522041763341,11.882528399635872,1.0459087955249664,-0.7584529133271327
overlay__21D__ctrend_lite_breakout__btc0__trailing15__c2__robtc__inbtc,21D,ctrend_lite_breakout,False,trailing,15.0,,2,btc,btc,15.213924831103917,0.7795102753982479,1.113853561387534,-0.7513806034807661,29.00522041763341,11.882528399635872,1.0459087955249664,-0.7584529133271327
overlay__21D__ctrend_lite_breakout__btc0__ma75__c2__robtc__incash,21D,ctrend_lite_breakout,False,ma,,75.0,2,btc,cash,15.101142218953804,0.7767091684879994,1.063417753010576,-0.6926948751602195,20.959976798143853,12.631317859397978,1.0202891830956387,-0.695453653577049
overlay__21D__ctrend_lite_breakout__btc0__ma75__c2__robtc__inbtc,21D,ctrend_lite_breakout,False,ma,,75.0,2,btc,btc,15.101142218953804,0.7767091684879994,1.063417753010576,-0.6926948751602195,20.959976798143853,12.631317859397978,1.0202891830956387,-0.695453653577049
overlay__21D__ctrend_lite_breakout__btc1__trailing11__c2__robtc__incash,21D,ctrend_lite_breakout,True,trailing,11.0,,2,btc,cash,15.094777642083017,0.7765506047627384,1.1234167392177568,-0.6361569505339735,29.42865429234339,11.747011817667358,1.0528296986834873,-0.6458696663369587
overlay__21D__ctrend_lite_breakout__btc1__trailing11__c2__robtc__inbtc,21D,ctrend_lite_breakout,True,trailing,11.0,,2,btc,btc,15.094777642083017,0.7765506047627384,1.1234167392177568,-0.6361569505339735,29.42865429234339,11.747011817667358,1.0528296986834873,-0.6458696663369587
overlay__21D__ctrend_lite_breakout__btc0__trailing13__c2__robtc__incash,21D,ctrend_lite_breakout,False,trailing,13.0,,2,btc,cash,15.021481518763512,0.7747207346756007,1.1083924778068333,-0.704282587195332,32.39269141531322,11.398431413370385,1.0330029468951298,-0.7137307391365015
overlay__21D__ctrend_lite_breakout__btc0__trailing13__c2__robtc__inbtc,21D,ctrend_lite_breakout,False,trailing,13.0,,2,btc,btc,15.021481518763512,0.7747207346756007,1.1083924778068333,-0.704282587195332,32.39269141531322,11.398431413370385,1.0330029468951298,-0.7137307391365015
overlay__21D__ctrend_lite_breakout__btc0__trailing20__c2__robtc__incash,21D,ctrend_lite_breakout,False,trailing,20.0,,2,btc,cash,14.92942484245229,0.7724125012159033,1.0732165353752134,-0.7556932921365234,29.852088167053363,11.576488735892719,1.0085855540676654,-0.7656220232216213
overlay__21D__ctrend_lite_breakout__btc0__trailing20__c2__robtc__inbtc,21D,ctrend_lite_breakout,False,trailing,20.0,,2,btc,btc,14.92942484245229,0.7724125012159033,1.0732165353752134,-0.7556932921365234,29.852088167053363,11.576488735892719,1.0085855540676654,-0.7656220232216213
overlay__21D__ctrend_lite_breakout__btc0__ma75__c1__robtc__incash,21D,ctrend_lite_breakout,False,ma,,75.0,1,btc,cash,14.474233169739982,0.7608312551132459,1.054390879880483,-0.7111547509154321,22.23027842227378,11.976604378392892,1.0082874495465826,-0.7158059367152502
overlay__21D__ctrend_lite_breakout__btc0__ma75__c1__robtc__inbtc,21D,ctrend_lite_breakout,False,ma,,75.0,1,btc,btc,14.474233169739982,0.7608312551132459,1.054390879880483,-0.7111547509154321,22.23027842227378,11.976604378392892,1.0082874495465826,-0.7158059367152502
overlay__21D__ctrend_lite_breakout__btc0__trailing20__c1__rocash__incash,21D,ctrend_lite_breakout,False,trailing,20.0,,1,cash,cash,14.267025754133677,0.7554640568468478,1.12446453221626,-0.6365007477777589,16.725638051044083,12.37346910494401,1.0807263426369729,-0.6518875082347082
overlay__21D__ctrend_lite_breakout__btc0__trailing20__c1__rocash__inbtc,21D,ctrend_lite_breakout,False,trailing,20.0,,1,cash,btc,14.267025754133677,0.7554640568468478,1.12446453221626,-0.6365007477777589,16.725638051044083,12.37346910494401,1.0807263426369729,-0.6518875082347082
overlay__21D__ctrend_lite_breakout__btc0__trailing13__c2__rocash__incash,21D,ctrend_lite_breakout,False,trailing,13.0,,2,cash,cash,14.127014231962555,0.7518025122480638,1.1712857961246723,-0.6073731203785544,18.41937354988399,12.076635539841009,1.1195677593719626,-0.6266948139078766
overlay__21D__ctrend_lite_breakout__btc0__trailing13__c2__rocash__inbtc,21D,ctrend_lite_breakout,False,trailing,13.0,,2,cash,btc,14.127014231962555,0.7518025122480638,1.1712857961246723,-0.6073731203785544,18.41937354988399,12.076635539841009,1.1195677593719626,-0.6266948139078766
overlay__21D__ctrend_lite_breakout__btc1__trailing11__c2__rocash__incash,21D,ctrend_lite_breakout,True,trailing,11.0,,2,cash,cash,13.531537925897572,0.7359026079023836,1.1817183318697555,-0.44601576292990874,17.572505800464036,11.65140453627727,1.1303049127444313,-0.46946988627108877
overlay__21D__ctrend_lite_breakout__btc1__trailing11__c2__rocash__inbtc,21D,ctrend_lite_breakout,True,trailing,11.0,,2,cash,btc,13.531537925897572,0.7359026079023836,1.1817183318697555,-0.44601576292990874,17.572505800464036,11.65140453627727,1.1303049127444313,-0.46946988627108877
overlay__21D__ctrend_lite_breakout__btc0__trailing15__c2__rocash__incash,21D,ctrend_lite_breakout,False,trailing,15.0,,2,cash,cash,13.476117202199017,0.7343949312453166,1.1653972879818961,-0.5550688843055486,16.513921113689094,11.708611703675246,1.118129175524,-0.5769645392016076
overlay__21D__ctrend_lite_breakout__btc0__trailing15__c2__rocash__inbtc,21D,ctrend_lite_breakout,False,trailing,15.0,,2,cash,btc,13.476117202199017,0.7343949312453166,1.1653972879818961,-0.5550688843055486,16.513921113689094,11.708611703675246,1.118129175524,-0.5769645392016076
overlay__21D__ctrend_lite_breakout__btc0__trailing20__c1__robtc__incash,21D,ctrend_lite_breakout,False,trailing,20.0,,1,btc,cash,13.424274487815577,0.7329801605022981,1.0499634213722233,-0.7710345590825363,29.42865429234339,10.446997947974959,0.9851625997221765,-0.7799425858018563
overlay__21D__ctrend_lite_breakout__btc0__trailing20__c1__robtc__inbtc,21D,ctrend_lite_breakout,False,trailing,20.0,,1,btc,btc,13.424274487815577,0.7329801605022981,1.0499634213722233,-0.7710345590825363,29.42865429234339,10.446997947974959,0.9851625997221765,-0.7799425858018563
overlay__21D__ctrend_lite_breakout__btc1__ma100__c2__rocash__incash,21D,ctrend_lite_breakout,True,ma,,100.0,2,cash,cash,13.4118039822291,0.732639202017539,1.0753506045182792,-0.596681709523615,16.302204176334108,11.672961621590417,1.0361661325863978,-0.6053125014815177
overlay__21D__ctrend_lite_breakout__btc1__ma100__c2__rocash__inbtc,21D,ctrend_lite_breakout,True,ma,,100.0,2,cash,btc,13.4118039822291,0.732639202017539,1.0753506045182792,-0.596681709523615,16.302204176334108,11.672961621590417,1.0361661325863978,-0.6053125014815177
overlay__21D__ctrend_lite_breakout__btc0__trailing20__c2__rocash__incash,21D,ctrend_lite_breakout,False,trailing,20.0,,2,cash,cash,12.754559918208443,0.7143050670996456,1.076775343341153,-0.6518060201717983,17.572505800464036,10.982165055060545,1.0323537833421914,-0.6665462411350176
overlay__21D__ctrend_lite_breakout__btc0__trailing20__c2__rocash__inbtc,21D,ctrend_lite_breakout,False,trailing,20.0,,2,cash,btc,12.754559918208443,0.7143050670996456,1.076775343341153,-0.6518060201717983,17.572505800464036,10.982165055060545,1.0323537833421914,-0.6665462411350176
overlay__21D__ctrend_lite_breakout__btc0__ma125__c1__rocash__incash,21D,ctrend_lite_breakout,False,ma,,125.0,1,cash,cash,12.451737646419993,0.7056060709709642,1.0348419305725691,-0.5916621911613911,16.302204176334108,10.837324937824558,0.9979525475536701,-0.6044310081272785
overlay__21D__ctrend_lite_breakout__btc0__ma125__c1__rocash__inbtc,21D,ctrend_lite_breakout,False,ma,,125.0,1,cash,btc,12.451737646419993,0.7056060709709642,1.0348419305725691,-0.5916621911613911,16.302204176334108,10.837324937824558,0.9979525475536701,-0.6044310081272785
overlay__21D__ctrend_lite_breakout__btc1__ma100__c2__robtc__incash,21D,ctrend_lite_breakout,True,ma,,100.0,2,btc,cash,12.215027616023272,0.6986893534644669,1.0183116574742825,-0.6834481260257673,20.1131090487239,10.2912265211166,0.975900538179322,-0.6845881687891799
overlay__21D__ctrend_lite_breakout__btc1__ma100__c2__robtc__inbtc,21D,ctrend_lite_breakout,True,ma,,100.0,2,btc,btc,12.215027616023272,0.6986893534644669,1.0183116574742825,-0.6834481260257673,20.1131090487239,10.2912265211166,0.975900538179322,-0.6845881687891799
overlay__21D__ctrend_lite_breakout__btc0__ma150__c2__rocash__incash,21D,ctrend_lite_breakout,False,ma,,150.0,2,cash,cash,12.185153190204598,0.6978089256960265,1.0261099968676608,-0.6898812655292712,16.725638051044083,10.566983700545578,0.9887485974441311,-0.7019456550413757
overlay__21D__ctrend_lite_breakout__btc0__ma150__c2__rocash__inbtc,21D,ctrend_lite_breakout,False,ma,,150.0,2,cash,btc,12.185153190204598,0.6978089256960265,1.0261099968676608,-0.6898812655292712,16.725638051044083,10.566983700545578,0.9887485974441311,-0.7019456550413757
overlay__21D__ctrend_lite_breakout__btc0__ma125__c2__rocash__incash,21D,ctrend_lite_breakout,False,ma,,125.0,2,cash,cash,12.044779755915194,0.6936490591496323,1.0248059699560055,-0.6247059093978975,17.14907192575406,10.40779921403713,0.9861984131575863,-0.6393043481069208
overlay__21D__ctrend_lite_breakout__btc0__ma125__c2__rocash__inbtc,21D,ctrend_lite_breakout,False,ma,,125.0,2,cash,btc,12.044779755915194,0.6936490591496323,1.0248059699560055,-0.6247059093978975,17.14907192575406,10.40779921403713,0.9861984131575863,-0.6393043481069208
overlay__21D__ctrend_lite_breakout__btc0__ma150__c1__rocash__incash,21D,ctrend_lite_breakout,False,ma,,150.0,1,cash,cash,11.550854018086534,0.6787012036526485,1.0121883045569586,-0.6832091248115962,16.725638051044083,10.01691847703825,0.9747968686782482,-0.6955330771799562
overlay__21D__ctrend_lite_breakout__btc0__ma150__c1__rocash__inbtc,21D,ctrend_lite_breakout,False,ma,,150.0,1,cash,btc,11.550854018086534,0.6787012036526485,1.0121883045569586,-0.6832091248115962,16.725638051044083,10.01691847703825,0.9747968686782482,-0.6955330771799562
overlay__21D__ctrend_lite_breakout__btc1__ma125__c1__rocash__incash,21D,ctrend_lite_breakout,True,ma,,125.0,1,cash,cash,10.706871067056719,0.6519504114300005,1.0029392009611333,-0.5640959140637223,16.725638051044083,9.285125909457113,0.9641089381149675,-0.5718872900479985
overlay__21D__ctrend_lite_breakout__btc1__ma125__c1__rocash__inbtc,21D,ctrend_lite_breakout,True,ma,,125.0,1,cash,btc,10.706871067056719,0.6519504114300005,1.0029392009611333,-0.5640959140637223,16.725638051044083,9.285125909457113,0.9641089381149675,-0.5718872900479985
overlay__21D__ctrend_lite_breakout__btc0__ma125__c2__robtc__incash,21D,ctrend_lite_breakout,False,ma,,125.0,2,btc,cash,10.471476238635734,0.6441935914093937,0.9734168084402802,-0.7860325805261831,21.806844547563806,8.695868424207347,0.9293132777737518,-0.795836627262238
overlay__21D__ctrend_lite_breakout__btc0__ma125__c2__robtc__inbtc,21D,ctrend_lite_breakout,False,ma,,125.0,2,btc,btc,10.471476238635734,0.6441935914093937,0.9734168084402802,-0.7860325805261831,21.806844547563806,8.695868424207347,0.9293132777737518,-0.795836627262238
overlay__21D__ctrend_lite_breakout__btc1__ma100__c1__robtc__incash,21D,ctrend_lite_breakout,True,ma,,100.0,1,btc,cash,10.308035113542013,0.6387265735577814,0.9767534345092284,-0.6817298993270524,20.1131090487239,8.684575072260143,0.9342013336157338,-0.6828761301818174
overlay__21D__ctrend_lite_breakout__btc1__ma100__c1__robtc__inbtc,21D,ctrend_lite_breakout,True,ma,,100.0,1,btc,btc,10.308035113542013,0.6387265735577814,0.9767534345092284,-0.6817298993270524,20.1131090487239,8.684575072260143,0.9342013336157338,-0.6828761301818174
overlay__21D__ctrend_lite_breakout__btc1__ma125__c2__rocash__incash,21D,ctrend_lite_breakout,True,ma,,125.0,2,cash,cash,10.082155638092134,0.6310574255558834,0.985314677870362,-0.5768843434323911,17.572505800464036,8.68053575865806,0.9447294949720193,-0.5844471382570174
overlay__21D__ctrend_lite_breakout__btc1__ma125__c2__rocash__inbtc,21D,ctrend_lite_breakout,True,ma,,125.0,2,cash,btc,10.082155638092134,0.6310574255558834,0.985314677870362,-0.5768843434323911,17.572505800464036,8.68053575865806,0.9447294949720193,-0.5844471382570174
overlay__21D__ctrend_lite_breakout__btc1__ma100__c1__rocash__incash,21D,ctrend_lite_breakout,True,ma,,100.0,1,cash,cash,9.388001397394959,0.6066090452894635,0.9769233010360437,-0.6170190242103397,16.302204176334108,8.170878121896509,0.9373021171686736,-0.6252146087001249
overlay__21D__ctrend_lite_breakout__btc1__ma100__c1__rocash__inbtc,21D,ctrend_lite_breakout,True,ma,,100.0,1,cash,btc,9.388001397394959,0.6066090452894635,0.9769233010360437,-0.6170190242103397,16.302204176334108,8.170878121896509,0.9373021171686736,-0.6252146087001249
overlay__21D__ctrend_lite_breakout__btc1__ma75__c1__rocash__incash,21D,ctrend_lite_breakout,True,ma,,75.0,1,cash,cash,9.382933727350446,0.6064253942396596,0.9824561679984652,-0.6280049692330338,15.87877030162413,8.196082574019893,0.9430534461763067,-0.6359640130582993
overlay__21D__ctrend_lite_breakout__btc1__ma75__c1__rocash__inbtc,21D,ctrend_lite_breakout,True,ma,,75.0,1,cash,btc,9.382933727350446,0.6064253942396596,0.9824561679984652,-0.6280049692330338,15.87877030162413,8.196082574019893,0.9430534461763067,-0.6359640130582993
overlay__21D__ctrend_lite_breakout__btc1__ma75__c2__rocash__incash,21D,ctrend_lite_breakout,True,ma,,75.0,2,cash,cash,9.25094366440844,0.6016143396801599,0.9756219774311539,-0.5898332307710066,15.455336426914153,8.10993116487234,0.9376956336517457,-0.5986105764477403
overlay__21D__ctrend_lite_breakout__btc1__ma75__c2__rocash__inbtc,21D,ctrend_lite_breakout,True,ma,,75.0,2,cash,btc,9.25094366440844,0.6016143396801599,0.9756219774311539,-0.5898332307710066,15.455336426914153,8.10993116487234,0.9376956336517457,-0.5986105764477403
overlay__21D__ctrend_lite_breakout__btc1__ma150__c2__rocash__incash,21D,ctrend_lite_breakout,True,ma,,150.0,2,cash,cash,9.235609924117803,0.6010519212653502,0.9597666191260537,-0.6041444576884496,17.14907192575406,7.980290791839137,0.9205095325354596,-0.6195442221081084
overlay__21D__ctrend_lite_breakout__btc1__ma150__c2__rocash__inbtc,21D,ctrend_lite_breakout,True,ma,,150.0,2,cash,btc,9.235609924117803,0.6010519212653502,0.9597666191260537,-0.6041444576884496,17.14907192575406,7.980290791839137,0.9205095325354596,-0.6195442221081084
overlay__21D__ctrend_lite_breakout__btc1__ma150__c1__rocash__incash,21D,ctrend_lite_breakout,True,ma,,150.0,1,cash,cash,9.029337144518939,0.5934136521656916,0.9538595911353864,-0.5956277072035687,17.14907192575406,7.802054944162085,0.9145556400801841,-0.6113587943838543
overlay__21D__ctrend_lite_breakout__btc1__ma150__c1__rocash__inbtc,21D,ctrend_lite_breakout,True,ma,,150.0,1,cash,btc,9.029337144518939,0.5934136521656916,0.9538595911353864,-0.5956277072035687,17.14907192575406,7.802054944162085,0.9145556400801841,-0.6113587943838543
overlay__21D__ctrend_lite_breakout__btc0__ma125__c1__robtc__incash,21D,ctrend_lite_breakout,False,ma,,125.0,1,btc,cash,8.954333952957983,0.5906021746228831,0.9362297900968592,-0.788254627190855,20.536542923433874,7.516905021149261,0.8946308258075196,-0.7951239428780628
overlay__21D__ctrend_lite_breakout__btc0__ma125__c1__robtc__inbtc,21D,ctrend_lite_breakout,False,ma,,125.0,1,btc,btc,8.954333952957983,0.5906021746228831,0.9362297900968592,-0.788254627190855,20.536542923433874,7.516905021149261,0.8946308258075196,-0.7951239428780628
overlay__21D__ctrend_lite_breakout__btc1__ma75__c1__robtc__incash,21D,ctrend_lite_breakout,True,ma,,75.0,1,btc,cash,8.890638855685104,0.5881999645930931,0.9414865784952576,-0.7111547509154321,20.959976798143853,7.43655570757559,0.8965254289059768,-0.7158059367152502
overlay__21D__ctrend_lite_breakout__btc1__ma75__c1__robtc__inbtc,21D,ctrend_lite_breakout,True,ma,,75.0,1,btc,btc,8.890638855685104,0.5881999645930931,0.9414865784952576,-0.7111547509154321,20.959976798143853,7.43655570757559,0.8965254289059768,-0.7158059367152502
overlay__21D__ctrend_lite_breakout__btc1__ma75__c2__robtc__incash,21D,ctrend_lite_breakout,True,ma,,75.0,2,btc,cash,8.844021687309324,0.5864332226465792,0.9395579459909275,-0.6926948751602195,19.68967517401392,7.478067696173021,0.897647961392044,-0.695453653577049
overlay__21D__ctrend_lite_breakout__btc1__ma75__c2__robtc__inbtc,21D,ctrend_lite_breakout,True,ma,,75.0,2,btc,btc,8.844021687309324,0.5864332226465792,0.9395579459909275,-0.6926948751602195,19.68967517401392,7.478067696173021,0.897647961392044,-0.695453653577049
overlay__21D__ctrend_lite_breakout__btc1__ma125__c2__robtc__incash,21D,ctrend_lite_breakout,True,ma,,125.0,2,btc,cash,8.77573910225272,0.583832085601548,0.9347659261661304,-0.7848201101163859,20.959976798143853,7.340448056476952,0.8914835908352422,-0.7879032348504242
overlay__21D__ctrend_lite_breakout__btc1__ma125__c2__robtc__inbtc,21D,ctrend_lite_breakout,True,ma,,125.0,2,btc,btc,8.77573910225272,0.583832085601548,0.9347659261661304,-0.7848201101163859,20.959976798143853,7.340448056476952,0.8914835908352422,-0.7879032348504242
overlay__21D__ctrend_lite_breakout__btc1__trailing20__c2__robtc__incash,21D,ctrend_lite_breakout,True,trailing,20.0,,2,btc,cash,8.735872739658802,0.5823060429648885,0.9448959355825204,-0.7556932921365234,26.888051044083525,6.947178196103221,0.8845294550254824,-0.7656220232216213
overlay__21D__ctrend_lite_breakout__btc1__trailing20__c2__robtc__inbtc,21D,ctrend_lite_breakout,True,trailing,20.0,,2,btc,btc,8.735872739658802,0.5823060429648885,0.9448959355825204,-0.7556932921365234,26.888051044083525,6.947178196103221,0.8845294550254824,-0.7656220232216213
overlay__21D__ctrend_lite_breakout__btc1__trailing13__c2__robtc__incash,21D,ctrend_lite_breakout,True,trailing,13.0,,2,btc,cash,8.56920914670901,0.5758662585173908,0.9667487726572593,-0.704282587195332,30.27552204176334,6.620756420758013,0.8934742584427269,-0.7137307391365015
overlay__21D__ctrend_lite_breakout__btc1__trailing13__c2__robtc__inbtc,21D,ctrend_lite_breakout,True,trailing,13.0,,2,btc,btc,8.56920914670901,0.5758662585173908,0.9667487726572593,-0.704282587195332,30.27552204176334,6.620756420758013,0.8934742584427269,-0.7137307391365015
overlay__21D__ctrend_lite_breakout__btc1__trailing9__c1__robtc__incash,21D,ctrend_lite_breakout,True,trailing,9.0,,1,btc,cash,8.524984589781969,0.5741408857617301,0.9902086605317595,-0.7093200137958685,32.39269141531322,6.468832786252908,0.9045308641588543,-0.7221376967020354
overlay__21D__ctrend_lite_breakout__btc1__trailing9__c1__robtc__inbtc,21D,ctrend_lite_breakout,True,trailing,9.0,,1,btc,btc,8.524984589781969,0.5741408857617301,0.9902086605317595,-0.7093200137958685,32.39269141531322,6.468832786252908,0.9045308641588543,-0.7221376967020354
overlay__21D__ctrend_lite_breakout__btc0__ma150__c2__robtc__incash,21D,ctrend_lite_breakout,False,ma,,150.0,2,btc,cash,8.365171510981677,0.5678465329913183,0.9201442711415357,-0.8342906424327536,19.68967517401392,7.0731756502793255,0.8804403670385087,-0.8407384147472055
overlay__21D__ctrend_lite_breakout__btc0__ma150__c2__robtc__inbtc,21D,ctrend_lite_breakout,False,ma,,150.0,2,btc,btc,8.365171510981677,0.5678465329913183,0.9201442711415357,-0.8342906424327536,19.68967517401392,7.0731756502793255,0.8804403670385087,-0.8407384147472055
overlay__21D__ctrend_lite_breakout__btc1__trailing11__c1__robtc__incash,21D,ctrend_lite_breakout,True,trailing,11.0,,1,btc,cash,8.263749945443282,0.5638026360603214,0.9689039907428194,-0.6761963722183721,31.54582366589327,6.3160172563687365,0.8886424168450135,-0.6848402438471808
overlay__21D__ctrend_lite_breakout__btc1__trailing11__c1__robtc__inbtc,21D,ctrend_lite_breakout,True,trailing,11.0,,1,btc,btc,8.263749945443282,0.5638026360603214,0.9689039907428194,-0.6761963722183721,31.54582366589327,6.3160172563687365,0.8886424168450135,-0.6848402438471808
overlay__21D__ctrend_lite_breakout__btc1__trailing13__c2__rocash__incash,21D,ctrend_lite_breakout,True,trailing,13.0,,2,cash,cash,8.042843068205217,0.5548573339600686,1.0123481154168201,-0.5755141193734674,18.41937354988399,6.875514021858354,0.9574961157883353,-0.5949464654019552
overlay__21D__ctrend_lite_breakout__btc1__trailing13__c2__rocash__inbtc,21D,ctrend_lite_breakout,True,trailing,13.0,,2,cash,btc,8.042843068205217,0.5548573339600686,1.0123481154168201,-0.5755141193734674,18.41937354988399,6.875514021858354,0.9574961157883353,-0.5949464654019552
overlay__21D__ctrend_lite_breakout__btc1__trailing20__c1__rocash__incash,21D,ctrend_lite_breakout,True,trailing,20.0,,1,cash,cash,7.885491375732003,0.5483667572278372,0.9612449729421637,-0.5932013038320938,16.725638051044083,6.838908515087854,0.9151582224313454,-0.6104209103481144
overlay__21D__ctrend_lite_breakout__btc1__trailing20__c1__rocash__inbtc,21D,ctrend_lite_breakout,True,trailing,20.0,,1,cash,btc,7.885491375732003,0.5483667572278372,0.9612449729421637,-0.5932013038320938,16.725638051044083,6.838908515087854,0.9151582224313454,-0.6104209103481144
overlay__21D__ctrend_lite_breakout__btc1__ma125__c1__robtc__incash,21D,ctrend_lite_breakout,True,ma,,125.0,1,btc,cash,7.708806708726005,0.5409558794295384,0.9032960364370276,-0.788254627190855,19.68967517401392,6.518186008892974,0.862566920521637,-0.7912885417289621
overlay__21D__ctrend_lite_breakout__btc1__ma125__c1__robtc__inbtc,21D,ctrend_lite_breakout,True,ma,,125.0,1,btc,btc,7.708806708726005,0.5409558794295384,0.9032960364370276,-0.788254627190855,19.68967517401392,6.518186008892974,0.862566920521637,-0.7912885417289621
overlay__14D__ctrend_lite_breakout__btc0__ma100__c2__robtc__incash,14D,ctrend_lite_breakout,False,ma,,100.0,2,btc,cash,7.690194896845077,0.5401674533566303,0.9006658591718614,-0.6970229446515219,32.8161252900232,5.814371274228126,0.8350212307248777,-0.7013640382997075
overlay__14D__ctrend_lite_breakout__btc0__ma100__c2__robtc__inbtc,14D,ctrend_lite_breakout,False,ma,,100.0,2,btc,btc,7.690194896845077,0.5401674533566303,0.9006658591718614,-0.6970229446515219,32.8161252900232,5.814371274228126,0.8350212307248777,-0.7013640382997075
overlay__21D__ctrend_lite_breakout__btc0__ma150__c1__robtc__incash,21D,ctrend_lite_breakout,False,ma,,150.0,1,btc,cash,7.637448281051931,0.5379248209455907,0.8985693465157552,-0.8323684756910732,19.68967517401392,6.457848848751823,0.8588639408219256,-0.8388910397594892
overlay__21D__ctrend_lite_breakout__btc0__ma150__c1__robtc__inbtc,21D,ctrend_lite_breakout,False,ma,,150.0,1,btc,btc,7.637448281051931,0.5379248209455907,0.8985693465157552,-0.8323684756910732,19.68967517401392,6.457848848751823,0.8588639408219256,-0.8388910397594892
overlay__21D__ctrend_lite_breakout__btc1__trailing7__c2__robtc__incash,21D,ctrend_lite_breakout,True,trailing,7.0,,2,btc,cash,7.5640961206600625,0.5347857171977879,0.946072895350034,-0.7241817984557745,33.66299303944316,5.6779117016904035,0.8592604919030787,-0.7401218378833474
overlay__21D__ctrend_lite_breakout__btc1__trailing7__c2__robtc__inbtc,21D,ctrend_lite_breakout,True,trailing,7.0,,2,btc,btc,7.5640961206600625,0.5347857171977879,0.946072895350034,-0.7241817984557745,33.66299303944316,5.6779117016904035,0.8592604919030787,-0.7401218378833474
overlay__21D__ctrend_lite_breakout__btc1__trailing20__c1__robtc__incash,21D,ctrend_lite_breakout,True,trailing,20.0,,1,btc,cash,7.44646088274297,0.5297010506980777,0.9046213355720705,-0.7710345590825363,25.617749419953597,5.9862214594773295,0.8461350439131553,-0.7799425858018563
overlay__21D__ctrend_lite_breakout__btc1__trailing20__c1__robtc__inbtc,21D,ctrend_lite_breakout,True,trailing,20.0,,1,btc,btc,7.44646088274297,0.5297010506980777,0.9046213355720705,-0.7710345590825363,25.617749419953597,5.9862214594773295,0.8461350439131553,-0.7799425858018563
overlay__21D__ctrend_lite_breakout__btc1__trailing20__c2__rocash__incash,21D,ctrend_lite_breakout,True,trailing,20.0,,2,cash,cash,7.44239013914282,0.52952396658534,0.9325392750985211,-0.5828162541736392,17.572505800464036,6.408183225164698,0.8858176800086989,-0.600477043710489
overlay__21D__ctrend_lite_breakout__btc1__trailing20__c2__rocash__inbtc,21D,ctrend_lite_breakout,True,trailing,20.0,,2,cash,btc,7.44239013914282,0.52952396658534,0.9325392750985211,-0.5828162541736392,17.572505800464036,6.408183225164698,0.8858176800086989,-0.600477043710489
overlay__21D__ctrend_lite_breakout__btc1__trailing9__c2__robtc__incash,21D,ctrend_lite_breakout,True,trailing,9.0,,2,btc,cash,7.347454234938001,0.5253722791256739,0.9295796782590698,-0.7155467761354828,30.27552204176334,5.676802137671468,0.8541267492681672,-0.7339128471611079
overlay__21D__ctrend_lite_breakout__btc1__trailing9__c2__robtc__inbtc,21D,ctrend_lite_breakout,True,trailing,9.0,,2,btc,btc,7.347454234938001,0.5253722791256739,0.9295796782590698,-0.7155467761354828,30.27552204176334,5.676802137671468,0.8541267492681672,-0.7339128471611079
overlay__21D__ctrend_lite_breakout__btc1__trailing15__c2__robtc__incash,21D,ctrend_lite_breakout,True,trailing,15.0,,2,btc,cash,7.301005768955507,0.5233255951605718,0.9237920198551401,-0.7513806034807661,26.888051044083525,5.806104278219245,0.857955020728298,-0.7584529133271327
overlay__21D__ctrend_lite_breakout__btc1__trailing15__c2__robtc__inbtc,21D,ctrend_lite_breakout,True,trailing,15.0,,2,btc,btc,7.301005768955507,0.5233255951605718,0.9237920198551401,-0.7513806034807661,26.888051044083525,5.806104278219245,0.857955020728298,-0.7584529133271327
overlay__21D__ctrend_lite_breakout__btc0__trailing13__c1__robtc__incash,21D,ctrend_lite_breakout,False,trailing,13.0,,1,btc,cash,7.186114155110895,0.5182186086908913,0.9169693135129211,-0.7766077829796216,33.23955916473318,5.41368043794108,0.8354098159367124,-0.7883762515107684
overlay__21D__ctrend_lite_breakout__btc0__trailing13__c1__robtc__inbtc,21D,ctrend_lite_breakout,False,trailing,13.0,,1,btc,btc,7.186114155110895,0.5182186086908913,0.9169693135129211,-0.7766077829796216,33.23955916473318,5.41368043794108,0.8354098159367124,-0.7883762515107684
overlay__21D__ctrend_lite_breakout__btc0__trailing15__c1__robtc__incash,21D,ctrend_lite_breakout,False,trailing,15.0,,1,btc,cash,6.797582714491476,0.5004569715475298,0.9055843375566062,-0.7381590703846262,32.39269141531322,5.158065151633664,0.824955790826077,-0.7465248709100671
overlay__21D__ctrend_lite_breakout__btc0__trailing15__c1__robtc__inbtc,21D,ctrend_lite_breakout,False,trailing,15.0,,1,btc,btc,6.797582714491476,0.5004569715475298,0.9055843375566062,-0.7381590703846262,32.39269141531322,5.158065151633664,0.824955790826077,-0.7465248709100671
overlay__21D__ctrend_lite_breakout__btc0__ma200__c2__rocash__incash,21D,ctrend_lite_breakout,False,ma,,200.0,2,cash,cash,6.530751032255214,0.48778952771624473,0.8583975313885253,-0.7504105621612566,19.266241299303946,5.542193920826605,0.81844820518029,-0.7627035707258049
overlay__21D__ctrend_lite_breakout__btc0__ma200__c2__rocash__inbtc,21D,ctrend_lite_breakout,False,ma,,200.0,2,cash,btc,6.530751032255214,0.48778952771624473,0.8583975313885253,-0.7504105621612566,19.266241299303946,5.542193920826605,0.81844820518029,-0.7627035707258049
overlay__21D__ctrend_lite_breakout__btc0__ma200__c1__rocash__incash,21D,ctrend_lite_breakout,False,ma,,200.0,1,cash,cash,6.494163741348872,0.48602094513283656,0.8569828420759751,-0.742150384263404,19.266241299303946,5.511144833173569,0.8169771941440749,-0.7548502307074807
overlay__21D__ctrend_lite_breakout__btc0__ma200__c1__rocash__inbtc,21D,ctrend_lite_breakout,False,ma,,200.0,1,cash,btc,6.494163741348872,0.48602094513283656,0.8569828420759751,-0.742150384263404,19.266241299303946,5.511144833173569,0.8169771941440749,-0.7548502307074807
overlay__21D__ctrend_lite_breakout__btc1__trailing15__c2__rocash__incash,21D,ctrend_lite_breakout,True,trailing,15.0,,2,cash,cash,6.454126036992964,0.48407655061101273,0.9457163195851978,-0.5169522343657708,16.513921113689094,5.607613418603953,0.8950335406848162,-0.5390654582879371
overlay__21D__ctrend_lite_breakout__btc1__trailing15__c2__rocash__inbtc,21D,ctrend_lite_breakout,True,trailing,15.0,,2,cash,btc,6.454126036992964,0.48407655061101273,0.9457163195851978,-0.5169522343657708,16.513921113689094,5.607613418603953,0.8950335406848162,-0.5390654582879371
overlay__21D__ctrend_lite_breakout__btc1__trailing15__c1__robtc__incash,21D,ctrend_lite_breakout,True,trailing,15.0,,1,btc,cash,6.418950755353029,0.4823604332460032,0.892103677049477,-0.7381590703846262,30.27552204176334,4.959420256927017,0.8156784986035753,-0.7465248709100671
overlay__21D__ctrend_lite_breakout__btc1__trailing15__c1__robtc__inbtc,21D,ctrend_lite_breakout,True,trailing,15.0,,1,btc,btc,6.418950755353029,0.4823604332460032,0.892103677049477,-0.7381590703846262,30.27552204176334,4.959420256927017,0.8156784986035753,-0.7465248709100671
overlay__14D__ctrend_lite_breakout__btc1__ma100__c2__robtc__incash,14D,ctrend_lite_breakout,True,ma,,100.0,2,btc,cash,6.394623376074113,0.4811692175190998,0.8568428567072406,-0.6970229446515219,32.39269141531322,4.852296085141136,0.7915565418198881,-0.7013640382997075
overlay__14D__ctrend_lite_breakout__btc1__ma100__c2__robtc__inbtc,14D,ctrend_lite_breakout,True,ma,,100.0,2,btc,btc,6.394623376074113,0.4811692175190998,0.8568428567072406,-0.6970229446515219,32.39269141531322,4.852296085141136,0.7915565418198881,-0.7013640382997075
overlay__21D__ctrend_lite_breakout__btc1__ma150__c2__robtc__incash,21D,ctrend_lite_breakout,True,ma,,150.0,2,btc,cash,6.342831736941161,0.4786212385205515,0.8562017424456244,-0.8248424008259976,19.68967517401392,5.3631850747655925,0.8156801334640712,-0.8267280524838376
overlay__21D__ctrend_lite_breakout__btc1__ma150__c2__robtc__inbtc,21D,ctrend_lite_breakout,True,ma,,150.0,2,btc,btc,6.342831736941161,0.4786212385205515,0.8562017424456244,-0.8248424008259976,19.68967517401392,5.3631850747655925,0.8156801334640712,-0.8267280524838376
overlay__14D__ctrend_lite_breakout__btc0__ma100__c2__rocash__incash,14D,ctrend_lite_breakout,False,ma,,100.0,2,cash,cash,6.237333347183971,0.4733799104945873,0.8504117904391841,-0.7402032166574332,25.19431554524362,5.03268574878654,0.7943525531451945,-0.7503049932674392
overlay__14D__ctrend_lite_breakout__btc0__ma100__c2__rocash__inbtc,14D,ctrend_lite_breakout,False,ma,,100.0,2,cash,btc,6.237333347183971,0.4733799104945873,0.8504117904391841,-0.7402032166574332,25.19431554524362,5.03268574878654,0.7943525531451945,-0.7503049932674392
overlay__21D__ctrend_lite_breakout__btc1__trailing7__c2__rocash__incash,21D,ctrend_lite_breakout,True,trailing,7.0,,2,cash,cash,6.173031476777989,0.47015091855276725,0.9773820901204991,-0.4601620742856388,19.266241299303946,5.239330461021808,0.9109618623984117,-0.465967306465221
overlay__21D__ctrend_lite_breakout__btc1__trailing7__c2__rocash__inbtc,21D,ctrend_lite_breakout,True,trailing,7.0,,2,cash,btc,6.173031476777989,0.47015091855276725,0.9773820901204991,-0.4601620742856388,19.266241299303946,5.239330461021808,0.9109618623984117,-0.465967306465221
overlay__14D__ctrend_lite_breakout__btc0__ma150__c2__rocash__incash,14D,ctrend_lite_breakout,False,ma,,150.0,2,cash,cash,6.053453179958511,0.46407498336199526,0.8407553150244992,-0.6812160602672996,24.347447795823665,4.919574062683256,0.7888521007219171,-0.6925089187516146
overlay__14D__ctrend_lite_breakout__btc0__ma150__c2__rocash__inbtc,14D,ctrend_lite_breakout,False,ma,,150.0,2,cash,btc,6.053453179958511,0.46407498336199526,0.8407553150244992,-0.6812160602672996,24.347447795823665,4.919574062683256,0.7888521007219171,-0.6925089187516146
overlay__21D__ctrend_lite_breakout__btc0__trailing9__c1__robtc__incash,21D,ctrend_lite_breakout,False,trailing,9.0,,1,btc,cash,6.040996284540589,0.4634366051049281,0.8838864463586006,-0.7093200137958685,35.780162412993036,4.453542682358979,0.789118919995868,-0.7221376967020354
overlay__21D__ctrend_lite_breakout__btc0__trailing9__c1__robtc__inbtc,21D,ctrend_lite_breakout,False,trailing,9.0,,1,btc,btc,6.040996284540589,0.4634366051049281,0.8838864463586006,-0.7093200137958685,35.780162412993036,4.453542682358979,0.789118919995868,-0.7221376967020354
overlay__21D__ctrend_lite_breakout__btc1__ma150__c1__robtc__incash,21D,ctrend_lite_breakout,True,ma,,150.0,1,btc,cash,5.972605213587922,0.4599131637515319,0.8416394802547923,-0.8228484919926897,19.68967517401392,5.05013982200158,0.8010974137342166,-0.8247556089909707
overlay__21D__ctrend_lite_breakout__btc1__ma150__c1__robtc__inbtc,21D,ctrend_lite_breakout,True,ma,,150.0,1,btc,btc,5.972605213587922,0.4599131637515319,0.8416394802547923,-0.8228484919926897,19.68967517401392,5.05013982200158,0.8010974137342166,-0.8247556089909707
overlay__14D__ctrend_lite_breakout__btc0__ma100__c1__robtc__incash,14D,ctrend_lite_breakout,False,ma,,100.0,1,btc,cash,5.853804288911299,0.45371631654886624,0.836111305210838,-0.6789822813356955,33.66299303944316,4.394098559989566,0.7682298447131077,-0.6835818638943347
overlay__14D__ctrend_lite_breakout__btc0__ma100__c1__robtc__inbtc,14D,ctrend_lite_breakout,False,ma,,100.0,1,btc,btc,5.853804288911299,0.45371631654886624,0.836111305210838,-0.6789822813356955,33.66299303944316,4.394098559989566,0.7682298447131077,-0.6835818638943347
overlay__14D__ctrend_lite_breakout__btc0__trailing15__c1__robtc__incash,14D,ctrend_lite_breakout,False,trailing,15.0,,1,btc,cash,5.81778357001006,0.45181783955865895,0.8514335638670705,-0.7757057103271184,48.05974477958237,3.8629069702349197,0.7401158161440726,-0.7882869286866954
overlay__14D__ctrend_lite_breakout__btc0__trailing15__c1__robtc__inbtc,14D,ctrend_lite_breakout,False,trailing,15.0,,1,btc,btc,5.81778357001006,0.45181783955865895,0.8514335638670705,-0.7757057103271184,48.05974477958237,3.8629069702349197,0.7401158161440726,-0.7882869286866954
overlay__21D__ctrend_lite_breakout__btc0__trailing11__c1__robtc__incash,21D,ctrend_lite_breakout,False,trailing,11.0,,1,btc,cash,5.797193637463719,0.4507284787212633,0.8646442548471774,-0.6761963722183721,34.933294663573086,4.3047573402346995,0.7749132743120758,-0.6848402438471808
overlay__21D__ctrend_lite_breakout__btc0__trailing11__c1__robtc__inbtc,21D,ctrend_lite_breakout,False,trailing,11.0,,1,btc,btc,5.797193637463719,0.4507284787212633,0.8646442548471774,-0.6761963722183721,34.933294663573086,4.3047573402346995,0.7749132743120758,-0.6848402438471808
overlay__21D__ctrend_lite_breakout__btc1__trailing13__c1__robtc__incash,21D,ctrend_lite_breakout,True,trailing,13.0,,1,btc,cash,5.763183141503451,0.44892237169069316,0.8603257705179067,-0.7766077829796216,30.27552204176334,4.45276000793697,0.7838070368010585,-0.7883762515107684
overlay__21D__ctrend_lite_breakout__btc1__trailing13__c1__robtc__inbtc,21D,ctrend_lite_breakout,True,trailing,13.0,,1,btc,btc,5.763183141503451,0.44892237169069316,0.8603257705179067,-0.7766077829796216,30.27552204176334,4.45276000793697,0.7838070368010585,-0.7883762515107684
overlay__14D__ctrend_lite_breakout__btc1__ma150__c2__rocash__incash,14D,ctrend_lite_breakout,True,ma,,150.0,2,cash,cash,5.732542826092377,0.44728802750300534,0.8268521213680489,-0.6812160602672994,25.617749419953597,4.608619957432937,0.771294940460506,-0.6925089187516146
overlay__14D__ctrend_lite_breakout__btc1__ma150__c2__rocash__inbtc,14D,ctrend_lite_breakout,True,ma,,150.0,2,cash,btc,5.732542826092377,0.44728802750300534,0.8268521213680489,-0.6812160602672994,25.617749419953597,4.608619957432937,0.771294940460506,-0.6925089187516146
overlay__14D__ctrend_lite_breakout__btc0__ma150__c1__rocash__incash,14D,ctrend_lite_breakout,False,ma,,150.0,1,cash,cash,5.586219300318514,0.43938685014917644,0.8207266143367613,-0.6834345066510482,24.770881670533644,4.523508256217688,0.767728879658275,-0.6946487771077245
overlay__14D__ctrend_lite_breakout__btc0__ma150__c1__rocash__inbtc,14D,ctrend_lite_breakout,False,ma,,150.0,1,cash,btc,5.586219300318514,0.43938685014917644,0.8207266143367613,-0.6834345066510482,24.770881670533644,4.523508256217688,0.767728879658275,-0.6946487771077245
overlay__14D__ctrend_lite_breakout__btc0__trailing13__c2__robtc__incash,14D,ctrend_lite_breakout,False,trailing,13.0,,2,btc,cash,5.582077729147157,0.43916085078062217,0.8389056397935684,-0.7133772584808192,45.519141531322504,3.7875120413302032,0.7348409446484764,-0.7294546330012873
overlay__14D__ctrend_lite_breakout__btc0__trailing13__c2__robtc__inbtc,14D,ctrend_lite_breakout,False,trailing,13.0,,2,btc,btc,5.582077729147157,0.43916085078062217,0.8389056397935684,-0.7133772584808192,45.519141531322504,3.7875120413302032,0.7348409446484764,-0.7294546330012873
overlay__21D__ctrend_lite_breakout__btc0__trailing9__c2__robtc__incash,21D,ctrend_lite_breakout,False,trailing,9.0,,2,btc,cash,5.563463603472469,0.4381434706266001,0.8487602252362231,-0.7155467761354828,34.50986078886311,4.146131083752108,0.7624940609069394,-0.7350443585259779
overlay__21D__ctrend_lite_breakout__btc0__trailing9__c2__robtc__inbtc,21D,ctrend_lite_breakout,False,trailing,9.0,,2,btc,btc,5.563463603472469,0.4381434706266001,0.8487602252362231,-0.7155467761354828,34.50986078886311,4.146131083752108,0.7624940609069394,-0.7350443585259779
overlay__14D__ctrend_lite_breakout__btc1__ma150__c1__rocash__incash,14D,ctrend_lite_breakout,True,ma,,150.0,1,cash,cash,5.459380599016322,0.43240469926762204,0.8144051222981353,-0.6834345066510483,26.041183294663572,4.373207168581198,0.7579265452351412,-0.6946487771077242
overlay__14D__ctrend_lite_breakout__btc1__ma150__c1__rocash__inbtc,14D,ctrend_lite_breakout,True,ma,,150.0,1,cash,btc,5.459380599016322,0.43240469926762204,0.8144051222981353,-0.6834345066510483,26.041183294663572,4.373207168581198,0.7579265452351412,-0.6946487771077242
overlay__14D__ctrend_lite_breakout__btc0__ma100__c1__rocash__incash,14D,ctrend_lite_breakout,False,ma,,100.0,1,cash,cash,5.454682207228092,0.43214361869240836,0.8155107615389603,-0.7425801945323875,25.19431554524362,4.401226963422466,0.7586102117698296,-0.7525895462124514
overlay__14D__ctrend_lite_breakout__btc0__ma100__c1__rocash__inbtc,14D,ctrend_lite_breakout,False,ma,,100.0,1,cash,btc,5.454682207228092,0.43214361869240836,0.8155107615389603,-0.7425801945323875,25.19431554524362,4.401226963422466,0.7586102117698296,-0.7525895462124514
overlay__14D__ctrend_lite_breakout__btc0__trailing11__c2__robtc__incash,14D,ctrend_lite_breakout,False,trailing,11.0,,2,btc,cash,5.416743848507866,0.4300289364309422,0.8333714983340375,-0.7622567220929123,42.97853828306265,3.755760547426125,0.7316363462480859,-0.7792058946975985
overlay__14D__ctrend_lite_breakout__btc0__trailing11__c2__robtc__inbtc,14D,ctrend_lite_breakout,False,trailing,11.0,,2,btc,btc,5.416743848507866,0.4300289364309422,0.8333714983340375,-0.7622567220929123,42.97853828306265,3.755760547426125,0.7316363462480859,-0.7792058946975985
overlay__14D__ctrend_lite_breakout__btc0__trailing11__c1__robtc__incash,14D,ctrend_lite_breakout,False,trailing,11.0,,1,btc,cash,5.401303153632588,0.4291649290253472,0.8378521345119656,-0.7459570979700733,45.09570765661253,3.678100611137442,0.7263886916096675,-0.7632155367529758
overlay__14D__ctrend_lite_breakout__btc0__trailing11__c1__robtc__inbtc,14D,ctrend_lite_breakout,False,trailing,11.0,,1,btc,btc,5.401303153632588,0.4291649290253472,0.8378521345119656,-0.7459570979700733,45.09570765661253,3.678100611137442,0.7263886916096675,-0.7632155367529758
overlay__21D__ctrend_lite_breakout__btc0__ma200__c2__robtc__incash,21D,ctrend_lite_breakout,False,ma,,200.0,2,btc,cash,5.388726323440045,0.4284597335090288,0.8192492843773082,-0.8708682738713815,22.23027842227378,4.458864419442861,0.7766178738311351,-0.8776710294713171
overlay__21D__ctrend_lite_breakout__btc0__ma200__c2__robtc__inbtc,21D,ctrend_lite_breakout,False,ma,,200.0,2,btc,btc,5.388726323440045,0.4284597335090288,0.8192492843773082,-0.8708682738713815,22.23027842227378,4.458864419442861,0.7766178738311351,-0.8776710294713171
overlay__14D__ctrend_lite_breakout__btc1__ma100__c1__robtc__incash,14D,ctrend_lite_breakout,True,ma,,100.0,1,btc,cash,5.3727650411254375,0.4275628978469579,0.8152500503612178,-0.6789822813356955,33.23955916473318,4.047588498174293,0.7478731395315796,-0.6835818638943347
overlay__14D__ctrend_lite_breakout__btc1__ma100__c1__robtc__inbtc,14D,ctrend_lite_breakout,True,ma,,100.0,1,btc,btc,5.3727650411254375,0.4275628978469579,0.8152500503612178,-0.6789822813356955,33.23955916473318,4.047588498174293,0.7478731395315796,-0.6835818638943347
overlay__21D__ctrend_lite_breakout__btc1__trailing9__c1__rocash__incash,21D,ctrend_lite_breakout,True,trailing,9.0,,1,cash,cash,5.2474043167918225,0.42044509221294724,0.9352719743468122,-0.38524546878921373,18.41937354988399,4.485962578821642,0.8680986714605823,-0.40056035458083494
overlay__21D__ctrend_lite_breakout__btc1__trailing9__c1__rocash__inbtc,21D,ctrend_lite_breakout,True,trailing,9.0,,1,cash,btc,5.2474043167918225,0.42044509221294724,0.9352719743468122,-0.38524546878921373,18.41937354988399,4.485962578821642,0.8680986714605823,-0.40056035458083494
overlay__14D__ctrend_lite_breakout__btc0__ma125__c1__rocash__incash,14D,ctrend_lite_breakout,False,ma,,125.0,1,cash,cash,5.225581661911168,0.41919236600834675,0.8043349002269806,-0.7013308706989263,24.347447795823665,4.246805859750337,0.7511898589190305,-0.7129475594591101
overlay__14D__ctrend_lite_breakout__btc0__ma125__c1__rocash__inbtc,14D,ctrend_lite_breakout,False,ma,,125.0,1,cash,btc,5.225581661911168,0.41919236600834675,0.8043349002269806,-0.7013308706989263,24.347447795823665,4.246805859750337,0.7511898589190305,-0.7129475594591101
overlay__14D__ctrend_lite_breakout__btc1__ma100__c2__rocash__incash,14D,ctrend_lite_breakout,True,ma,,100.0,2,cash,cash,5.18030489811113,0.41658004895846834,0.8016279389917468,-0.7402032166574329,26.041183294663572,4.1497540909144135,0.7431237493800257,-0.7503049932674393
overlay__14D__ctrend_lite_breakout__btc1__ma100__c2__rocash__inbtc,14D,ctrend_lite_breakout,True,ma,,100.0,2,cash,btc,5.18030489811113,0.41658004895846834,0.8016279389917468,-0.7402032166574329,26.041183294663572,4.1497540909144135,0.7431237493800257,-0.7503049932674393
overlay__14D__ctrend_lite_breakout__btc1__ma200__c1__rocash__incash,14D,ctrend_lite_breakout,True,ma,,200.0,1,cash,cash,5.103991456879746,0.41213599804320844,0.7982442180929008,-0.7043205329441433,26.888051044083525,4.059063943263816,0.7412496370334873,-0.7168455190980974
overlay__14D__ctrend_lite_breakout__btc1__ma200__c1__rocash__inbtc,14D,ctrend_lite_breakout,True,ma,,200.0,1,cash,btc,5.103991456879746,0.41213599804320844,0.7982442180929008,-0.7043205329441433,26.888051044083525,4.059063943263816,0.7412496370334873,-0.7168455190980974
overlay__21D__ctrend_lite_breakout__btc0__trailing7__c2__robtc__incash,21D,ctrend_lite_breakout,False,trailing,7.0,,2,btc,cash,5.0899354073132415,0.41131175101981077,0.8267593803675841,-0.7241817984557745,36.62703016241299,3.725422243419241,0.7320812067246165,-0.7401218378833474
overlay__21D__ctrend_lite_breakout__btc0__trailing7__c2__robtc__inbtc,21D,ctrend_lite_breakout,False,trailing,7.0,,2,btc,btc,5.0899354073132415,0.41131175101981077,0.8267593803675841,-0.7241817984557745,36.62703016241299,3.725422243419241,0.7320812067246165,-0.7401218378833474
overlay__21D__ctrend_lite_breakout__btc1__ma200__c2__rocash__incash,21D,ctrend_lite_breakout,True,ma,,200.0,2,cash,cash,5.075233140589797,0.41044768765515904,0.7978971547815898,-0.7110824527809544,19.68967517401392,4.291485782443537,0.7561571339891274,-0.7172685035577178
overlay__21D__ctrend_lite_breakout__btc1__ma200__c2__rocash__inbtc,21D,ctrend_lite_breakout,True,ma,,200.0,2,cash,btc,5.075233140589797,0.41044768765515904,0.7978971547815898,-0.7110824527809544,19.68967517401392,4.291485782443537,0.7561571339891274,-0.7172685035577178
overlay__21D__ctrend_lite_breakout__btc1__ma200__c1__rocash__incash,21D,ctrend_lite_breakout,True,ma,,200.0,1,cash,cash,5.04680011192047,0.4087710437692307,0.7963925682284293,-0.688271285422619,19.68967517401392,4.267443549327123,0.7545900666677828,-0.6949457490386651
overlay__21D__ctrend_lite_breakout__btc1__ma200__c1__rocash__inbtc,21D,ctrend_lite_breakout,True,ma,,200.0,1,cash,btc,5.04680011192047,0.4087710437692307,0.7963925682284293,-0.688271285422619,19.68967517401392,4.267443549327123,0.7545900666677828,-0.6949457490386651
overlay__21D__ctrend_lite_breakout__btc0__trailing13__c1__rocash__incash,21D,ctrend_lite_breakout,False,trailing,13.0,,1,cash,cash,5.00314170108801,0.40618203364647254,0.8557157159639819,-0.5882663441118088,17.572505800464036,4.308050965790677,0.8006794684686229,-0.6085267511289655
overlay__21D__ctrend_lite_breakout__btc0__trailing13__c1__rocash__inbtc,21D,ctrend_lite_breakout,False,trailing,13.0,,1,cash,btc,5.00314170108801,0.40618203364647254,0.8557157159639819,-0.5882663441118088,17.572505800464036,4.308050965790677,0.8006794684686229,-0.6085267511289655
overlay__14D__ctrend_lite_breakout__btc1__ma100__c1__rocash__incash,14D,ctrend_lite_breakout,True,ma,,100.0,1,cash,cash,5.00043568644701,0.4060209775800334,0.7922379466297411,-0.7425801945323875,26.041183294663572,4.0056992523119135,0.7330273497111849,-0.7525895462124513
overlay__14D__ctrend_lite_breakout__btc1__ma100__c1__rocash__inbtc,14D,ctrend_lite_breakout,True,ma,,100.0,1,cash,btc,5.00043568644701,0.4060209775800334,0.7922379466297411,-0.7425801945323875,26.041183294663572,4.0056992523119135,0.7330273497111849,-0.7525895462124513
overlay__14D__ctrend_lite_breakout__btc0__trailing13__c1__robtc__incash,14D,ctrend_lite_breakout,False,trailing,13.0,,1,btc,cash,4.893085780658147,0.39957560725908614,0.8052523921353744,-0.7521805287033221,45.94257540603248,3.308065217849096,0.6956206282584012,-0.7669165979330353
overlay__14D__ctrend_lite_breakout__btc0__trailing13__c1__robtc__inbtc,14D,ctrend_lite_breakout,False,trailing,13.0,,1,btc,btc,4.893085780658147,0.39957560725908614,0.8052523921353744,-0.7521805287033221,45.94257540603248,3.308065217849096,0.6956206282584012,-0.7669165979330353
overlay__21D__ctrend_lite_relative_strength__btc1__ma100__c2__rocash__incash,21D,ctrend_lite_relative_strength,True,ma,,100.0,2,cash,cash,4.870108657952135,0.398181583760852,0.7891931226764485,-0.5372090220174124,15.455336426914153,4.269394922090086,0.7515343462240575,-0.550372293355083
overlay__21D__ctrend_lite_relative_strength__btc1__ma100__c2__rocash__inbtc,21D,ctrend_lite_relative_strength,True,ma,,100.0,2,cash,btc,4.870108657952135,0.398181583760852,0.7891931226764485,-0.5372090220174124,15.455336426914153,4.269394922090086,0.7515343462240575,-0.550372293355083
overlay__14D__ctrend_lite_breakout__btc1__trailing11__c1__robtc__incash,14D,ctrend_lite_breakout,True,trailing,11.0,,1,btc,cash,4.819532447497759,0.395094759764552,0.8049334379271239,-0.7459570979700733,41.70823665893271,3.378043457717511,0.701411554305486,-0.7632155367529758
overlay__14D__ctrend_lite_breakout__btc1__trailing11__c1__robtc__inbtc,14D,ctrend_lite_breakout,True,trailing,11.0,,1,btc,btc,4.819532447497759,0.395094759764552,0.8049334379271239,-0.7459570979700733,41.70823665893271,3.378043457717511,0.701411554305486,-0.7632155367529758
overlay__14D__ctrend_lite_breakout__btc0__ma125__c2__robtc__incash,14D,ctrend_lite_breakout,False,ma,,125.0,2,btc,cash,4.803997986247231,0.3941415180470573,0.7924762701866882,-0.8021923784101286,30.27552204176334,3.7116728006306343,0.7329998921673299,-0.8064284324965494
overlay__14D__ctrend_lite_breakout__btc0__ma125__c2__robtc__inbtc,14D,ctrend_lite_breakout,False,ma,,125.0,2,btc,btc,4.803997986247231,0.3941415180470573,0.7924762701866882,-0.8021923784101286,30.27552204176334,3.7116728006306343,0.7329998921673299,-0.8064284324965494
overlay__14D__ctrend_lite_breakout__btc1__ma200__c2__rocash__incash,14D,ctrend_lite_breakout,True,ma,,200.0,2,cash,cash,4.79042963183905,0.3933069325526082,0.7825509045968344,-0.7168994343653285,26.46461716937355,3.823466841689553,0.72653748556334,-0.7279116681291937
overlay__14D__ctrend_lite_breakout__btc1__ma200__c2__rocash__inbtc,14D,ctrend_lite_breakout,True,ma,,200.0,2,cash,btc,4.79042963183905,0.3933069325526082,0.7825509045968344,-0.7168994343653285,26.46461716937355,3.823466841689553,0.72653748556334,-0.7279116681291937
overlay__14D__ctrend_lite_breakout__btc1__ma125__c1__rocash__incash,14D,ctrend_lite_breakout,True,ma,,125.0,1,cash,cash,4.6792195782686425,0.3863952608242409,0.7752766596466537,-0.7013308706989263,25.617749419953597,3.761841275869685,0.7186908701887988,-0.7129475594591098
overlay__14D__ctrend_lite_breakout__btc1__ma125__c1__rocash__inbtc,14D,ctrend_lite_breakout,True,ma,,125.0,1,cash,btc,4.6792195782686425,0.3863952608242409,0.7752766596466537,-0.7013308706989263,25.617749419953597,3.761841275869685,0.7186908701887988,-0.7129475594591098
overlay__14D__ctrend_lite_breakout__btc1__trailing13__c2__robtc__incash,14D,ctrend_lite_breakout,True,trailing,13.0,,2,btc,cash,4.6440576167456635,0.3841830195399005,0.7895878277976635,-0.7133772584808192,44.248839907192576,3.1853449403178615,0.6876423445692682,-0.7320554112963689
overlay__14D__ctrend_lite_breakout__btc1__trailing13__c2__robtc__inbtc,14D,ctrend_lite_breakout,True,trailing,13.0,,2,btc,btc,4.6440576167456635,0.3841830195399005,0.7895878277976635,-0.7133772584808192,44.248839907192576,3.1853449403178615,0.6876423445692682,-0.7320554112963689
overlay__14D__ctrend_lite_breakout__btc0__trailing9__c1__robtc__incash,14D,ctrend_lite_breakout,False,trailing,9.0,,1,btc,cash,4.642925108742986,0.3841115477682968,0.7997458032371012,-0.7316738180153113,46.36600928074246,3.127634557160546,0.6793215415504494,-0.748998626816609
overlay__14D__ctrend_lite_breakout__btc0__trailing9__c1__robtc__inbtc,14D,ctrend_lite_breakout,False,trailing,9.0,,1,btc,btc,4.642925108742986,0.3841115477682968,0.7997458032371012,-0.7316738180153113,46.36600928074246,3.127634557160546,0.6793215415504494,-0.748998626816609
overlay__14D__ctrend_lite_breakout__btc0__trailing13__c1__rocash__incash,14D,ctrend_lite_breakout,False,trailing,13.0,,1,cash,cash,4.586342550403623,0.380523040120579,0.8103588022863186,-0.6026734611473352,26.041183294663572,3.6743760786332738,0.7339713854007254,-0.626288878775167
overlay__14D__ctrend_lite_breakout__btc0__trailing13__c1__rocash__inbtc,14D,ctrend_lite_breakout,False,trailing,13.0,,1,cash,btc,4.586342550403623,0.380523040120579,0.8103588022863186,-0.6026734611473352,26.041183294663572,3.6743760786332738,0.7339713854007254,-0.626288878775167
overlay__21D__ctrend_lite_relative_strength__btc1__trailing11__c2__robtc__incash,21D,ctrend_lite_relative_strength,True,trailing,11.0,,2,btc,cash,4.536682416156502,0.37734468690974166,0.7859028318782812,-0.6222972270419731,30.27552204176334,3.5051390065842116,0.7133456396567606,-0.6323799253293934
overlay__21D__ctrend_lite_relative_strength__btc1__trailing11__c2__robtc__inbtc,21D,ctrend_lite_relative_strength,True,trailing,11.0,,2,btc,btc,4.536682416156502,0.37734468690974166,0.7859028318782812,-0.6222972270419731,30.27552204176334,3.5051390065842116,0.7133456396567606,-0.6323799253293934
overlay__14D__ctrend_lite_breakout__btc1__trailing15__c1__robtc__incash,14D,ctrend_lite_breakout,True,trailing,15.0,,1,btc,cash,4.514587196980447,0.37592172434136506,0.7825386477544121,-0.7757057103271184,46.36600928074246,3.041181711503713,0.6744519300600992,-0.7882869286866954
overlay__14D__ctrend_lite_breakout__btc1__trailing15__c1__robtc__inbtc,14D,ctrend_lite_breakout,True,trailing,15.0,,1,btc,btc,4.514587196980447,0.37592172434136506,0.7825386477544121,-0.7757057103271184,46.36600928074246,3.041181711503713,0.6744519300600992,-0.7882869286866954
overlay__14D__ctrend_lite_breakout__btc1__trailing11__c2__robtc__incash,14D,ctrend_lite_breakout,True,trailing,11.0,,2,btc,cash,4.480976788506444,0.37374660425856066,0.7805793747304448,-0.7622567220929123,41.70823665893271,3.140747466584042,0.6814446411101416,-0.7792058946975985
overlay__14D__ctrend_lite_breakout__btc1__trailing11__c2__robtc__inbtc,14D,ctrend_lite_breakout,True,trailing,11.0,,2,btc,btc,4.480976788506444,0.37374660425856066,0.7805793747304448,-0.7622567220929123,41.70823665893271,3.140747466584042,0.6814446411101416,-0.7792058946975985
overlay__21D__ctrend_lite_relative_strength__btc1__ma100__c2__robtc__incash,21D,ctrend_lite_relative_strength,True,ma,,100.0,2,btc,cash,4.435533939262934,0.37078519739079807,0.7667547094358206,-0.7544039843326709,19.266241299303946,3.7640242190180184,0.725727945730103,-0.7605289856962579
overlay__21D__ctrend_lite_relative_strength__btc1__ma100__c2__robtc__inbtc,21D,ctrend_lite_relative_strength,True,ma,,100.0,2,btc,btc,4.435533939262934,0.37078519739079807,0.7667547094358206,-0.7544039843326709,19.266241299303946,3.7640242190180184,0.725727945730103,-0.7605289856962579
overlay__14D__ctrend_lite_breakout__btc0__ma125__c2__rocash__incash,14D,ctrend_lite_breakout,False,ma,,125.0,2,cash,cash,4.431945661915174,0.3705503403269119,0.7630710128256737,-0.7422980600662662,24.347447795823665,3.601821581759114,0.7104157519310761,-0.7523213364460893
overlay__14D__ctrend_lite_breakout__btc0__ma125__c2__rocash__inbtc,14D,ctrend_lite_breakout,False,ma,,125.0,2,cash,btc,4.431945661915174,0.3705503403269119,0.7630710128256737,-0.7422980600662662,24.347447795823665,3.601821581759114,0.7104157519310761,-0.7523213364460893
overlay__21D__ctrend_lite_breakout__btc0__ma200__c1__robtc__incash,21D,ctrend_lite_breakout,False,ma,,200.0,1,btc,cash,4.425794109463228,0.37014736484800004,0.7745198980100724,-0.8693257187552835,22.23027842227378,3.6620928022686434,0.7318153785257514,-0.8762097373087071
overlay__21D__ctrend_lite_breakout__btc0__ma200__c1__robtc__inbtc,21D,ctrend_lite_breakout,False,ma,,200.0,1,btc,btc,4.425794109463228,0.37014736484800004,0.7745198980100724,-0.8693257187552835,22.23027842227378,3.6620928022686434,0.7318153785257514,-0.8762097373087071
overlay__14D__ctrend_lite_breakout__btc0__ma200__c1__rocash__incash,14D,ctrend_lite_breakout,False,ma,,200.0,1,cash,cash,4.397934711411958,0.3683168063132345,0.7628715229432401,-0.7463026013800567,25.19431554524362,3.5483983455681494,0.7104151936963276,-0.7570492265571394
overlay__14D__ctrend_lite_breakout__btc0__ma200__c1__rocash__inbtc,14D,ctrend_lite_breakout,False,ma,,200.0,1,cash,btc,4.397934711411958,0.3683168063132345,0.7628715229432401,-0.7463026013800567,25.19431554524362,3.5483983455681494,0.7104151936963276,-0.7570492265571394
overlay__14D__ctrend_lite_breakout__btc1__trailing13__c1__robtc__incash,14D,ctrend_lite_breakout,True,trailing,13.0,,1,btc,cash,4.382143188335985,0.36727512945693386,0.7742864116013642,-0.7521805287033221,44.248839907192576,3.0056986335358897,0.6682368560357737,-0.7669165979330353
overlay__14D__ctrend_lite_breakout__btc1__trailing13__c1__robtc__inbtc,14D,ctrend_lite_breakout,True,trailing,13.0,,1,btc,btc,4.382143188335985,0.36727512945693386,0.7742864116013642,-0.7521805287033221,44.248839907192576,3.0056986335358897,0.6682368560357737,-0.7669165979330353
overlay__14D__ctrend_lite_breakout__btc0__trailing20__c2__robtc__incash,14D,ctrend_lite_breakout,False,trailing,20.0,,2,btc,cash,4.332054553664383,0.36395136934249495,0.7614001593748623,-0.7423503421517963,37.89733178654292,3.1365803849365337,0.6791598861686836,-0.7549500243568011
overlay__14D__ctrend_lite_breakout__btc0__trailing20__c2__robtc__inbtc,14D,ctrend_lite_breakout,False,trailing,20.0,,2,btc,btc,4.332054553664383,0.36395136934249495,0.7614001593748623,-0.7423503421517963,37.89733178654292,3.1365803849365337,0.6791598861686836,-0.7549500243568011
overlay__14D__ctrend_lite_breakout__btc1__trailing9__c1__robtc__incash,14D,ctrend_lite_breakout,True,trailing,9.0,,1,btc,cash,4.31993622102214,0.3631426779670972,0.7781801971539675,-0.7316738180153113,44.248839907192576,2.9630310645825713,0.6625585383379495,-0.748998626816609
overlay__14D__ctrend_lite_breakout__btc1__trailing9__c1__robtc__inbtc,14D,ctrend_lite_breakout,True,trailing,9.0,,1,btc,btc,4.31993622102214,0.3631426779670972,0.7781801971539675,-0.7316738180153113,44.248839907192576,2.9630310645825713,0.6625585383379495,-0.748998626816609
overlay__21D__ctrend_lite_breakout__btc0__trailing15__c1__rocash__incash,21D,ctrend_lite_breakout,False,trailing,15.0,,1,cash,cash,4.302886979141078,0.3620018995862948,0.8103818090646357,-0.5188723267040747,17.572505800464036,3.7050537654309084,0.7537538890595317,-0.5506826646313641
overlay__21D__ctrend_lite_breakout__btc0__trailing15__c1__rocash__inbtc,21D,ctrend_lite_breakout,False,trailing,15.0,,1,cash,btc,4.302886979141078,0.3620018995862948,0.8103818090646357,-0.5188723267040747,17.572505800464036,3.7050537654309084,0.7537538890595317,-0.5506826646313641
overlay__21D__ctrend_lite_relative_strength__btc1__ma125__c1__rocash__incash,21D,ctrend_lite_relative_strength,True,ma,,125.0,1,cash,cash,4.278053539064031,0.3603338826885709,0.7523292134324377,-0.673040195924809,15.87877030162413,3.7368464941746473,0.7146423427966663,-0.6832643040114756
overlay__21D__ctrend_lite_relative_strength__btc1__ma125__c1__rocash__inbtc,21D,ctrend_lite_relative_strength,True,ma,,125.0,1,cash,btc,4.278053539064031,0.3603338826885709,0.7523292134324377,-0.673040195924809,15.87877030162413,3.7368464941746473,0.7146423427966663,-0.6832643040114756
overlay__14D__ctrend_lite_breakout__btc1__trailing7__c1__robtc__incash,14D,ctrend_lite_breakout,True,trailing,7.0,,1,btc,cash,4.253198573394865,0.35865675981960976,0.774529101988992,-0.7305496604707293,47.21287703016241,2.8445014926256538,0.6498683807635198,-0.7497592900900265
overlay__14D__ctrend_lite_breakout__btc1__trailing7__c1__robtc__inbtc,14D,ctrend_lite_breakout,True,trailing,7.0,,1,btc,btc,4.253198573394865,0.35865675981960976,0.774529101988992,-0.7305496604707293,47.21287703016241,2.8445014926256538,0.6498683807635198,-0.7497592900900265
overlay__14D__ctrend_lite_relative_strength__btc0__trailing11__c2__robtc__incash,14D,ctrend_lite_relative_strength,False,trailing,11.0,,2,btc,cash,4.250765948010264,0.35849220035829377,0.7658333114710452,-0.6940574137896001,43.40197215777262,2.9367020109520143,0.6634672845666723,-0.7318062719107566
overlay__14D__ctrend_lite_relative_strength__btc0__trailing11__c2__robtc__inbtc,14D,ctrend_lite_relative_strength,False,trailing,11.0,,2,btc,btc,4.250765948010264,0.35849220035829377,0.7658333114710452,-0.6940574137896001,43.40197215777262,2.9367020109520143,0.6634672845666723,-0.7318062719107566
overlay__21D__ctrend_lite_breakout__btc1__trailing11__c1__rocash__incash,21D,ctrend_lite_breakout,True,trailing,11.0,,1,cash,cash,4.221637848783582,0.35651598677463414,0.8165171304967394,-0.37783070357772164,17.995939675174014,3.6220592354462253,0.7556868969202405,-0.3845212991225956
overlay__21D__ctrend_lite_breakout__btc1__trailing11__c1__rocash__inbtc,21D,ctrend_lite_breakout,True,trailing,11.0,,1,cash,btc,4.221637848783582,0.35651598677463414,0.8165171304967394,-0.37783070357772164,17.995939675174014,3.6220592354462253,0.7556868969202405,-0.3845212991225956
overlay__21D__ctrend_lite_breakout__btc1__ma200__c2__robtc__incash,21D,ctrend_lite_breakout,True,ma,,200.0,2,btc,cash,4.187733123987623,0.35420211696810355,0.7614260630428202,-0.8450866351067903,22.65371229698376,3.452631491290083,0.7171466268633828,-0.8484041078468331
overlay__21D__ctrend_lite_breakout__btc1__ma200__c2__robtc__inbtc,21D,ctrend_lite_breakout,True,ma,,200.0,2,btc,btc,4.187733123987623,0.35420211696810355,0.7614260630428202,-0.8450866351067903,22.65371229698376,3.452631491290083,0.7171466268633828,-0.8484041078468331
overlay__21D__ctrend_lite_acceleration__btc0__ma100__c2__rocash__incash,21D,ctrend_lite_acceleration,False,ma,,100.0,2,cash,cash,4.1710358477094776,0.35305715959925443,0.7966986161060583,-0.5410223738008155,15.455336426914153,3.6565507093952143,0.7471077696792384,-0.5459634778456034
overlay__21D__ctrend_lite_acceleration__btc0__ma100__c2__rocash__inbtc,21D,ctrend_lite_acceleration,False,ma,,100.0,2,cash,btc,4.1710358477094776,0.35305715959925443,0.7966986161060583,-0.5410223738008155,15.455336426914153,3.6565507093952143,0.7471077696792384,-0.5459634778456034
overlay__21D__ctrend_lite_breakout__btc0__trailing7__c2__rocash__incash,21D,ctrend_lite_breakout,False,trailing,7.0,,2,cash,cash,4.167194237715885,0.35279322349081665,0.8197524609401537,-0.4792115315916695,18.842807424593968,3.549669778797321,0.754423046118977,-0.5110449420807112
overlay__21D__ctrend_lite_breakout__btc0__trailing7__c2__rocash__inbtc,21D,ctrend_lite_breakout,False,trailing,7.0,,2,cash,btc,4.167194237715885,0.35279322349081665,0.8197524609401537,-0.4792115315916695,18.842807424593968,3.549669778797321,0.754423046118977,-0.5110449420807112
overlay__21D__ctrend_lite_acceleration__btc0__ma100__c1__robtc__incash,21D,ctrend_lite_acceleration,False,ma,,100.0,1,btc,cash,4.141269216993461,0.3510070240420138,0.7625969987419711,-0.6969915637551137,20.536542923433874,3.476476032130285,0.7095115253021973,-0.6980828306323466
overlay__21D__ctrend_lite_acceleration__btc0__ma100__c1__robtc__inbtc,21D,ctrend_lite_acceleration,False,ma,,100.0,1,btc,btc,4.141269216993461,0.3510070240420138,0.7625969987419711,-0.6969915637551137,20.536542923433874,3.476476032130285,0.7095115253021973,-0.6980828306323466
overlay__14D__ctrend_lite_breakout__btc0__ma125__c1__robtc__incash,14D,ctrend_lite_breakout,False,ma,,125.0,1,btc,cash,4.12803075214691,0.35009150946258205,0.756545021900503,-0.7935092103701136,30.27552204176334,3.1894058879236953,0.6968410745660335,-0.7979312146699953
overlay__14D__ctrend_lite_breakout__btc0__ma125__c1__robtc__inbtc,14D,ctrend_lite_breakout,False,ma,,125.0,1,btc,btc,4.12803075214691,0.35009150946258205,0.756545021900503,-0.7935092103701136,30.27552204176334,3.1894058879236953,0.6968410745660335,-0.7979312146699953
overlay__14D__ctrend_lite_breakout__btc1__ma125__c2__robtc__incash,14D,ctrend_lite_breakout,True,ma,,125.0,2,btc,cash,4.120707721343353,0.3495840859130037,0.7553840149831286,-0.7970801139099797,30.27552204176334,3.1837479558576223,0.6953544747011364,-0.8007079086162601
overlay__14D__ctrend_lite_breakout__btc1__ma125__c2__robtc__inbtc,14D,ctrend_lite_breakout,True,ma,,125.0,2,btc,btc,4.120707721343353,0.3495840859130037,0.7553840149831286,-0.7970801139099797,30.27552204176334,3.1837479558576223,0.6953544747011364,-0.8007079086162601
overlay__14D__ctrend_lite_breakout__btc1__ma200__c2__robtc__incash,14D,ctrend_lite_breakout,True,ma,,200.0,2,btc,cash,4.101657922637731,0.3482607596855769,0.7554109116298081,-0.7894205899072926,29.42865429234339,3.1919797185303467,0.6978189465304452,-0.7939411573977686
overlay__14D__ctrend_lite_breakout__btc1__ma200__c2__robtc__inbtc,14D,ctrend_lite_breakout,True,ma,,200.0,2,btc,btc,4.101657922637731,0.3482607596855769,0.7554109116298081,-0.7894205899072926,29.42865429234339,3.1919797185303467,0.6978189465304452,-0.7939411573977686
overlay__14D__ctrend_lite_breakout__btc1__trailing13__c1__rocash__incash,14D,ctrend_lite_breakout,True,trailing,13.0,,1,cash,cash,4.100862551656713,0.348205402628013,0.7726771412871396,-0.6146283246587536,26.041183294663572,3.2854308408002217,0.6957521065493387,-0.6349111213926564
overlay__14D__ctrend_lite_breakout__btc1__trailing13__c1__rocash__inbtc,14D,ctrend_lite_breakout,True,trailing,13.0,,1,cash,btc,4.100862551656713,0.348205402628013,0.7726771412871396,-0.6146283246587536,26.041183294663572,3.2854308408002217,0.6957521065493387,-0.6349111213926564
overlay__14D__ctrend_lite_breakout__btc0__ma200__c2__rocash__incash,14D,ctrend_lite_breakout,False,ma,,200.0,2,cash,cash,4.094645961640458,0.3477724420823405,0.7455656101138034,-0.762093003926468,24.770881670533644,3.315636075291383,0.6940722181506446,-0.7713472682157223
overlay__14D__ctrend_lite_breakout__btc0__ma200__c2__rocash__inbtc,14D,ctrend_lite_breakout,False,ma,,200.0,2,cash,btc,4.094645961640458,0.3477724420823405,0.7455656101138034,-0.762093003926468,24.770881670533644,3.315636075291383,0.6940722181506446,-0.7713472682157223
overlay__21D__ctrend_lite_breakout__btc1__trailing7__c1__robtc__incash,21D,ctrend_lite_breakout,True,trailing,7.0,,1,btc,cash,4.077302216708375,0.34656177435335156,0.7640704077027526,-0.6960624830221374,35.356728538283065,3.016732920578483,0.6686322397627228,-0.7136275892298534
overlay__21D__ctrend_lite_breakout__btc1__trailing7__c1__robtc__inbtc,21D,ctrend_lite_breakout,True,trailing,7.0,,1,btc,btc,4.077302216708375,0.34656177435335156,0.7640704077027526,-0.6960624830221374,35.356728538283065,3.016732920578483,0.6686322397627228,-0.7136275892298534
overlay__21D__ctrend_lite_relative_strength__btc1__trailing11__c2__rocash__incash,21D,ctrend_lite_relative_strength,True,trailing,11.0,,2,cash,cash,4.070111646754687,0.34605865110630263,0.7706428777945363,-0.6722078546419337,17.572505800464036,3.5045918330829333,0.7193592397527101,-0.6826719603438423
overlay__21D__ctrend_lite_relative_strength__btc1__trailing11__c2__rocash__inbtc,21D,ctrend_lite_relative_strength,True,trailing,11.0,,2,cash,btc,4.070111646754687,0.34605865110630263,0.7706428777945363,-0.6722078546419337,17.572505800464036,3.5045918330829333,0.7193592397527101,-0.6826719603438423
overlay__21D__ctrend_lite_breakout__btc1__trailing15__c1__rocash__incash,21D,ctrend_lite_breakout,True,trailing,15.0,,1,cash,cash,4.05509206990601,0.34500546878584526,0.7948764185887396,-0.4796914084952286,17.572505800464036,3.4916869105805173,0.7368720155333541,-0.5017158380153244
overlay__21D__ctrend_lite_breakout__btc1__trailing15__c1__rocash__inbtc,21D,ctrend_lite_breakout,True,trailing,15.0,,1,cash,btc,4.05509206990601,0.34500546878584526,0.7948764185887396,-0.4796914084952286,17.572505800464036,3.4916869105805173,0.7368720155333541,-0.5017158380153244
overlay__14D__ctrend_lite_breakout__btc0__trailing11__c2__rocash__incash,14D,ctrend_lite_breakout,False,trailing,11.0,,2,cash,cash,4.051213829294954,0.3447330246562885,0.7633981130574675,-0.7278627878038513,24.770881670533644,3.2809104442682897,0.6931445205199477,-0.7469520068858331
overlay__14D__ctrend_lite_breakout__btc0__trailing11__c2__rocash__inbtc,14D,ctrend_lite_breakout,False,trailing,11.0,,2,cash,btc,4.051213829294954,0.3447330246562885,0.7633981130574675,-0.7278627878038513,24.770881670533644,3.2809104442682897,0.6931445205199477,-0.7469520068858331
overlay__14D__ctrend_lite_breakout__btc0__trailing9__c1__rocash__incash,14D,ctrend_lite_breakout,False,trailing,9.0,,1,cash,cash,4.007200781987643,0.3416266365442864,0.803745344914039,-0.4709965873599986,24.347447795823665,3.257112527551497,0.719541714683425,-0.5095577010609473
overlay__14D__ctrend_lite_breakout__btc0__trailing9__c1__rocash__inbtc,14D,ctrend_lite_breakout,False,trailing,9.0,,1,cash,btc,4.007200781987643,0.3416266365442864,0.803745344914039,-0.4709965873599986,24.347447795823665,3.257112527551497,0.719541714683425,-0.5095577010609473
overlay__21D__ctrend_lite_breakout__btc1__trailing13__c1__rocash__incash,21D,ctrend_lite_breakout,True,trailing,13.0,,1,cash,cash,4.001242234960478,0.34120402513044024,0.7883644187334274,-0.5819658763366761,17.572505800464036,3.4453462453272894,0.7305567347697585,-0.5923800246444482
overlay__21D__ctrend_lite_breakout__btc1__trailing13__c1__rocash__inbtc,21D,ctrend_lite_breakout,True,trailing,13.0,,1,cash,btc,4.001242234960478,0.34120402513044024,0.7883644187334274,-0.5819658763366761,17.572505800464036,3.4453462453272894,0.7305567347697585,-0.5923800246444482
overlay__14D__ctrend_lite_breakout__btc0__ma150__c2__robtc__incash,14D,ctrend_lite_breakout,False,ma,,150.0,2,btc,cash,3.9888895513899856,0.3403263252799795,0.7498386861744996,-0.8031670570041642,29.42865429234339,3.1042214606006024,0.6925750476597472,-0.807382238329424
overlay__14D__ctrend_lite_breakout__btc0__ma150__c2__robtc__inbtc,14D,ctrend_lite_breakout,False,ma,,150.0,2,btc,btc,3.9888895513899856,0.3403263252799795,0.7498386861744996,-0.8031670570041642,29.42865429234339,3.1042214606006024,0.6925750476597472,-0.807382238329424
overlay__14D__ctrend_lite_breakout__btc0__trailing7__c1__robtc__incash,14D,ctrend_lite_breakout,False,trailing,7.0,,1,btc,cash,3.9855419688541622,0.3400880992933306,0.7538889054794244,-0.7737484499733608,51.0237819025522,2.5803327343095854,0.620647574365269,-0.7906350959540194
overlay__14D__ctrend_lite_breakout__btc0__trailing7__c1__robtc__inbtc,14D,ctrend_lite_breakout,False,trailing,7.0,,1,btc,btc,3.9855419688541622,0.3400880992933306,0.7538889054794244,-0.7737484499733608,51.0237819025522,2.5803327343095854,0.620647574365269,-0.7906350959540194
overlay__14D__ctrend_lite_breakout__btc1__trailing20__c2__robtc__incash,14D,ctrend_lite_breakout,True,trailing,20.0,,2,btc,cash,3.9744893380255983,0.3393004326532638,0.7389451815595558,-0.7423503421517963,37.47389791183295,2.888090183910244,0.657311868983751,-0.7549500243568011
overlay__14D__ctrend_lite_breakout__btc1__trailing20__c2__robtc__inbtc,14D,ctrend_lite_breakout,True,trailing,20.0,,2,btc,btc,3.9744893380255983,0.3393004326532638,0.7389451815595558,-0.7423503421517963,37.47389791183295,2.888090183910244,0.657311868983751,-0.7549500243568011
overlay__21D__ctrend_lite_acceleration__btc0__ma125__c1__rocash__incash,21D,ctrend_lite_acceleration,False,ma,,125.0,1,cash,cash,3.9713814996516748,0.339078641310129,0.7719396559155931,-0.5410223738008155,15.87877030162413,3.4689708528636842,0.7226578416755293,-0.5459634778456035
overlay__21D__ctrend_lite_acceleration__btc0__ma125__c1__rocash__inbtc,21D,ctrend_lite_acceleration,False,ma,,125.0,1,cash,btc,3.9713814996516748,0.339078641310129,0.7719396559155931,-0.5410223738008155,15.87877030162413,3.4689708528636842,0.7226578416755293,-0.5459634778456035
overlay__21D__ctrend_lite_relative_strength__btc1__ma150__c2__rocash__incash,21D,ctrend_lite_relative_strength,True,ma,,150.0,2,cash,cash,3.9464809285773708,0.33729665099988937,0.7303082015838022,-0.7378353460349483,16.302204176334108,3.4347644677478693,0.6921728366920231,-0.7480342026346259
overlay__21D__ctrend_lite_relative_strength__btc1__ma150__c2__rocash__inbtc,21D,ctrend_lite_relative_strength,True,ma,,150.0,2,cash,btc,3.9464809285773708,0.33729665099988937,0.7303082015838022,-0.7378353460349483,16.302204176334108,3.4347644677478693,0.6921728366920231,-0.7480342026346259
overlay__21D__ctrend_lite_relative_strength__btc1__trailing11__c1__robtc__incash,21D,ctrend_lite_relative_strength,True,trailing,11.0,,1,btc,cash,3.8776094546210236,0.3323213317242224,0.7437363980970122,-0.6720572136409192,32.39269141531322,2.942363931355599,0.6604745188528763,-0.6808115792615335
overlay__21D__ctrend_lite_relative_strength__btc1__trailing11__c1__robtc__inbtc,21D,ctrend_lite_relative_strength,True,trailing,11.0,,1,btc,btc,3.8776094546210236,0.3323213317242224,0.7437363980970122,-0.6720572136409192,32.39269141531322,2.942363931355599,0.6604745188528763,-0.6808115792615335
overlay__21D__ctrend_lite_relative_strength__btc1__ma150__c1__rocash__incash,21D,ctrend_lite_relative_strength,True,ma,,150.0,1,cash,cash,3.8323698674274276,0.3290151587410943,0.7221676071914184,-0.7321949274854513,16.302204176334108,3.335449502007985,0.6839727312457972,-0.7426132103848926
overlay__21D__ctrend_lite_relative_strength__btc1__ma150__c1__rocash__inbtc,21D,ctrend_lite_relative_strength,True,ma,,150.0,1,cash,btc,3.8323698674274276,0.3290151587410943,0.7221676071914184,-0.7321949274854513,16.302204176334108,3.335449502007985,0.6839727312457972,-0.7426132103848926
overlay__14D__ctrend_lite_relative_strength__btc0__trailing11__c1__robtc__incash,14D,ctrend_lite_relative_strength,False,trailing,11.0,,1,btc,cash,3.8270550060499873,0.3286247247833496,0.7387380682744645,-0.7224624587609918,45.09570765661253,2.6060920774539635,0.6268285831323203,-0.7460097404481785
overlay__14D__ctrend_lite_relative_strength__btc0__trailing11__c1__robtc__inbtc,14D,ctrend_lite_relative_strength,False,trailing,11.0,,1,btc,btc,3.8270550060499873,0.3286247247833496,0.7387380682744645,-0.7224624587609918,45.09570765661253,2.6060920774539635,0.6268285831323203,-0.7460097404481785
overlay__14D__ctrend_lite_breakout__btc1__ma125__c2__rocash__incash,14D,ctrend_lite_breakout,True,ma,,125.0,2,cash,cash,3.797013700577811,0.3264097952096243,0.7223595992137244,-0.7422980600662661,25.617749419953597,3.052595122958831,0.666300932982408,-0.7523213364460892
overlay__14D__ctrend_lite_breakout__btc1__ma125__c2__rocash__inbtc,14D,ctrend_lite_breakout,True,ma,,125.0,2,cash,btc,3.797013700577811,0.3264097952096243,0.7223595992137244,-0.7422980600662661,25.617749419953597,3.052595122958831,0.666300932982408,-0.7523213364460892
overlay__21D__ctrend_lite_acceleration__btc0__ma100__c2__robtc__incash,21D,ctrend_lite_acceleration,False,ma,,100.0,2,btc,cash,3.7958030725833978,0.32632024709328955,0.7361833334682601,-0.6903129982018512,20.1131090487239,3.197984521808526,0.6842064379273283,-0.6914283175360589
overlay__21D__ctrend_lite_acceleration__btc0__ma100__c2__robtc__inbtc,21D,ctrend_lite_acceleration,False,ma,,100.0,2,btc,btc,3.7958030725833978,0.32632024709328955,0.7361833334682601,-0.6903129982018512,20.1131090487239,3.197984521808526,0.6842064379273283,-0.6914283175360589
overlay__21D__ctrend_lite_relative_strength__btc1__ma125__c2__rocash__incash,21D,ctrend_lite_relative_strength,True,ma,,125.0,2,cash,cash,3.7832089297825786,0.3253873416335078,0.7184467159467027,-0.7052969778078857,16.725638051044083,3.280856816498774,0.6790465263002923,-0.7167605316302577
overlay__21D__ctrend_lite_relative_strength__btc1__ma125__c2__rocash__inbtc,21D,ctrend_lite_relative_strength,True,ma,,125.0,2,cash,btc,3.7832089297825786,0.3253873416335078,0.7184467159467027,-0.7052969778078857,16.725638051044083,3.280856816498774,0.6790465263002923,-0.7167605316302577
overlay__14D__ctrend_lite_breakout__btc1__ma150__c2__robtc__incash,14D,ctrend_lite_breakout,True,ma,,150.0,2,btc,cash,3.780451201567766,0.32518273751608606,0.7349216431642475,-0.7656790035992982,29.852088167053363,2.93141572521242,0.6759949357712978,-0.770696992321671
overlay__14D__ctrend_lite_breakout__btc1__ma150__c2__robtc__inbtc,14D,ctrend_lite_breakout,True,ma,,150.0,2,btc,btc,3.780451201567766,0.32518273751608606,0.7349216431642475,-0.7656790035992982,29.852088167053363,2.93141572521242,0.6759949357712978,-0.770696992321671
overlay__21D__ctrend_lite_acceleration__btc0__ma100__c1__rocash__incash,21D,ctrend_lite_acceleration,False,ma,,100.0,1,cash,cash,3.7761738299116097,0.32486515361108736,0.761836730791701,-0.5410223738008155,15.455336426914153,3.310406935127978,0.7116245130219108,-0.5459634778456033
overlay__21D__ctrend_lite_acceleration__btc0__ma100__c1__rocash__inbtc,21D,ctrend_lite_acceleration,False,ma,,100.0,1,cash,btc,3.7761738299116097,0.32486515361108736,0.761836730791701,-0.5410223738008155,15.455336426914153,3.310406935127978,0.7116245130219108,-0.5459634778456033
overlay__21D__ctrend_lite_relative_strength__btc0__trailing11__c1__robtc__incash,21D,ctrend_lite_relative_strength,False,trailing,11.0,,1,btc,cash,3.76643897207112,0.3241413068245742,0.734931834970287,-0.6720572136409192,34.933294663573086,2.7968025264484084,0.6452533655406542,-0.6808115792615335
overlay__21D__ctrend_lite_relative_strength__btc0__trailing11__c1__robtc__inbtc,21D,ctrend_lite_relative_strength,False,trailing,11.0,,1,btc,btc,3.76643897207112,0.3241413068245742,0.734931834970287,-0.6720572136409192,34.933294663573086,2.7968025264484084,0.6452533655406542,-0.6808115792615335
overlay__14D__ctrend_lite_relative_strength__btc1__trailing11__c1__robtc__incash,14D,ctrend_lite_relative_strength,True,trailing,11.0,,1,btc,cash,3.7520197433548756,0.3230664333469533,0.732949377058905,-0.7224624587609918,42.55510440835267,2.6109083116801215,0.627251317163387,-0.7460097404481785
overlay__14D__ctrend_lite_relative_strength__btc1__trailing11__c1__robtc__inbtc,14D,ctrend_lite_relative_strength,True,trailing,11.0,,1,btc,btc,3.7520197433548756,0.3230664333469533,0.732949377058905,-0.7224624587609918,42.55510440835267,2.6109083116801215,0.627251317163387,-0.7460097404481785
overlay__14D__ctrend_lite_breakout__btc1__trailing7__c2__robtc__incash,14D,ctrend_lite_breakout,True,trailing,7.0,,2,btc,cash,3.739626291376602,0.32213996500325015,0.7319962237153987,-0.7893619846346779,43.8254060324826,2.5742693336447315,0.6205466874618788,-0.8043787712751422
overlay__14D__ctrend_lite_breakout__btc1__trailing7__c2__robtc__inbtc,14D,ctrend_lite_breakout,True,trailing,7.0,,2,btc,btc,3.739626291376602,0.32213996500325015,0.7319962237153987,-0.7893619846346779,43.8254060324826,2.5742693336447315,0.6205466874618788,-0.8043787712751422
overlay__21D__ctrend_lite_breakout__btc0__trailing9__c1__rocash__incash,21D,ctrend_lite_breakout,False,trailing,9.0,,1,cash,cash,3.7318421632333845,0.32155682691777776,0.790442113938074,-0.4396121045730049,17.995939675174014,3.201852301184221,0.7245675925756432,-0.46910420541259634
overlay__21D__ctrend_lite_breakout__btc0__trailing9__c1__rocash__inbtc,21D,ctrend_lite_breakout,False,trailing,9.0,,1,cash,btc,3.7318421632333845,0.32155682691777776,0.790442113938074,-0.4396121045730049,17.995939675174014,3.201852301184221,0.7245675925756432,-0.46910420541259634
overlay__14D__ctrend_lite_breakout__btc1__trailing9__c1__rocash__incash,14D,ctrend_lite_breakout,True,trailing,9.0,,1,cash,cash,3.720985667669754,0.3207419230365145,0.7763024631345621,-0.4983968342246151,24.347447795823665,3.024472616267361,0.6911543790821159,-0.5349606374932785
overlay__14D__ctrend_lite_breakout__btc1__trailing9__c1__rocash__inbtc,14D,ctrend_lite_breakout,True,trailing,9.0,,1,cash,btc,3.720985667669754,0.3207419230365145,0.7763024631345621,-0.4983968342246151,24.347447795823665,3.024472616267361,0.6911543790821159,-0.5349606374932785
overlay__14D__ctrend_lite_breakout__btc1__ma125__c1__robtc__incash,14D,ctrend_lite_breakout,True,ma,,125.0,1,btc,cash,3.700862655457856,0.31922649168947825,0.7293563228969583,-0.7894669418807572,30.27552204176334,2.8593665726873234,0.6690738727783968,-0.7932308446133027
overlay__14D__ctrend_lite_breakout__btc1__ma125__c1__robtc__inbtc,14D,ctrend_lite_breakout,True,ma,,125.0,1,btc,btc,3.700862655457856,0.31922649168947825,0.7293563228969583,-0.7894669418807572,30.27552204176334,2.8593665726873234,0.6690738727783968,-0.7932308446133027
overlay__21D__ctrend_lite_relative_strength__btc1__ma100__c1__robtc__incash,21D,ctrend_lite_relative_strength,True,ma,,100.0,1,btc,cash,3.6559206296113165,0.3158183828063583,0.7180730454363301,-0.7307099652836133,19.266241299303946,3.102439070717891,0.6768856885234227,-0.7352708984565131
overlay__21D__ctrend_lite_relative_strength__btc1__ma100__c1__robtc__inbtc,21D,ctrend_lite_relative_strength,True,ma,,100.0,1,btc,btc,3.6559206296113165,0.3158183828063583,0.7180730454363301,-0.7307099652836133,19.266241299303946,3.102439070717891,0.6768856885234227,-0.7352708984565131
overlay__14D__ctrend_lite_breakout__btc0__trailing15__c1__rocash__incash,14D,ctrend_lite_breakout,False,trailing,15.0,,1,cash,cash,3.64496434189401,0.3149825261215342,0.7266629381517767,-0.6904934477548808,27.311484918793504,2.888771074333165,0.6502613615989291,-0.7078381688937886
overlay__14D__ctrend_lite_breakout__btc0__trailing15__c1__rocash__inbtc,14D,ctrend_lite_breakout,False,trailing,15.0,,1,cash,btc,3.64496434189401,0.3149825261215342,0.7266629381517767,-0.6904934477548808,27.311484918793504,2.888771074333165,0.6502613615989291,-0.7078381688937886
overlay__14D__ctrend_lite_relative_strength__btc1__trailing11__c2__robtc__incash,14D,ctrend_lite_relative_strength,True,trailing,11.0,,2,btc,cash,3.6055572868990065,0.31195968769240934,0.7201522265352288,-0.7251030419604554,42.55510440835267,2.5089898594686244,0.6196678811738763,-0.7581503145722197
overlay__14D__ctrend_lite_relative_strength__btc1__trailing11__c2__robtc__inbtc,14D,ctrend_lite_relative_strength,True,trailing,11.0,,2,btc,btc,3.6055572868990065,0.31195968769240934,0.7201522265352288,-0.7251030419604554,42.55510440835267,2.5089898594686244,0.6196678811738763,-0.7581503145722197
overlay__21D__ctrend_lite_relative_strength__btc1__trailing13__c1__robtc__incash,21D,ctrend_lite_relative_strength,True,trailing,13.0,,1,btc,cash,3.5521741705233336,0.3078229586229073,0.7171418505341027,-0.773752176272708,31.122389791183295,2.724754017658085,0.6372012298496511,-0.7856710802940251
overlay__21D__ctrend_lite_relative_strength__btc1__trailing13__c1__robtc__inbtc,21D,ctrend_lite_relative_strength,True,trailing,13.0,,1,btc,btc,3.5521741705233336,0.3078229586229073,0.7171418505341027,-0.773752176272708,31.122389791183295,2.724754017658085,0.6372012298496511,-0.7856710802940251
overlay__14D__ctrend_lite_breakout__btc0__ma200__c2__robtc__incash,14D,ctrend_lite_breakout,False,ma,,200.0,2,btc,cash,3.504512205452154,0.30408795180999104,0.7224046972659122,-0.8231103244713311,28.158352668213457,2.7569506341721444,0.6681392113620512,-0.8268984203335947
overlay__14D__ctrend_lite_breakout__btc0__ma200__c2__robtc__inbtc,14D,ctrend_lite_breakout,False,ma,,200.0,2,btc,btc,3.504512205452154,0.30408795180999104,0.7224046972659122,-0.8231103244713311,28.158352668213457,2.7569506341721444,0.6681392113620512,-0.8268984203335947
overlay__21D__ctrend_lite_breakout__btc1__ma200__c1__robtc__incash,21D,ctrend_lite_breakout,True,ma,,200.0,1,btc,cash,3.4394109998736577,0.2989210815746828,0.7157688607302284,-0.8432361030126867,22.65371229698376,2.8356675026955216,0.6714078978252186,-0.8465932049337301
overlay__21D__ctrend_lite_breakout__btc1__ma200__c1__robtc__inbtc,21D,ctrend_lite_breakout,True,ma,,200.0,1,btc,btc,3.4394109998736577,0.2989210815746828,0.7157688607302284,-0.8432361030126867,22.65371229698376,2.8356675026955216,0.6714078978252186,-0.8465932049337301
overlay__14D__ctrend_lite_breakout__btc0__ma150__c1__robtc__incash,14D,ctrend_lite_breakout,False,ma,,150.0,1,btc,cash,3.43423625888404,0.29850708132583326,0.7152183697597706,-0.8122608318482231,29.852088167053363,2.662955725817174,0.6569455828299706,-0.8162812698072794
overlay__14D__ctrend_lite_breakout__btc0__ma150__c1__robtc__inbtc,14D,ctrend_lite_breakout,False,ma,,150.0,1,btc,btc,3.43423625888404,0.29850708132583326,0.7152183697597706,-0.8122608318482231,29.852088167053363,2.662955725817174,0.6569455828299706,-0.8162812698072794
overlay__21D__ctrend_lite_relative_strength__btc0__trailing11__c2__robtc__incash,21D,ctrend_lite_relative_strength,False,trailing,11.0,,2,btc,cash,3.4192956154279526,0.29730900346151845,0.7062222485033373,-0.6222972270419731,31.969257540603248,2.6039694272178115,0.6293518593890045,-0.6323799253293934
overlay__21D__ctrend_lite_relative_strength__btc0__trailing11__c2__robtc__inbtc,21D,ctrend_lite_relative_strength,False,trailing,11.0,,2,btc,btc,3.4192956154279526,0.29730900346151845,0.7062222485033373,-0.6222972270419731,31.969257540603248,2.6039694272178115,0.6293518593890045,-0.6323799253293934
overlay__21D__ctrend_lite_acceleration__btc1__ma100__c1__robtc__incash,21D,ctrend_lite_acceleration,True,ma,,100.0,1,btc,cash,3.4186713289723305,0.29725885269755836,0.704323807241628,-0.6969915637551137,20.1131090487239,2.88024899768135,0.6524430309413134,-0.6980828306323466
overlay__21D__ctrend_lite_acceleration__btc1__ma100__c1__robtc__inbtc,21D,ctrend_lite_acceleration,True,ma,,100.0,1,btc,btc,3.4186713289723305,0.29725885269755836,0.704323807241628,-0.6969915637551137,20.1131090487239,2.88024899768135,0.6524430309413134,-0.6980828306323466
overlay__14D__ctrend_lite_breakout__btc0__trailing13__c2__rocash__incash,14D,ctrend_lite_breakout,False,trailing,13.0,,2,cash,cash,3.3721137301781896,0.2934982332603904,0.698747566929957,-0.7619684825270716,27.311484918793504,2.6724523401496385,0.6257233776000203,-0.7761160743540403
overlay__14D__ctrend_lite_breakout__btc0__trailing13__c2__rocash__inbtc,14D,ctrend_lite_breakout,False,trailing,13.0,,2,cash,btc,3.3721137301781896,0.2934982332603904,0.698747566929957,-0.7619684825270716,27.311484918793504,2.6724523401496385,0.6257233776000203,-0.7761160743540403
overlay__14D__ctrend_lite_breakout__btc1__ma150__c1__robtc__incash,14D,ctrend_lite_breakout,True,ma,,150.0,1,btc,cash,3.3589463359576563,0.29242723563541784,0.7075838745889128,-0.7765047441997865,30.27552204176334,2.59519462531895,0.6478211962261357,-0.7858648857876385
overlay__14D__ctrend_lite_breakout__btc1__ma150__c1__robtc__inbtc,14D,ctrend_lite_breakout,True,ma,,150.0,1,btc,btc,3.3589463359576563,0.29242723563541784,0.7075838745889128,-0.7765047441997865,30.27552204176334,2.59519462531895,0.6478211962261357,-0.7858648857876385
overlay__14D__ctrend_lite_breakout__btc1__trailing11__c2__rocash__incash,14D,ctrend_lite_breakout,True,trailing,11.0,,2,cash,cash,3.3459893307927535,0.29137011491700693,0.6998196153842862,-0.7367383761213349,25.19431554524362,2.7000191990339886,0.627912029310661,-0.755670865060617
overlay__14D__ctrend_lite_breakout__btc1__trailing11__c2__rocash__inbtc,14D,ctrend_lite_breakout,True,trailing,11.0,,2,cash,btc,3.3459893307927535,0.29137011491700693,0.6998196153842862,-0.7367383761213349,25.19431554524362,2.7000191990339886,0.627912029310661,-0.755670865060617
overlay__21D__ctrend_lite_relative_strength__btc1__ma100__c1__rocash__incash,21D,ctrend_lite_relative_strength,True,ma,,100.0,1,cash,cash,3.3296149655589087,0.2900295570268354,0.6798899520569647,-0.6250872713473328,15.455336426914153,2.918928251126109,0.6417299018850258,-0.6370599362237186
overlay__21D__ctrend_lite_relative_strength__btc1__ma100__c1__rocash__inbtc,21D,ctrend_lite_relative_strength,True,ma,,100.0,1,cash,btc,3.3296149655589087,0.2900295570268354,0.6798899520569647,-0.6250872713473328,15.455336426914153,2.918928251126109,0.6417299018850258,-0.6370599362237186
overlay__21D__ctrend_lite_relative_strength__btc1__ma125__c2__robtc__incash,21D,ctrend_lite_relative_strength,True,ma,,125.0,2,btc,cash,3.2929916705161273,0.2870123176772028,0.6954424645394611,-0.8319801810137306,20.1131090487239,2.7743632088868466,0.6533480729809434,-0.8396788959020809
overlay__21D__ctrend_lite_relative_strength__btc1__ma125__c2__robtc__inbtc,21D,ctrend_lite_relative_strength,True,ma,,125.0,2,btc,btc,3.2929916705161273,0.2870123176772028,0.6954424645394611,-0.8319801810137306,20.1131090487239,2.7743632088868466,0.6533480729809434,-0.8396788959020809
overlay__14D__ctrend_lite_breakout__btc0__trailing7__c2__robtc__incash,14D,ctrend_lite_breakout,False,trailing,7.0,,2,btc,cash,3.284913832075352,0.2863432606383953,0.6937149720098379,-0.8231318707773901,47.63631090487239,2.189009162136968,0.5736714803225097,-0.8363327062328463
overlay__14D__ctrend_lite_breakout__btc0__trailing7__c2__robtc__inbtc,14D,ctrend_lite_breakout,False,trailing,7.0,,2,btc,btc,3.284913832075352,0.2863432606383953,0.6937149720098379,-0.8231318707773901,47.63631090487239,2.189009162136968,0.5736714803225097,-0.8363327062328463
overlay__21D__ctrend_lite_acceleration__btc1__ma100__c2__rocash__incash,21D,ctrend_lite_acceleration,True,ma,,100.0,2,cash,cash,3.278878547890362,0.28584253371375135,0.7060329331106653,-0.5410223738008156,16.302204176334108,2.853771461474883,0.6537460291970992,-0.5459634778456031
overlay__21D__ctrend_lite_acceleration__btc1__ma100__c2__rocash__inbtc,21D,ctrend_lite_acceleration,True,ma,,100.0,2,cash,btc,3.278878547890362,0.28584253371375135,0.7060329331106653,-0.5410223738008156,16.302204176334108,2.853771461474883,0.6537460291970992,-0.5459634778456031
overlay__14D__ctrend_lite_breakout__btc0__ma75__c1__robtc__incash,14D,ctrend_lite_breakout,False,ma,,75.0,1,btc,cash,3.272867592354203,0.28534310258635887,0.6971185054506918,-0.757060031741305,35.780162412993036,2.4128231221660776,0.6239038926673716,-0.7652453529662416
overlay__14D__ctrend_lite_breakout__btc0__ma75__c1__robtc__inbtc,14D,ctrend_lite_breakout,False,ma,,75.0,1,btc,btc,3.272867592354203,0.28534310258635887,0.6971185054506918,-0.757060031741305,35.780162412993036,2.4128231221660776,0.6239038926673716,-0.7652453529662416
overlay__14D__ctrend_lite_breakout__btc0__ma75__c2__robtc__incash,14D,ctrend_lite_breakout,False,ma,,75.0,2,btc,cash,3.2605575209777378,0.2843180371164422,0.6972339505180043,-0.7362115928205681,33.23955916473318,2.456350690664241,0.6294907115471607,-0.7432533704079536
overlay__14D__ctrend_lite_breakout__btc0__ma75__c2__robtc__inbtc,14D,ctrend_lite_breakout,False,ma,,75.0,2,btc,btc,3.2605575209777378,0.2843180371164422,0.6972339505180043,-0.7362115928205681,33.23955916473318,2.456350690664241,0.6294907115471607,-0.7432533704079536
overlay__14D__ctrend_lite_relative_strength__btc0__trailing13__c1__robtc__incash,14D,ctrend_lite_relative_strength,False,trailing,13.0,,1,btc,cash,3.2582450356603148,0.28412513511290816,0.691551405390613,-0.7646672904105787,45.94257540603248,2.20279953323191,0.5806413861534274,-0.780259036892583
overlay__14D__ctrend_lite_relative_strength__btc0__trailing13__c1__robtc__inbtc,14D,ctrend_lite_relative_strength,False,trailing,13.0,,1,btc,btc,3.2582450356603148,0.28412513511290816,0.691551405390613,-0.7646672904105787,45.94257540603248,2.20279953323191,0.5806413861534274,-0.780259036892583
overlay__21D__ctrend_lite_acceleration__btc1__ma125__c1__rocash__incash,21D,ctrend_lite_acceleration,True,ma,,125.0,1,cash,cash,3.2510975990115356,0.28352822993613835,0.6989476653742646,-0.5435546660315427,16.725638051044083,2.8193904980919964,0.6470772205164668,-0.5517131975249523
overlay__21D__ctrend_lite_acceleration__btc1__ma125__c1__rocash__inbtc,21D,ctrend_lite_acceleration,True,ma,,125.0,1,cash,btc,3.2510975990115356,0.28352822993613835,0.6989476653742646,-0.5435546660315427,16.725638051044083,2.8193904980919964,0.6470772205164668,-0.5517131975249523
overlay__14D__ctrend_lite_relative_strength__btc0__trailing13__c2__robtc__incash,14D,ctrend_lite_relative_strength,False,trailing,13.0,,2,btc,cash,3.2508468039791985,0.2835072664669014,0.6937018257014871,-0.7504377359392473,45.519141531322504,2.2057416632340807,0.5888565711494358,-0.7776496445918167
overlay__14D__ctrend_lite_relative_strength__btc0__trailing13__c2__robtc__inbtc,14D,ctrend_lite_relative_strength,False,trailing,13.0,,2,btc,btc,3.2508468039791985,0.2835072664669014,0.6937018257014871,-0.7504377359392473,45.519141531322504,2.2057416632340807,0.5888565711494358,-0.7776496445918167
overlay__21D__ctrend_lite_breakout__btc0__trailing7__c1__robtc__incash,21D,ctrend_lite_breakout,False,trailing,7.0,,1,btc,cash,3.2429238275852037,0.2828443430139378,0.6919034049500533,-0.6960624830221374,39.167633410672856,2.3227289117916543,0.585784620576554,-0.7136275892298534
overlay__21D__ctrend_lite_breakout__btc0__trailing7__c1__robtc__inbtc,21D,ctrend_lite_breakout,False,trailing,7.0,,1,btc,btc,3.2429238275852037,0.2828443430139378,0.6919034049500533,-0.6960624830221374,39.167633410672856,2.3227289117916543,0.585784620576554,-0.7136275892298534
overlay__14D__ctrend_lite_relative_strength__btc0__trailing11__c2__rocash__incash,14D,ctrend_lite_relative_strength,False,trailing,11.0,,2,cash,cash,3.1791722620258343,0.27746318904505873,0.682142270569261,-0.7218537705410546,25.19431554524362,2.565407506087986,0.61101920036677,-0.7402665961643342
overlay__14D__ctrend_lite_relative_strength__btc0__trailing11__c2__rocash__inbtc,14D,ctrend_lite_relative_strength,False,trailing,11.0,,2,cash,btc,3.1791722620258343,0.27746318904505873,0.682142270569261,-0.7218537705410546,25.19431554524362,2.565407506087986,0.61101920036677,-0.7402665961643342
overlay__14D__ctrend_lite_breakout__btc1__ma75__c1__robtc__incash,14D,ctrend_lite_breakout,True,ma,,75.0,1,btc,cash,3.1726708635454313,0.27690965153280755,0.6885137136310955,-0.757060031741305,34.933294663573086,2.355894772901035,0.6166515252969255,-0.7652453529662416
overlay__14D__ctrend_lite_breakout__btc1__ma75__c1__robtc__inbtc,14D,ctrend_lite_breakout,True,ma,,75.0,1,btc,btc,3.1726708635454313,0.27690965153280755,0.6885137136310955,-0.757060031741305,34.933294663573086,2.355894772901035,0.6166515252969255,-0.7652453529662416
overlay__21D__ctrend_lite_acceleration__btc1__ma100__c1__rocash__incash,21D,ctrend_lite_acceleration,True,ma,,100.0,1,cash,cash,3.1135411220575624,0.2718337765773968,0.687789708687243,-0.5410223738008153,16.302204176334108,2.7098808318141763,0.6349989776167941,-0.5459634778456032
overlay__21D__ctrend_lite_acceleration__btc1__ma100__c1__rocash__inbtc,21D,ctrend_lite_acceleration,True,ma,,100.0,1,cash,btc,3.1135411220575624,0.2718337765773968,0.687789708687243,-0.5410223738008153,16.302204176334108,2.7098808318141763,0.6349989776167941,-0.5459634778456032
overlay__14D__ctrend_lite_acceleration__btc1__ma150__c2__rocash__incash,14D,ctrend_lite_acceleration,True,ma,,150.0,2,cash,cash,3.105080544323198,0.27110129447966314,0.6720028665796298,-0.5520347739986153,27.734918793503482,2.4516694376049393,0.593923501748621,-0.5600434808178409
overlay__14D__ctrend_lite_acceleration__btc1__ma150__c2__rocash__inbtc,14D,ctrend_lite_acceleration,True,ma,,150.0,2,cash,btc,3.105080544323198,0.27110129447966314,0.6720028665796298,-0.5520347739986153,27.734918793503482,2.4516694376049393,0.593923501748621,-0.5600434808178409
overlay__21D__ctrend_lite_relative_strength__btc1__ma125__c1__robtc__incash,21D,ctrend_lite_relative_strength,True,ma,,125.0,1,btc,cash,3.0801424258947034,0.2689330624044515,0.6783056368217648,-0.8299271191599833,18.842807424593968,2.623277354903866,0.6387619321306975,-0.8359538743502399
overlay__21D__ctrend_lite_relative_strength__btc1__ma125__c1__robtc__inbtc,21D,ctrend_lite_relative_strength,True,ma,,125.0,1,btc,btc,3.0801424258947034,0.2689330624044515,0.6783056368217648,-0.8299271191599833,18.842807424593968,2.623277354903866,0.6387619321306975,-0.8359538743502399
overlay__14D__ctrend_lite_breakout__btc1__ma200__c1__robtc__incash,14D,ctrend_lite_breakout,True,ma,,200.0,1,btc,cash,3.079504555577522,0.26887742186116337,0.6891917142041452,-0.7891748507946796,29.852088167053363,2.387891708889034,0.6307638922519371,-0.8045582571888673
overlay__14D__ctrend_lite_breakout__btc1__ma200__c1__robtc__inbtc,14D,ctrend_lite_breakout,True,ma,,200.0,1,btc,btc,3.079504555577522,0.26887742186116337,0.6891917142041452,-0.7891748507946796,29.852088167053363,2.387891708889034,0.6307638922519371,-0.8045582571888673
overlay__21D__ctrend_lite_relative_strength__btc0__trailing11__c2__rocash__incash,21D,ctrend_lite_relative_strength,False,trailing,11.0,,2,cash,cash,3.0725545625921993,0.2682705940869552,0.6746728602723073,-0.7184976600115782,17.572505800464036,2.645639864780669,0.6231780685140307,-0.7361835806765188
overlay__21D__ctrend_lite_relative_strength__btc0__trailing11__c2__rocash__inbtc,21D,ctrend_lite_relative_strength,False,trailing,11.0,,2,cash,btc,3.0725545625921993,0.2682705940869552,0.6746728602723073,-0.7184976600115782,17.572505800464036,2.645639864780669,0.6231780685140307,-0.7361835806765188
overlay__14D__ctrend_lite_relative_strength__btc0__trailing13__c1__rocash__incash,14D,ctrend_lite_relative_strength,False,trailing,13.0,,1,cash,cash,3.0539885292344713,0.26664420716297266,0.6724416049111381,-0.6620626292354816,26.041183294663572,2.446721384832451,0.5945996796883217,-0.6821482046055551
overlay__14D__ctrend_lite_relative_strength__btc0__trailing13__c1__rocash__inbtc,14D,ctrend_lite_relative_strength,False,trailing,13.0,,1,cash,btc,3.0539885292344713,0.26664420716297266,0.6724416049111381,-0.6620626292354816,26.041183294663572,2.446721384832451,0.5945996796883217,-0.6821482046055551
overlay__14D__ctrend_lite_acceleration__btc1__ma100__c1__robtc__incash,14D,ctrend_lite_acceleration,True,ma,,100.0,1,btc,cash,3.049623831566865,0.26626072798608846,0.6701276099900506,-0.6727411424155967,31.969257540603248,2.322445355728931,0.5912474405648922,-0.6774301488036811
overlay__14D__ctrend_lite_acceleration__btc1__ma100__c1__robtc__inbtc,14D,ctrend_lite_acceleration,True,ma,,100.0,1,btc,btc,3.049623831566865,0.26626072798608846,0.6701276099900506,-0.6727411424155967,31.969257540603248,2.322445355728931,0.5912474405648922,-0.6774301488036811
overlay__14D__ctrend_lite_breakout__btc0__trailing20__c1__robtc__incash,14D,ctrend_lite_breakout,False,trailing,20.0,,1,btc,cash,3.03173959543548,0.26468489912065785,0.6695256751132433,-0.7526726205180718,42.97853828306265,2.1020909020357044,0.5760935418753278,-0.769545620329215
overlay__14D__ctrend_lite_breakout__btc0__trailing20__c1__robtc__inbtc,14D,ctrend_lite_breakout,False,trailing,20.0,,1,btc,btc,3.03173959543548,0.26468489912065785,0.6695256751132433,-0.7526726205180718,42.97853828306265,2.1020909020357044,0.5760935418753278,-0.769545620329215
overlay__14D__ctrend_lite_relative_strength__btc1__ma100__c2__robtc__incash,14D,ctrend_lite_relative_strength,True,ma,,100.0,2,btc,cash,3.028310139520835,0.26438188352549385,0.679661926593068,-0.7591157110141593,32.39269141531322,2.297908191054642,0.6140715885020558,-0.7758853251889771
overlay__14D__ctrend_lite_relative_strength__btc1__ma100__c2__robtc__inbtc,14D,ctrend_lite_relative_strength,True,ma,,100.0,2,btc,btc,3.028310139520835,0.26438188352549385,0.679661926593068,-0.7591157110141593,32.39269141531322,2.297908191054642,0.6140715885020558,-0.7758853251889771
overlay__21D__ctrend_lite_breakout__btc1__trailing9__c2__rocash__incash,21D,ctrend_lite_breakout,True,trailing,9.0,,2,cash,cash,3.0187788350638467,0.2635383054411029,0.6770693489082198,-0.536060627741376,17.995939675174014,2.590026116936548,0.6192152231272297,-0.5604768345541268
overlay__21D__ctrend_lite_breakout__btc1__trailing9__c2__rocash__inbtc,21D,ctrend_lite_breakout,True,trailing,9.0,,2,cash,btc,3.0187788350638467,0.2635383054411029,0.6770693489082198,-0.536060627741376,17.995939675174014,2.590026116936548,0.6192152231272297,-0.5604768345541268
overlay__14D__ctrend_lite_acceleration__btc1__ma150__c1__rocash__incash,14D,ctrend_lite_acceleration,True,ma,,150.0,1,cash,cash,3.0053285709525377,0.26234429655296676,0.661209358305221,-0.5520347739986151,28.158352668213457,2.364362672192545,0.5819043186260175,-0.5600434808178409
overlay__14D__ctrend_lite_acceleration__btc1__ma150__c1__rocash__inbtc,14D,ctrend_lite_acceleration,True,ma,,150.0,1,cash,btc,3.0053285709525377,0.26234429655296676,0.661209358305221,-0.5520347739986151,28.158352668213457,2.364362672192545,0.5819043186260175,-0.5600434808178409
overlay__14D__ctrend_lite_relative_strength__btc1__trailing13__c1__robtc__incash,14D,ctrend_lite_relative_strength,True,trailing,13.0,,1,btc,cash,2.990780472231866,0.2610480789329308,0.6671193793545507,-0.7646672904105787,45.09570765661253,2.036618047497619,0.5580973806436232,-0.780259036892583
overlay__14D__ctrend_lite_relative_strength__btc1__trailing13__c1__robtc__inbtc,14D,ctrend_lite_relative_strength,True,trailing,13.0,,1,btc,btc,2.990780472231866,0.2610480789329308,0.6671193793545507,-0.7646672904105787,45.09570765661253,2.036618047497619,0.5580973806436232,-0.780259036892583
overlay__21D__ctrend_lite_acceleration__btc1__ma100__c2__robtc__incash,21D,ctrend_lite_acceleration,True,ma,,100.0,2,btc,cash,2.987489163484739,0.2607541381868961,0.6634960788800498,-0.6903129982018512,19.68967517401392,2.5260732047027514,0.6126175675059461,-0.6914283175360589
overlay__21D__ctrend_lite_acceleration__btc1__ma100__c2__robtc__inbtc,21D,ctrend_lite_acceleration,True,ma,,100.0,2,btc,btc,2.987489163484739,0.2607541381868961,0.6634960788800498,-0.6903129982018512,19.68967517401392,2.5260732047027514,0.6126175675059461,-0.6914283175360589
overlay__21D__ctrend_lite_breakout__btc0__trailing11__c1__rocash__incash,21D,ctrend_lite_breakout,False,trailing,11.0,,1,cash,cash,2.971061452945869,0.2592831809907843,0.6797321185360853,-0.4520322561009894,17.995939675174014,2.549096099709648,0.6178805067033853,-0.4618181054191164
overlay__21D__ctrend_lite_breakout__btc0__trailing11__c1__rocash__inbtc,21D,ctrend_lite_breakout,False,trailing,11.0,,1,cash,btc,2.971061452945869,0.2592831809907843,0.6797321185360853,-0.4520322561009894,17.995939675174014,2.549096099709648,0.6178805067033853,-0.4618181054191164
overlay__14D__ctrend_lite_breakout__btc1__ma75__c2__robtc__incash,14D,ctrend_lite_breakout,True,ma,,75.0,2,btc,cash,2.9697565750534842,0.2591660660141033,0.6736371009745257,-0.7362115928205681,32.8161252900232,2.245361470425803,0.6064056083171563,-0.7432533704079536
overlay__14D__ctrend_lite_breakout__btc1__ma75__c2__robtc__inbtc,14D,ctrend_lite_breakout,True,ma,,75.0,2,btc,btc,2.9697565750534842,0.2591660660141033,0.6736371009745257,-0.7362115928205681,32.8161252900232,2.245361470425803,0.6064056083171563,-0.7432533704079536
overlay__14D__ctrend_lite_acceleration__btc0__ma100__c1__robtc__incash,14D,ctrend_lite_acceleration,False,ma,,100.0,1,btc,cash,2.8969896404803115,0.25256995965692175,0.6577050196996383,-0.6727411424155967,35.356728538283065,2.143437879880089,0.5715270101595188,-0.6774301488036811
overlay__14D__ctrend_lite_acceleration__btc0__ma100__c1__robtc__inbtc,14D,ctrend_lite_acceleration,False,ma,,100.0,1,btc,btc,2.8969896404803115,0.25256995965692175,0.6577050196996383,-0.6727411424155967,35.356728538283065,2.143437879880089,0.5715270101595188,-0.6774301488036811
overlay__21D__ctrend_lite_acceleration__btc0__ma125__c1__robtc__incash,21D,ctrend_lite_acceleration,False,ma,,125.0,1,btc,cash,2.855912741841632,0.24878858905938217,0.6509696435186673,-0.7452742851026775,20.1131090487239,2.4061218586425155,0.5996431485976593,-0.7489240274295296
overlay__21D__ctrend_lite_acceleration__btc0__ma125__c1__robtc__inbtc,21D,ctrend_lite_acceleration,False,ma,,125.0,1,btc,btc,2.855912741841632,0.24878858905938217,0.6509696435186673,-0.7452742851026775,20.1131090487239,2.4061218586425155,0.5996431485976593,-0.7489240274295296
overlay__14D__ctrend_lite_acceleration__btc1__ma100__c1__rocash__incash,14D,ctrend_lite_acceleration,True,ma,,100.0,1,cash,cash,2.832614717896158,0.2466247764477696,0.6438107769904244,-0.6256362856070028,26.888051044083525,2.2528080157800447,0.5641699959835522,-0.6401928115386718
overlay__14D__ctrend_lite_acceleration__btc1__ma100__c1__rocash__inbtc,14D,ctrend_lite_acceleration,True,ma,,100.0,1,cash,btc,2.832614717896158,0.2466247764477696,0.6438107769904244,-0.6256362856070028,26.888051044083525,2.2528080157800447,0.5641699959835522,-0.6401928115386718
overlay__14D__ctrend_lite_relative_strength__btc0__trailing15__c1__robtc__incash,14D,ctrend_lite_relative_strength,False,trailing,15.0,,1,btc,cash,2.825688243307229,0.245978772655556,0.6548930212358691,-0.8124564377318367,48.483178654292345,1.8694507316333628,0.5418077236726204,-0.8261410424664221
overlay__14D__ctrend_lite_relative_strength__btc0__trailing15__c1__robtc__inbtc,14D,ctrend_lite_relative_strength,False,trailing,15.0,,1,btc,btc,2.825688243307229,0.245978772655556,0.6548930212358691,-0.8124564377318367,48.483178654292345,1.8694507316333628,0.5418077236726204,-0.8261410424664221
overlay__14D__ctrend_lite_breakout__btc1__trailing15__c1__rocash__incash,14D,ctrend_lite_breakout,True,trailing,15.0,,1,cash,cash,2.822831831628174,0.2457120033204616,0.6427181099247867,-0.7071032007787047,27.734918793503482,2.2291430532067893,0.5643329345173407,-0.7235171127560791
overlay__14D__ctrend_lite_breakout__btc1__trailing15__c1__rocash__inbtc,14D,ctrend_lite_breakout,True,trailing,15.0,,1,cash,btc,2.822831831628174,0.2457120033204616,0.6427181099247867,-0.7071032007787047,27.734918793503482,2.2291430532067893,0.5643329345173407,-0.7235171127560791
overlay__14D__ctrend_lite_breakout__btc0__trailing15__c2__robtc__incash,14D,ctrend_lite_breakout,False,trailing,15.0,,2,btc,cash,2.819984199562164,0.24544584204583497,0.6555973214279519,-0.7705336564294146,40.86136890951276,1.9908604399267986,0.5610806552023707,-0.7818364112747864
overlay__14D__ctrend_lite_breakout__btc0__trailing15__c2__robtc__inbtc,14D,ctrend_lite_breakout,False,trailing,15.0,,2,btc,btc,2.819984199562164,0.24544584204583497,0.6555973214279519,-0.7705336564294146,40.86136890951276,1.9908604399267986,0.5610806552023707,-0.7818364112747864
overlay__14D__ctrend_lite_relative_strength__btc1__trailing13__c1__rocash__incash,14D,ctrend_lite_relative_strength,True,trailing,13.0,,1,cash,cash,2.8010488989542703,0.24367059643867073,0.642141501766907,-0.6916521195205838,26.041183294663572,2.24407726991388,0.5641016141322643,-0.7099790200926052
overlay__14D__ctrend_lite_relative_strength__btc1__trailing13__c1__rocash__inbtc,14D,ctrend_lite_relative_strength,True,trailing,13.0,,1,cash,btc,2.8010488989542703,0.24367059643867073,0.642141501766907,-0.6916521195205838,26.041183294663572,2.24407726991388,0.5641016141322643,-0.7099790200926052
overlay__14D__ctrend_lite_breakout__btc1__trailing13__c2__rocash__incash,14D,ctrend_lite_breakout,True,trailing,13.0,,2,cash,cash,2.800973002699586,0.24366346191041854,0.6401823818112619,-0.7718002549392545,27.734918793503482,2.211819940989944,0.5651903128556234,-0.7845894059294326
overlay__14D__ctrend_lite_breakout__btc1__trailing13__c2__rocash__inbtc,14D,ctrend_lite_breakout,True,trailing,13.0,,2,cash,btc,2.800973002699586,0.24366346191041854,0.6401823818112619,-0.7718002549392545,27.734918793503482,2.211819940989944,0.5651903128556234,-0.7845894059294326
overlay__14D__ctrend_lite_breakout__btc1__trailing20__c1__robtc__incash,14D,ctrend_lite_breakout,True,trailing,20.0,,1,btc,cash,2.7983690732577484,0.24341859057022708,0.6484488293985632,-0.7526726205180718,41.70823665893271,1.9613961402221172,0.5575172091325168,-0.769545620329215
overlay__14D__ctrend_lite_breakout__btc1__trailing20__c1__robtc__inbtc,14D,ctrend_lite_breakout,True,trailing,20.0,,1,btc,btc,2.7983690732577484,0.24341859057022708,0.6484488293985632,-0.7526726205180718,41.70823665893271,1.9613961402221172,0.5575172091325168,-0.769545620329215
overlay__21D__ctrend_lite_acceleration__btc0__ma150__c1__rocash__incash,21D,ctrend_lite_acceleration,False,ma,,150.0,1,cash,cash,2.7843688244855103,0.24209893129158444,0.64189177393356,-0.5410223738008155,16.302204176334108,2.42333645506688,0.5923118849977346,-0.5459634778456036
overlay__21D__ctrend_lite_acceleration__btc0__ma150__c1__rocash__inbtc,21D,ctrend_lite_acceleration,False,ma,,150.0,1,cash,btc,2.7843688244855103,0.24209893129158444,0.64189177393356,-0.5410223738008155,16.302204176334108,2.42333645506688,0.5923118849977346,-0.5459634778456036
overlay__14D__ctrend_lite_relative_strength__btc1__trailing13__c2__robtc__incash,14D,ctrend_lite_relative_strength,True,trailing,13.0,,2,btc,cash,2.781074925346475,0.241787689491346,0.6512736674974982,-0.7738378648363489,44.672273781902554,1.9006609414297115,0.5482872751833056,-0.7977699376953415
overlay__14D__ctrend_lite_relative_strength__btc1__trailing13__c2__robtc__inbtc,14D,ctrend_lite_relative_strength,True,trailing,13.0,,2,btc,btc,2.781074925346475,0.241787689491346,0.6512736674974982,-0.7738378648363489,44.672273781902554,1.9006609414297115,0.5482872751833056,-0.7977699376953415
overlay__14D__ctrend_lite_acceleration__btc1__ma125__c1__rocash__incash,14D,ctrend_lite_acceleration,True,ma,,125.0,1,cash,cash,2.776169004397184,0.2413235879840172,0.6366522942058086,-0.5794909486214413,27.311484918793504,2.1999119903018434,0.5573186143289625,-0.5958465819677337
overlay__14D__ctrend_lite_acceleration__btc1__ma125__c1__rocash__inbtc,14D,ctrend_lite_acceleration,True,ma,,125.0,1,cash,btc,2.776169004397184,0.2413235879840172,0.6366522942058086,-0.5794909486214413,27.311484918793504,2.1999119903018434,0.5573186143289625,-0.5958465819677337
overlay__21D__ctrend_lite_acceleration__btc0__ma75__c2__rocash__incash,21D,ctrend_lite_acceleration,False,ma,,75.0,2,cash,cash,2.77596059897349,0.24130385846138291,0.6462842956573994,-0.5267966861858955,15.031902552204176,2.4423693342470694,0.5966869942865525,-0.533574948718702
overlay__21D__ctrend_lite_acceleration__btc0__ma75__c2__rocash__inbtc,21D,ctrend_lite_acceleration,False,ma,,75.0,2,cash,btc,2.77596059897349,0.24130385846138291,0.6462842956573994,-0.5267966861858955,15.031902552204176,2.4423693342470694,0.5966869942865525,-0.533574948718702
overlay__14D__ctrend_lite_acceleration__btc0__ma150__c2__rocash__incash,14D,ctrend_lite_acceleration,False,ma,,150.0,2,cash,cash,2.742441019970959,0.23811528882303712,0.6328741750501712,-0.5462057215378883,27.311484918793504,2.1731677348313023,0.5573059009176917,-0.5777907514269036
overlay__14D__ctrend_lite_acceleration__btc0__ma150__c2__rocash__inbtc,14D,ctrend_lite_acceleration,False,ma,,150.0,2,cash,btc,2.742441019970959,0.23811528882303712,0.6328741750501712,-0.5462057215378883,27.311484918793504,2.1731677348313023,0.5573059009176917,-0.5777907514269036
overlay__21D__ctrend_lite_relative_strength__btc1__trailing13__c2__robtc__incash,21D,ctrend_lite_relative_strength,True,trailing,13.0,,2,btc,cash,2.7337493383382774,0.23728347449879772,0.6405490374378316,-0.7347712260952179,31.122389791183295,2.0969676979014555,0.5631187227745954,-0.7532356275103911
overlay__21D__ctrend_lite_relative_strength__btc1__trailing13__c2__robtc__inbtc,21D,ctrend_lite_relative_strength,True,trailing,13.0,,2,btc,btc,2.7337493383382774,0.23728347449879772,0.6405490374378316,-0.7347712260952179,31.122389791183295,2.0969676979014555,0.5631187227745954,-0.7532356275103911
overlay__21D__ctrend_lite_relative_strength__btc1__ma75__c2__rocash__incash,21D,ctrend_lite_relative_strength,True,ma,,75.0,2,cash,cash,2.719063979499649,0.23587330217403246,0.6201417318369299,-0.6295932781869591,14.6084686774942,2.4009569690005326,0.5835529691000441,-0.6388266674968819
overlay__21D__ctrend_lite_relative_strength__btc1__ma75__c2__rocash__inbtc,21D,ctrend_lite_relative_strength,True,ma,,75.0,2,cash,btc,2.719063979499649,0.23587330217403246,0.6201417318369299,-0.6295932781869591,14.6084686774942,2.4009569690005326,0.5835529691000441,-0.6388266674968819
overlay__21D__ctrend_lite_relative_strength__btc1__ma150__c2__robtc__incash,21D,ctrend_lite_relative_strength,True,ma,,150.0,2,btc,cash,2.7103639812293827,0.23503504421523846,0.6479511674549411,-0.859914505134521,18.842807424593968,2.308346651678244,0.6085951771689955,-0.8653652496712823
overlay__21D__ctrend_lite_relative_strength__btc1__ma150__c2__robtc__inbtc,21D,ctrend_lite_relative_strength,True,ma,,150.0,2,btc,btc,2.7103639812293827,0.23503504421523846,0.6479511674549411,-0.859914505134521,18.842807424593968,2.308346651678244,0.6085951771689955,-0.8653652496712823
overlay__14D__ctrend_lite_acceleration__btc0__ma150__c1__rocash__incash,14D,ctrend_lite_acceleration,False,ma,,150.0,1,cash,cash,2.709326017444687,0.23493489327512052,0.6289086079527849,-0.5332266476620682,27.734918793503482,2.139194683893413,0.5520786699581609,-0.5672790996569194
overlay__14D__ctrend_lite_acceleration__btc0__ma150__c1__rocash__inbtc,14D,ctrend_lite_acceleration,False,ma,,150.0,1,cash,btc,2.709326017444687,0.23493489327512052,0.6289086079527849,-0.5332266476620682,27.734918793503482,2.139194683893413,0.5520786699581609,-0.5672790996569194
overlay__14D__ctrend_lite_acceleration__btc0__ma100__c1__rocash__incash,14D,ctrend_lite_acceleration,False,ma,,100.0,1,cash,cash,2.699468083752926,0.23398221115596085,0.6285939200104161,-0.5858949303544564,26.888051044083525,2.146915109562711,0.5503356237126206,-0.6019967344368975
overlay__14D__ctrend_lite_acceleration__btc0__ma100__c1__rocash__inbtc,14D,ctrend_lite_acceleration,False,ma,,100.0,1,cash,btc,2.699468083752926,0.23398221115596085,0.6285939200104161,-0.5858949303544564,26.888051044083525,2.146915109562711,0.5503356237126206,-0.6019967344368975
overlay__14D__ctrend_lite_relative_strength__btc1__trailing11__c2__rocash__incash,14D,ctrend_lite_relative_strength,True,trailing,11.0,,2,cash,cash,2.6944601372073405,0.23349718654149232,0.6271843333557315,-0.7501787224387141,25.19431554524362,2.1742729525583626,0.5559279651740003,-0.7667164825574427
overlay__14D__ctrend_lite_relative_strength__btc1__trailing11__c2__rocash__inbtc,14D,ctrend_lite_relative_strength,True,trailing,11.0,,2,cash,btc,2.6944601372073405,0.23349718654149232,0.6271843333557315,-0.7501787224387141,25.19431554524362,2.1742729525583626,0.5559279651740003,-0.7667164825574427
overlay__21D__ctrend_lite_acceleration__btc0__trailing11__c1__robtc__incash,21D,ctrend_lite_acceleration,False,trailing,11.0,,1,btc,cash,2.6860610630096198,0.2326821301415214,0.6471321020004263,-0.6982427853544557,34.933294663573086,1.9945583674462286,0.5408327857308064,-0.7146542320671183
overlay__21D__ctrend_lite_acceleration__btc0__trailing11__c1__robtc__inbtc,21D,ctrend_lite_acceleration,False,trailing,11.0,,1,btc,btc,2.6860610630096198,0.2326821301415214,0.6471321020004263,-0.6982427853544557,34.933294663573086,1.9945583674462286,0.5408327857308064,-0.7146542320671183
overlay__21D__ctrend_lite_relative_strength__btc1__trailing9__c2__robtc__incash,21D,ctrend_lite_relative_strength,True,trailing,9.0,,2,btc,cash,2.6785923829172202,0.23195567105253345,0.6344237689490474,-0.6598012889403717,31.969257540603248,2.0398858295912343,0.5545202759607903,-0.6814675089522935
overlay__21D__ctrend_lite_relative_strength__btc1__trailing9__c2__robtc__inbtc,21D,ctrend_lite_relative_strength,True,trailing,9.0,,2,btc,btc,2.6785923829172202,0.23195567105253345,0.6344237689490474,-0.6598012889403717,31.969257540603248,2.0398858295912343,0.5545202759607903,-0.6814675089522935
overlay__14D__ctrend_lite_breakout__btc0__trailing20__c1__rocash__incash,14D,ctrend_lite_breakout,False,trailing,20.0,,1,cash,cash,2.6776412984720284,0.2318630469697367,0.6152876395750536,-0.7116088062598769,25.617749419953597,2.1529023689842157,0.5502337421186154,-0.7187943824862524
overlay__14D__ctrend_lite_breakout__btc0__trailing20__c1__rocash__inbtc,14D,ctrend_lite_breakout,False,trailing,20.0,,1,cash,btc,2.6776412984720284,0.2318630469697367,0.6152876395750536,-0.7116088062598769,25.617749419953597,2.1529023689842157,0.5502337421186154,-0.7187943824862524
overlay__21D__ctrend_lite_relative_strength__btc0__trailing13__c1__robtc__incash,21D,ctrend_lite_relative_strength,False,trailing,13.0,,1,btc,cash,2.6757543142351747,0.23167920080760918,0.6314011070390544,-0.773752176272708,33.23955916473318,2.0157874582898034,0.5456218792623918,-0.7856710802940251
overlay__21D__ctrend_lite_relative_strength__btc0__trailing13__c1__robtc__inbtc,21D,ctrend_lite_relative_strength,False,trailing,13.0,,1,btc,btc,2.6757543142351747,0.23167920080760918,0.6314011070390544,-0.773752176272708,33.23955916473318,2.0157874582898034,0.5456218792623918,-0.7856710802940251
overlay__14D__ctrend_lite_breakout__btc1__trailing7__c2__rocash__incash,14D,ctrend_lite_breakout,True,trailing,7.0,,2,cash,cash,2.6727215298198344,0.23138350673614516,0.6326221526309256,-0.6780205251352464,25.19431554524362,2.156816912240845,0.5498048702558405,-0.7004142934512848
overlay__14D__ctrend_lite_breakout__btc1__trailing7__c2__rocash__inbtc,14D,ctrend_lite_breakout,True,trailing,7.0,,2,cash,btc,2.6727215298198344,0.23138350673614516,0.6326221526309256,-0.6780205251352464,25.19431554524362,2.156816912240845,0.5498048702558405,-0.7004142934512848
overlay__14D__ctrend_lite_relative_strength__btc1__trailing15__c1__robtc__incash,14D,ctrend_lite_relative_strength,True,trailing,15.0,,1,btc,cash,2.6586513850966558,0.23000820876021955,0.6380964501260497,-0.8124564377318367,47.21287703016241,1.7780824719976138,0.5279574738510506,-0.8291770958043486
overlay__14D__ctrend_lite_relative_strength__btc1__trailing15__c1__robtc__inbtc,14D,ctrend_lite_relative_strength,True,trailing,15.0,,1,btc,btc,2.6586513850966558,0.23000820876021955,0.6380964501260497,-0.8124564377318367,47.21287703016241,1.7780824719976138,0.5279574738510506,-0.8291770958043486
overlay__14D__ctrend_lite_breakout__btc0__ma200__c1__robtc__incash,14D,ctrend_lite_breakout,False,ma,,200.0,1,btc,cash,2.652442252168333,0.22939946669233224,0.6589293395953179,-0.8214963880568213,28.581786542923435,2.079124237317382,0.6038502780836663,-0.8280064639649141
overlay__14D__ctrend_lite_breakout__btc0__ma200__c1__robtc__inbtc,14D,ctrend_lite_breakout,False,ma,,200.0,1,btc,btc,2.652442252168333,0.22939946669233224,0.6589293395953179,-0.8214963880568213,28.581786542923435,2.079124237317382,0.6038502780836663,-0.8280064639649141
overlay__21D__ctrend_lite_acceleration__btc0__ma75__c2__robtc__incash,21D,ctrend_lite_acceleration,False,ma,,75.0,2,btc,cash,2.64961058490736,0.2291214776207231,0.626695490367802,-0.6955253018851975,20.959976798143853,2.2162610626621033,0.572085128504835,-0.6982586706374034
overlay__21D__ctrend_lite_acceleration__btc0__ma75__c2__robtc__inbtc,21D,ctrend_lite_acceleration,False,ma,,75.0,2,btc,btc,2.64961058490736,0.2291214776207231,0.626695490367802,-0.6955253018851975,20.959976798143853,2.2162610626621033,0.572085128504835,-0.6982586706374034
overlay__21D__ctrend_lite_acceleration__btc0__trailing9__c2__robtc__incash,21D,ctrend_lite_acceleration,False,trailing,9.0,,2,btc,cash,2.6328265790114216,0.22746894121327044,0.6396687266082917,-0.7017821366586363,34.50986078886311,1.9620949996967068,0.5369864766707563,-0.7190166935988734
overlay__21D__ctrend_lite_acceleration__btc0__trailing9__c2__robtc__inbtc,21D,ctrend_lite_acceleration,False,trailing,9.0,,2,btc,btc,2.6328265790114216,0.22746894121327044,0.6396687266082917,-0.7017821366586363,34.50986078886311,1.9620949996967068,0.5369864766707563,-0.7190166935988734
overlay__21D__ctrend_lite_acceleration__btc1__trailing11__c1__robtc__incash,21D,ctrend_lite_acceleration,True,trailing,11.0,,1,btc,cash,2.6230776380371874,0.2265052540608652,0.6386384660127017,-0.6982427853544557,31.54582366589327,2.0048287685390713,0.5427316193912828,-0.7146542320671183
overlay__21D__ctrend_lite_acceleration__btc1__trailing11__c1__robtc__inbtc,21D,ctrend_lite_acceleration,True,trailing,11.0,,1,btc,btc,2.6230776380371874,0.2265052540608652,0.6386384660127017,-0.6982427853544557,31.54582366589327,2.0048287685390713,0.5427316193912828,-0.7146542320671183
overlay__21D__ctrend_lite_relative_strength__btc1__ma75__c2__robtc__incash,21D,ctrend_lite_relative_strength,True,ma,,75.0,2,btc,cash,2.5973811488304746,0.22395154672452589,0.6307409971099899,-0.7334129108450711,19.68967517401392,2.19621714537283,0.5882379487489592,-0.7423949691485873
overlay__21D__ctrend_lite_relative_strength__btc1__ma75__c2__robtc__inbtc,21D,ctrend_lite_relative_strength,True,ma,,75.0,2,btc,btc,2.5973811488304746,0.22395154672452589,0.6307409971099899,-0.7334129108450711,19.68967517401392,2.19621714537283,0.5882379487489592,-0.7423949691485873
overlay__21D__ctrend_lite_acceleration__btc0__ma150__c2__rocash__incash,21D,ctrend_lite_acceleration,False,ma,,150.0,2,cash,cash,2.5895773479029813,0.223172066264536,0.6159488304398297,-0.5410223738008159,16.302204176334108,2.253802418416419,0.5664231991206667,-0.5459634778456028
overlay__21D__ctrend_lite_acceleration__btc0__ma150__c2__rocash__inbtc,21D,ctrend_lite_acceleration,False,ma,,150.0,2,cash,btc,2.5895773479029813,0.223172066264536,0.6159488304398297,-0.5410223738008159,16.302204176334108,2.253802418416419,0.5664231991206667,-0.5459634778456028
overlay__14D__ctrend_lite_breakout__btc0__trailing11__c1__rocash__incash,14D,ctrend_lite_breakout,False,trailing,11.0,,1,cash,cash,2.589568947532361,0.2231712261987977,0.6172268478049651,-0.5277559696360197,23.92401392111369,2.112431299070559,0.5415741305369604,-0.5434954130069836
overlay__14D__ctrend_lite_breakout__btc0__trailing11__c1__rocash__inbtc,14D,ctrend_lite_breakout,False,trailing,11.0,,1,cash,btc,2.589568947532361,0.2231712261987977,0.6172268478049651,-0.5277559696360197,23.92401392111369,2.112431299070559,0.5415741305369604,-0.5434954130069836
overlay__21D__ctrend_lite_acceleration__btc1__ma75__c2__rocash__incash,21D,ctrend_lite_acceleration,True,ma,,75.0,2,cash,cash,2.5786521012685646,0.22207768434948716,0.6175333457004749,-0.5267966861858957,15.455336426914153,2.2606008422578356,0.5666372753960214,-0.5335749487187021
overlay__21D__ctrend_lite_acceleration__btc1__ma75__c2__rocash__inbtc,21D,ctrend_lite_acceleration,True,ma,,75.0,2,cash,btc,2.5786521012685646,0.22207768434948716,0.6175333457004749,-0.5267966861858957,15.455336426914153,2.2606008422578356,0.5666372753960214,-0.5335749487187021
overlay__21D__ctrend_lite_relative_strength__btc1__trailing13__c2__rocash__incash,21D,ctrend_lite_relative_strength,True,trailing,13.0,,2,cash,cash,2.56788191212441,0.22099525110012763,0.6147344931965771,-0.677557623186046,18.41937354988399,2.195182467637981,0.5572206297625426,-0.6923185660735899
overlay__21D__ctrend_lite_relative_strength__btc1__trailing13__c2__rocash__inbtc,21D,ctrend_lite_relative_strength,True,trailing,13.0,,2,cash,btc,2.56788191212441,0.22099525110012763,0.6147344931965771,-0.677557623186046,18.41937354988399,2.195182467637981,0.5572206297625426,-0.6923185660735899
overlay__14D__ctrend_lite_breakout__btc1__trailing7__c1__rocash__incash,14D,ctrend_lite_breakout,True,trailing,7.0,,1,cash,cash,2.5636201256580566,0.22056594160693033,0.6266692852235508,-0.47804749120680134,26.041183294663572,2.053949602381915,0.5328680071417344,-0.4983367842015781
overlay__14D__ctrend_lite_breakout__btc1__trailing7__c1__rocash__inbtc,14D,ctrend_lite_breakout,True,trailing,7.0,,1,cash,btc,2.5636201256580566,0.22056594160693033,0.6266692852235508,-0.47804749120680134,26.041183294663572,2.053949602381915,0.5328680071417344,-0.4983367842015781
overlay__14D__ctrend_lite_acceleration__btc0__ma125__c1__rocash__incash,14D,ctrend_lite_acceleration,False,ma,,125.0,1,cash,cash,2.551168098566379,0.21930835971439055,0.609832911329159,-0.5385583411507231,26.888051044083525,2.0289221822494374,0.5329410885291563,-0.554903051609662
overlay__14D__ctrend_lite_acceleration__btc0__ma125__c1__rocash__inbtc,14D,ctrend_lite_acceleration,False,ma,,125.0,1,cash,btc,2.551168098566379,0.21930835971439055,0.609832911329159,-0.5385583411507231,26.888051044083525,2.0289221822494374,0.5329410885291563,-0.554903051609662
overlay__28D__ctrend_lite_relative_strength__btc0__trailing20__c2__robtc__incash,28D,ctrend_lite_relative_strength,False,trailing,20.0,,2,btc,cash,2.5495675157231106,0.2191463594751386,0.6261987884869329,-0.7887461926894224,20.1131090487239,2.1480243565531367,0.572236769798826,-0.7995134570752094
overlay__28D__ctrend_lite_relative_strength__btc0__trailing20__c2__robtc__inbtc,28D,ctrend_lite_relative_strength,False,trailing,20.0,,2,btc,btc,2.5495675157231106,0.2191463594751386,0.6261987884869329,-0.7887461926894224,20.1131090487239,2.1480243565531367,0.572236769798826,-0.7995134570752094
overlay__28D__ctrend_lite_relative_strength__btc1__trailing11__c1__robtc__incash,28D,ctrend_lite_relative_strength,True,trailing,11.0,,1,btc,cash,2.5477343481707746,0.21896072005445877,0.6254085466968213,-0.7247570736813513,23.500580046403712,2.085410492888742,0.5566381912945882,-0.7368940515235071
overlay__28D__ctrend_lite_relative_strength__btc1__trailing11__c1__robtc__inbtc,28D,ctrend_lite_relative_strength,True,trailing,11.0,,1,btc,btc,2.5477343481707746,0.21896072005445877,0.6254085466968213,-0.7247570736813513,23.500580046403712,2.085410492888742,0.5566381912945882,-0.7368940515235071
overlay__21D__ctrend_lite_acceleration__btc0__ma125__c2__rocash__incash,21D,ctrend_lite_acceleration,False,ma,,125.0,2,cash,cash,2.5469518900732147,0.21888145078818688,0.6101316127380535,-0.5410223738008155,16.725638051044083,2.2087557480790214,0.5592769913778416,-0.5459634778456031
overlay__21D__ctrend_lite_acceleration__btc0__ma125__c2__rocash__inbtc,21D,ctrend_lite_acceleration,False,ma,,125.0,2,cash,btc,2.5469518900732147,0.21888145078818688,0.6101316127380535,-0.5410223738008155,16.725638051044083,2.2087557480790214,0.5592769913778416,-0.5459634778456031
overlay__21D__ctrend_lite_relative_strength__btc1__ma150__c1__robtc__incash,21D,ctrend_lite_relative_strength,True,ma,,150.0,1,btc,cash,2.534984781744336,0.2176666883921594,0.6313764042263998,-0.8582895656430198,18.842807424593968,2.158980739679331,0.5919893874252217,-0.8638035367833948
overlay__21D__ctrend_lite_relative_strength__btc1__ma150__c1__robtc__inbtc,21D,ctrend_lite_relative_strength,True,ma,,150.0,1,btc,btc,2.534984781744336,0.2176666883921594,0.6313764042263998,-0.8582895656430198,18.842807424593968,2.158980739679331,0.5919893874252217,-0.8638035367833948
overlay__14D__ctrend_lite_relative_strength__btc0__trailing9__c1__robtc__incash,14D,ctrend_lite_relative_strength,False,trailing,9.0,,1,btc,cash,2.5333761695532178,0.21750305622748556,0.6154110271677556,-0.7257105125880828,46.36600928074246,1.7065696018359529,0.4945038623093154,-0.7480074716314822
overlay__14D__ctrend_lite_relative_strength__btc0__trailing9__c1__robtc__inbtc,14D,ctrend_lite_relative_strength,False,trailing,9.0,,1,btc,btc,2.5333761695532178,0.21750305622748556,0.6154110271677556,-0.7257105125880828,46.36600928074246,1.7065696018359529,0.4945038623093154,-0.7480074716314822
overlay__28D__ctrend_lite_relative_strength__btc0__trailing11__c1__robtc__incash,28D,ctrend_lite_relative_strength,False,trailing,11.0,,1,btc,cash,2.531687093476388,0.21733115089461186,0.6232294420661557,-0.7247570736813513,25.19431554524362,2.0425834260923286,0.5495347929397119,-0.7368940515235071
overlay__28D__ctrend_lite_relative_strength__btc0__trailing11__c1__robtc__inbtc,28D,ctrend_lite_relative_strength,False,trailing,11.0,,1,btc,btc,2.531687093476388,0.21733115089461186,0.6232294420661557,-0.7247570736813513,25.19431554524362,2.0425834260923286,0.5495347929397119,-0.7368940515235071
overlay__21D__ctrend_lite_acceleration__btc1__trailing15__c1__robtc__incash,21D,ctrend_lite_acceleration,True,trailing,15.0,,1,btc,cash,2.5279353533976203,0.2169489947314165,0.6250001006895549,-0.7015849266561527,29.852088167053363,1.9601970908120796,0.5357520028013801,-0.7090272002051745
overlay__21D__ctrend_lite_acceleration__btc1__trailing15__c1__robtc__inbtc,21D,ctrend_lite_acceleration,True,trailing,15.0,,1,btc,btc,2.5279353533976203,0.2169489947314165,0.6250001006895549,-0.7015849266561527,29.852088167053363,1.9601970908120796,0.5357520028013801,-0.7090272002051745
overlay__21D__ctrend_lite_relative_strength__btc0__trailing9__c2__robtc__incash,21D,ctrend_lite_relative_strength,False,trailing,9.0,,2,btc,cash,2.514984451872989,0.2156263574618651,0.6159848909799045,-0.685180469195612,34.50986078886311,1.8742740052357745,0.5297622368900342,-0.7169659314444394
overlay__21D__ctrend_lite_relative_strength__btc0__trailing9__c2__robtc__inbtc,21D,ctrend_lite_relative_strength,False,trailing,9.0,,2,btc,btc,2.514984451872989,0.2156263574618651,0.6159848909799045,-0.685180469195612,34.50986078886311,1.8742740052357745,0.5297622368900342,-0.7169659314444394
overlay__21D__ctrend_lite_relative_strength__btc1__trailing15__c2__robtc__incash,21D,ctrend_lite_relative_strength,True,trailing,15.0,,2,btc,cash,2.514087371187838,0.21553454260155314,0.6164034482445205,-0.7562322415707123,27.734918793503482,1.9849459633933642,0.5475614808077975,-0.7651943204936803
overlay__21D__ctrend_lite_relative_strength__btc1__trailing15__c2__robtc__inbtc,21D,ctrend_lite_relative_strength,True,trailing,15.0,,2,btc,btc,2.514087371187838,0.21553454260155314,0.6164034482445205,-0.7562322415707123,27.734918793503482,1.9849459633933642,0.5475614808077975,-0.7651943204936803
overlay__14D__ctrend_lite_relative_strength__btc1__trailing7__c1__robtc__incash,14D,ctrend_lite_relative_strength,True,trailing,7.0,,1,btc,cash,2.499570265612261,0.21404513601668462,0.610414582523783,-0.7036029991602648,48.483178654292345,1.6536939178926213,0.482020610084384,-0.7315450847897169
overlay__14D__ctrend_lite_relative_strength__btc1__trailing7__c1__robtc__inbtc,14D,ctrend_lite_relative_strength,True,trailing,7.0,,1,btc,btc,2.499570265612261,0.21404513601668462,0.610414582523783,-0.7036029991602648,48.483178654292345,1.6536939178926213,0.482020610084384,-0.7315450847897169
overlay__21D__ctrend_lite_relative_strength__btc1__trailing13__c1__rocash__incash,21D,ctrend_lite_relative_strength,True,trailing,13.0,,1,cash,cash,2.4681649500226297,0.2107995749644238,0.6038243074143985,-0.6316490751290509,17.572505800464036,2.1252606925691064,0.5443610514655397,-0.6485102470194668
overlay__21D__ctrend_lite_relative_strength__btc1__trailing13__c1__rocash__inbtc,21D,ctrend_lite_relative_strength,True,trailing,13.0,,1,cash,btc,2.4681649500226297,0.2107995749644238,0.6038243074143985,-0.6316490751290509,17.572505800464036,2.1252606925691064,0.5443610514655397,-0.6485102470194668
overlay__14D__ctrend_lite_breakout__btc1__trailing20__c1__rocash__incash,14D,ctrend_lite_breakout,True,trailing,20.0,,1,cash,cash,2.467575696743987,0.21073836860336703,0.5903386793915889,-0.7116088062598771,26.041183294663572,1.9768581754294845,0.5239282941557915,-0.7187943824862524
overlay__14D__ctrend_lite_breakout__btc1__trailing20__c1__rocash__inbtc,14D,ctrend_lite_breakout,True,trailing,20.0,,1,cash,btc,2.467575696743987,0.21073836860336703,0.5903386793915889,-0.7116088062598771,26.041183294663572,1.9768581754294845,0.5239282941557915,-0.7187943824862524
overlay__21D__ctrend_lite_acceleration__btc1__ma75__c2__robtc__incash,21D,ctrend_lite_acceleration,True,ma,,75.0,2,btc,cash,2.464238641221878,0.2103915275708932,0.604584203698506,-0.6955253018851975,20.1131090487239,2.076134320452661,0.5522384034799405,-0.6982586706374034
overlay__21D__ctrend_lite_acceleration__btc1__ma75__c2__robtc__inbtc,21D,ctrend_lite_acceleration,True,ma,,75.0,2,btc,btc,2.464238641221878,0.2103915275708932,0.604584203698506,-0.6955253018851975,20.1131090487239,2.076134320452661,0.5522384034799405,-0.6982586706374034
overlay__14D__ctrend_lite_relative_strength__btc1__ma100__c2__rocash__incash,14D,ctrend_lite_relative_strength,True,ma,,100.0,2,cash,cash,2.4552075259714314,0.2094510068950981,0.6042215054547723,-0.7503709098507081,25.19431554524362,1.9810209329037116,0.5472570598567883,-0.7609413994307302
overlay__14D__ctrend_lite_relative_strength__btc1__ma100__c2__rocash__inbtc,14D,ctrend_lite_relative_strength,True,ma,,100.0,2,cash,btc,2.4552075259714314,0.2094510068950981,0.6042215054547723,-0.7503709098507081,25.19431554524362,1.9810209329037116,0.5472570598567883,-0.7609413994307302
overlay__14D__ctrend_lite_acceleration__btc1__ma200__c1__rocash__incash,14D,ctrend_lite_acceleration,True,ma,,200.0,1,cash,cash,2.4531539197957977,0.2092367592482447,0.5983024027501582,-0.6370761420025997,29.00522041763341,1.91604721734342,0.5212953204476735,-0.6461258147415893
overlay__14D__ctrend_lite_acceleration__btc1__ma200__c1__rocash__inbtc,14D,ctrend_lite_acceleration,True,ma,,200.0,1,cash,btc,2.4531539197957977,0.2092367592482447,0.5983024027501582,-0.6370761420025997,29.00522041763341,1.91604721734342,0.5212953204476735,-0.6461258147415893
overlay__14D__ctrend_lite_breakout__btc0__trailing20__c2__rocash__incash,14D,ctrend_lite_breakout,False,trailing,20.0,,2,cash,cash,2.435431858805439,0.20738196157454003,0.5892831387595657,-0.6860850850656874,23.500580046403712,1.9937485225736178,0.5302141596018437,-0.7004568441530205
overlay__14D__ctrend_lite_breakout__btc0__trailing20__c2__rocash__inbtc,14D,ctrend_lite_breakout,False,trailing,20.0,,2,cash,btc,2.435431858805439,0.20738196157454003,0.5892831387595657,-0.6860850850656874,23.500580046403712,1.9937485225736178,0.5302141596018437,-0.7004568441530205
overlay__14D__ctrend_lite_relative_strength__btc1__trailing9__c1__robtc__incash,14D,ctrend_lite_relative_strength,True,trailing,9.0,,1,btc,cash,2.4175668506726575,0.20550140307207565,0.6009147036897579,-0.7257105125880828,45.09570765661253,1.6462793992491371,0.4831155754195809,-0.7480074716314822
overlay__14D__ctrend_lite_relative_strength__btc1__trailing9__c1__robtc__inbtc,14D,ctrend_lite_relative_strength,True,trailing,9.0,,1,btc,btc,2.4175668506726575,0.20550140307207565,0.6009147036897579,-0.7257105125880828,45.09570765661253,1.6462793992491371,0.4831155754195809,-0.7480074716314822
overlay__14D__ctrend_lite_breakout__btc0__trailing7__c1__rocash__incash,14D,ctrend_lite_breakout,False,trailing,7.0,,1,cash,cash,2.410955377616704,0.20480266936520342,0.5991018510214388,-0.4769205486762813,26.041183294663572,1.9316359665202938,0.5071946874183958,-0.4972536480841032
overlay__14D__ctrend_lite_breakout__btc0__trailing7__c1__rocash__inbtc,14D,ctrend_lite_breakout,False,trailing,7.0,,1,cash,btc,2.410955377616704,0.20480266936520342,0.5991018510214388,-0.4769205486762813,26.041183294663572,1.9316359665202938,0.5071946874183958,-0.4972536480841032
overlay__21D__ctrend_lite_breakout__btc1__trailing7__c1__rocash__incash,21D,ctrend_lite_breakout,True,trailing,7.0,,1,cash,cash,2.391288304670211,0.20271518623854168,0.6066867703305117,-0.4339227074234705,19.68967517401392,2.0223170250359863,0.5306732171675375,-0.4428997923398893
overlay__21D__ctrend_lite_breakout__btc1__trailing7__c1__rocash__inbtc,21D,ctrend_lite_breakout,True,trailing,7.0,,1,cash,btc,2.391288304670211,0.20271518623854168,0.6066867703305117,-0.4339227074234705,19.68967517401392,2.0223170250359863,0.5306732171675375,-0.4428997923398893
overlay__14D__ctrend_lite_acceleration__btc1__ma100__c2__robtc__incash,14D,ctrend_lite_acceleration,True,ma,,100.0,2,btc,cash,2.373411095914937,0.20080590593631875,0.5992989502862552,-0.7082830178832488,31.122389791183295,1.8205642822395067,0.5230489133913571,-0.7124627757750752
overlay__14D__ctrend_lite_acceleration__btc1__ma100__c2__robtc__inbtc,14D,ctrend_lite_acceleration,True,ma,,100.0,2,btc,btc,2.373411095914937,0.20080590593631875,0.5992989502862552,-0.7082830178832488,31.122389791183295,1.8205642822395067,0.5230489133913571,-0.7124627757750752
overlay__14D__ctrend_lite_breakout__btc0__trailing7__c2__rocash__incash,14D,ctrend_lite_breakout,False,trailing,7.0,,2,cash,cash,2.3562060265237252,0.198957674576824,0.5837742993982745,-0.7295481588874766,25.19431554524362,1.9013971152740075,0.5022097956948732,-0.750165460584252
overlay__14D__ctrend_lite_breakout__btc0__trailing7__c2__rocash__inbtc,14D,ctrend_lite_breakout,False,trailing,7.0,,2,cash,btc,2.3562060265237252,0.198957674576824,0.5837742993982745,-0.7295481588874766,25.19431554524362,1.9013971152740075,0.5022097956948732,-0.750165460584252
overlay__21D__ctrend_lite_acceleration__btc1__ma125__c1__robtc__incash,21D,ctrend_lite_acceleration,True,ma,,125.0,1,btc,cash,2.3398113222705548,0.1971865702627964,0.5911880293548655,-0.7452742851026775,20.1131090487239,1.9713036344324801,0.5398841851232922,-0.7489240274295296
overlay__21D__ctrend_lite_acceleration__btc1__ma125__c1__robtc__inbtc,21D,ctrend_lite_acceleration,True,ma,,125.0,1,btc,btc,2.3398113222705548,0.1971865702627964,0.5911880293548655,-0.7452742851026775,20.1131090487239,1.9713036344324801,0.5398841851232922,-0.7489240274295296
overlay__14D__ctrend_lite_breakout__btc0__ma75__c1__rocash__incash,14D,ctrend_lite_breakout,False,ma,,75.0,1,cash,cash,2.33270164266426,0.19641547615341515,0.5872911184584193,-0.7562024152926294,25.19431554524362,1.8822201298986345,0.5289788961306818,-0.7656811573501895
overlay__14D__ctrend_lite_breakout__btc0__ma75__c1__rocash__inbtc,14D,ctrend_lite_breakout,False,ma,,75.0,1,cash,btc,2.33270164266426,0.19641547615341515,0.5872911184584193,-0.7562024152926294,25.19431554524362,1.8822201298986345,0.5289788961306818,-0.7656811573501895
overlay__21D__ctrend_lite_relative_strength__btc1__ma75__c1__rocash__incash,21D,ctrend_lite_relative_strength,True,ma,,75.0,1,cash,cash,2.3309684328762477,0.19622721670431753,0.572966210948307,-0.6981873032031272,15.031902552204176,2.0508688393185945,0.5348237989500159,-0.706769500095043
overlay__21D__ctrend_lite_relative_strength__btc1__ma75__c1__rocash__inbtc,21D,ctrend_lite_relative_strength,True,ma,,75.0,1,cash,btc,2.3309684328762477,0.19622721670431753,0.572966210948307,-0.6981873032031272,15.031902552204176,2.0508688393185945,0.5348237989500159,-0.706769500095043
overlay__14D__ctrend_lite_breakout__btc1__trailing15__c2__robtc__incash,14D,ctrend_lite_breakout,True,trailing,15.0,,2,btc,cash,2.3208277283591663,0.19512352699830693,0.6014611740873109,-0.7705336564294146,39.59106728538283,1.6562953157951428,0.5092014829077842,-0.7818364112747864
overlay__14D__ctrend_lite_breakout__btc1__trailing15__c2__robtc__inbtc,14D,ctrend_lite_breakout,True,trailing,15.0,,2,btc,btc,2.3208277283591663,0.19512352699830693,0.6014611740873109,-0.7705336564294146,39.59106728538283,1.6562953157951428,0.5092014829077842,-0.7818364112747864
overlay__28D__ctrend_lite_relative_strength__btc1__trailing20__c2__robtc__incash,28D,ctrend_lite_relative_strength,True,trailing,20.0,,2,btc,cash,2.320107279693839,0.19504497057910997,0.5959786069714321,-0.7887461926894224,18.842807424593968,1.975975148616885,0.5450075819148111,-0.7995134570752094
overlay__28D__ctrend_lite_relative_strength__btc1__trailing20__c2__robtc__inbtc,28D,ctrend_lite_relative_strength,True,trailing,20.0,,2,btc,btc,2.320107279693839,0.19504497057910997,0.5959786069714321,-0.7887461926894224,18.842807424593968,1.975975148616885,0.5450075819148111,-0.7995134570752094
overlay__28D__ctrend_lite_relative_strength__btc0__trailing13__c2__robtc__incash,28D,ctrend_lite_relative_strength,False,trailing,13.0,,2,btc,cash,2.3105999959990635,0.19400650807843967,0.5960776741177919,-0.7328059896890118,26.46461716937355,1.844139699739919,0.5270238634536499,-0.7500576984386038
overlay__28D__ctrend_lite_relative_strength__btc0__trailing13__c2__robtc__inbtc,28D,ctrend_lite_relative_strength,False,trailing,13.0,,2,btc,btc,2.3105999959990635,0.19400650807843967,0.5960776741177919,-0.7328059896890118,26.46461716937355,1.844139699739919,0.5270238634536499,-0.7500576984386038
overlay__14D__ctrend_lite_breakout__btc1__trailing11__c1__rocash__incash,14D,ctrend_lite_breakout,True,trailing,11.0,,1,cash,cash,2.303264498358236,0.1932029611834416,0.5735156248697966,-0.5277559696360197,23.92401392111369,1.8788795027088985,0.4972878100306289,-0.5487237089817771
overlay__14D__ctrend_lite_breakout__btc1__trailing11__c1__rocash__inbtc,14D,ctrend_lite_breakout,True,trailing,11.0,,1,cash,btc,2.303264498358236,0.1932029611834416,0.5735156248697966,-0.5277559696360197,23.92401392111369,1.8788795027088985,0.4972878100306289,-0.5487237089817771
overlay__21D__ctrend_lite_breakout__btc0__trailing9__c2__rocash__incash,21D,ctrend_lite_breakout,False,trailing,9.0,,2,cash,cash,2.2949709018851845,0.19229202854754468,0.5739434089254687,-0.6270874151296731,17.995939675174014,1.9690195599792388,0.5158188290482618,-0.6479840053735153
overlay__21D__ctrend_lite_breakout__btc0__trailing9__c2__rocash__inbtc,21D,ctrend_lite_breakout,False,trailing,9.0,,2,cash,btc,2.2949709018851845,0.19229202854754468,0.5739434089254687,-0.6270874151296731,17.995939675174014,1.9690195599792388,0.5158188290482618,-0.6479840053735153
overlay__28D__ctrend_lite_relative_strength__btc1__trailing7__c1__robtc__incash,28D,ctrend_lite_relative_strength,True,trailing,7.0,,1,btc,cash,2.2870937361084756,0.191424428872768,0.5896512349161942,-0.6713850782586291,26.46461716937355,1.8253788466577325,0.5064719047428843,-0.6836006384010778
overlay__28D__ctrend_lite_relative_strength__btc1__trailing7__c1__robtc__inbtc,28D,ctrend_lite_relative_strength,True,trailing,7.0,,1,btc,btc,2.2870937361084756,0.191424428872768,0.5896512349161942,-0.6713850782586291,26.46461716937355,1.8253788466577325,0.5064719047428843,-0.6836006384010778
overlay__28D__ctrend_lite_breakout__btc1__trailing7__c1__robtc__incash,28D,ctrend_lite_breakout,True,trailing,7.0,,1,btc,cash,2.282458604323487,0.1909128089890597,0.5889912713356157,-0.67775179314658,25.617749419953597,1.8348720140643382,0.5072678751013276,-0.6897306842168773
overlay__28D__ctrend_lite_breakout__btc1__trailing7__c1__robtc__inbtc,28D,ctrend_lite_breakout,True,trailing,7.0,,1,btc,btc,2.282458604323487,0.1909128089890597,0.5889912713356157,-0.67775179314658,25.617749419953597,1.8348720140643382,0.5072678751013276,-0.6897306842168773
overlay__14D__ctrend_lite_relative_strength__btc1__trailing20__c2__robtc__incash,14D,ctrend_lite_relative_strength,True,trailing,20.0,,2,btc,cash,2.2656653582707555,0.18905230571992915,0.595961051477602,-0.7914455623890462,37.47389791183295,1.6463614126834756,0.5142805997329155,-0.8056137362118577
overlay__14D__ctrend_lite_relative_strength__btc1__trailing20__c2__robtc__inbtc,14D,ctrend_lite_relative_strength,True,trailing,20.0,,2,btc,btc,2.2656653582707555,0.18905230571992915,0.595961051477602,-0.7914455623890462,37.47389791183295,1.6463614126834756,0.5142805997329155,-0.8056137362118577
overlay__14D__ctrend_lite_breakout__btc0__trailing9__c2__robtc__incash,14D,ctrend_lite_breakout,False,trailing,9.0,,2,btc,cash,2.259218570569193,0.18833518580640307,0.5862943540927222,-0.7839920386070679,45.519141531322504,1.5329090627577036,0.4738911549287914,-0.8015512994947938
overlay__14D__ctrend_lite_breakout__btc0__trailing9__c2__robtc__inbtc,14D,ctrend_lite_breakout,False,trailing,9.0,,2,btc,btc,2.259218570569193,0.18833518580640307,0.5862943540927222,-0.7839920386070679,45.519141531322504,1.5329090627577036,0.4738911549287914,-0.8015512994947938
overlay__14D__ctrend_lite_breakout__btc1__ma75__c1__rocash__incash,14D,ctrend_lite_breakout,True,ma,,75.0,1,cash,cash,2.25857502784646,0.1882635116717173,0.5770271483296298,-0.7562024152926292,25.617749419953597,1.8158452385707695,0.5173234845273483,-0.7656811573501898
overlay__14D__ctrend_lite_breakout__btc1__ma75__c1__rocash__inbtc,14D,ctrend_lite_breakout,True,ma,,75.0,1,cash,btc,2.25857502784646,0.1882635116717173,0.5770271483296298,-0.7562024152926292,25.617749419953597,1.8158452385707695,0.5173234845273483,-0.7656811573501898
overlay__21D__ctrend_lite_relative_strength__btc1__trailing15__c1__robtc__incash,21D,ctrend_lite_relative_strength,True,trailing,15.0,,1,btc,cash,2.2584280303707094,0.18824713766891588,0.5808912732120658,-0.7548271020949275,30.27552204176334,1.7449103676783555,0.5027912024089037,-0.7718952758695643
overlay__21D__ctrend_lite_relative_strength__btc1__trailing15__c1__robtc__inbtc,21D,ctrend_lite_relative_strength,True,trailing,15.0,,1,btc,btc,2.2584280303707094,0.18824713766891588,0.5808912732120658,-0.7548271020949275,30.27552204176334,1.7449103676783555,0.5027912024089037,-0.7718952758695643
overlay__21D__ctrend_lite_relative_strength__btc1__ma200__c1__rocash__incash,21D,ctrend_lite_relative_strength,True,ma,,200.0,1,cash,cash,2.233882579909173,0.18550116867670052,0.5910121794226747,-0.7847298334877704,18.842807424593968,1.9025927626481856,0.5505680669142927,-0.7953325177341138
overlay__21D__ctrend_lite_relative_strength__btc1__ma200__c1__rocash__inbtc,21D,ctrend_lite_relative_strength,True,ma,,200.0,1,cash,btc,2.233882579909173,0.18550116867670052,0.5910121794226747,-0.7847298334877704,18.842807424593968,1.9025927626481856,0.5505680669142927,-0.7953325177341138
overlay__14D__ctrend_lite_breakout__btc1__trailing20__c2__rocash__incash,14D,ctrend_lite_breakout,True,trailing,20.0,,2,cash,cash,2.2317325335093403,0.18525950582656336,0.5625440075336982,-0.6992742326791264,24.347447795823665,1.8138556498065173,0.5010052299044858,-0.7140756233402282
overlay__14D__ctrend_lite_breakout__btc1__trailing20__c2__rocash__inbtc,14D,ctrend_lite_breakout,True,trailing,20.0,,2,cash,btc,2.2317325335093403,0.18525950582656336,0.5625440075336982,-0.6992742326791264,24.347447795823665,1.8138556498065173,0.5010052299044858,-0.7140756233402282
overlay__21D__ctrend_lite_relative_strength__btc1__trailing15__c2__rocash__incash,21D,ctrend_lite_relative_strength,True,trailing,15.0,,2,cash,cash,2.2242449955139203,0.18441647975101372,0.5620351561826811,-0.674352693092058,16.513921113689094,1.9325166585866254,0.5099680734777564,-0.7002634769893581
overlay__21D__ctrend_lite_relative_strength__btc1__trailing15__c2__rocash__inbtc,21D,ctrend_lite_relative_strength,True,trailing,15.0,,2,cash,btc,2.2242449955139203,0.18441647975101372,0.5620351561826811,-0.674352693092058,16.513921113689094,1.9325166585866254,0.5099680734777564,-0.7002634769893581
overlay__21D__ctrend_lite_acceleration__btc0__ma125__c2__robtc__incash,21D,ctrend_lite_acceleration,False,ma,,125.0,2,btc,cash,2.2142659922654238,0.18328945376674133,0.5763410833228846,-0.7461374517451449,21.383410672853827,1.8454477235304472,0.5223051585427031,-0.7497748265109465
overlay__21D__ctrend_lite_acceleration__btc0__ma125__c2__robtc__inbtc,21D,ctrend_lite_acceleration,False,ma,,125.0,2,btc,btc,2.2142659922654238,0.18328945376674133,0.5763410833228846,-0.7461374517451449,21.383410672853827,1.8454477235304472,0.5223051585427031,-0.7497748265109465
overlay__14D__ctrend_lite_acceleration__btc0__ma100__c2__robtc__incash,14D,ctrend_lite_acceleration,False,ma,,100.0,2,btc,cash,2.213748729300233,0.1832309251604658,0.5830552615214457,-0.7082830178832488,34.50986078886311,1.649780257830688,0.49971033843901247,-0.7124627757750752
overlay__14D__ctrend_lite_acceleration__btc0__ma100__c2__robtc__inbtc,14D,ctrend_lite_acceleration,False,ma,,100.0,2,btc,btc,2.213748729300233,0.1832309251604658,0.5830552615214457,-0.7082830178832488,34.50986078886311,1.649780257830688,0.49971033843901247,-0.7124627757750752
overlay__21D__ctrend_lite_acceleration__btc0__ma75__c1__rocash__incash,21D,ctrend_lite_acceleration,False,ma,,75.0,1,cash,cash,2.210795279962058,0.18289653398605665,0.5585997141476987,-0.558261425783656,15.455336426914153,1.9381309374604956,0.5065987186046591,-0.5677126721195254
overlay__21D__ctrend_lite_acceleration__btc0__ma75__c1__rocash__inbtc,21D,ctrend_lite_acceleration,False,ma,,75.0,1,cash,btc,2.210795279962058,0.18289653398605665,0.5585997141476987,-0.558261425783656,15.455336426914153,1.9381309374604956,0.5065987186046591,-0.5677126721195254
overlay__21D__ctrend_lite_relative_strength__btc1__ma75__c1__robtc__incash,21D,ctrend_lite_relative_strength,True,ma,,75.0,1,btc,cash,2.206902808802369,0.18245528793851884,0.5872296566034076,-0.7682374095982514,20.959976798143853,1.8459590975702993,0.5416061112588678,-0.777656342282534
overlay__21D__ctrend_lite_relative_strength__btc1__ma75__c1__robtc__inbtc,21D,ctrend_lite_relative_strength,True,ma,,75.0,1,btc,btc,2.206902808802369,0.18245528793851884,0.5872296566034076,-0.7682374095982514,20.959976798143853,1.8459590975702993,0.5416061112588678,-0.777656342282534
overlay__21D__ctrend_lite_acceleration__btc1__ma150__c1__rocash__incash,21D,ctrend_lite_acceleration,True,ma,,150.0,1,cash,cash,2.201718451096989,0.18186664142937747,0.5579997202570112,-0.5569457286584888,17.14907192575406,1.9024572958228245,0.5058827629940511,-0.5648649074889573
overlay__21D__ctrend_lite_acceleration__btc1__ma150__c1__rocash__inbtc,21D,ctrend_lite_acceleration,True,ma,,150.0,1,cash,btc,2.201718451096989,0.18186664142937747,0.5579997202570112,-0.5569457286584888,17.14907192575406,1.9024572958228245,0.5058827629940511,-0.5648649074889573
overlay__21D__ctrend_lite_relative_strength__btc1__ma200__c2__rocash__incash,21D,ctrend_lite_relative_strength,True,ma,,200.0,2,cash,cash,2.200249159041155,0.1816996151960364,0.5875945922337853,-0.7916259844337848,18.842807424593968,1.8739472538367075,0.5472207834850401,-0.8018890131106624
overlay__21D__ctrend_lite_relative_strength__btc1__ma200__c2__rocash__inbtc,21D,ctrend_lite_relative_strength,True,ma,,200.0,2,cash,btc,2.200249159041155,0.1816996151960364,0.5875945922337853,-0.7916259844337848,18.842807424593968,1.8739472538367075,0.5472207834850401,-0.8018890131106624
overlay__14D__ctrend_lite_acceleration__btc1__ma125__c1__robtc__incash,14D,ctrend_lite_acceleration,True,ma,,125.0,1,btc,cash,2.1992290008418727,0.18158359389316048,0.5763417737864556,-0.7132219050665438,30.27552204176334,1.6991719164227725,0.502058130929781,-0.7193632635803101
overlay__14D__ctrend_lite_acceleration__btc1__ma125__c1__robtc__inbtc,14D,ctrend_lite_acceleration,True,ma,,125.0,1,btc,btc,2.1992290008418727,0.18158359389316048,0.5763417737864556,-0.7132219050665438,30.27552204176334,1.6991719164227725,0.502058130929781,-0.7193632635803101
overlay__14D__ctrend_lite_relative_strength__btc0__trailing9__c1__rocash__incash,14D,ctrend_lite_relative_strength,False,trailing,9.0,,1,cash,cash,2.1864981083985175,0.1801321453769935,0.558680217991,-0.5633604940911965,24.347447795823665,1.7772182547838338,0.47361193988487355,-0.5951888438359528
overlay__14D__ctrend_lite_relative_strength__btc0__trailing9__c1__rocash__inbtc,14D,ctrend_lite_relative_strength,False,trailing,9.0,,1,cash,btc,2.1864981083985175,0.1801321453769935,0.558680217991,-0.5633604940911965,24.347447795823665,1.7772182547838338,0.47361193988487355,-0.5951888438359528
overlay__21D__ctrend_lite_acceleration__btc1__trailing11__c2__robtc__incash,21D,ctrend_lite_acceleration,True,trailing,11.0,,2,btc,cash,2.170855073573037,0.17833953337430097,0.5726665168622843,-0.6784012751888535,28.158352668213457,1.7077812605337415,0.4902845575864787,-0.693689482163486
overlay__21D__ctrend_lite_acceleration__btc1__trailing11__c2__robtc__inbtc,21D,ctrend_lite_acceleration,True,trailing,11.0,,2,btc,btc,2.170855073573037,0.17833953337430097,0.5726665168622843,-0.6784012751888535,28.158352668213457,1.7077812605337415,0.4902845575864787,-0.693689482163486
overlay__14D__ctrend_lite_relative_strength__btc1__trailing7__c2__robtc__incash,14D,ctrend_lite_relative_strength,True,trailing,7.0,,2,btc,cash,2.143190595386946,0.1751442436495032,0.5671375319906158,-0.793470232478146,45.09570765661253,1.4594386603490743,0.4526424620392967,-0.8102590121398392
overlay__14D__ctrend_lite_relative_strength__btc1__trailing7__c2__robtc__inbtc,14D,ctrend_lite_relative_strength,True,trailing,7.0,,2,btc,btc,2.143190595386946,0.1751442436495032,0.5671375319906158,-0.793470232478146,45.09570765661253,1.4594386603490743,0.4526424620392967,-0.8102590121398392
overlay__21D__ctrend_lite_acceleration__btc1__trailing20__c1__rocash__incash,21D,ctrend_lite_acceleration,True,trailing,20.0,,1,cash,cash,2.142893771285484,0.1751097841587026,0.5481134714192893,-0.509915933458293,16.725638051044083,1.8584833539320869,0.4881718418909475,-0.5134376595829906
overlay__21D__ctrend_lite_acceleration__btc1__trailing20__c1__rocash__inbtc,21D,ctrend_lite_acceleration,True,trailing,20.0,,1,cash,btc,2.142893771285484,0.1751097841587026,0.5481134714192893,-0.509915933458293,16.725638051044083,1.8584833539320869,0.4881718418909475,-0.5134376595829906
overlay__28D__ctrend_lite_relative_strength__btc1__trailing15__c1__robtc__incash,28D,ctrend_lite_relative_strength,True,trailing,15.0,,1,btc,cash,2.137687710777253,0.17450477928114982,0.5700081664350406,-0.7694368095170008,25.617749419953597,1.7184904680788375,0.5013988742953742,-0.7831534486570766
overlay__28D__ctrend_lite_relative_strength__btc1__trailing15__c1__robtc__inbtc,28D,ctrend_lite_relative_strength,True,trailing,15.0,,1,btc,btc,2.137687710777253,0.17450477928114982,0.5700081664350406,-0.7694368095170008,25.617749419953597,1.7184904680788375,0.5013988742953742,-0.7831534486570766
overlay__14D__ctrend_lite_relative_strength__btc1__trailing20__c1__robtc__incash,14D,ctrend_lite_relative_strength,True,trailing,20.0,,1,btc,cash,2.1304527097683663,0.1736620562809792,0.5791986527612536,-0.7948132376553229,42.13167053364269,1.4878711174215598,0.4872470389912803,-0.8112467624042221
overlay__14D__ctrend_lite_relative_strength__btc1__trailing20__c1__robtc__inbtc,14D,ctrend_lite_relative_strength,True,trailing,20.0,,1,btc,btc,2.1304527097683663,0.1736620562809792,0.5791986527612536,-0.7948132376553229,42.13167053364269,1.4878711174215598,0.4872470389912803,-0.8112467624042221
overlay__28D__ctrend_lite_relative_strength__btc0__trailing15__c1__robtc__incash,28D,ctrend_lite_relative_strength,False,trailing,15.0,,1,btc,cash,2.1284191744837044,0.1734247867727814,0.5686630595451209,-0.7694368095170008,27.311484918793504,1.6865234868810273,0.4955132026808759,-0.7831534486570766
overlay__28D__ctrend_lite_relative_strength__btc0__trailing15__c1__robtc__inbtc,28D,ctrend_lite_relative_strength,False,trailing,15.0,,1,btc,btc,2.1284191744837044,0.1734247867727814,0.5686630595451209,-0.7694368095170008,27.311484918793504,1.6865234868810273,0.4955132026808759,-0.7831534486570766
overlay__14D__ctrend_lite_relative_strength__btc0__trailing7__c1__robtc__incash,14D,ctrend_lite_relative_strength,False,trailing,7.0,,1,btc,cash,2.125989040908436,0.17314100834967538,0.5609565146896461,-0.7511219285142063,51.44721577726218,1.3714577646619535,0.42558255935308675,-0.7696973410805943
overlay__14D__ctrend_lite_relative_strength__btc0__trailing7__c1__robtc__inbtc,14D,ctrend_lite_relative_strength,False,trailing,7.0,,1,btc,btc,2.125989040908436,0.17314100834967538,0.5609565146896461,-0.7511219285142063,51.44721577726218,1.3714577646619535,0.42558255935308675,-0.7696973410805943
overlay__28D__ctrend_lite_relative_strength__btc1__trailing13__c2__robtc__incash,28D,ctrend_lite_relative_strength,True,trailing,13.0,,2,btc,cash,2.1165980863351335,0.17204197218349115,0.5683973918852679,-0.7328059896890118,25.19431554524362,1.7076866181397994,0.5021449830342806,-0.7500576984386038
overlay__28D__ctrend_lite_relative_strength__btc1__trailing13__c2__robtc__inbtc,28D,ctrend_lite_relative_strength,True,trailing,13.0,,2,btc,btc,2.1165980863351335,0.17204197218349115,0.5683973918852679,-0.7328059896890118,25.19431554524362,1.7076866181397994,0.5021449830342806,-0.7500576984386038
overlay__21D__ctrend_lite_acceleration__btc1__trailing9__c2__robtc__incash,21D,ctrend_lite_acceleration,True,trailing,9.0,,2,btc,cash,2.1085006143071436,0.17109122360360196,0.561793671057696,-0.7017821366586363,30.27552204176334,1.6290732016626677,0.4711505588811658,-0.7190166935988734
overlay__21D__ctrend_lite_acceleration__btc1__trailing9__c2__robtc__inbtc,21D,ctrend_lite_acceleration,True,trailing,9.0,,2,btc,btc,2.1085006143071436,0.17109122360360196,0.561793671057696,-0.7017821366586363,30.27552204176334,1.6290732016626677,0.4711505588811658,-0.7190166935988734
overlay__28D__ctrend_lite_relative_strength__btc0__trailing9__c1__robtc__incash,28D,ctrend_lite_relative_strength,False,trailing,9.0,,1,btc,cash,2.108288686242944,0.1710663018685783,0.5594285366526794,-0.6624294653161245,28.158352668213457,1.6585611605269064,0.4718314999093441,-0.6749779313045152
overlay__28D__ctrend_lite_relative_strength__btc0__trailing9__c1__robtc__inbtc,28D,ctrend_lite_relative_strength,False,trailing,9.0,,1,btc,btc,2.108288686242944,0.1710663018685783,0.5594285366526794,-0.6624294653161245,28.158352668213457,1.6585611605269064,0.4718314999093441,-0.6749779313045152
overlay__28D__ctrend_lite_breakout__btc0__trailing11__c1__robtc__incash,28D,ctrend_lite_breakout,False,trailing,11.0,,1,btc,cash,2.108133675224095,0.17104807205760353,0.5591516154401597,-0.7282310763633544,25.19431554524362,1.7008574701413792,0.4832477228729782,-0.7402148662775261
overlay__28D__ctrend_lite_breakout__btc0__trailing11__c1__robtc__inbtc,28D,ctrend_lite_breakout,False,trailing,11.0,,1,btc,btc,2.108133675224095,0.17104807205760353,0.5591516154401597,-0.7282310763633544,25.19431554524362,1.7008574701413792,0.4832477228729782,-0.7402148662775261
overlay__21D__ctrend_lite_relative_strength__btc0__trailing7__c2__robtc__incash,21D,ctrend_lite_relative_strength,False,trailing,7.0,,2,btc,cash,2.1045189734211895,0.17062267120180952,0.557588735660349,-0.710469607702615,36.62703016241299,1.5403381708962862,0.4616015647169059,-0.7272020997675408
overlay__21D__ctrend_lite_relative_strength__btc0__trailing7__c2__robtc__inbtc,21D,ctrend_lite_relative_strength,False,trailing,7.0,,2,btc,btc,2.1045189734211895,0.17062267120180952,0.557588735660349,-0.710469607702615,36.62703016241299,1.5403381708962862,0.4616015647169059,-0.7272020997675408
overlay__28D__ctrend_lite_relative_strength__btc0__trailing20__c1__rocash__incash,28D,ctrend_lite_relative_strength,False,trailing,20.0,,1,cash,cash,2.0925534888702466,0.16921037620547752,0.5554840149933319,-0.7020097321778431,11.432714617169374,1.8985037824921778,0.5142335579234054,-0.7115201788061707
overlay__28D__ctrend_lite_relative_strength__btc0__trailing20__c1__rocash__inbtc,28D,ctrend_lite_relative_strength,False,trailing,20.0,,1,cash,btc,2.0925534888702466,0.16921037620547752,0.5554840149933319,-0.7020097321778431,11.432714617169374,1.8985037824921778,0.5142335579234054,-0.7115201788061707
overlay__21D__ctrend_lite_acceleration__btc0__ma75__c1__robtc__incash,21D,ctrend_lite_acceleration,False,ma,,75.0,1,btc,cash,2.091451697357811,0.1690800111285784,0.5529312952806446,-0.7037363583190813,22.23027842227378,1.7305572780283407,0.49438401589286757,-0.7085070002027745
overlay__21D__ctrend_lite_acceleration__btc0__ma75__c1__robtc__inbtc,21D,ctrend_lite_acceleration,False,ma,,75.0,1,btc,btc,2.091451697357811,0.1690800111285784,0.5529312952806446,-0.7037363583190813,22.23027842227378,1.7305572780283407,0.49438401589286757,-0.7085070002027745
overlay__14D__ctrend_lite_relative_strength__btc1__trailing9__c1__rocash__incash,14D,ctrend_lite_relative_strength,True,trailing,9.0,,1,cash,cash,2.0840429226043353,0.1682019886884396,0.5390883668614045,-0.5859697832290016,24.347447795823665,1.6939411525575427,0.45371042897853914,-0.6161500540610165
overlay__14D__ctrend_lite_relative_strength__btc1__trailing9__c1__rocash__inbtc,14D,ctrend_lite_relative_strength,True,trailing,9.0,,1,cash,btc,2.0840429226043353,0.1682019886884396,0.5390883668614045,-0.5859697832290016,24.347447795823665,1.6939411525575427,0.45371042897853914,-0.6161500540610165
overlay__21D__ctrend_lite_acceleration__btc1__ma150__c2__rocash__incash,21D,ctrend_lite_acceleration,True,ma,,150.0,2,cash,cash,2.080037997938437,0.16772633547590976,0.53777256543453,-0.5788605039704948,17.14907192575406,1.797315847898287,0.48573099984264884,-0.5863879767821956
overlay__21D__ctrend_lite_acceleration__btc1__ma150__c2__rocash__inbtc,21D,ctrend_lite_acceleration,True,ma,,150.0,2,cash,btc,2.080037997938437,0.16772633547590976,0.53777256543453,-0.5788605039704948,17.14907192575406,1.797315847898287,0.48573099984264884,-0.5863879767821956
overlay__28D__ctrend_lite_breakout__btc0__trailing7__c1__robtc__incash,28D,ctrend_lite_breakout,False,trailing,7.0,,1,btc,cash,2.069845608479371,0.1665125502954714,0.552957941028891,-0.7362086250961262,29.00522041763341,1.616611065103637,0.46198849771312694,-0.7478406409120525
overlay__28D__ctrend_lite_breakout__btc0__trailing7__c1__robtc__inbtc,28D,ctrend_lite_breakout,False,trailing,7.0,,1,btc,btc,2.069845608479371,0.1665125502954714,0.552957941028891,-0.7362086250961262,29.00522041763341,1.616611065103637,0.46198849771312694,-0.7478406409120525
overlay__21D__ctrend_lite_relative_strength__btc0__trailing9__c1__robtc__incash,21D,ctrend_lite_relative_strength,False,trailing,9.0,,1,btc,cash,2.064917508749955,0.16592398521833407,0.5499455102451866,-0.6959872027950251,35.780162412993036,1.5222982812126775,0.45450521687022466,-0.7093928028326333
overlay__21D__ctrend_lite_relative_strength__btc0__trailing9__c1__robtc__inbtc,21D,ctrend_lite_relative_strength,False,trailing,9.0,,1,btc,btc,2.064917508749955,0.16592398521833407,0.5499455102451866,-0.6959872027950251,35.780162412993036,1.5222982812126775,0.45450521687022466,-0.7093928028326333
overlay__14D__ctrend_lite_relative_strength__btc0__ma100__c2__robtc__incash,14D,ctrend_lite_relative_strength,False,ma,,100.0,2,btc,cash,2.0631491056641873,0.16571251411038967,0.586209984961885,-0.8160576324262857,32.39269141531322,1.5655355663217942,0.5171278978008831,-0.8288631273284254
overlay__14D__ctrend_lite_relative_strength__btc0__ma100__c2__robtc__inbtc,14D,ctrend_lite_relative_strength,False,ma,,100.0,2,btc,btc,2.0631491056641873,0.16571251411038967,0.586209984961885,-0.8160576324262857,32.39269141531322,1.5655355663217942,0.5171278978008831,-0.8288631273284254
overlay__21D__ctrend_lite_relative_strength__btc0__trailing7__c1__robtc__incash,21D,ctrend_lite_relative_strength,False,trailing,7.0,,1,btc,cash,2.0597972646100438,0.1653112982112086,0.5477960542674437,-0.6865882136625168,39.167633410672856,1.4753200856098119,0.4419406360383643,-0.6984289852870744
overlay__21D__ctrend_lite_relative_strength__btc0__trailing7__c1__robtc__inbtc,21D,ctrend_lite_relative_strength,False,trailing,7.0,,1,btc,btc,2.0597972646100438,0.1653112982112086,0.5477960542674437,-0.6865882136625168,39.167633410672856,1.4753200856098119,0.4419406360383643,-0.6984289852870744
overlay__28D__ctrend_lite_relative_strength__btc1__trailing7__c2__robtc__incash,28D,ctrend_lite_relative_strength,True,trailing,7.0,,2,btc,cash,2.056997262585809,0.1649757428046037,0.5513843147608055,-0.7096833703962908,26.041183294663572,1.6476678655377095,0.4730544464607112,-0.7224850309070152
overlay__28D__ctrend_lite_relative_strength__btc1__trailing7__c2__robtc__inbtc,28D,ctrend_lite_relative_strength,True,trailing,7.0,,2,btc,btc,2.056997262585809,0.1649757428046037,0.5513843147608055,-0.7096833703962908,26.041183294663572,1.6476678655377095,0.4730544464607112,-0.7224850309070152
overlay__14D__ctrend_lite_acceleration__btc1__ma150__c2__robtc__incash,14D,ctrend_lite_acceleration,True,ma,,150.0,2,btc,cash,2.0509931451013905,0.16425498696407348,0.5573834412650783,-0.6848476791334699,30.27552204176334,1.5846416865173354,0.4840526612565382,-0.6927073685091303
overlay__14D__ctrend_lite_acceleration__btc1__ma150__c2__robtc__inbtc,14D,ctrend_lite_acceleration,True,ma,,150.0,2,btc,btc,2.0509931451013905,0.16425498696407348,0.5573834412650783,-0.6848476791334699,30.27552204176334,1.5846416865173354,0.4840526612565382,-0.6927073685091303
overlay__28D__ctrend_lite_breakout__btc0__trailing9__c1__robtc__incash,28D,ctrend_lite_breakout,False,trailing,9.0,,1,btc,cash,2.048861980119806,0.16399875428896582,0.548645824269445,-0.6772339872960311,28.158352668213457,1.611811003721045,0.45918269204879925,-0.6892321266964896
overlay__28D__ctrend_lite_breakout__btc0__trailing9__c1__robtc__inbtc,28D,ctrend_lite_breakout,False,trailing,9.0,,1,btc,btc,2.048861980119806,0.16399875428896582,0.548645824269445,-0.6772339872960311,28.158352668213457,1.611811003721045,0.45918269204879925,-0.6892321266964896
overlay__21D__ctrend_lite_acceleration__btc1__ma75__c1__rocash__incash,21D,ctrend_lite_acceleration,True,ma,,75.0,1,cash,cash,2.043716754338412,0.16337927021656418,0.5275009071954251,-0.6001159210501816,15.87877030162413,1.7852061799860537,0.4741773124976389,-0.608671666815993
overlay__21D__ctrend_lite_acceleration__btc1__ma75__c1__rocash__inbtc,21D,ctrend_lite_acceleration,True,ma,,75.0,1,cash,btc,2.043716754338412,0.16337927021656418,0.5275009071954251,-0.6001159210501816,15.87877030162413,1.7852061799860537,0.4741773124976389,-0.608671666815993
overlay__21D__ctrend_lite_relative_strength__btc0__trailing13__c2__robtc__incash,21D,ctrend_lite_relative_strength,False,trailing,13.0,,2,btc,cash,2.043712195386571,0.16337872077487847,0.5548860829883283,-0.746420699078441,32.39269141531322,1.5507866689902932,0.47402658340770704,-0.7649237735642609
overlay__21D__ctrend_lite_relative_strength__btc0__trailing13__c2__robtc__inbtc,21D,ctrend_lite_relative_strength,False,trailing,13.0,,2,btc,btc,2.043712195386571,0.16337872077487847,0.5548860829883283,-0.746420699078441,32.39269141531322,1.5507866689902932,0.47402658340770704,-0.7649237735642609
overlay__14D__ctrend_lite_acceleration__btc1__trailing11__c1__robtc__incash,14D,ctrend_lite_acceleration,True,trailing,11.0,,1,btc,cash,2.042728610014095,0.16326015715755182,0.5517579462472012,-0.7321866197131744,42.55510440835267,1.4214682947333634,0.42808920123217153,-0.7503805577920978
overlay__14D__ctrend_lite_acceleration__btc1__trailing11__c1__robtc__inbtc,14D,ctrend_lite_acceleration,True,trailing,11.0,,1,btc,btc,2.042728610014095,0.16326015715755182,0.5517579462472012,-0.7321866197131744,42.55510440835267,1.4214682947333634,0.42808920123217153,-0.7503805577920978
overlay__28D__ctrend_lite_breakout__btc1__trailing9__c1__robtc__incash,28D,ctrend_lite_breakout,True,trailing,9.0,,1,btc,cash,2.0376783302234696,0.16265067522256915,0.5462999010658597,-0.6772339872960311,25.617749419953597,1.6380927718514207,0.46411128775726157,-0.6892321266964896
overlay__28D__ctrend_lite_breakout__btc1__trailing9__c1__robtc__inbtc,28D,ctrend_lite_breakout,True,trailing,9.0,,1,btc,btc,2.0376783302234696,0.16265067522256915,0.5462999010658597,-0.6772339872960311,25.617749419953597,1.6380927718514207,0.46411128775726157,-0.6892321266964896
overlay__21D__ctrend_lite_acceleration__btc0__trailing11__c2__robtc__incash,21D,ctrend_lite_acceleration,False,trailing,11.0,,2,btc,cash,2.037270197927515,0.16260136868866337,0.550832943604684,-0.6784012751888535,31.969257540603248,1.5514860097059018,0.45727606646569924,-0.693689482163486
overlay__21D__ctrend_lite_acceleration__btc0__trailing11__c2__robtc__inbtc,21D,ctrend_lite_acceleration,False,trailing,11.0,,2,btc,btc,2.037270197927515,0.16260136868866337,0.550832943604684,-0.6784012751888535,31.969257540603248,1.5514860097059018,0.45727606646569924,-0.693689482163486
overlay__28D__ctrend_lite_acceleration__btc1__trailing11__c1__robtc__incash,28D,ctrend_lite_acceleration,True,trailing,11.0,,1,btc,cash,2.0224887865888848,0.160810353522866,0.5457988750303157,-0.7184552977030392,24.347447795823665,1.6435757183969812,0.46873877673496306,-0.7308701555853396
overlay__28D__ctrend_lite_acceleration__btc1__trailing11__c1__robtc__inbtc,28D,ctrend_lite_acceleration,True,trailing,11.0,,1,btc,btc,2.0224887865888848,0.160810353522866,0.5457988750303157,-0.7184552977030392,24.347447795823665,1.6435757183969812,0.46873877673496306,-0.7308701555853396
overlay__21D__ctrend_lite_acceleration__btc1__trailing20__c1__robtc__incash,21D,ctrend_lite_acceleration,True,trailing,20.0,,1,btc,cash,2.021159262383379,0.16064875419278457,0.5396206501157595,-0.7077324133042554,26.888051044083525,1.6073212118507125,0.4674481982446776,-0.7170703435275407
overlay__21D__ctrend_lite_acceleration__btc1__trailing20__c1__robtc__inbtc,21D,ctrend_lite_acceleration,True,trailing,20.0,,1,btc,btc,2.021159262383379,0.16064875419278457,0.5396206501157595,-0.7077324133042554,26.888051044083525,1.6073212118507125,0.4674481982446776,-0.7170703435275407
overlay__21D__ctrend_lite_relative_strength__btc1__trailing20__c1__rocash__incash,21D,ctrend_lite_relative_strength,True,trailing,20.0,,1,cash,cash,2.020394842501768,0.16055580350676757,0.5176323561541499,-0.7008634998002367,16.725638051044083,1.7522428005879658,0.47022762527535705,-0.7135258138060159
overlay__21D__ctrend_lite_relative_strength__btc1__trailing20__c1__rocash__inbtc,21D,ctrend_lite_relative_strength,True,trailing,20.0,,1,cash,btc,2.020394842501768,0.16055580350676757,0.5176323561541499,-0.7008634998002367,16.725638051044083,1.7522428005879658,0.47022762527535705,-0.7135258138060159
overlay__14D__ctrend_lite_acceleration__btc0__ma125__c1__robtc__incash,14D,ctrend_lite_acceleration,False,ma,,125.0,1,btc,cash,2.015335525524346,0.15993990899008526,0.5547208362305242,-0.7298641599289399,32.8161252900232,1.5237466858411521,0.4751202463004482,-0.7366011681995877
overlay__14D__ctrend_lite_acceleration__btc0__ma125__c1__robtc__inbtc,14D,ctrend_lite_acceleration,False,ma,,125.0,1,btc,btc,2.015335525524346,0.15993990899008526,0.5547208362305242,-0.7298641599289399,32.8161252900232,1.5237466858411521,0.4751202463004482,-0.7366011681995877
overlay__28D__ctrend_lite_relative_strength__btc0__trailing15__c2__robtc__incash,28D,ctrend_lite_relative_strength,False,trailing,15.0,,2,btc,cash,2.013355689599067,0.15969856240494074,0.5518310635343175,-0.7479839485922275,22.23027842227378,1.6659372751936707,0.4923201549027649,-0.7625484181353179
overlay__28D__ctrend_lite_relative_strength__btc0__trailing15__c2__robtc__inbtc,28D,ctrend_lite_relative_strength,False,trailing,15.0,,2,btc,btc,2.013355689599067,0.15969856240494074,0.5518310635343175,-0.7479839485922275,22.23027842227378,1.6659372751936707,0.4923201549027649,-0.7625484181353179
overlay__21D__ctrend_lite_acceleration__btc0__trailing15__c1__robtc__incash,21D,ctrend_lite_acceleration,False,trailing,15.0,,1,btc,cash,2.0130935037537823,0.1596665873168981,0.5448353012261683,-0.7015849266561527,32.39269141531322,1.5275529382755537,0.44772961441333786,-0.7090272002051745
overlay__21D__ctrend_lite_acceleration__btc0__trailing15__c1__robtc__inbtc,21D,ctrend_lite_acceleration,False,trailing,15.0,,1,btc,btc,2.0130935037537823,0.1596665873168981,0.5448353012261683,-0.7015849266561527,32.39269141531322,1.5275529382755537,0.44772961441333786,-0.7090272002051745
overlay__21D__ctrend_lite_relative_strength__btc1__trailing9__c1__robtc__incash,21D,ctrend_lite_relative_strength,True,trailing,9.0,,1,btc,cash,2.008483806933475,0.1591038710314281,0.5411116402234263,-0.6959872027950251,34.08642691415313,1.502218205996731,0.45017499252711185,-0.7093928028326333
overlay__21D__ctrend_lite_relative_strength__btc1__trailing9__c1__robtc__inbtc,21D,ctrend_lite_relative_strength,True,trailing,9.0,,1,btc,btc,2.008483806933475,0.1591038710314281,0.5411116402234263,-0.6959872027950251,34.08642691415313,1.502218205996731,0.45017499252711185,-0.7093928028326333
overlay__28D__ctrend_lite_relative_strength__btc0__trailing11__c2__robtc__incash,28D,ctrend_lite_relative_strength,False,trailing,11.0,,2,btc,cash,2.0068676683672293,0.15890634424482597,0.5476896912057276,-0.7256485919789046,25.19431554524362,1.619155324656892,0.4786449237077859,-0.7396318388722177
overlay__28D__ctrend_lite_relative_strength__btc0__trailing11__c2__robtc__inbtc,28D,ctrend_lite_relative_strength,False,trailing,11.0,,2,btc,btc,2.0068676683672293,0.15890634424482597,0.5476896912057276,-0.7256485919789046,25.19431554524362,1.619155324656892,0.4786449237077859,-0.7396318388722177
overlay__28D__ctrend_lite_relative_strength__btc1__trailing9__c1__robtc__incash,28D,ctrend_lite_relative_strength,True,trailing,9.0,,1,btc,cash,2.0022626992900356,0.15834282978973202,0.5404258480493326,-0.6624294653161245,26.46461716937355,1.5980490519617594,0.4573666615803215,-0.6749779313045152
overlay__28D__ctrend_lite_relative_strength__btc1__trailing9__c1__robtc__inbtc,28D,ctrend_lite_relative_strength,True,trailing,9.0,,1,btc,btc,2.0022626992900356,0.15834282978973202,0.5404258480493326,-0.6624294653161245,26.46461716937355,1.5980490519617594,0.4573666615803215,-0.6749779313045152
overlay__14D__ctrend_lite_relative_strength__btc1__ma100__c1__robtc__incash,14D,ctrend_lite_relative_strength,True,ma,,100.0,1,btc,cash,1.999127855937776,0.15795863128497833,0.5775414560335057,-0.748820946018109,33.23955916473318,1.506048906687095,0.5095036998839861,-0.7679874797022068
overlay__14D__ctrend_lite_relative_strength__btc1__ma100__c1__robtc__inbtc,14D,ctrend_lite_relative_strength,True,ma,,100.0,1,btc,btc,1.999127855937776,0.15795863128497833,0.5775414560335057,-0.748820946018109,33.23955916473318,1.506048906687095,0.5095036998839861,-0.7679874797022068
overlay__21D__ctrend_lite_relative_strength__btc1__trailing7__c2__robtc__incash,21D,ctrend_lite_relative_strength,True,trailing,7.0,,2,btc,cash,1.9951592798640274,0.15747157083972851,0.5409417597983678,-0.710469607702615,35.356728538283065,1.4761875282873937,0.448239566190698,-0.7272020997675408
overlay__21D__ctrend_lite_relative_strength__btc1__trailing7__c2__robtc__inbtc,21D,ctrend_lite_relative_strength,True,trailing,7.0,,2,btc,btc,1.9951592798640274,0.15747157083972851,0.5409417597983678,-0.710469607702615,35.356728538283065,1.4761875282873937,0.448239566190698,-0.7272020997675408
overlay__21D__ctrend_lite_relative_strength__btc1__trailing11__c1__rocash__incash,21D,ctrend_lite_relative_strength,True,trailing,11.0,,1,cash,cash,1.982509961770928,0.15591401554454043,0.5168286625506907,-0.5874427258520378,17.995939675174014,1.7009437506501426,0.45489808388985015,-0.6006096120244888
overlay__21D__ctrend_lite_relative_strength__btc1__trailing11__c1__rocash__inbtc,21D,ctrend_lite_relative_strength,True,trailing,11.0,,1,cash,btc,1.982509961770928,0.15591401554454043,0.5168286625506907,-0.5874427258520378,17.995939675174014,1.7009437506501426,0.45489808388985015,-0.6006096120244888
overlay__28D__ctrend_lite_relative_strength__btc0__ma100__c2__robtc__incash,28D,ctrend_lite_relative_strength,False,ma,,100.0,2,btc,cash,1.9815131310409837,0.1557909395772874,0.5594239166143519,-0.8002614107019886,17.572505800464036,1.705968835559955,0.5164830849242308,-0.8080332647789725
overlay__28D__ctrend_lite_relative_strength__btc0__ma100__c2__robtc__inbtc,28D,ctrend_lite_relative_strength,False,ma,,100.0,2,btc,btc,1.9815131310409837,0.1557909395772874,0.5594239166143519,-0.8002614107019886,17.572505800464036,1.705968835559955,0.5164830849242308,-0.8080332647789725
overlay__14D__ctrend_lite_breakout__btc1__trailing9__c2__robtc__incash,14D,ctrend_lite_breakout,True,trailing,9.0,,2,btc,cash,1.9789440556105624,0.15547351771535345,0.5469706760877397,-0.7839920386070679,42.97853828306265,1.372123219685395,0.4404222482739281,-0.8015512994947938
overlay__14D__ctrend_lite_breakout__btc1__trailing9__c2__robtc__inbtc,14D,ctrend_lite_breakout,True,trailing,9.0,,2,btc,btc,1.9789440556105624,0.15547351771535345,0.5469706760877397,-0.7839920386070679,42.97853828306265,1.372123219685395,0.4404222482739281,-0.8015512994947938
overlay__14D__ctrend_lite_acceleration__btc0__ma200__c1__rocash__incash,14D,ctrend_lite_acceleration,False,ma,,200.0,1,cash,cash,1.9666889815823556,0.1539548572680558,0.5336302207330411,-0.6501255650485815,28.581786542923435,1.5416436650149055,0.45907929504115746,-0.6756511960726955
overlay__14D__ctrend_lite_acceleration__btc0__ma200__c1__rocash__inbtc,14D,ctrend_lite_acceleration,False,ma,,200.0,1,cash,btc,1.9666889815823556,0.1539548572680558,0.5336302207330411,-0.6501255650485815,28.581786542923435,1.5416436650149055,0.45907929504115746,-0.6756511960726955
overlay__14D__ctrend_lite_relative_strength__btc0__trailing13__c2__rocash__incash,14D,ctrend_lite_relative_strength,False,trailing,13.0,,2,cash,cash,1.9638252411219959,0.15359890498083328,0.5281062539279052,-0.8168471792636915,27.311484918793504,1.5563619086489335,0.45421391178415316,-0.8283534215907565
overlay__14D__ctrend_lite_relative_strength__btc0__trailing13__c2__rocash__inbtc,14D,ctrend_lite_relative_strength,False,trailing,13.0,,2,cash,btc,1.9638252411219959,0.15359890498083328,0.5281062539279052,-0.8168471792636915,27.311484918793504,1.5563619086489335,0.45421391178415316,-0.8283534215907565
overlay__21D__ctrend_lite_acceleration__btc1__ma125__c2__rocash__incash,21D,ctrend_lite_acceleration,True,ma,,125.0,2,cash,cash,1.9555450573366566,0.15256740191723517,0.5157528296747478,-0.5569457286584885,17.572505800464036,1.6836854545016753,0.46237650674042585,-0.5648649074889573
overlay__21D__ctrend_lite_acceleration__btc1__ma125__c2__rocash__inbtc,21D,ctrend_lite_acceleration,True,ma,,125.0,2,cash,btc,1.9555450573366566,0.15256740191723517,0.5157528296747478,-0.5569457286584885,17.572505800464036,1.6836854545016753,0.46237650674042585,-0.5648649074889573
overlay__14D__ctrend_lite_acceleration__btc1__ma200__c2__rocash__incash,14D,ctrend_lite_acceleration,True,ma,,200.0,2,cash,cash,1.95242945720588,0.15217838480010704,0.5272330793236172,-0.6630672069437247,28.581786542923435,1.530465941629568,0.4514404370378627,-0.6714687805658557
overlay__14D__ctrend_lite_acceleration__btc1__ma200__c2__rocash__inbtc,14D,ctrend_lite_acceleration,True,ma,,200.0,2,cash,btc,1.95242945720588,0.15217838480010704,0.5272330793236172,-0.6630672069437247,28.581786542923435,1.530465941629568,0.4514404370378627,-0.6714687805658557
overlay__14D__ctrend_lite_relative_strength__btc0__trailing9__c2__robtc__incash,14D,ctrend_lite_relative_strength,False,trailing,9.0,,2,btc,cash,1.951605889110372,0.15207547145256672,0.5455575937015329,-0.7309331908280349,45.519141531322504,1.3241898740212972,0.43434427217644517,-0.7641321152744665
overlay__14D__ctrend_lite_relative_strength__btc0__trailing9__c2__robtc__inbtc,14D,ctrend_lite_relative_strength,False,trailing,9.0,,2,btc,btc,1.951605889110372,0.15207547145256672,0.5455575937015329,-0.7309331908280349,45.519141531322504,1.3241898740212972,0.43434427217644517,-0.7641321152744665
overlay__28D__ctrend_lite_relative_strength__btc1__trailing20__c1__rocash__incash,28D,ctrend_lite_relative_strength,True,trailing,20.0,,1,cash,cash,1.9492476572832693,0.15178059652464992,0.525926279307296,-0.7144155713391893,11.432714617169374,1.7684871952134702,0.48414115288664533,-0.7235300819791175
overlay__28D__ctrend_lite_relative_strength__btc1__trailing20__c1__rocash__inbtc,28D,ctrend_lite_relative_strength,True,trailing,20.0,,1,cash,btc,1.9492476572832693,0.15178059652464992,0.525926279307296,-0.7144155713391893,11.432714617169374,1.7684871952134702,0.48414115288664533,-0.7235300819791175
overlay__28D__ctrend_lite_relative_strength__btc0__trailing20__c1__robtc__incash,28D,ctrend_lite_relative_strength,False,trailing,20.0,,1,btc,cash,1.9482158257438036,0.1516514871528114,0.5407620928009855,-0.7954464467613843,21.806844547563806,1.6178643866964224,0.48219320409875294,-0.8072679715390045
overlay__28D__ctrend_lite_relative_strength__btc0__trailing20__c1__robtc__inbtc,28D,ctrend_lite_relative_strength,False,trailing,20.0,,1,btc,btc,1.9482158257438036,0.1516514871528114,0.5407620928009855,-0.7954464467613843,21.806844547563806,1.6178643866964224,0.48219320409875294,-0.8072679715390045
overlay__21D__ctrend_lite_acceleration__btc1__trailing11__c2__rocash__incash,21D,ctrend_lite_acceleration,True,trailing,11.0,,2,cash,cash,1.9437034810433917,0.15108623958007272,0.5370944341334266,-0.5179875994091483,17.572505800464036,1.6736364839109532,0.46540287694721805,-0.5520005733572712
overlay__21D__ctrend_lite_acceleration__btc1__trailing11__c2__rocash__inbtc,21D,ctrend_lite_acceleration,True,trailing,11.0,,2,cash,btc,1.9437034810433917,0.15108623958007272,0.5370944341334266,-0.5179875994091483,17.572505800464036,1.6736364839109532,0.46540287694721805,-0.5520005733572712
overlay__21D__ctrend_lite_acceleration__btc1__ma75__c1__robtc__incash,21D,ctrend_lite_acceleration,True,ma,,75.0,1,btc,cash,1.9364889611414282,0.15018034599783903,0.5292641806557596,-0.7037363583190813,20.959976798143853,1.6197720175558488,0.4740984731826911,-0.7085070002027745
overlay__21D__ctrend_lite_acceleration__btc1__ma75__c1__robtc__inbtc,21D,ctrend_lite_acceleration,True,ma,,75.0,1,btc,btc,1.9364889611414282,0.15018034599783903,0.5292641806557596,-0.7037363583190813,20.959976798143853,1.6197720175558488,0.4740984731826911,-0.7085070002027745
overlay__14D__ctrend_lite_acceleration__btc1__ma125__c2__robtc__incash,14D,ctrend_lite_acceleration,True,ma,,125.0,2,btc,cash,1.935494479482357,0.1500552650333311,0.5423891737022264,-0.7462561087048526,30.698955916473317,1.4900193061684737,0.46784966624062074,-0.7516900391013956
overlay__14D__ctrend_lite_acceleration__btc1__ma125__c2__robtc__inbtc,14D,ctrend_lite_acceleration,True,ma,,125.0,2,btc,btc,1.935494479482357,0.1500552650333311,0.5423891737022264,-0.7462561087048526,30.698955916473317,1.4900193061684737,0.46784966624062074,-0.7516900391013956
overlay__28D__ctrend_lite_relative_strength__btc0__trailing20__c2__rocash__incash,28D,ctrend_lite_relative_strength,False,trailing,20.0,,2,cash,cash,1.9329946997012581,0.149740631273519,0.5225624502109693,-0.7577932711111173,11.009280742459397,1.760059260599869,0.48344737878606386,-0.7646767995288029
overlay__28D__ctrend_lite_relative_strength__btc0__trailing20__c2__rocash__inbtc,28D,ctrend_lite_relative_strength,False,trailing,20.0,,2,cash,btc,1.9329946997012581,0.149740631273519,0.5225624502109693,-0.7577932711111173,11.009280742459397,1.760059260599869,0.48344737878606386,-0.7646767995288029
overlay__21D__ctrend_lite_relative_strength__btc0__trailing11__c1__rocash__incash,21D,ctrend_lite_relative_strength,False,trailing,11.0,,1,cash,cash,1.9302997872069214,0.1494010777324264,0.5061073124783338,-0.5827674852013749,17.995939675174014,1.6561487322858095,0.4443384713854895,-0.5960835830477763
overlay__21D__ctrend_lite_relative_strength__btc0__trailing11__c1__rocash__inbtc,21D,ctrend_lite_relative_strength,False,trailing,11.0,,1,cash,btc,1.9302997872069214,0.1494010777324264,0.5061073124783338,-0.5827674852013749,17.995939675174014,1.6561487322858095,0.4443384713854895,-0.5960835830477763
overlay__14D__ctrend_lite_relative_strength__btc1__ma150__c2__rocash__incash,14D,ctrend_lite_relative_strength,True,ma,,150.0,2,cash,cash,1.9302021897608292,0.14938877364103398,0.5482171917931853,-0.7331609896928106,25.617749419953597,1.5517665726147278,0.4922404699320951,-0.7445398847159819
overlay__14D__ctrend_lite_relative_strength__btc1__ma150__c2__rocash__inbtc,14D,ctrend_lite_relative_strength,True,ma,,150.0,2,cash,btc,1.9302021897608292,0.14938877364103398,0.5482171917931853,-0.7331609896928106,25.617749419953597,1.5517665726147278,0.4922404699320951,-0.7445398847159819
overlay__21D__ctrend_lite_relative_strength__btc0__trailing13__c2__rocash__incash,21D,ctrend_lite_relative_strength,False,trailing,13.0,,2,cash,cash,1.9220175609308432,0.14835518959657468,0.5081122825363417,-0.7443404144001968,18.41937354988399,1.643058129864379,0.4502879149250768,-0.7655290340666855
overlay__21D__ctrend_lite_relative_strength__btc0__trailing13__c2__rocash__inbtc,21D,ctrend_lite_relative_strength,False,trailing,13.0,,2,cash,btc,1.9220175609308432,0.14835518959657468,0.5081122825363417,-0.7443404144001968,18.41937354988399,1.643058129864379,0.4502879149250768,-0.7655290340666855
overlay__14D__ctrend_lite_acceleration__btc1__ma100__c2__rocash__incash,14D,ctrend_lite_acceleration,True,ma,,100.0,2,cash,cash,1.9188655971798179,0.14795622294234811,0.5113653949223567,-0.6453604444592662,26.888051044083525,1.526081678464506,0.4331184886263143,-0.659150028460468
overlay__14D__ctrend_lite_acceleration__btc1__ma100__c2__rocash__inbtc,14D,ctrend_lite_acceleration,True,ma,,100.0,2,cash,btc,1.9188655971798179,0.14795622294234811,0.5113653949223567,-0.6453604444592662,26.888051044083525,1.526081678464506,0.4331184886263143,-0.659150028460468
overlay__21D__ctrend_lite_breakout__btc0__trailing7__c1__rocash__incash,21D,ctrend_lite_breakout,False,trailing,7.0,,1,cash,cash,1.9087961797899622,0.14667819352321665,0.5052022438573848,-0.4339227074234704,19.68967517401392,1.6142725258907091,0.4285995656735709,-0.44289979233988974
overlay__21D__ctrend_lite_breakout__btc0__trailing7__c1__rocash__inbtc,21D,ctrend_lite_breakout,False,trailing,7.0,,1,cash,btc,1.9087961797899622,0.14667819352321665,0.5052022438573848,-0.4339227074234704,19.68967517401392,1.6142725258907091,0.4285995656735709,-0.44289979233988974
overlay__21D__ctrend_lite_relative_strength__btc1__trailing7__c1__robtc__incash,21D,ctrend_lite_relative_strength,True,trailing,7.0,,1,btc,cash,1.9056157725892937,0.1462734259397911,0.5229534828502881,-0.6865882136625168,37.05046403712297,1.3897339336147472,0.4227699511925321,-0.6984289852870744
overlay__21D__ctrend_lite_relative_strength__btc1__trailing7__c1__robtc__inbtc,21D,ctrend_lite_relative_strength,True,trailing,7.0,,1,btc,btc,1.9056157725892937,0.1462734259397911,0.5229534828502881,-0.6865882136625168,37.05046403712297,1.3897339336147472,0.4227699511925321,-0.6984289852870744
overlay__21D__ctrend_lite_relative_strength__btc1__trailing20__c1__robtc__incash,21D,ctrend_lite_relative_strength,True,trailing,20.0,,1,btc,cash,1.9048570621611207,0.1461767868781345,0.5357237160383975,-0.7934526007114722,27.311484918793504,1.5093766364255816,0.4722855230109216,-0.8050383523409121
overlay__21D__ctrend_lite_relative_strength__btc1__trailing20__c1__robtc__inbtc,21D,ctrend_lite_relative_strength,True,trailing,20.0,,1,btc,btc,1.9048570621611207,0.1461767868781345,0.5357237160383975,-0.7934526007114722,27.311484918793504,1.5093766364255816,0.4722855230109216,-0.8050383523409121
overlay__14D__ctrend_lite_acceleration__btc1__trailing20__c1__robtc__incash,14D,ctrend_lite_acceleration,True,trailing,20.0,,1,btc,cash,1.8983328913019772,0.1453445303306209,0.5310436925265727,-0.7151736918774987,40.86136890951276,1.3401904364186723,0.4285888481035683,-0.7335638515454939
overlay__14D__ctrend_lite_acceleration__btc1__trailing20__c1__robtc__inbtc,14D,ctrend_lite_acceleration,True,trailing,20.0,,1,btc,btc,1.8983328913019772,0.1453445303306209,0.5310436925265727,-0.7151736918774987,40.86136890951276,1.3401904364186723,0.4285888481035683,-0.7335638515454939
overlay__14D__ctrend_lite_breakout__btc0__ma75__c2__rocash__incash,14D,ctrend_lite_breakout,False,ma,,75.0,2,cash,cash,1.89729504083894,0.14521192903611957,0.5343481702063198,-0.7665504965203456,24.347447795823665,1.5419596211564357,0.4786431939404712,-0.7756286939911485
overlay__14D__ctrend_lite_breakout__btc0__ma75__c2__rocash__inbtc,14D,ctrend_lite_breakout,False,ma,,75.0,2,cash,btc,1.89729504083894,0.14521192903611957,0.5343481702063198,-0.7665504965203456,24.347447795823665,1.5419596211564357,0.4786431939404712,-0.7756286939911485
overlay__14D__ctrend_lite_relative_strength__btc1__trailing20__c1__rocash__incash,14D,ctrend_lite_relative_strength,True,trailing,20.0,,1,cash,cash,1.8801170822537914,0.14300883230636363,0.5096532942712324,-0.7361134926002008,25.617749419953597,1.511669439316487,0.44417396570179546,-0.7436152003037791
overlay__14D__ctrend_lite_relative_strength__btc1__trailing20__c1__rocash__inbtc,14D,ctrend_lite_relative_strength,True,trailing,20.0,,1,cash,btc,1.8801170822537914,0.14300883230636363,0.5096532942712324,-0.7361134926002008,25.617749419953597,1.511669439316487,0.44417396570179546,-0.7436152003037791
overlay__28D__ctrend_lite_breakout__btc1__trailing11__c1__robtc__incash,28D,ctrend_lite_breakout,True,trailing,11.0,,1,btc,cash,1.8797379027042969,0.14296002332714153,0.5177916969002796,-0.7282310763633544,22.65371229698376,1.5497745644470546,0.4489781570923075,-0.7402148662775261
overlay__28D__ctrend_lite_breakout__btc1__trailing11__c1__robtc__inbtc,28D,ctrend_lite_breakout,True,trailing,11.0,,1,btc,btc,1.8797379027042969,0.14296002332714153,0.5177916969002796,-0.7282310763633544,22.65371229698376,1.5497745644470546,0.4489781570923075,-0.7402148662775261
overlay__21D__ctrend_lite_relative_strength__btc0__trailing13__c1__rocash__incash,21D,ctrend_lite_relative_strength,False,trailing,13.0,,1,cash,cash,1.8629230906240173,0.14078773206786144,0.4917240168695394,-0.69486508801507,17.572505800464036,1.6041055998896168,0.4318240574498961,-0.721157549798636
overlay__21D__ctrend_lite_relative_strength__btc0__trailing13__c1__rocash__inbtc,21D,ctrend_lite_relative_strength,False,trailing,13.0,,1,cash,btc,1.8629230906240173,0.14078773206786144,0.4917240168695394,-0.69486508801507,17.572505800464036,1.6041055998896168,0.4318240574498961,-0.721157549798636
overlay__14D__ctrend_lite_relative_strength__btc1__ma100__c1__rocash__incash,14D,ctrend_lite_relative_strength,True,ma,,100.0,1,cash,cash,1.8620788746811279,0.14067826168092856,0.5257823021942383,-0.7526548597002621,25.19431554524362,1.502458152448562,0.4677034834478561,-0.763128635920188
overlay__14D__ctrend_lite_relative_strength__btc1__ma100__c1__rocash__inbtc,14D,ctrend_lite_relative_strength,True,ma,,100.0,1,cash,btc,1.8620788746811279,0.14067826168092856,0.5257823021942383,-0.7526548597002621,25.19431554524362,1.502458152448562,0.4677034834478561,-0.763128635920188
overlay__28D__ctrend_lite_relative_strength__btc0__trailing9__c1__rocash__incash,28D,ctrend_lite_relative_strength,False,trailing,9.0,,1,cash,cash,1.8570514137345038,0.1400255339651919,0.5590591756147814,-0.4184737132244568,13.973317865429234,1.6488187333649316,0.48214879874195715,-0.4430872460496835
overlay__28D__ctrend_lite_relative_strength__btc0__trailing9__c1__rocash__inbtc,28D,ctrend_lite_relative_strength,False,trailing,9.0,,1,cash,btc,1.8570514137345038,0.1400255339651919,0.5590591756147814,-0.4184737132244568,13.973317865429234,1.6488187333649316,0.48214879874195715,-0.4430872460496835
overlay__14D__ctrend_lite_acceleration__btc1__ma150__c1__robtc__incash,14D,ctrend_lite_acceleration,True,ma,,150.0,1,btc,cash,1.8520242274203331,0.13937144756905862,0.5284069712230449,-0.7114653647494209,30.698955916473317,1.4257606433918015,0.45406481838039925,-0.718661226740707
overlay__14D__ctrend_lite_acceleration__btc1__ma150__c1__robtc__inbtc,14D,ctrend_lite_acceleration,True,ma,,150.0,1,btc,btc,1.8520242274203331,0.13937144756905862,0.5284069712230449,-0.7114653647494209,30.698955916473317,1.4257606433918015,0.45406481838039925,-0.718661226740707
overlay__28D__ctrend_lite_relative_strength__btc1__trailing15__c2__robtc__incash,28D,ctrend_lite_relative_strength,True,trailing,15.0,,2,btc,cash,1.8443109179850787,0.1383651437602993,0.5231980847290788,-0.7479839485922275,20.959976798143853,1.5426698920422086,0.4666184673586445,-0.7625484181353179
overlay__28D__ctrend_lite_relative_strength__btc1__trailing15__c2__robtc__inbtc,28D,ctrend_lite_relative_strength,True,trailing,15.0,,2,btc,btc,1.8443109179850787,0.1383651437602993,0.5231980847290788,-0.7479839485922275,20.959976798143853,1.5426698920422086,0.4666184673586445,-0.7625484181353179
overlay__28D__ctrend_lite_acceleration__btc0__trailing11__c1__robtc__incash,28D,ctrend_lite_acceleration,False,trailing,11.0,,1,btc,cash,1.8442431237450716,0.1383562844044972,0.5144963767197667,-0.7184552977030392,25.19431554524362,1.4879486678876033,0.4363458669785217,-0.7308701555853396
overlay__28D__ctrend_lite_acceleration__btc0__trailing11__c1__robtc__inbtc,28D,ctrend_lite_acceleration,False,trailing,11.0,,1,btc,btc,1.8442431237450716,0.1383562844044972,0.5144963767197667,-0.7184552977030392,25.19431554524362,1.4879486678876033,0.4363458669785217,-0.7308701555853396
overlay__21D__ctrend_lite_acceleration__btc0__ma150__c1__robtc__incash,21D,ctrend_lite_acceleration,False,ma,,150.0,1,btc,cash,1.8410303566371484,0.13793614512626795,0.5207145897253781,-0.7750038538531895,19.266241299303946,1.5623108616053325,0.471792142154201,-0.7774260402612587
overlay__21D__ctrend_lite_acceleration__btc0__ma150__c1__robtc__inbtc,21D,ctrend_lite_acceleration,False,ma,,150.0,1,btc,btc,1.8410303566371484,0.13793614512626795,0.5207145897253781,-0.7750038538531895,19.266241299303946,1.5623108616053325,0.471792142154201,-0.7774260402612587
overlay__21D__ctrend_lite_acceleration__btc0__trailing20__c1__rocash__incash,21D,ctrend_lite_acceleration,False,trailing,20.0,,1,cash,cash,1.837500163107068,0.13747382847179446,0.4833499845241805,-0.5099159334582929,16.725638051044083,1.5936223772461748,0.423301377504476,-0.5134376595829901
overlay__21D__ctrend_lite_acceleration__btc0__trailing20__c1__rocash__inbtc,21D,ctrend_lite_acceleration,False,trailing,20.0,,1,cash,btc,1.837500163107068,0.13747382847179446,0.4833499845241805,-0.5099159334582929,16.725638051044083,1.5936223772461748,0.423301377504476,-0.5134376595829901
overlay__14D__ctrend_lite_relative_strength__btc0__trailing11__c1__rocash__incash,14D,ctrend_lite_relative_strength,False,trailing,11.0,,1,cash,cash,1.8348206946133216,0.1371224557543469,0.48972685153873946,-0.6390233012126405,23.92401392111369,1.4967482009610187,0.4134674893380441,-0.6748513341741968
overlay__14D__ctrend_lite_relative_strength__btc0__trailing11__c1__rocash__inbtc,14D,ctrend_lite_relative_strength,False,trailing,11.0,,1,cash,btc,1.8348206946133216,0.1371224557543469,0.48972685153873946,-0.6390233012126405,23.92401392111369,1.4967482009610187,0.4134674893380441,-0.6748513341741968
overlay__21D__ctrend_lite_relative_strength__btc1__trailing20__c2__robtc__incash,21D,ctrend_lite_relative_strength,True,trailing,20.0,,2,btc,cash,1.832507790574181,0.13681882713342963,0.530187665737202,-0.7698124910830162,28.581786542923435,1.4364163288912575,0.4652128136571117,-0.7838965459667948
overlay__21D__ctrend_lite_relative_strength__btc1__trailing20__c2__robtc__inbtc,21D,ctrend_lite_relative_strength,True,trailing,20.0,,2,btc,btc,1.832507790574181,0.13681882713342963,0.530187665737202,-0.7698124910830162,28.581786542923435,1.4364163288912575,0.4652128136571117,-0.7838965459667948
overlay__21D__ctrend_lite_acceleration__btc0__trailing11__c2__rocash__incash,21D,ctrend_lite_acceleration,False,trailing,11.0,,2,cash,cash,1.8306764158184181,0.13657819734449772,0.5084727463409783,-0.5644548889272122,17.572505800464036,1.5763139129145,0.43674702309335056,-0.5951889208691121
overlay__21D__ctrend_lite_acceleration__btc0__trailing11__c2__rocash__inbtc,21D,ctrend_lite_acceleration,False,trailing,11.0,,2,cash,btc,1.8306764158184181,0.13657819734449772,0.5084727463409783,-0.5644548889272122,17.572505800464036,1.5763139129145,0.43674702309335056,-0.5951889208691121
overlay__14D__ctrend_lite_relative_strength__btc0__trailing7__c2__robtc__incash,14D,ctrend_lite_relative_strength,False,trailing,7.0,,2,btc,cash,1.8284057111054413,0.13627957904289945,0.5210705301771631,-0.8265814765344359,48.05974477958237,1.21402954937259,0.3997948105436227,-0.8412524335819551
overlay__14D__ctrend_lite_relative_strength__btc0__trailing7__c2__robtc__inbtc,14D,ctrend_lite_relative_strength,False,trailing,7.0,,2,btc,btc,1.8284057111054413,0.13627957904289945,0.5210705301771631,-0.8265814765344359,48.05974477958237,1.21402954937259,0.3997948105436227,-0.8412524335819551
overlay__28D__ctrend_lite_relative_strength__btc1__trailing11__c2__robtc__incash,28D,ctrend_lite_relative_strength,True,trailing,11.0,,2,btc,cash,1.8262502397158258,0.13599584438593815,0.516286405021898,-0.7256485919789046,23.92401392111369,1.4894666689937974,0.4501572515963816,-0.7396318388722177
overlay__28D__ctrend_lite_relative_strength__btc1__trailing11__c2__robtc__inbtc,28D,ctrend_lite_relative_strength,True,trailing,11.0,,2,btc,btc,1.8262502397158258,0.13599584438593815,0.516286405021898,-0.7256485919789046,23.92401392111369,1.4894666689937974,0.4501572515963816,-0.7396318388722177
overlay__28D__ctrend_lite_relative_strength__btc1__trailing20__c1__robtc__incash,28D,ctrend_lite_relative_strength,True,trailing,20.0,,1,btc,cash,1.8169742702787095,0.13477178477583962,0.5178946275405472,-0.7954464467613843,20.536542923433874,1.5252974802268986,0.46236069685954495,-0.8072679715390045
overlay__28D__ctrend_lite_relative_strength__btc1__trailing20__c1__robtc__inbtc,28D,ctrend_lite_relative_strength,True,trailing,20.0,,1,btc,btc,1.8169742702787095,0.13477178477583962,0.5178946275405472,-0.7954464467613843,20.536542923433874,1.5252974802268986,0.46236069685954495,-0.8072679715390045
overlay__21D__ctrend_lite_relative_strength__btc1__ma200__c2__robtc__incash,21D,ctrend_lite_relative_strength,True,ma,,200.0,2,btc,cash,1.81549419092732,0.13457601761839677,0.5670152917934745,-0.8921921674914719,21.806844547563806,1.5076478472985155,0.5240608236445877,-0.8978715644785749
overlay__21D__ctrend_lite_relative_strength__btc1__ma200__c2__robtc__inbtc,21D,ctrend_lite_relative_strength,True,ma,,200.0,2,btc,btc,1.81549419092732,0.13457601761839677,0.5670152917934745,-0.8921921674914719,21.806844547563806,1.5076478472985155,0.5240608236445877,-0.8978715644785749
overlay__28D__ctrend_lite_relative_strength__btc0__trailing7__c1__robtc__incash,28D,ctrend_lite_relative_strength,False,trailing,7.0,,1,btc,cash,1.8151098767048066,0.13452516456511598,0.5051042805295709,-0.7309968521887986,29.00522041763341,1.4176548719571573,0.41476436129985533,-0.742858683801049
overlay__28D__ctrend_lite_relative_strength__btc0__trailing7__c1__robtc__inbtc,28D,ctrend_lite_relative_strength,False,trailing,7.0,,1,btc,btc,1.8151098767048066,0.13452516456511598,0.5051042805295709,-0.7309968521887986,29.00522041763341,1.4176548719571573,0.41476436129985533,-0.742858683801049
overlay__28D__ctrend_lite_relative_strength__btc1__ma100__c2__robtc__incash,28D,ctrend_lite_relative_strength,True,ma,,100.0,2,btc,cash,1.8136900917491028,0.13433722279167926,0.5327821320244288,-0.8119833362315885,17.14907192575406,1.5671267652920782,0.4905731996099975,-0.8192990886857585
overlay__28D__ctrend_lite_relative_strength__btc1__ma100__c2__robtc__inbtc,28D,ctrend_lite_relative_strength,True,ma,,100.0,2,btc,btc,1.8136900917491028,0.13433722279167926,0.5327821320244288,-0.8119833362315885,17.14907192575406,1.5671267652920782,0.4905731996099975,-0.8192990886857585
overlay__21D__ctrend_lite_acceleration__btc1__trailing13__c2__robtc__incash,21D,ctrend_lite_acceleration,True,trailing,13.0,,2,btc,cash,1.8130428262986662,0.1342515035680949,0.5106556199097045,-0.69348579401417,29.00522041763341,1.4160404440283243,0.4261374994253484,-0.7011300545471464
overlay__21D__ctrend_lite_acceleration__btc1__trailing13__c2__robtc__inbtc,21D,ctrend_lite_acceleration,True,trailing,13.0,,2,btc,btc,1.8130428262986662,0.1342515035680949,0.5106556199097045,-0.69348579401417,29.00522041763341,1.4160404440283243,0.4261374994253484,-0.7011300545471464
overlay__14D__ctrend_lite_acceleration__btc0__ma150__c2__robtc__incash,14D,ctrend_lite_acceleration,False,ma,,150.0,2,btc,cash,1.8071163688987937,0.1334655220530001,0.5256425661009819,-0.7050573328924967,32.39269141531322,1.3712556888042253,0.4482256837672186,-0.7124130069383678
overlay__14D__ctrend_lite_acceleration__btc0__ma150__c2__robtc__inbtc,14D,ctrend_lite_acceleration,False,ma,,150.0,2,btc,btc,1.8071163688987937,0.1334655220530001,0.5256425661009819,-0.7050573328924967,32.39269141531322,1.3712556888042253,0.4482256837672186,-0.7124130069383678
overlay__28D__ctrend_lite_breakout__btc0__trailing9__c1__rocash__incash,28D,ctrend_lite_breakout,False,trailing,9.0,,1,cash,cash,1.8047063770515914,0.13314532172578697,0.556532556969495,-0.40894008074597465,13.973317865429234,1.602343188076773,0.4743897499766742,-0.435993458905928
overlay__28D__ctrend_lite_breakout__btc0__trailing9__c1__rocash__inbtc,28D,ctrend_lite_breakout,False,trailing,9.0,,1,cash,btc,1.8047063770515914,0.13314532172578697,0.556532556969495,-0.40894008074597465,13.973317865429234,1.602343188076773,0.4743897499766742,-0.435993458905928
overlay__21D__ctrend_lite_acceleration__btc1__trailing13__c1__robtc__incash,21D,ctrend_lite_acceleration,True,trailing,13.0,,1,btc,cash,1.804376067550958,0.13310140933758197,0.5062336033518348,-0.7446766815429291,29.42865429234339,1.4041960399565232,0.41793032212273223,-0.7563756670852779
overlay__21D__ctrend_lite_acceleration__btc1__trailing13__c1__robtc__inbtc,21D,ctrend_lite_acceleration,True,trailing,13.0,,1,btc,btc,1.804376067550958,0.13310140933758197,0.5062336033518348,-0.7446766815429291,29.42865429234339,1.4041960399565232,0.41793032212273223,-0.7563756670852779
overlay__14D__ctrend_lite_acceleration__btc0__ma100__c2__rocash__incash,14D,ctrend_lite_acceleration,False,ma,,100.0,2,cash,cash,1.7955187035916635,0.13192151334448243,0.4931626916920258,-0.6277299886536725,26.888051044083525,1.427983388163687,0.41649772243330024,-0.6422051043377123
overlay__14D__ctrend_lite_acceleration__btc0__ma100__c2__rocash__inbtc,14D,ctrend_lite_acceleration,False,ma,,100.0,2,cash,btc,1.7955187035916635,0.13192151334448243,0.4931626916920258,-0.6277299886536725,26.888051044083525,1.427983388163687,0.41649772243330024,-0.6422051043377123
overlay__14D__ctrend_lite_relative_strength__btc1__trailing11__c1__rocash__incash,14D,ctrend_lite_relative_strength,True,trailing,11.0,,1,cash,cash,1.79453331451662,0.13178996551457622,0.48122873487291634,-0.636803976548483,23.92401392111369,1.4638839195311195,0.40482766265000103,-0.6728522842188694
overlay__14D__ctrend_lite_relative_strength__btc1__trailing11__c1__rocash__inbtc,14D,ctrend_lite_relative_strength,True,trailing,11.0,,1,cash,btc,1.79453331451662,0.13178996551457622,0.48122873487291634,-0.636803976548483,23.92401392111369,1.4638839195311195,0.40482766265000103,-0.6728522842188694
overlay__28D__ctrend_lite_breakout__btc1__trailing9__c1__rocash__incash,28D,ctrend_lite_breakout,True,trailing,9.0,,1,cash,cash,1.7905520952738243,0.13125789878764205,0.5598188465096391,-0.42340686243153547,13.973317865429234,1.5897760373883754,0.47477681682279926,-0.4497980821487526
overlay__28D__ctrend_lite_breakout__btc1__trailing9__c1__rocash__inbtc,28D,ctrend_lite_breakout,True,trailing,9.0,,1,cash,btc,1.7905520952738243,0.13125789878764205,0.5598188465096391,-0.42340686243153547,13.973317865429234,1.5897760373883754,0.47477681682279926,-0.4497980821487526
overlay__14D__ctrend_lite_relative_strength__btc1__ma150__c1__rocash__incash,14D,ctrend_lite_relative_strength,True,ma,,150.0,1,cash,cash,1.7880893922176786,0.13092830586692128,0.527625704624286,-0.7393899573937435,25.617749419953597,1.4375164231028987,0.4714287678795762,-0.7684824812916645
overlay__14D__ctrend_lite_relative_strength__btc1__ma150__c1__rocash__inbtc,14D,ctrend_lite_relative_strength,True,ma,,150.0,1,cash,btc,1.7880893922176786,0.13092830586692128,0.527625704624286,-0.7393899573937435,25.617749419953597,1.4375164231028987,0.4714287678795762,-0.7684824812916645
overlay__14D__ctrend_lite_relative_strength__btc1__trailing9__c2__robtc__incash,14D,ctrend_lite_relative_strength,True,trailing,9.0,,2,btc,cash,1.7842529613254898,0.13041414809438967,0.5195005317376906,-0.7395193449482926,43.8254060324826,1.2282370814422208,0.412293034429669,-0.7700052211210577
overlay__14D__ctrend_lite_relative_strength__btc1__trailing9__c2__robtc__inbtc,14D,ctrend_lite_relative_strength,True,trailing,9.0,,2,btc,btc,1.7842529613254898,0.13041414809438967,0.5195005317376906,-0.7395193449482926,43.8254060324826,1.2282370814422208,0.412293034429669,-0.7700052211210577
overlay__14D__ctrend_lite_acceleration__btc1__ma125__c2__rocash__incash,14D,ctrend_lite_acceleration,True,ma,,125.0,2,cash,cash,1.7806037328848865,0.1299242698087839,0.4893816310758213,-0.6196231713652072,27.734918793503482,1.4059173038011803,0.41054196930155695,-0.6344178682265014
overlay__14D__ctrend_lite_acceleration__btc1__ma125__c2__rocash__inbtc,14D,ctrend_lite_acceleration,True,ma,,125.0,2,cash,btc,1.7806037328848865,0.1299242698087839,0.4893816310758213,-0.6196231713652072,27.734918793503482,1.4059173038011803,0.41054196930155695,-0.6344178682265014
overlay__21D__ctrend_lite_acceleration__btc0__ma150__c2__robtc__incash,21D,ctrend_lite_acceleration,False,ma,,150.0,2,btc,cash,1.7777584178076096,0.12954176074818835,0.5102163957815248,-0.7775362726189603,19.266241299303946,1.5086178646855186,0.4612733053039354,-0.7799311963808956
overlay__21D__ctrend_lite_acceleration__btc0__ma150__c2__robtc__inbtc,21D,ctrend_lite_acceleration,False,ma,,150.0,2,btc,btc,1.7777584178076096,0.12954176074818835,0.5102163957815248,-0.7775362726189603,19.266241299303946,1.5086178646855186,0.4612733053039354,-0.7799311963808956
overlay__14D__ctrend_lite_relative_strength__btc0__trailing15__c1__rocash__incash,14D,ctrend_lite_relative_strength,False,trailing,15.0,,1,cash,cash,1.7703533939036078,0.128544001400674,0.4885069784494512,-0.7782571564815156,27.734918793503482,1.3980184457056632,0.4099610153210975,-0.7914374473216634
overlay__14D__ctrend_lite_relative_strength__btc0__trailing15__c1__rocash__inbtc,14D,ctrend_lite_relative_strength,False,trailing,15.0,,1,cash,btc,1.7703533939036078,0.128544001400674,0.4885069784494512,-0.7782571564815156,27.734918793503482,1.3980184457056632,0.4099610153210975,-0.7914374473216634
overlay__21D__ctrend_lite_acceleration__btc0__trailing7__c2__robtc__incash,21D,ctrend_lite_acceleration,False,trailing,7.0,,2,btc,cash,1.7648172907394197,0.1277959107019424,0.4970283515893208,-0.6953794875784504,36.62703016241299,1.291703934208078,0.3871034278000243,-0.7109055016954635
overlay__21D__ctrend_lite_acceleration__btc0__trailing7__c2__robtc__inbtc,21D,ctrend_lite_acceleration,False,trailing,7.0,,2,btc,btc,1.7648172907394197,0.1277959107019424,0.4970283515893208,-0.6953794875784504,36.62703016241299,1.291703934208078,0.3871034278000243,-0.7109055016954635
overlay__28D__ctrend_lite_relative_strength__btc1__trailing9__c1__rocash__incash,28D,ctrend_lite_relative_strength,True,trailing,9.0,,1,cash,cash,1.7608400033576896,0.1272573192530182,0.5309503164999744,-0.43270714973596025,13.973317865429234,1.563395586423763,0.45175720218943566,-0.45671824176915676
overlay__28D__ctrend_lite_relative_strength__btc1__trailing9__c1__rocash__inbtc,28D,ctrend_lite_relative_strength,True,trailing,9.0,,1,cash,btc,1.7608400033576896,0.1272573192530182,0.5309503164999744,-0.43270714973596025,13.973317865429234,1.563395586423763,0.45175720218943566,-0.45671824176915676
overlay__21D__ctrend_lite_relative_strength__btc0__trailing15__c2__robtc__incash,21D,ctrend_lite_relative_strength,False,trailing,15.0,,2,btc,cash,1.7601139962698766,0.12715890223114612,0.5115823046631327,-0.7740359630374795,29.00522041763341,1.3747014514305158,0.439379931051315,-0.7905240178268078
overlay__21D__ctrend_lite_relative_strength__btc0__trailing15__c2__robtc__inbtc,21D,ctrend_lite_relative_strength,False,trailing,15.0,,2,btc,btc,1.7601139962698766,0.12715890223114612,0.5115823046631327,-0.7740359630374795,29.00522041763341,1.3747014514305158,0.439379931051315,-0.7905240178268078
overlay__28D__ctrend_lite_relative_strength__btc0__trailing13__c1__robtc__incash,28D,ctrend_lite_relative_strength,False,trailing,13.0,,1,btc,cash,1.7576639167263284,0.12682653473739247,0.5003037020291561,-0.7354492486129889,26.888051044083525,1.3977772802166046,0.4239459653670962,-0.7475710377014173
overlay__28D__ctrend_lite_relative_strength__btc0__trailing13__c1__robtc__inbtc,28D,ctrend_lite_relative_strength,False,trailing,13.0,,1,btc,btc,1.7576639167263284,0.12682653473739247,0.5003037020291561,-0.7354492486129889,26.888051044083525,1.3977772802166046,0.4239459653670962,-0.7475710377014173
overlay__28D__ctrend_lite_relative_strength__btc1__trailing20__c2__rocash__incash,28D,ctrend_lite_relative_strength,True,trailing,20.0,,2,cash,cash,1.7569158271230225,0.12672497926825055,0.4824901154938374,-0.7735102840959095,11.009280742459397,1.5997332905777037,0.4427748113884918,-0.7799471341491323
overlay__28D__ctrend_lite_relative_strength__btc1__trailing20__c2__rocash__inbtc,28D,ctrend_lite_relative_strength,True,trailing,20.0,,2,cash,btc,1.7569158271230225,0.12672497926825055,0.4824901154938374,-0.7735102840959095,11.009280742459397,1.5997332905777037,0.4427748113884918,-0.7799471341491323
overlay__21D__ctrend_lite_relative_strength__btc0__ma100__c2__rocash__incash,21D,ctrend_lite_relative_strength,False,ma,,100.0,2,cash,cash,1.753718745826408,0.12629058112210934,0.4928948199824723,-0.7557631471847842,15.031902552204176,1.542959517090977,0.4527649851811571,-0.7735782238524709
overlay__21D__ctrend_lite_relative_strength__btc0__ma100__c2__rocash__inbtc,21D,ctrend_lite_relative_strength,False,ma,,100.0,2,cash,btc,1.753718745826408,0.12629058112210934,0.4928948199824723,-0.7557631471847842,15.031902552204176,1.542959517090977,0.4527649851811571,-0.7735782238524709
overlay__21D__ctrend_lite_acceleration__btc0__trailing20__c1__robtc__incash,21D,ctrend_lite_acceleration,False,trailing,20.0,,1,btc,cash,1.7289592789729296,0.12290512024091571,0.49015811526925884,-0.7077324133042554,29.42865429234339,1.345505416769944,0.41108113455144335,-0.7170703435275407
overlay__21D__ctrend_lite_acceleration__btc0__trailing20__c1__robtc__inbtc,21D,ctrend_lite_acceleration,False,trailing,20.0,,1,btc,btc,1.7289592789729296,0.12290512024091571,0.49015811526925884,-0.7077324133042554,29.42865429234339,1.345505416769944,0.41108113455144335,-0.7170703435275407
overlay__14D__ctrend_lite_breakout__btc1__ma75__c2__rocash__incash,14D,ctrend_lite_breakout,True,ma,,75.0,2,cash,cash,1.7260071889653215,0.12249892394152861,0.5068985698518965,-0.7665504965203452,25.19431554524362,1.3926658035309338,0.4488496572973138,-0.7756286939911488
overlay__14D__ctrend_lite_breakout__btc1__ma75__c2__rocash__inbtc,14D,ctrend_lite_breakout,True,ma,,75.0,2,cash,btc,1.7260071889653215,0.12249892394152861,0.5068985698518965,-0.7665504965203452,25.19431554524362,1.3926658035309338,0.4488496572973138,-0.7756286939911488
overlay__21D__ctrend_lite_relative_strength__btc0__trailing7__c2__rocash__incash,21D,ctrend_lite_relative_strength,False,trailing,7.0,,2,cash,cash,1.7229961949229895,0.12208405812692646,0.4598203650876982,-0.5406058167309469,18.842807424593968,1.4676703732085319,0.39257665733200486,-0.565038480195653
overlay__21D__ctrend_lite_relative_strength__btc0__trailing7__c2__rocash__inbtc,21D,ctrend_lite_relative_strength,False,trailing,7.0,,2,cash,btc,1.7229961949229895,0.12208405812692646,0.4598203650876982,-0.5406058167309469,18.842807424593968,1.4676703732085319,0.39257665733200486,-0.565038480195653
overlay__14D__ctrend_lite_relative_strength__btc0__trailing20__c2__robtc__incash,14D,ctrend_lite_relative_strength,False,trailing,20.0,,2,btc,cash,1.7204686617535914,0.12173536387445982,0.521770978594665,-0.7914455623890462,37.89733178654292,1.2456879733404198,0.4339258203054132,-0.8056137362118577
overlay__14D__ctrend_lite_relative_strength__btc0__trailing20__c2__robtc__inbtc,14D,ctrend_lite_relative_strength,False,trailing,20.0,,2,btc,btc,1.7204686617535914,0.12173536387445982,0.521770978594665,-0.7914455623890462,37.89733178654292,1.2456879733404198,0.4339258203054132,-0.8056137362118577
overlay__28D__ctrend_lite_relative_strength__btc0__trailing7__c2__robtc__incash,28D,ctrend_lite_relative_strength,False,trailing,7.0,,2,btc,cash,1.7183229963733444,0.12143903441697268,0.48900132151972653,-0.7570674974227132,28.581786542923435,1.3469122603438652,0.4037835251420215,-0.7694493735955061
overlay__28D__ctrend_lite_relative_strength__btc0__trailing7__c2__robtc__inbtc,28D,ctrend_lite_relative_strength,False,trailing,7.0,,2,btc,btc,1.7183229963733444,0.12143903441697268,0.48900132151972653,-0.7570674974227132,28.581786542923435,1.3469122603438652,0.4037835251420215,-0.7694493735955061
overlay__21D__ctrend_lite_acceleration__btc1__ma125__c2__robtc__incash,21D,ctrend_lite_acceleration,True,ma,,125.0,2,btc,cash,1.7021511908671347,0.11919617505360969,0.49826660397492506,-0.7461374517451449,20.959976798143853,1.423760694711547,0.44533327551140045,-0.7497748265109465
overlay__21D__ctrend_lite_acceleration__btc1__ma125__c2__robtc__inbtc,21D,ctrend_lite_acceleration,True,ma,,125.0,2,btc,btc,1.7021511908671347,0.11919617505360969,0.49826660397492506,-0.7461374517451449,20.959976798143853,1.423760694711547,0.44533327551140045,-0.7497748265109465
overlay__21D__ctrend_lite_relative_strength__btc0__trailing15__c1__robtc__incash,21D,ctrend_lite_relative_strength,False,trailing,15.0,,1,btc,cash,1.6997274280019103,0.11885857874123262,0.4940298672600044,-0.763924261412348,32.39269141531322,1.289768022235602,0.4101121663503142,-0.7819383176161142
overlay__21D__ctrend_lite_relative_strength__btc0__trailing15__c1__robtc__inbtc,21D,ctrend_lite_relative_strength,False,trailing,15.0,,1,btc,btc,1.6997274280019103,0.11885857874123262,0.4940298672600044,-0.763924261412348,32.39269141531322,1.289768022235602,0.4101121663503142,-0.7819383176161142
overlay__21D__ctrend_lite_acceleration__btc1__trailing13__c2__rocash__incash,21D,ctrend_lite_acceleration,True,trailing,13.0,,2,cash,cash,1.6996349668010313,0.11884569267503853,0.4723442727972556,-0.6194203315257245,18.41937354988399,1.452951891163648,0.39621191010732076,-0.6509621093518161
overlay__21D__ctrend_lite_acceleration__btc1__trailing13__c2__rocash__inbtc,21D,ctrend_lite_acceleration,True,trailing,13.0,,2,cash,btc,1.6996349668010313,0.11884569267503853,0.4723442727972556,-0.6194203315257245,18.41937354988399,1.452951891163648,0.39621191010732076,-0.6509621093518161
overlay__14D__ctrend_lite_acceleration__btc1__trailing9__c1__robtc__incash,14D,ctrend_lite_acceleration,True,trailing,9.0,,1,btc,cash,1.6880443279212027,0.11722594255970065,0.4812819597427985,-0.7183384998979021,42.97853828306265,1.1704246068160231,0.3519715138468133,-0.7346162342595943
overlay__14D__ctrend_lite_acceleration__btc1__trailing9__c1__robtc__inbtc,14D,ctrend_lite_acceleration,True,trailing,9.0,,1,btc,btc,1.6880443279212027,0.11722594255970065,0.4812819597427985,-0.7183384998979021,42.97853828306265,1.1704246068160231,0.3519715138468133,-0.7346162342595943
overlay__28D__ctrend_lite_breakout__btc1__trailing7__c2__robtc__incash,28D,ctrend_lite_breakout,True,trailing,7.0,,2,btc,cash,1.6831266139372663,0.11653605980657322,0.4764599853551805,-0.7234327974334751,25.19431554524362,1.3579587044947028,0.39761104223573407,-0.7356281699152041
overlay__28D__ctrend_lite_breakout__btc1__trailing7__c2__robtc__inbtc,28D,ctrend_lite_breakout,True,trailing,7.0,,2,btc,btc,1.6831266139372663,0.11653605980657322,0.4764599853551805,-0.7234327974334751,25.19431554524362,1.3579587044947028,0.39761104223573407,-0.7356281699152041
overlay__14D__ctrend_lite_relative_strength__btc1__trailing13__c2__rocash__incash,14D,ctrend_lite_relative_strength,True,trailing,13.0,,2,cash,cash,1.6786939227359363,0.11591285567333598,0.4779126086249063,-0.8340868389634032,27.311484918793504,1.3303909242626772,0.40388979272852926,-0.8445100310740228
overlay__14D__ctrend_lite_relative_strength__btc1__trailing13__c2__rocash__inbtc,14D,ctrend_lite_relative_strength,True,trailing,13.0,,2,cash,btc,1.6786939227359363,0.11591285567333598,0.4779126086249063,-0.8340868389634032,27.311484918793504,1.3303909242626772,0.40388979272852926,-0.8445100310740228
overlay__21D__ctrend_lite_acceleration__btc0__trailing13__c1__robtc__incash,21D,ctrend_lite_acceleration,False,trailing,13.0,,1,btc,cash,1.6761431952231878,0.11555365372530813,0.47961980450528946,-0.7446766815429291,33.23955916473318,1.2627274534338089,0.3793781721442042,-0.7563756670852779
overlay__21D__ctrend_lite_acceleration__btc0__trailing13__c1__robtc__inbtc,21D,ctrend_lite_acceleration,False,trailing,13.0,,1,btc,btc,1.6761431952231878,0.11555365372530813,0.47961980450528946,-0.7446766815429291,33.23955916473318,1.2627274534338089,0.3793781721442042,-0.7563756670852779
overlay__14D__ctrend_lite_acceleration__btc1__ma200__c2__robtc__incash,14D,ctrend_lite_acceleration,True,ma,,200.0,2,btc,cash,1.6743850359486587,0.1153058129333906,0.5073286222972077,-0.7316742975075126,29.852088167053363,1.2983420133566999,0.4370418891795366,-0.7512533816111258
overlay__14D__ctrend_lite_acceleration__btc1__ma200__c2__robtc__inbtc,14D,ctrend_lite_acceleration,True,ma,,200.0,2,btc,btc,1.6743850359486587,0.1153058129333906,0.5073286222972077,-0.7316742975075126,29.852088167053363,1.2983420133566999,0.4370418891795366,-0.7512533816111258
overlay__14D__ctrend_lite_relative_strength__btc0__ma100__c2__rocash__incash,14D,ctrend_lite_relative_strength,False,ma,,100.0,2,cash,cash,1.6733709469770885,0.11516276750245402,0.4985319324672526,-0.7573799225467298,24.770881670533644,1.3550645740096967,0.4387169028730578,-0.7869219404105872
overlay__14D__ctrend_lite_relative_strength__btc0__ma100__c2__rocash__inbtc,14D,ctrend_lite_relative_strength,False,ma,,100.0,2,cash,btc,1.6733709469770885,0.11516276750245402,0.4985319324672526,-0.7573799225467298,24.770881670533644,1.3550645740096967,0.4387169028730578,-0.7869219404105872
overlay__21D__ctrend_lite_acceleration__btc1__trailing20__c2__robtc__incash,21D,ctrend_lite_acceleration,True,trailing,20.0,,2,btc,cash,1.6726544533082142,0.1150616590877187,0.48174647547938276,-0.6862592983176721,27.311484918793504,1.3253832021245249,0.40918780097919255,-0.697921940994473
overlay__21D__ctrend_lite_acceleration__btc1__trailing20__c2__robtc__inbtc,21D,ctrend_lite_acceleration,True,trailing,20.0,,2,btc,btc,1.6726544533082142,0.1150616590877187,0.48174647547938276,-0.6862592983176721,27.311484918793504,1.3253832021245249,0.40918780097919255,-0.697921940994473
overlay__14D__ctrend_lite_acceleration__btc1__trailing20__c1__rocash__incash,14D,ctrend_lite_acceleration,True,trailing,20.0,,1,cash,cash,1.671255517772277,0.11486414905221953,0.4552529848820401,-0.5351533686889448,26.888051044083525,1.3292726371197965,0.37118441395667134,-0.546735521595699
overlay__14D__ctrend_lite_acceleration__btc1__trailing20__c1__rocash__inbtc,14D,ctrend_lite_acceleration,True,trailing,20.0,,1,cash,btc,1.671255517772277,0.11486414905221953,0.4552529848820401,-0.5351533686889448,26.888051044083525,1.3292726371197965,0.37118441395667134,-0.546735521595699
overlay__14D__ctrend_lite_acceleration__btc0__ma150__c1__robtc__incash,14D,ctrend_lite_acceleration,False,ma,,150.0,1,btc,cash,1.6656105222571385,0.11406582860466785,0.5026879535805188,-0.7299681162438993,32.8161252900232,1.259328028036986,0.42417941753653926,-0.7367025319131604
overlay__14D__ctrend_lite_acceleration__btc0__ma150__c1__robtc__inbtc,14D,ctrend_lite_acceleration,False,ma,,150.0,1,btc,btc,1.6656105222571385,0.11406582860466785,0.5026879535805188,-0.7299681162438993,32.8161252900232,1.259328028036986,0.42417941753653926,-0.7367025319131604
overlay__28D__ctrend_lite_relative_strength__btc1__trailing13__c1__robtc__incash,28D,ctrend_lite_relative_strength,True,trailing,13.0,,1,btc,cash,1.665313667630034,0.1140237881568944,0.4813870117034333,-0.7354492486129889,25.617749419953597,1.3387482417359633,0.40811902489965063,-0.7475710377014173
overlay__28D__ctrend_lite_relative_strength__btc1__trailing13__c1__robtc__inbtc,28D,ctrend_lite_relative_strength,True,trailing,13.0,,1,btc,btc,1.665313667630034,0.1140237881568944,0.4813870117034333,-0.7354492486129889,25.617749419953597,1.3387482417359633,0.40811902489965063,-0.7475710377014173
overlay__14D__ctrend_lite_relative_strength__btc1__trailing15__c1__rocash__incash,14D,ctrend_lite_relative_strength,True,trailing,15.0,,1,cash,cash,1.663703230490405,0.11379561560713958,0.46768541551856985,-0.7976727591395985,27.734918793503482,1.3137985966051278,0.3890831452398031,-0.8096989956445093
overlay__14D__ctrend_lite_relative_strength__btc1__trailing15__c1__rocash__inbtc,14D,ctrend_lite_relative_strength,True,trailing,15.0,,1,cash,btc,1.663703230490405,0.11379561560713958,0.46768541551856985,-0.7976727591395985,27.734918793503482,1.3137985966051278,0.3890831452398031,-0.8096989956445093
overlay__14D__ctrend_lite_relative_strength__btc1__ma125__c1__rocash__incash,14D,ctrend_lite_relative_strength,True,ma,,125.0,1,cash,cash,1.6541574632675762,0.11243955069589084,0.5035768386167485,-0.7176058048911291,24.770881670533644,1.3394845498065753,0.4482688560160478,-0.7458546561337376
overlay__14D__ctrend_lite_relative_strength__btc1__ma125__c1__rocash__inbtc,14D,ctrend_lite_relative_strength,True,ma,,125.0,1,cash,btc,1.6541574632675762,0.11243955069589084,0.5035768386167485,-0.7176058048911291,24.770881670533644,1.3394845498065753,0.4482688560160478,-0.7458546561337376
overlay__28D__ctrend_lite_breakout__btc0__trailing15__c1__robtc__incash,28D,ctrend_lite_breakout,False,trailing,15.0,,1,btc,cash,1.6525159806479275,0.11220574160507923,0.48311285636219825,-0.7589818807260471,27.311484918793504,1.3094258157512655,0.4069166813877384,-0.7749503086587618
overlay__28D__ctrend_lite_breakout__btc0__trailing15__c1__robtc__inbtc,28D,ctrend_lite_breakout,False,trailing,15.0,,1,btc,btc,1.6525159806479275,0.11220574160507923,0.48311285636219825,-0.7589818807260471,27.311484918793504,1.3094258157512655,0.4069166813877384,-0.7749503086587618
overlay__28D__ctrend_lite_breakout__btc0__ma150__c2__rocash__incash,28D,ctrend_lite_breakout,False,ma,,150.0,2,cash,cash,1.639708003513363,0.11037508693094478,0.47746926244691745,-0.6282274685995934,14.185034802784223,1.4530922787128453,0.44246326503966654,-0.6348711015367838
overlay__28D__ctrend_lite_breakout__btc0__ma150__c2__rocash__inbtc,28D,ctrend_lite_breakout,False,ma,,150.0,2,cash,btc,1.639708003513363,0.11037508693094478,0.47746926244691745,-0.6282274685995934,14.185034802784223,1.4530922787128453,0.44246326503966654,-0.6348711015367838
overlay__21D__ctrend_lite_acceleration__btc0__trailing13__c2__robtc__incash,21D,ctrend_lite_acceleration,False,trailing,13.0,,2,btc,cash,1.6376995269125267,0.11008699218046569,0.47572381876795106,-0.69348579401417,32.39269141531322,1.2427007089749593,0.38133675230736863,-0.7011300545471464
overlay__21D__ctrend_lite_acceleration__btc0__trailing13__c2__robtc__inbtc,21D,ctrend_lite_acceleration,False,trailing,13.0,,2,btc,btc,1.6376995269125267,0.11008699218046569,0.47572381876795106,-0.69348579401417,32.39269141531322,1.2427007089749593,0.38133675230736863,-0.7011300545471464
overlay__21D__ctrend_lite_relative_strength__btc1__trailing7__c2__rocash__incash,21D,ctrend_lite_relative_strength,True,trailing,7.0,,2,cash,cash,1.6308500646118855,0.10910240997826182,0.4365677137283872,-0.5340495367569646,19.266241299303946,1.3841760653616884,0.3676886227094793,-0.5731160745865672
overlay__21D__ctrend_lite_relative_strength__btc1__trailing7__c2__rocash__inbtc,21D,ctrend_lite_relative_strength,True,trailing,7.0,,2,cash,btc,1.6308500646118855,0.10910240997826182,0.4365677137283872,-0.5340495367569646,19.266241299303946,1.3841760653616884,0.3676886227094793,-0.5731160745865672
overlay__14D__ctrend_lite_acceleration__btc0__ma125__c2__robtc__incash,14D,ctrend_lite_acceleration,False,ma,,125.0,2,btc,cash,1.6277964236288338,0.10866241072306848,0.4977227047583397,-0.7515367716004298,33.23955916473318,1.2263052694873082,0.4180661552799428,-0.7577332793434957
overlay__14D__ctrend_lite_acceleration__btc0__ma125__c2__robtc__inbtc,14D,ctrend_lite_acceleration,False,ma,,125.0,2,btc,btc,1.6277964236288338,0.10866241072306848,0.4977227047583397,-0.7515367716004298,33.23955916473318,1.2263052694873082,0.4180661552799428,-0.7577332793434957
overlay__14D__ctrend_lite_acceleration__btc0__ma200__c2__rocash__incash,14D,ctrend_lite_acceleration,False,ma,,200.0,2,cash,cash,1.609901471704986,0.10607076608477395,0.47242213685840206,-0.6816904608882918,28.158352668213457,1.2665272095119486,0.39904521371438134,-0.7049132260724624
overlay__14D__ctrend_lite_acceleration__btc0__ma200__c2__rocash__inbtc,14D,ctrend_lite_acceleration,False,ma,,200.0,2,cash,btc,1.609901471704986,0.10607076608477395,0.47242213685840206,-0.6816904608882918,28.158352668213457,1.2665272095119486,0.39904521371438134,-0.7049132260724624
overlay__14D__ctrend_lite_relative_strength__btc0__trailing20__c1__robtc__incash,14D,ctrend_lite_relative_strength,False,trailing,20.0,,1,btc,cash,1.5997361312033724,0.10458843670102014,0.5008345510916892,-0.7948132376553229,42.97853828306265,1.1091951208881343,0.40107782967216665,-0.8112467624042221
overlay__14D__ctrend_lite_relative_strength__btc0__trailing20__c1__robtc__inbtc,14D,ctrend_lite_relative_strength,False,trailing,20.0,,1,btc,btc,1.5997361312033724,0.10458843670102014,0.5008345510916892,-0.7948132376553229,42.97853828306265,1.1091951208881343,0.40107782967216665,-0.8112467624042221
overlay__21D__ctrend_lite_acceleration__btc1__trailing15__c1__rocash__incash,21D,ctrend_lite_acceleration,True,trailing,15.0,,1,cash,cash,1.5963528294730238,0.10409343032223362,0.4459299120915098,-0.4671476348390342,17.572505800464036,1.3745592413807624,0.3642020310203653,-0.49459708027993055
overlay__21D__ctrend_lite_acceleration__btc1__trailing15__c1__rocash__inbtc,21D,ctrend_lite_acceleration,True,trailing,15.0,,1,cash,btc,1.5963528294730238,0.10409343032223362,0.4459299120915098,-0.4671476348390342,17.572505800464036,1.3745592413807624,0.3642020310203653,-0.49459708027993055
overlay__21D__ctrend_lite_relative_strength__btc0__ma100__c2__robtc__incash,21D,ctrend_lite_relative_strength,False,ma,,100.0,2,btc,cash,1.5959515206541637,0.10403466051290633,0.5034781832864725,-0.8441084709693252,19.68967517401392,1.349457739162669,0.458550239139548,-0.8507138189249899
overlay__21D__ctrend_lite_relative_strength__btc0__ma100__c2__robtc__inbtc,21D,ctrend_lite_relative_strength,False,ma,,100.0,2,btc,btc,1.5959515206541637,0.10403466051290633,0.5034781832864725,-0.8441084709693252,19.68967517401392,1.349457739162669,0.458550239139548,-0.8507138189249899
overlay__14D__ctrend_lite_acceleration__btc0__trailing11__c1__robtc__incash,14D,ctrend_lite_acceleration,False,trailing,11.0,,1,btc,cash,1.5942356812268086,0.10378325235254615,0.47127840161989565,-0.7321866197131744,45.94257540603248,1.077813846421274,0.3398860104557631,-0.7503805577920978
overlay__14D__ctrend_lite_acceleration__btc0__trailing11__c1__robtc__inbtc,14D,ctrend_lite_acceleration,False,trailing,11.0,,1,btc,btc,1.5942356812268086,0.10378325235254615,0.47127840161989565,-0.7321866197131744,45.94257540603248,1.077813846421274,0.3398860104557631,-0.7503805577920978
overlay__14D__ctrend_lite_acceleration__btc1__trailing11__c2__robtc__incash,14D,ctrend_lite_acceleration,True,trailing,11.0,,2,btc,cash,1.5887052414281861,0.1029714670656321,0.4747676034441829,-0.7387209814256308,40.437935034802784,1.1256526013123878,0.3632147761574014,-0.7555907814843142
overlay__14D__ctrend_lite_acceleration__btc1__trailing11__c2__robtc__inbtc,14D,ctrend_lite_acceleration,True,trailing,11.0,,2,btc,btc,1.5887052414281861,0.1029714670656321,0.4747676034441829,-0.7387209814256308,40.437935034802784,1.1256526013123878,0.3632147761574014,-0.7555907814843142
overlay__28D__ctrend_lite_breakout__btc0__trailing7__c2__robtc__incash,28D,ctrend_lite_breakout,False,trailing,7.0,,2,btc,cash,1.5754361783312365,0.10101464533869575,0.45460203422708245,-0.7685728070693103,28.581786542923435,1.2349100305717904,0.3665693844571165,-0.7803682762448404
overlay__28D__ctrend_lite_breakout__btc0__trailing7__c2__robtc__inbtc,28D,ctrend_lite_breakout,False,trailing,7.0,,2,btc,btc,1.5754361783312365,0.10101464533869575,0.45460203422708245,-0.7685728070693103,28.581786542923435,1.2349100305717904,0.3665693844571165,-0.7803682762448404
overlay__14D__ctrend_lite_relative_strength__btc0__trailing15__c2__robtc__incash,14D,ctrend_lite_relative_strength,False,trailing,15.0,,2,btc,cash,1.5708513834782587,0.10033549406959485,0.49630072809054365,-0.7975985600061022,41.28480278422274,1.1050001367099482,0.40042165904576127,-0.8167233129587432
overlay__14D__ctrend_lite_relative_strength__btc0__trailing15__c2__robtc__inbtc,14D,ctrend_lite_relative_strength,False,trailing,15.0,,2,btc,btc,1.5708513834782587,0.10033549406959485,0.49630072809054365,-0.7975985600061022,41.28480278422274,1.1050001367099482,0.40042165904576127,-0.8167233129587432
overlay__28D__ctrend_lite_acceleration__btc1__trailing7__c1__robtc__incash,28D,ctrend_lite_acceleration,True,trailing,7.0,,1,btc,cash,1.5682250497353207,0.09994574784307697,0.44809288810972975,-0.7398590929029736,24.770881670533644,1.2698285047959224,0.3672765642309825,-0.7495292773222184
overlay__28D__ctrend_lite_acceleration__btc1__trailing7__c1__robtc__inbtc,28D,ctrend_lite_acceleration,True,trailing,7.0,,1,btc,btc,1.5682250497353207,0.09994574784307697,0.44809288810972975,-0.7398590929029736,24.770881670533644,1.2698285047959224,0.3672765642309825,-0.7495292773222184
overlay__21D__ctrend_lite_relative_strength__btc1__trailing20__c2__rocash__incash,21D,ctrend_lite_relative_strength,True,trailing,20.0,,2,cash,cash,1.5636767312056665,0.09926956151928534,0.4407409259630608,-0.7591814011530493,17.572505800464036,1.3463856114974668,0.3929760318691943,-0.7693760614995849
overlay__21D__ctrend_lite_relative_strength__btc1__trailing20__c2__rocash__inbtc,21D,ctrend_lite_relative_strength,True,trailing,20.0,,2,cash,btc,1.5636767312056665,0.09926956151928534,0.4407409259630608,-0.7591814011530493,17.572505800464036,1.3463856114974668,0.3929760318691943,-0.7693760614995849
overlay__28D__ctrend_lite_breakout__btc1__ma150__c2__rocash__incash,28D,ctrend_lite_breakout,True,ma,,150.0,2,cash,cash,1.562434534728143,0.09908461798615331,0.45770393675495463,-0.6318612646418076,14.185034802784223,1.3846133296557148,0.42187381349753783,-0.6436190221580818
overlay__28D__ctrend_lite_breakout__btc1__ma150__c2__rocash__inbtc,28D,ctrend_lite_breakout,True,ma,,150.0,2,cash,btc,1.562434534728143,0.09908461798615331,0.45770393675495463,-0.6318612646418076,14.185034802784223,1.3846133296557148,0.42187381349753783,-0.6436190221580818
overlay__21D__ctrend_lite_relative_strength__btc0__trailing15__c2__rocash__incash,21D,ctrend_lite_relative_strength,False,trailing,15.0,,2,cash,cash,1.559065314590657,0.0985824098712933,0.4296013808086688,-0.7796945434912693,16.513921113689094,1.3545808570313977,0.3772659272807587,-0.7972235908805891
overlay__21D__ctrend_lite_relative_strength__btc0__trailing15__c2__rocash__inbtc,21D,ctrend_lite_relative_strength,False,trailing,15.0,,2,cash,btc,1.559065314590657,0.0985824098712933,0.4296013808086688,-0.7796945434912693,16.513921113689094,1.3545808570313977,0.3772659272807587,-0.7972235908805891
overlay__28D__ctrend_lite_relative_strength__btc0__ma100__c2__rocash__incash,28D,ctrend_lite_relative_strength,False,ma,,100.0,2,cash,cash,1.555886224380135,0.09810775700235985,0.45136647425155835,-0.7347266129079137,12.491299303944315,1.3988643549554591,0.4145172198437335,-0.7422708207659912
overlay__28D__ctrend_lite_relative_strength__btc0__ma100__c2__rocash__inbtc,28D,ctrend_lite_relative_strength,False,ma,,100.0,2,cash,btc,1.555886224380135,0.09810775700235985,0.45136647425155835,-0.7347266129079137,12.491299303944315,1.3988643549554591,0.4145172198437335,-0.7422708207659912
overlay__14D__ctrend_lite_acceleration__btc1__trailing15__c1__robtc__incash,14D,ctrend_lite_acceleration,True,trailing,15.0,,1,btc,cash,1.5420313561446855,0.09603019096078258,0.4657975755334816,-0.7398775443779317,45.519141531322504,1.0462882483721774,0.3412321653663577,-0.7526903181377923
overlay__14D__ctrend_lite_acceleration__btc1__trailing15__c1__robtc__inbtc,14D,ctrend_lite_acceleration,True,trailing,15.0,,1,btc,btc,1.5420313561446855,0.09603019096078258,0.4657975755334816,-0.7398775443779317,45.519141531322504,1.0462882483721774,0.3412321653663577,-0.7526903181377923
overlay__21D__ctrend_lite_acceleration__btc0__trailing13__c2__rocash__incash,21D,ctrend_lite_acceleration,False,trailing,13.0,,2,cash,cash,1.5401812727641084,0.09575165473631309,0.42447507759566244,-0.669884220336316,18.41937354988399,1.3166411239522466,0.348346764632735,-0.6972436392479511
overlay__21D__ctrend_lite_acceleration__btc0__trailing13__c2__rocash__inbtc,21D,ctrend_lite_acceleration,False,trailing,13.0,,2,cash,btc,1.5401812727641084,0.09575165473631309,0.42447507759566244,-0.669884220336316,18.41937354988399,1.3166411239522466,0.348346764632735,-0.6972436392479511
overlay__14D__ctrend_lite_relative_strength__btc1__trailing7__c2__rocash__incash,14D,ctrend_lite_relative_strength,True,trailing,7.0,,2,cash,cash,1.5329705356695356,0.09466353057680732,0.4196773458108388,-0.7251284448436042,25.617749419953597,1.2326122138480238,0.3355806507048029,-0.7460826737266808
overlay__14D__ctrend_lite_relative_strength__btc1__trailing7__c2__rocash__inbtc,14D,ctrend_lite_relative_strength,True,trailing,7.0,,2,cash,btc,1.5329705356695356,0.09466353057680732,0.4196773458108388,-0.7251284448436042,25.617749419953597,1.2326122138480238,0.3355806507048029,-0.7460826737266808
overlay__21D__ctrend_lite_acceleration__btc0__trailing20__c2__robtc__incash,21D,ctrend_lite_acceleration,False,trailing,20.0,,2,btc,cash,1.5313749627296007,0.0944222083384163,0.45410223927678967,-0.6862592983176721,29.852088167053363,1.1874499649884358,0.37478314262902634,-0.697921940994473
overlay__21D__ctrend_lite_acceleration__btc0__trailing20__c2__robtc__inbtc,21D,ctrend_lite_acceleration,False,trailing,20.0,,2,btc,btc,1.5313749627296007,0.0944222083384163,0.45410223927678967,-0.6862592983176721,29.852088167053363,1.1874499649884358,0.37478314262902634,-0.697921940994473
overlay__28D__ctrend_lite_breakout__btc0__trailing13__c2__robtc__incash,28D,ctrend_lite_breakout,False,trailing,13.0,,2,btc,cash,1.5301793316369718,0.094241245314451,0.462019178464595,-0.7375895101552606,26.041183294663572,1.225683358508127,0.39094938845740346,-0.7545323650432507
overlay__28D__ctrend_lite_breakout__btc0__trailing13__c2__robtc__inbtc,28D,ctrend_lite_breakout,False,trailing,13.0,,2,btc,btc,1.5301793316369718,0.094241245314451,0.462019178464595,-0.7375895101552606,26.041183294663572,1.225683358508127,0.39094938845740346,-0.7545323650432507
overlay__21D__ctrend_lite_relative_strength__btc1__ma200__c1__robtc__incash,21D,ctrend_lite_relative_strength,True,ma,,200.0,1,btc,cash,1.522398380632917,0.09306083982645807,0.5253222580521552,-0.8909043389416866,21.806844547563806,1.2642511624449793,0.4823208735581857,-0.8966515796968662
overlay__21D__ctrend_lite_relative_strength__btc1__ma200__c1__robtc__inbtc,21D,ctrend_lite_relative_strength,True,ma,,200.0,1,btc,btc,1.522398380632917,0.09306083982645807,0.5253222580521552,-0.8909043389416866,21.806844547563806,1.2642511624449793,0.4823208735581857,-0.8966515796968662
overlay__14D__ctrend_lite_acceleration__btc1__trailing20__c2__robtc__incash,14D,ctrend_lite_acceleration,True,trailing,20.0,,2,btc,cash,1.521781518798316,0.09296705579547959,0.467734639384843,-0.7487380181055727,37.47389791183295,1.1058130724992083,0.37396572264048866,-0.7598175439179762
overlay__14D__ctrend_lite_acceleration__btc1__trailing20__c2__robtc__inbtc,14D,ctrend_lite_acceleration,True,trailing,20.0,,2,btc,btc,1.521781518798316,0.09296705579547959,0.467734639384843,-0.7487380181055727,37.47389791183295,1.1058130724992083,0.37396572264048866,-0.7598175439179762
overlay__14D__ctrend_lite_relative_strength__btc0__ma100__c1__robtc__incash,14D,ctrend_lite_relative_strength,False,ma,,100.0,1,btc,cash,1.5179332852914782,0.09238131552775153,0.5050637369359399,-0.8081964163421608,33.23955916473318,1.143539547981932,0.4332493335676684,-0.8228322300719697
overlay__14D__ctrend_lite_relative_strength__btc0__ma100__c1__robtc__inbtc,14D,ctrend_lite_relative_strength,False,ma,,100.0,1,btc,btc,1.5179332852914782,0.09238131552775153,0.5050637369359399,-0.8081964163421608,33.23955916473318,1.143539547981932,0.4332493335676684,-0.8228322300719697
overlay__28D__ctrend_lite_breakout__btc0__ma150__c1__rocash__incash,28D,ctrend_lite_breakout,False,ma,,150.0,1,cash,cash,1.5107526571236656,0.0912852137195459,0.45223779052099194,-0.6363026728519261,14.185034802784223,1.3388133840949599,0.41700244134386144,-0.6428020006336407
overlay__28D__ctrend_lite_breakout__btc0__ma150__c1__rocash__inbtc,28D,ctrend_lite_breakout,False,ma,,150.0,1,cash,btc,1.5107526571236656,0.0912852137195459,0.45223779052099194,-0.6363026728519261,14.185034802784223,1.3388133840949599,0.41700244134386144,-0.6428020006336407
overlay__28D__ctrend_lite_breakout__btc0__ma200__c2__rocash__incash,28D,ctrend_lite_breakout,False,ma,,200.0,2,cash,cash,1.5083684477244603,0.0909203629957156,0.4627636169108874,-0.6788520986747488,13.33816705336427,1.3463594678959416,0.43088347821659334,-0.68459231567779
overlay__28D__ctrend_lite_breakout__btc0__ma200__c2__rocash__inbtc,28D,ctrend_lite_breakout,False,ma,,200.0,2,cash,btc,1.5083684477244603,0.0909203629957156,0.4627636169108874,-0.6788520986747488,13.33816705336427,1.3463594678959416,0.43088347821659334,-0.68459231567779
overlay__14D__ctrend_lite_relative_strength__btc1__trailing7__c1__rocash__incash,14D,ctrend_lite_relative_strength,True,trailing,7.0,,1,cash,cash,1.507824749802018,0.09083709835839993,0.40268808759855174,-0.545638491066834,26.46461716937355,1.2037050135512317,0.3067561904233606,-0.5648714101335788
overlay__14D__ctrend_lite_relative_strength__btc1__trailing7__c1__rocash__inbtc,14D,ctrend_lite_relative_strength,True,trailing,7.0,,1,cash,btc,1.507824749802018,0.09083709835839993,0.40268808759855174,-0.545638491066834,26.46461716937355,1.2037050135512317,0.3067561904233606,-0.5648714101335788
overlay__14D__ctrend_lite_acceleration__btc0__ma125__c2__rocash__incash,14D,ctrend_lite_acceleration,False,ma,,125.0,2,cash,cash,1.5017294592620025,0.0899020111334694,0.4379216487091446,-0.6302731577373606,27.311484918793504,1.190011356796825,0.3616487124718186,-0.6433692405677459
overlay__14D__ctrend_lite_acceleration__btc0__ma125__c2__rocash__inbtc,14D,ctrend_lite_acceleration,False,ma,,125.0,2,cash,btc,1.5017294592620025,0.0899020111334694,0.4379216487091446,-0.6302731577373606,27.311484918793504,1.190011356796825,0.3616487124718186,-0.6433692405677459
overlay__14D__ctrend_lite_acceleration__btc1__trailing7__c1__robtc__incash,14D,ctrend_lite_acceleration,True,trailing,7.0,,1,btc,cash,1.4939426658475219,0.0887030656853729,0.4396291127797912,-0.7691869300250759,44.672273781902554,1.021000350559777,0.3072929279117511,-0.7856420348627878
overlay__14D__ctrend_lite_acceleration__btc1__trailing7__c1__robtc__inbtc,14D,ctrend_lite_acceleration,True,trailing,7.0,,1,btc,btc,1.4939426658475219,0.0887030656853729,0.4396291127797912,-0.7691869300250759,44.672273781902554,1.021000350559777,0.3072929279117511,-0.7856420348627878
overlay__28D__ctrend_lite_breakout__btc0__ma200__c2__robtc__incash,28D,ctrend_lite_breakout,False,ma,,200.0,2,btc,cash,1.4928677752215067,0.08853717630372726,0.4942186730832863,-0.8175694999280052,15.87877030162413,1.3039565441368173,0.46000597858514974,-0.82147625265627
overlay__28D__ctrend_lite_breakout__btc0__ma200__c2__robtc__inbtc,28D,ctrend_lite_breakout,False,ma,,200.0,2,btc,btc,1.4928677752215067,0.08853717630372726,0.4942186730832863,-0.8175694999280052,15.87877030162413,1.3039565441368173,0.46000597858514974,-0.82147625265627
overlay__28D__ctrend_lite_breakout__btc1__ma200__c2__rocash__incash,28D,ctrend_lite_breakout,True,ma,,200.0,2,cash,cash,1.4921868780914154,0.08843204377380576,0.45348787531108325,-0.6791184613533163,13.761600928074246,1.3271190923608522,0.41983910703945393,-0.6893693703870558
overlay__28D__ctrend_lite_breakout__btc1__ma200__c2__rocash__inbtc,28D,ctrend_lite_breakout,True,ma,,200.0,2,cash,btc,1.4921868780914154,0.08843204377380576,0.45348787531108325,-0.6791184613533163,13.761600928074246,1.3271190923608522,0.41983910703945393,-0.6893693703870558
overlay__14D__ctrend_lite_relative_strength__btc1__trailing15__c2__robtc__incash,14D,ctrend_lite_relative_strength,True,trailing,15.0,,2,btc,cash,1.486513028623998,0.08755451095057842,0.48071547049902574,-0.7980823659923111,40.014501160092806,1.057052797548778,0.3876562695201594,-0.8220017513866515
overlay__14D__ctrend_lite_relative_strength__btc1__trailing15__c2__robtc__inbtc,14D,ctrend_lite_relative_strength,True,trailing,15.0,,2,btc,btc,1.486513028623998,0.08755451095057842,0.48071547049902574,-0.7980823659923111,40.014501160092806,1.057052797548778,0.3876562695201594,-0.8220017513866515
overlay__28D__ctrend_lite_breakout__btc1__ma150__c1__rocash__incash,28D,ctrend_lite_breakout,True,ma,,150.0,1,cash,cash,1.4856275717676215,0.08741732573572181,0.44236867849320205,-0.6397841772296706,14.185034802784223,1.316547793236929,0.406476775713886,-0.6532472312129919
overlay__28D__ctrend_lite_breakout__btc1__ma150__c1__rocash__inbtc,28D,ctrend_lite_breakout,True,ma,,150.0,1,cash,btc,1.4856275717676215,0.08741732573572181,0.44236867849320205,-0.6397841772296706,14.185034802784223,1.316547793236929,0.406476775713886,-0.6532472312129919
overlay__14D__ctrend_lite_breakout__btc0__trailing15__c2__rocash__incash,14D,ctrend_lite_breakout,False,trailing,15.0,,2,cash,cash,1.4853490058624974,0.08737415375651225,0.43722686944189704,-0.7352483492532392,24.559164733178655,1.2050731314872791,0.3698137030959168,-0.7492838896169911
overlay__14D__ctrend_lite_breakout__btc0__trailing15__c2__rocash__inbtc,14D,ctrend_lite_breakout,False,trailing,15.0,,2,cash,btc,1.4853490058624974,0.08737415375651225,0.43722686944189704,-0.7352483492532392,24.559164733178655,1.2050731314872791,0.3698137030959168,-0.7492838896169911
overlay__14D__ctrend_lite_acceleration__btc1__ma200__c1__robtc__incash,14D,ctrend_lite_acceleration,True,ma,,200.0,1,btc,cash,1.4818934144004685,0.08683807686316203,0.4732725207428739,-0.7211823227320248,30.698955916473317,1.140819475615948,0.4010671916100036,-0.7415269811158285
overlay__14D__ctrend_lite_acceleration__btc1__ma200__c1__robtc__inbtc,14D,ctrend_lite_acceleration,True,ma,,200.0,1,btc,btc,1.4818934144004685,0.08683807686316203,0.4732725207428739,-0.7211823227320248,30.698955916473317,1.140819475615948,0.4010671916100036,-0.7415269811158285
overlay__28D__ctrend_lite_breakout__btc1__ma200__c2__robtc__incash,28D,ctrend_lite_breakout,True,ma,,200.0,2,btc,cash,1.4780346859382916,0.08623829423317275,0.4857405760148031,-0.8177208092669456,15.455336426914153,1.2956667379231586,0.451818266905561,-0.8241801110286391
overlay__28D__ctrend_lite_breakout__btc1__ma200__c2__robtc__inbtc,28D,ctrend_lite_breakout,True,ma,,200.0,2,btc,btc,1.4780346859382916,0.08623829423317275,0.4857405760148031,-0.8177208092669456,15.455336426914153,1.2956667379231586,0.451818266905561,-0.8241801110286391
overlay__21D__ctrend_lite_acceleration__btc0__ma200__c1__rocash__incash,21D,ctrend_lite_acceleration,False,ma,,200.0,1,cash,cash,1.4701998436111345,0.08501667563016091,0.4283266185520489,-0.624452890587757,18.41937354988399,1.256691796770633,0.3763149934338847,-0.632493778066735
overlay__21D__ctrend_lite_acceleration__btc0__ma200__c1__rocash__inbtc,21D,ctrend_lite_acceleration,False,ma,,200.0,1,cash,btc,1.4701998436111345,0.08501667563016091,0.4283266185520489,-0.624452890587757,18.41937354988399,1.256691796770633,0.3763149934338847,-0.632493778066735
overlay__21D__ctrend_lite_relative_strength__btc0__ma100__c1__robtc__incash,21D,ctrend_lite_relative_strength,False,ma,,100.0,1,btc,cash,1.465475771089621,0.08427761013978041,0.4790145180461157,-0.8364487534570525,20.1131090487239,1.2346712259338506,0.4328891210402379,-0.844504748142658
overlay__21D__ctrend_lite_relative_strength__btc0__ma100__c1__robtc__inbtc,21D,ctrend_lite_relative_strength,False,ma,,100.0,1,btc,btc,1.465475771089621,0.08427761013978041,0.4790145180461157,-0.8364487534570525,20.1131090487239,1.2346712259338506,0.4328891210402379,-0.844504748142658
overlay__21D__ctrend_lite_acceleration__btc0__trailing7__c1__robtc__incash,21D,ctrend_lite_acceleration,False,trailing,7.0,,1,btc,cash,1.4650982557662677,0.08421846812241696,0.426998569274911,-0.7090937348716915,39.167633410672856,1.0493697225746523,0.3057047433819091,-0.7259057411494196
overlay__21D__ctrend_lite_acceleration__btc0__trailing7__c1__robtc__inbtc,21D,ctrend_lite_acceleration,False,trailing,7.0,,1,btc,btc,1.4650982557662677,0.08421846812241696,0.426998569274911,-0.7090937348716915,39.167633410672856,1.0493697225746523,0.3057047433819091,-0.7259057411494196
overlay__21D__ctrend_lite_acceleration__btc1__ma150__c1__robtc__incash,21D,ctrend_lite_acceleration,True,ma,,150.0,1,btc,cash,1.4575290744691047,0.08303012809156307,0.4510112975226225,-0.7750038538531895,18.842807424593968,1.2413396806020003,0.40316890806864464,-0.7774260402612587
overlay__21D__ctrend_lite_acceleration__btc1__ma150__c1__robtc__inbtc,21D,ctrend_lite_acceleration,True,ma,,150.0,1,btc,btc,1.4575290744691047,0.08303012809156307,0.4510112975226225,-0.7750038538531895,18.842807424593968,1.2413396806020003,0.40316890806864464,-0.7774260402612587
overlay__21D__ctrend_lite_acceleration__btc1__trailing7__c2__robtc__incash,21D,ctrend_lite_acceleration,True,trailing,7.0,,2,btc,cash,1.4561706902132494,0.082816351010494,0.4283198784711114,-0.6953794875784504,33.23955916473318,1.0970105135755321,0.328127479606543,-0.7109055016954635
overlay__21D__ctrend_lite_acceleration__btc1__trailing7__c2__robtc__inbtc,21D,ctrend_lite_acceleration,True,trailing,7.0,,2,btc,btc,1.4561706902132494,0.082816351010494,0.4283198784711114,-0.6953794875784504,33.23955916473318,1.0970105135755321,0.328127479606543,-0.7109055016954635
overlay__28D__ctrend_lite_relative_strength__btc0__ma150__c2__rocash__incash,28D,ctrend_lite_relative_strength,False,ma,,150.0,2,cash,cash,1.4533580671698103,0.08237321143886289,0.44283151157302664,-0.6603387498439933,14.185034802784223,1.2879508919176126,0.407851696666285,-0.6711869824080651
overlay__28D__ctrend_lite_relative_strength__btc0__ma150__c2__rocash__inbtc,28D,ctrend_lite_relative_strength,False,ma,,150.0,2,cash,btc,1.4533580671698103,0.08237321143886289,0.44283151157302664,-0.6603387498439933,14.185034802784223,1.2879508919176126,0.407851696666285,-0.6711869824080651
overlay__14D__ctrend_lite_acceleration__btc1__trailing9__c1__rocash__incash,14D,ctrend_lite_acceleration,True,trailing,9.0,,1,cash,cash,1.4516753387240227,0.08210776779615014,0.3922529244273521,-0.4826068636227687,24.770881670533644,1.1756938583375283,0.27551105638611617,-0.4973132034258103
overlay__14D__ctrend_lite_acceleration__btc1__trailing9__c1__rocash__inbtc,14D,ctrend_lite_acceleration,True,trailing,9.0,,1,cash,btc,1.4516753387240227,0.08210776779615014,0.3922529244273521,-0.4826068636227687,24.770881670533644,1.1756938583375283,0.27551105638611617,-0.4973132034258103
overlay__28D__ctrend_lite_breakout__btc0__ma150__c2__robtc__incash,28D,ctrend_lite_breakout,False,ma,,150.0,2,btc,cash,1.4494719934373197,0.08175983197500059,0.4819538840902135,-0.7987938925636635,18.41937354988399,1.2389396413153109,0.44186092601707405,-0.8038118391254636
overlay__28D__ctrend_lite_breakout__btc0__ma150__c2__robtc__inbtc,28D,ctrend_lite_breakout,False,ma,,150.0,2,btc,btc,1.4494719934373197,0.08175983197500059,0.4819538840902135,-0.7987938925636635,18.41937354988399,1.2389396413153109,0.44186092601707405,-0.8038118391254636
overlay__21D__ctrend_lite_acceleration__btc0__trailing7__c2__rocash__incash,21D,ctrend_lite_acceleration,False,trailing,7.0,,2,cash,cash,1.4448781479670494,0.08103306330142224,0.38986969920847114,-0.532008401764133,18.842807424593968,1.230765835070478,0.29991767213861403,-0.5453087484575255
overlay__21D__ctrend_lite_acceleration__btc0__trailing7__c2__rocash__inbtc,21D,ctrend_lite_acceleration,False,trailing,7.0,,2,cash,btc,1.4448781479670494,0.08103306330142224,0.38986969920847114,-0.532008401764133,18.842807424593968,1.230765835070478,0.29991767213861403,-0.5453087484575255
overlay__21D__ctrend_lite_acceleration__btc0__trailing9__c1__robtc__incash,21D,ctrend_lite_acceleration,False,trailing,9.0,,1,btc,cash,1.4444772028578006,0.08096954545246327,0.4210369360316134,-0.7226644130551916,35.780162412993036,1.064897340374866,0.30872886768071806,-0.7348936678397222
overlay__21D__ctrend_lite_acceleration__btc0__trailing9__c1__robtc__inbtc,21D,ctrend_lite_acceleration,False,trailing,9.0,,1,btc,btc,1.4444772028578006,0.08096954545246327,0.4210369360316134,-0.7226644130551916,35.780162412993036,1.064897340374866,0.30872886768071806,-0.7348936678397222
overlay__21D__ctrend_lite_acceleration__btc1__trailing15__c2__robtc__incash,21D,ctrend_lite_acceleration,True,trailing,15.0,,2,btc,cash,1.4380542110630865,0.07995011353154391,0.42912570779679104,-0.7036954785911232,24.770881670533644,1.1644261319240699,0.3560672761432152,-0.70899280057827
overlay__21D__ctrend_lite_acceleration__btc1__trailing15__c2__robtc__inbtc,21D,ctrend_lite_acceleration,True,trailing,15.0,,2,btc,btc,1.4380542110630865,0.07995011353154391,0.42912570779679104,-0.7036954785911232,24.770881670533644,1.1644261319240699,0.3560672761432152,-0.70899280057827
overlay__14D__ctrend_lite_acceleration__btc1__ma75__c1__robtc__incash,14D,ctrend_lite_acceleration,True,ma,,75.0,1,btc,cash,1.431869552916308,0.07896511139381834,0.4475102157089564,-0.7503059174491055,33.66299303944316,1.0748182942297477,0.36274959632839926,-0.7587188035143106
overlay__14D__ctrend_lite_acceleration__btc1__ma75__c1__robtc__inbtc,14D,ctrend_lite_acceleration,True,ma,,75.0,1,btc,btc,1.431869552916308,0.07896511139381834,0.4475102157089564,-0.7503059174491055,33.66299303944316,1.0748182942297477,0.36274959632839926,-0.7587188035143106
overlay__28D__ctrend_lite_breakout__btc1__ma100__c1__robtc__incash,28D,ctrend_lite_breakout,True,ma,,100.0,1,btc,cash,1.4310999158776758,0.0788423003177483,0.45501127194368945,-0.7301533790085376,16.725638051044083,1.241017520550341,0.41216286432129606,-0.736613640011814
overlay__28D__ctrend_lite_breakout__btc1__ma100__c1__robtc__inbtc,28D,ctrend_lite_breakout,True,ma,,100.0,1,btc,btc,1.4310999158776758,0.0788423003177483,0.45501127194368945,-0.7301533790085376,16.725638051044083,1.241017520550341,0.41216286432129606,-0.736613640011814
overlay__14D__ctrend_lite_acceleration__btc0__trailing20__c1__robtc__incash,14D,ctrend_lite_acceleration,False,trailing,20.0,,1,btc,cash,1.430924621349886,0.07881432126932308,0.4530269484266417,-0.7151736918774987,44.248839907192576,0.9814668289553085,0.34371889667566363,-0.7335638515454939
overlay__14D__ctrend_lite_acceleration__btc0__trailing20__c1__robtc__inbtc,14D,ctrend_lite_acceleration,False,trailing,20.0,,1,btc,btc,1.430924621349886,0.07881432126932308,0.4530269484266417,-0.7151736918774987,44.248839907192576,0.9814668289553085,0.34371889667566363,-0.7335638515454939
overlay__21D__ctrend_lite_acceleration__btc1__ma150__c2__robtc__incash,21D,ctrend_lite_acceleration,True,ma,,150.0,2,btc,cash,1.429671904384673,0.07861429436374379,0.44526674312063586,-0.7775362726189603,18.842807424593968,1.217614451911321,0.3974574058941477,-0.7799311963808956
overlay__21D__ctrend_lite_acceleration__btc1__ma150__c2__robtc__inbtc,21D,ctrend_lite_acceleration,True,ma,,150.0,2,btc,btc,1.429671904384673,0.07861429436374379,0.44526674312063586,-0.7775362726189603,18.842807424593968,1.217614451911321,0.3974574058941477,-0.7799311963808956
overlay__28D__ctrend_lite_acceleration__btc1__trailing9__c1__robtc__incash,28D,ctrend_lite_acceleration,True,trailing,9.0,,1,btc,cash,1.428579211722168,0.07843970640560838,0.40972102784616876,-0.7128061494601172,25.617749419953597,1.1484370452536778,0.3250483842833097,-0.7214794314220967
overlay__28D__ctrend_lite_acceleration__btc1__trailing9__c1__robtc__inbtc,28D,ctrend_lite_acceleration,True,trailing,9.0,,1,btc,btc,1.428579211722168,0.07843970640560838,0.40972102784616876,-0.7128061494601172,25.617749419953597,1.1484370452536778,0.3250483842833097,-0.7214794314220967
overlay__28D__ctrend_lite_relative_strength__btc0__ma100__c1__robtc__incash,28D,ctrend_lite_relative_strength,False,ma,,100.0,1,btc,cash,1.4281549182637252,0.07837188538396367,0.45717342111249,-0.7596336216389723,18.41937354988399,1.2207188204998394,0.41053675596792355,-0.7639308834391255
overlay__28D__ctrend_lite_relative_strength__btc0__ma100__c1__robtc__inbtc,28D,ctrend_lite_relative_strength,False,ma,,100.0,1,btc,btc,1.4281549182637252,0.07837188538396367,0.45717342111249,-0.7596336216389723,18.41937354988399,1.2207188204998394,0.41053675596792355,-0.7639308834391255
overlay__14D__ctrend_lite_relative_strength__btc1__ma200__c1__rocash__incash,14D,ctrend_lite_relative_strength,True,ma,,200.0,1,cash,cash,1.4276400767081223,0.07828956940459819,0.47992062969545113,-0.7778038866350275,26.888051044083525,1.135362864197844,0.4226547577304083,-0.8076603901969928
overlay__14D__ctrend_lite_relative_strength__btc1__ma200__c1__rocash__inbtc,14D,ctrend_lite_relative_strength,True,ma,,200.0,1,cash,btc,1.4276400767081223,0.07828956940459819,0.47992062969545113,-0.7778038866350275,26.888051044083525,1.135362864197844,0.4226547577304083,-0.8076603901969928
overlay__21D__ctrend_lite_relative_strength__btc1__trailing15__c1__rocash__incash,21D,ctrend_lite_relative_strength,True,trailing,15.0,,1,cash,cash,1.4267337366270276,0.07814460140045543,0.38506995060912275,-0.7297117372222472,17.572505800464036,1.2285066349133966,0.3247029205587167,-0.7512157889242236
overlay__21D__ctrend_lite_relative_strength__btc1__trailing15__c1__rocash__inbtc,21D,ctrend_lite_relative_strength,True,trailing,15.0,,1,cash,btc,1.4267337366270276,0.07814460140045543,0.38506995060912275,-0.7297117372222472,17.572505800464036,1.2285066349133966,0.3247029205587167,-0.7512157889242236
overlay__21D__ctrend_lite_acceleration__btc1__trailing20__c2__rocash__incash,21D,ctrend_lite_acceleration,True,trailing,20.0,,2,cash,cash,1.425562023623202,0.07795707968904808,0.3810249354715585,-0.5374639410492739,17.572505800464036,1.2274635534312623,0.3202557870207213,-0.5424397147082698
overlay__21D__ctrend_lite_acceleration__btc1__trailing20__c2__rocash__inbtc,21D,ctrend_lite_acceleration,True,trailing,20.0,,2,cash,btc,1.425562023623202,0.07795707968904808,0.3810249354715585,-0.5374639410492739,17.572505800464036,1.2274635534312623,0.3202557870207213,-0.5424397147082698
overlay__28D__ctrend_lite_relative_strength__btc1__ma100__c2__rocash__incash,28D,ctrend_lite_relative_strength,True,ma,,100.0,2,cash,cash,1.4235417503358505,0.07763346830073736,0.41887202469784907,-0.750294535458116,12.491299303944315,1.2798762410336746,0.3816311526507044,-0.7573960014153769
overlay__28D__ctrend_lite_relative_strength__btc1__ma100__c2__rocash__inbtc,28D,ctrend_lite_relative_strength,True,ma,,100.0,2,cash,btc,1.4235417503358505,0.07763346830073736,0.41887202469784907,-0.750294535458116,12.491299303944315,1.2798762410336746,0.3816311526507044,-0.7573960014153769
overlay__14D__ctrend_lite_relative_strength__btc1__ma125__c2__robtc__incash,14D,ctrend_lite_relative_strength,True,ma,,125.0,2,btc,cash,1.418632404808611,0.07684556811703991,0.5052366494474857,-0.8448154430956887,30.698955916473317,1.0921186776447789,0.44397213305697414,-0.8550970493942588
overlay__14D__ctrend_lite_relative_strength__btc1__ma125__c2__robtc__inbtc,14D,ctrend_lite_relative_strength,True,ma,,125.0,2,btc,btc,1.418632404808611,0.07684556811703991,0.5052366494474857,-0.8448154430956887,30.698955916473317,1.0921186776447789,0.44397213305697414,-0.8550970493942588
overlay__21D__ctrend_lite_acceleration__btc0__ma200__c2__rocash__incash,21D,ctrend_lite_acceleration,False,ma,,200.0,2,cash,cash,1.416445786870624,0.07649394610043259,0.41560410575659995,-0.6429869453605586,18.41937354988399,1.2107441098337188,0.3635205542173456,-0.6506309978081325
overlay__21D__ctrend_lite_acceleration__btc0__ma200__c2__rocash__inbtc,21D,ctrend_lite_acceleration,False,ma,,200.0,2,cash,btc,1.416445786870624,0.07649394610043259,0.41560410575659995,-0.6429869453605586,18.41937354988399,1.2107441098337188,0.3635205542173456,-0.6506309978081325
overlay__14D__ctrend_lite_relative_strength__btc0__ma100__c1__rocash__incash,14D,ctrend_lite_relative_strength,False,ma,,100.0,1,cash,cash,1.4144380772556688,0.07617071666767661,0.44423752057049265,-0.7526548597002624,24.770881670533644,1.145394675063908,0.383022909223612,-0.7734323522743073
overlay__14D__ctrend_lite_relative_strength__btc0__ma100__c1__rocash__inbtc,14D,ctrend_lite_relative_strength,False,ma,,100.0,1,cash,btc,1.4144380772556688,0.07617071666767661,0.44423752057049265,-0.7526548597002624,24.770881670533644,1.145394675063908,0.383022909223612,-0.7734323522743073
overlay__14D__ctrend_lite_relative_strength__btc0__trailing20__c1__rocash__incash,14D,ctrend_lite_relative_strength,False,trailing,20.0,,1,cash,cash,1.412891640831287,0.0759215028408724,0.4177806851933144,-0.736113492600201,25.617749419953597,1.1360064405936146,0.34638083267857434,-0.743615200303779
overlay__14D__ctrend_lite_relative_strength__btc0__trailing20__c1__rocash__inbtc,14D,ctrend_lite_relative_strength,False,trailing,20.0,,1,cash,btc,1.412891640831287,0.0759215028408724,0.4177806851933144,-0.736113492600201,25.617749419953597,1.1360064405936146,0.34638083267857434,-0.743615200303779
overlay__28D__ctrend_lite_breakout__btc1__trailing13__c2__robtc__incash,28D,ctrend_lite_breakout,True,trailing,13.0,,2,btc,cash,1.397252340009526,0.07338901242442963,0.4294414594639384,-0.7375895101552606,23.92401392111369,1.1395813910702701,0.36305919572014134,-0.7545323650432507
overlay__28D__ctrend_lite_breakout__btc1__trailing13__c2__robtc__inbtc,28D,ctrend_lite_breakout,True,trailing,13.0,,2,btc,btc,1.397252340009526,0.07338901242442963,0.4294414594639384,-0.7375895101552606,23.92401392111369,1.1395813910702701,0.36305919572014134,-0.7545323650432507
overlay__28D__ctrend_lite_breakout__btc0__ma100__c1__robtc__incash,28D,ctrend_lite_breakout,False,ma,,100.0,1,btc,cash,1.383950959064306,0.07121745972227411,0.4472214695448817,-0.7301533790085376,18.41937354988399,1.1829353810106966,0.4004179743061748,-0.7349776875669721
overlay__28D__ctrend_lite_breakout__btc0__ma100__c1__robtc__inbtc,28D,ctrend_lite_breakout,False,ma,,100.0,1,btc,btc,1.383950959064306,0.07121745972227411,0.4472214695448817,-0.7301533790085376,18.41937354988399,1.1829353810106966,0.4004179743061748,-0.7349776875669721
overlay__28D__ctrend_lite_breakout__btc1__ma150__c2__robtc__incash,28D,ctrend_lite_breakout,True,ma,,150.0,2,btc,cash,1.3828223784333147,0.07103245416647286,0.463856586100116,-0.798830034985682,17.14907192575406,1.1948336547385643,0.42584134394073103,-0.8048723800894836
overlay__28D__ctrend_lite_breakout__btc1__ma150__c2__robtc__inbtc,28D,ctrend_lite_breakout,True,ma,,150.0,2,btc,btc,1.3828223784333147,0.07103245416647286,0.463856586100116,-0.798830034985682,17.14907192575406,1.1948336547385643,0.42584134394073103,-0.8048723800894836
overlay__14D__ctrend_lite_acceleration__btc0__ma200__c2__robtc__incash,14D,ctrend_lite_acceleration,False,ma,,200.0,2,btc,cash,1.3778772108798314,0.07022039838701355,0.45908966657299183,-0.7610648601312979,31.54582366589327,1.0531170834704469,0.3858579133110441,-0.7792971065467903
overlay__14D__ctrend_lite_acceleration__btc0__ma200__c2__robtc__inbtc,14D,ctrend_lite_acceleration,False,ma,,200.0,2,btc,btc,1.3778772108798314,0.07022039838701355,0.45908966657299183,-0.7610648601312979,31.54582366589327,1.0531170834704469,0.3858579133110441,-0.7792971065467903
overlay__21D__ctrend_lite_acceleration__btc0__trailing11__c1__rocash__incash,21D,ctrend_lite_acceleration,False,trailing,11.0,,1,cash,cash,1.3766061621598922,0.07001130588087201,0.36432789365328405,-0.5455247464164362,17.995939675174014,1.1810935096339763,0.2754183267965434,-0.553640965664564
overlay__21D__ctrend_lite_acceleration__btc0__trailing11__c1__rocash__inbtc,21D,ctrend_lite_acceleration,False,trailing,11.0,,1,cash,btc,1.3766061621598922,0.07001130588087201,0.36432789365328405,-0.5455247464164362,17.995939675174014,1.1810935096339763,0.2754183267965434,-0.553640965664564
overlay__28D__ctrend_lite_relative_strength__btc0__trailing13__c1__rocash__incash,28D,ctrend_lite_relative_strength,False,trailing,13.0,,1,cash,cash,1.3675255449478718,0.06851306467340312,0.3621671825889999,-0.603984956877815,13.973317865429234,1.2141741418119667,0.3044373770062265,-0.6193773061789702
overlay__28D__ctrend_lite_relative_strength__btc0__trailing13__c1__rocash__inbtc,28D,ctrend_lite_relative_strength,False,trailing,13.0,,1,cash,btc,1.3675255449478718,0.06851306467340312,0.3621671825889999,-0.603984956877815,13.973317865429234,1.2141741418119667,0.3044373770062265,-0.6193773061789702
overlay__14D__ctrend_lite_acceleration__btc1__trailing13__c1__robtc__incash,14D,ctrend_lite_acceleration,True,trailing,13.0,,1,btc,cash,1.3583791681721966,0.06699602478111655,0.41937229266780246,-0.7735691402497122,43.40197215777262,0.9384555356838474,0.29790939333462596,-0.7878069022431419
overlay__14D__ctrend_lite_acceleration__btc1__trailing13__c1__robtc__inbtc,14D,ctrend_lite_acceleration,True,trailing,13.0,,1,btc,btc,1.3583791681721966,0.06699602478111655,0.41937229266780246,-0.7735691402497122,43.40197215777262,0.9384555356838474,0.29790939333462596,-0.7878069022431419
overlay__28D__ctrend_lite_acceleration__btc1__trailing13__c1__robtc__incash,28D,ctrend_lite_acceleration,True,trailing,13.0,,1,btc,cash,1.3557632268906257,0.06656065800951017,0.4029667768519547,-0.7469241794450875,25.19431554524362,1.0938395602236957,0.32614366028695346,-0.7567713920176726
overlay__28D__ctrend_lite_acceleration__btc1__trailing13__c1__robtc__inbtc,28D,ctrend_lite_acceleration,True,trailing,13.0,,1,btc,btc,1.3557632268906257,0.06656065800951017,0.4029667768519547,-0.7469241794450875,25.19431554524362,1.0938395602236957,0.32614366028695346,-0.7567713920176726
overlay__28D__ctrend_lite_breakout__btc1__trailing15__c1__robtc__incash,28D,ctrend_lite_breakout,True,trailing,15.0,,1,btc,cash,1.355560618485093,0.06652691060682914,0.41525292644705325,-0.7589818807260471,24.770881670533644,1.097629140423233,0.34518759802540167,-0.7749503086587618
overlay__28D__ctrend_lite_breakout__btc1__trailing15__c1__robtc__inbtc,28D,ctrend_lite_breakout,True,trailing,15.0,,1,btc,btc,1.355560618485093,0.06652691060682914,0.41525292644705325,-0.7589818807260471,24.770881670533644,1.097629140423233,0.34518759802540167,-0.7749503086587618
overlay__14D__ctrend_lite_acceleration__btc0__trailing15__c1__robtc__incash,14D,ctrend_lite_acceleration,False,trailing,15.0,,1,btc,cash,1.3524651966121426,0.06601082760380939,0.4286448808253442,-0.7398775443779317,49.330046403712295,0.8883458122979913,0.29566357905999624,-0.7526903181377923
overlay__14D__ctrend_lite_acceleration__btc0__trailing15__c1__robtc__inbtc,14D,ctrend_lite_acceleration,False,trailing,15.0,,1,btc,btc,1.3524651966121426,0.06601082760380939,0.4286448808253442,-0.7398775443779317,49.330046403712295,0.8883458122979913,0.29566357905999624,-0.7526903181377923
overlay__28D__ctrend_lite_breakout__btc0__ma100__c2__robtc__incash,28D,ctrend_lite_breakout,False,ma,,100.0,2,btc,cash,1.3515969600904958,0.06586590401284131,0.44355652714229377,-0.7648781139131912,17.14907192575406,1.167853197015883,0.4004663058343017,-0.7740267365974413
overlay__28D__ctrend_lite_breakout__btc0__ma100__c2__robtc__inbtc,28D,ctrend_lite_breakout,False,ma,,100.0,2,btc,btc,1.3515969600904958,0.06586590401284131,0.44355652714229377,-0.7648781139131912,17.14907192575406,1.167853197015883,0.4004663058343017,-0.7740267365974413
overlay__28D__ctrend_lite_relative_strength__btc0__ma150__c1__rocash__incash,28D,ctrend_lite_relative_strength,False,ma,,150.0,1,cash,cash,1.3429815000742218,0.06442384401012569,0.41822815578597905,-0.6744112587741653,14.185034802784223,1.1901363194121537,0.3830149589203141,-0.6893236493051642
overlay__28D__ctrend_lite_relative_strength__btc0__ma150__c1__rocash__inbtc,28D,ctrend_lite_relative_strength,False,ma,,150.0,1,cash,btc,1.3429815000742218,0.06442384401012569,0.41822815578597905,-0.6744112587741653,14.185034802784223,1.1901363194121537,0.3830149589203141,-0.6893236493051642
overlay__14D__ctrend_lite_acceleration__btc0__trailing9__c1__robtc__incash,14D,ctrend_lite_acceleration,False,trailing,9.0,,1,btc,cash,1.3419236734039188,0.06424628220543749,0.40513094033340297,-0.7181702073408615,46.78944315545244,0.9007105092637882,0.26676667807125654,-0.7363668933154253
overlay__14D__ctrend_lite_acceleration__btc0__trailing9__c1__robtc__inbtc,14D,ctrend_lite_acceleration,False,trailing,9.0,,1,btc,btc,1.3419236734039188,0.06424628220543749,0.40513094033340297,-0.7181702073408615,46.78944315545244,0.9007105092637882,0.26676667807125654,-0.7363668933154253
overlay__21D__ctrend_lite_acceleration__btc1__trailing11__c1__rocash__incash,21D,ctrend_lite_acceleration,True,trailing,11.0,,1,cash,cash,1.3400313308296292,0.06392836706567073,0.3487381953339058,-0.5530816013455921,17.995939675174014,1.1497132230367169,0.2600095795199419,-0.5673451328652088
overlay__21D__ctrend_lite_acceleration__btc1__trailing11__c1__rocash__inbtc,21D,ctrend_lite_acceleration,True,trailing,11.0,,1,cash,btc,1.3400313308296292,0.06392836706567073,0.3487381953339058,-0.5530816013455921,17.995939675174014,1.1497132230367169,0.2600095795199419,-0.5673451328652088
overlay__21D__ctrend_lite_relative_strength__btc0__ma100__c1__rocash__incash,21D,ctrend_lite_relative_strength,False,ma,,100.0,1,cash,cash,1.3362790403604172,0.0632969310677911,0.40348664849333105,-0.8219292488696621,15.031902552204176,1.1756917496795778,0.36265031347347604,-0.8355112755195858
overlay__21D__ctrend_lite_relative_strength__btc0__ma100__c1__rocash__inbtc,21D,ctrend_lite_relative_strength,False,ma,,100.0,1,cash,btc,1.3362790403604172,0.0632969310677911,0.40348664849333105,-0.8219292488696621,15.031902552204176,1.1756917496795778,0.36265031347347604,-0.8355112755195858
overlay__28D__ctrend_lite_acceleration__btc0__trailing7__c1__robtc__incash,28D,ctrend_lite_acceleration,False,trailing,7.0,,1,btc,cash,1.3349038932636772,0.0630651711181287,0.3918031798235313,-0.7591836165423725,29.00522041763341,1.0425996972235052,0.29916477484220966,-0.7698025383404561
overlay__28D__ctrend_lite_acceleration__btc0__trailing7__c1__robtc__inbtc,28D,ctrend_lite_acceleration,False,trailing,7.0,,1,btc,btc,1.3349038932636772,0.0630651711181287,0.3918031798235313,-0.7591836165423725,29.00522041763341,1.0425996972235052,0.29916477484220966,-0.7698025383404561
overlay__28D__ctrend_lite_breakout__btc1__ma100__c2__robtc__incash,28D,ctrend_lite_breakout,True,ma,,100.0,2,btc,cash,1.3309540647050575,0.06239843985386617,0.43667126404875656,-0.7786765554100242,15.87877030162413,1.162531800487257,0.3964588201165791,-0.7872882789693727
overlay__28D__ctrend_lite_breakout__btc1__ma100__c2__robtc__inbtc,28D,ctrend_lite_breakout,True,ma,,100.0,2,btc,btc,1.3309540647050575,0.06239843985386617,0.43667126404875656,-0.7786765554100242,15.87877030162413,1.162531800487257,0.3964588201165791,-0.7872882789693727
overlay__28D__ctrend_lite_relative_strength__btc1__ma150__c2__rocash__incash,28D,ctrend_lite_relative_strength,True,ma,,150.0,2,cash,cash,1.3294958316395566,0.06215189580334202,0.4120464447976033,-0.6803296556919631,14.185034802784223,1.1781854594823977,0.37644492593979206,-0.6905394109622434
overlay__28D__ctrend_lite_relative_strength__btc1__ma150__c2__rocash__inbtc,28D,ctrend_lite_relative_strength,True,ma,,150.0,2,cash,btc,1.3294958316395566,0.06215189580334202,0.4120464447976033,-0.6803296556919631,14.185034802784223,1.1781854594823977,0.37644492593979206,-0.6905394109622434
overlay__14D__ctrend_lite_relative_strength__btc1__ma75__c2__robtc__incash,14D,ctrend_lite_relative_strength,True,ma,,75.0,2,btc,cash,1.3269680093329037,0.06172401037234332,0.47824779939109274,-0.795374969171494,32.8161252900232,1.0032885744482494,0.41057291806544033,-0.8167406927828122
overlay__14D__ctrend_lite_relative_strength__btc1__ma75__c2__robtc__inbtc,14D,ctrend_lite_relative_strength,True,ma,,75.0,2,btc,btc,1.3269680093329037,0.06172401037234332,0.47824779939109274,-0.795374969171494,32.8161252900232,1.0032885744482494,0.41057291806544033,-0.8167406927828122
overlay__28D__ctrend_lite_relative_strength__btc0__trailing9__c2__robtc__incash,28D,ctrend_lite_relative_strength,False,trailing,9.0,,2,btc,cash,1.3240487266691585,0.06122906206467271,0.40321068791076614,-0.7622354212598558,25.19431554524362,1.0682520724626423,0.3298592848380394,-0.7759762720752804
overlay__28D__ctrend_lite_relative_strength__btc0__trailing9__c2__robtc__inbtc,28D,ctrend_lite_relative_strength,False,trailing,9.0,,2,btc,btc,1.3240487266691585,0.06122906206467271,0.40321068791076614,-0.7622354212598558,25.19431554524362,1.0682520724626423,0.3298592848380394,-0.7759762720752804
overlay__28D__ctrend_lite_acceleration__btc0__trailing9__c1__robtc__incash,28D,ctrend_lite_acceleration,False,trailing,9.0,,1,btc,cash,1.3193969239461856,0.06043859407109475,0.3842530180151004,-0.7126345513274077,28.158352668213457,1.0379510679229909,0.29319460609609616,-0.7233167501226421
overlay__28D__ctrend_lite_acceleration__btc0__trailing9__c1__robtc__inbtc,28D,ctrend_lite_acceleration,False,trailing,9.0,,1,btc,btc,1.3193969239461856,0.06043859407109475,0.3842530180151004,-0.7126345513274077,28.158352668213457,1.0379510679229909,0.29319460609609616,-0.7233167501226421
overlay__14D__ctrend_lite_relative_strength__btc0__trailing7__c2__rocash__incash,14D,ctrend_lite_relative_strength,False,trailing,7.0,,2,cash,cash,1.311480536679786,0.059088319149190216,0.3616191843775613,-0.7565467756465638,25.617749419953597,1.054519242295436,0.2783990085156229,-0.7751058971334064
overlay__14D__ctrend_lite_relative_strength__btc0__trailing7__c2__rocash__inbtc,14D,ctrend_lite_relative_strength,False,trailing,7.0,,2,cash,btc,1.311480536679786,0.059088319149190216,0.3616191843775613,-0.7565467756465638,25.617749419953597,1.054519242295436,0.2783990085156229,-0.7751058971334064
overlay__14D__ctrend_lite_relative_strength__btc1__ma200__c2__rocash__incash,14D,ctrend_lite_relative_strength,True,ma,,200.0,2,cash,cash,1.310033105149058,0.058840740629785726,0.45917684730109815,-0.789675840280971,26.46461716937355,1.0455989387177629,0.40292446003035254,-0.8172790501576793
overlay__14D__ctrend_lite_relative_strength__btc1__ma200__c2__rocash__inbtc,14D,ctrend_lite_relative_strength,True,ma,,200.0,2,cash,btc,1.310033105149058,0.058840740629785726,0.45917684730109815,-0.789675840280971,26.46461716937355,1.0455989387177629,0.40292446003035254,-0.8172790501576793
overlay__21D__ctrend_lite_acceleration__btc0__trailing20__c2__rocash__incash,21D,ctrend_lite_acceleration,False,trailing,20.0,,2,cash,cash,1.3082897650443286,0.058542261473470525,0.3460299706050682,-0.5374639410492741,17.572505800464036,1.126487642984188,0.28524851974005194,-0.54243971470827
overlay__21D__ctrend_lite_acceleration__btc0__trailing20__c2__rocash__inbtc,21D,ctrend_lite_acceleration,False,trailing,20.0,,2,cash,btc,1.3082897650443286,0.058542261473470525,0.3460299706050682,-0.5374639410492741,17.572505800464036,1.126487642984188,0.28524851974005194,-0.54243971470827
overlay__14D__ctrend_lite_relative_strength__btc1__ma125__c2__rocash__incash,14D,ctrend_lite_relative_strength,True,ma,,125.0,2,cash,cash,1.3082409338311136,0.05853389651548091,0.44658805616821323,-0.8059273257071984,25.19431554524362,1.0555569865494625,0.3909253077680704,-0.8295601252975348
overlay__14D__ctrend_lite_relative_strength__btc1__ma125__c2__rocash__inbtc,14D,ctrend_lite_relative_strength,True,ma,,125.0,2,cash,btc,1.3082409338311136,0.05853389651548091,0.44658805616821323,-0.8059273257071984,25.19431554524362,1.0555569865494625,0.3909253077680704,-0.8295601252975348
overlay__28D__ctrend_lite_relative_strength__btc1__ma100__c1__robtc__incash,28D,ctrend_lite_relative_strength,True,ma,,100.0,1,btc,cash,1.3077213019269551,0.05844486650030212,0.42909652232533585,-0.7596336216389723,17.572505800464036,1.125872825033097,0.38426625962905636,-0.7653881111149539
overlay__28D__ctrend_lite_relative_strength__btc1__ma100__c1__robtc__inbtc,28D,ctrend_lite_relative_strength,True,ma,,100.0,1,btc,btc,1.3077213019269551,0.05844486650030212,0.42909652232533585,-0.7596336216389723,17.572505800464036,1.125872825033097,0.38426625962905636,-0.7653881111149539
overlay__14D__ctrend_lite_relative_strength__btc1__ma125__c1__robtc__incash,14D,ctrend_lite_relative_strength,True,ma,,125.0,1,btc,cash,1.3072507095597923,0.05836421450218787,0.48366468616332825,-0.8295419982939658,30.27552204176334,1.010010186550579,0.4229270249224397,-0.8379771707072844
overlay__14D__ctrend_lite_relative_strength__btc1__ma125__c1__robtc__inbtc,14D,ctrend_lite_relative_strength,True,ma,,125.0,1,btc,btc,1.3072507095597923,0.05836421450218787,0.48366468616332825,-0.8295419982939658,30.27552204176334,1.010010186550579,0.4229270249224397,-0.8379771707072844
overlay__28D__ctrend_lite_breakout__btc0__trailing11__c2__robtc__incash,28D,ctrend_lite_breakout,False,trailing,11.0,,2,btc,cash,1.3048666688652992,0.057955276071909756,0.3990973331617935,-0.735715858959854,25.19431554524362,1.0527758497297914,0.32645878621712326,-0.7491859935613407
overlay__28D__ctrend_lite_breakout__btc0__trailing11__c2__robtc__inbtc,28D,ctrend_lite_breakout,False,trailing,11.0,,2,btc,btc,1.3048666688652992,0.057955276071909756,0.3990973331617935,-0.735715858959854,25.19431554524362,1.0527758497297914,0.32645878621712326,-0.7491859935613407
overlay__14D__ctrend_lite_acceleration__btc1__ma75__c2__robtc__incash,14D,ctrend_lite_acceleration,True,ma,,75.0,2,btc,cash,1.3039699800069087,0.057801313127448406,0.4235439011983237,-0.7670968728706065,31.969257540603248,0.9930401883438279,0.3437114816821151,-0.7733141742228085
overlay__14D__ctrend_lite_acceleration__btc1__ma75__c2__robtc__inbtc,14D,ctrend_lite_acceleration,True,ma,,75.0,2,btc,btc,1.3039699800069087,0.057801313127448406,0.4235439011983237,-0.7670968728706065,31.969257540603248,0.9930401883438279,0.3437114816821151,-0.7733141742228085
overlay__28D__ctrend_lite_breakout__btc0__trailing13__c1__robtc__incash,28D,ctrend_lite_breakout,False,trailing,13.0,,1,btc,cash,1.2953528710895552,0.05631747042541124,0.3934332788677879,-0.7364453668010877,26.888051044083525,1.0301257230361878,0.31521450561455416,-0.7503296213575328
overlay__28D__ctrend_lite_breakout__btc0__trailing13__c1__robtc__inbtc,28D,ctrend_lite_breakout,False,trailing,13.0,,1,btc,btc,1.2953528710895552,0.05631747042541124,0.3934332788677879,-0.7364453668010877,26.888051044083525,1.0301257230361878,0.31521450561455416,-0.7503296213575328
overlay__28D__ctrend_lite_relative_strength__btc1__trailing13__c1__rocash__incash,28D,ctrend_lite_relative_strength,True,trailing,13.0,,1,cash,cash,1.2941195534587648,0.05610446044551831,0.3341411999024573,-0.6144394192433356,13.973317865429234,1.148999741926415,0.27549928599405804,-0.6294254235349245
overlay__28D__ctrend_lite_relative_strength__btc1__trailing13__c1__rocash__inbtc,28D,ctrend_lite_relative_strength,True,trailing,13.0,,1,cash,btc,1.2941195534587648,0.05610446044551831,0.3341411999024573,-0.6144394192433356,13.973317865429234,1.148999741926415,0.27549928599405804,-0.6294254235349245
overlay__28D__ctrend_lite_breakout__btc1__ma200__c1__rocash__incash,28D,ctrend_lite_breakout,True,ma,,200.0,1,cash,cash,1.2889032596289993,0.055201765106113854,0.4115505002178713,-0.6744145480795658,14.185034802784223,1.1421991175094361,0.3768499492507743,-0.6848157287284176
overlay__28D__ctrend_lite_breakout__btc1__ma200__c1__rocash__inbtc,28D,ctrend_lite_breakout,True,ma,,200.0,1,cash,btc,1.2889032596289993,0.055201765106113854,0.4115505002178713,-0.6744145480795658,14.185034802784223,1.1421991175094361,0.3768499492507743,-0.6848157287284176
overlay__28D__ctrend_lite_breakout__btc0__ma200__c1__rocash__incash,28D,ctrend_lite_breakout,False,ma,,200.0,1,cash,cash,1.2863913786047372,0.054766048907000986,0.4181276646892774,-0.6741442806985198,13.761600928074246,1.1440935259168084,0.3852202602123427,-0.6799686455246757
overlay__28D__ctrend_lite_breakout__btc0__ma200__c1__rocash__inbtc,28D,ctrend_lite_breakout,False,ma,,200.0,1,cash,btc,1.2863913786047372,0.054766048907000986,0.4181276646892774,-0.6741442806985198,13.761600928074246,1.1440935259168084,0.3852202602123427,-0.6799686455246757
overlay__14D__ctrend_lite_relative_strength__btc0__trailing7__c1__rocash__incash,14D,ctrend_lite_relative_strength,False,trailing,7.0,,1,cash,cash,1.2860646684912471,0.05470932780225857,0.33698509746821154,-0.5588458309180537,26.46461716937355,1.02667268820019,0.24217736281907873,-0.5775196892073082
overlay__14D__ctrend_lite_relative_strength__btc0__trailing7__c1__rocash__inbtc,14D,ctrend_lite_relative_strength,False,trailing,7.0,,1,cash,btc,1.2860646684912471,0.05470932780225857,0.33698509746821154,-0.5588458309180537,26.46461716937355,1.02667268820019,0.24217736281907873,-0.5775196892073082
overlay__28D__ctrend_lite_relative_strength__btc0__ma150__c2__robtc__incash,28D,ctrend_lite_relative_strength,False,ma,,150.0,2,btc,cash,1.2847420457087948,0.054479587232636906,0.45142135431067926,-0.8133524364237092,18.41937354988399,1.0981363258482209,0.4113648747699109,-0.8199665371961322
overlay__28D__ctrend_lite_relative_strength__btc0__ma150__c2__robtc__inbtc,28D,ctrend_lite_relative_strength,False,ma,,150.0,2,btc,btc,1.2847420457087948,0.054479587232636906,0.45142135431067926,-0.8133524364237092,18.41937354988399,1.0981363258482209,0.4113648747699109,-0.8199665371961322
overlay__21D__ctrend_lite_relative_strength__btc0__ma125__c1__rocash__incash,21D,ctrend_lite_relative_strength,False,ma,,125.0,1,cash,cash,1.2842464739212827,0.054393458024397656,0.4064433476038785,-0.8215803209734935,15.455336426914153,1.1258339308531162,0.3666697005251247,-0.8297528527280945
overlay__21D__ctrend_lite_relative_strength__btc0__ma125__c1__rocash__inbtc,21D,ctrend_lite_relative_strength,False,ma,,125.0,1,cash,btc,1.2842464739212827,0.054393458024397656,0.4064433476038785,-0.8215803209734935,15.455336426914153,1.1258339308531162,0.3666697005251247,-0.8297528527280945
overlay__28D__ctrend_lite_relative_strength__btc0__trailing11__c2__rocash__incash,28D,ctrend_lite_relative_strength,False,trailing,11.0,,2,cash,cash,1.2757234975141327,0.052908068924200746,0.3412114637826093,-0.749138003136897,13.12645011600928,1.1408557208709909,0.2922866526933631,-0.7588885304190409
overlay__28D__ctrend_lite_relative_strength__btc0__trailing11__c2__rocash__inbtc,28D,ctrend_lite_relative_strength,False,trailing,11.0,,2,cash,btc,1.2757234975141327,0.052908068924200746,0.3412114637826093,-0.749138003136897,13.12645011600928,1.1408557208709909,0.2922866526933631,-0.7588885304190409
overlay__21D__ctrend_lite_relative_strength__btc0__trailing9__c1__rocash__incash,21D,ctrend_lite_relative_strength,False,trailing,9.0,,1,cash,cash,1.2756085022717372,0.052887974072505006,0.327258237322725,-0.5259466883141114,17.995939675174014,1.094448757412114,0.2602719415863319,-0.5522263841874
overlay__21D__ctrend_lite_relative_strength__btc0__trailing9__c1__rocash__inbtc,21D,ctrend_lite_relative_strength,False,trailing,9.0,,1,cash,btc,1.2756085022717372,0.052887974072505006,0.327258237322725,-0.5259466883141114,17.995939675174014,1.094448757412114,0.2602719415863319,-0.5522263841874
overlay__14D__ctrend_lite_acceleration__btc1__trailing7__c2__robtc__incash,14D,ctrend_lite_acceleration,True,trailing,7.0,,2,btc,cash,1.2753308703491582,0.052839453376486656,0.3939510825950543,-0.8081844985705173,43.8254060324826,0.8779072810994031,0.26911185240734314,-0.8205693015100254
overlay__14D__ctrend_lite_acceleration__btc1__trailing7__c2__robtc__inbtc,14D,ctrend_lite_acceleration,True,trailing,7.0,,2,btc,btc,1.2753308703491582,0.052839453376486656,0.3939510825950543,-0.8081844985705173,43.8254060324826,0.8779072810994031,0.26911185240734314,-0.8205693015100254
overlay__21D__ctrend_lite_acceleration__btc0__trailing15__c1__rocash__incash,21D,ctrend_lite_acceleration,False,trailing,15.0,,1,cash,cash,1.2742932581944577,0.05265804002586716,0.32227375686195064,-0.5801765726659824,17.572505800464036,1.0972458857097476,0.23999325117724174,-0.6135775964259926
overlay__21D__ctrend_lite_acceleration__btc0__trailing15__c1__rocash__inbtc,21D,ctrend_lite_acceleration,False,trailing,15.0,,1,cash,btc,1.2742932581944577,0.05265804002586716,0.32227375686195064,-0.5801765726659824,17.572505800464036,1.0972458857097476,0.23999325117724174,-0.6135775964259926
overlay__14D__ctrend_lite_relative_strength__btc1__trailing20__c2__rocash__incash,14D,ctrend_lite_relative_strength,True,trailing,20.0,,2,cash,cash,1.273221834388245,0.05247059289731615,0.3967713032687017,-0.8073541915047437,23.500580046403712,1.0423137654383505,0.33729128781858825,-0.816836005770828
overlay__14D__ctrend_lite_relative_strength__btc1__trailing20__c2__rocash__inbtc,14D,ctrend_lite_relative_strength,True,trailing,20.0,,2,cash,btc,1.273221834388245,0.05247059289731615,0.3967713032687017,-0.8073541915047437,23.500580046403712,1.0423137654383505,0.33729128781858825,-0.816836005770828
overlay__14D__ctrend_lite_relative_strength__btc1__ma150__c2__robtc__incash,14D,ctrend_lite_relative_strength,True,ma,,150.0,2,btc,cash,1.2718960761599267,0.0522384774000626,0.4802558918080681,-0.8417871225261883,30.698955916473317,0.9791553161262828,0.41934821218955803,-0.8533315374128732
overlay__14D__ctrend_lite_relative_strength__btc1__ma150__c2__robtc__inbtc,14D,ctrend_lite_relative_strength,True,ma,,150.0,2,btc,btc,1.2718960761599267,0.0522384774000626,0.4802558918080681,-0.8417871225261883,30.698955916473317,0.9791553161262828,0.41934821218955803,-0.8533315374128732
overlay__14D__ctrend_lite_acceleration__btc1__trailing13__c1__rocash__incash,14D,ctrend_lite_acceleration,True,trailing,13.0,,1,cash,cash,1.2691549606986794,0.05175795381998527,0.3371910848171503,-0.5690222894912021,26.888051044083525,1.0094805364989836,0.23375861189906505,-0.6044955513945063
overlay__14D__ctrend_lite_acceleration__btc1__trailing13__c1__rocash__inbtc,14D,ctrend_lite_acceleration,True,trailing,13.0,,1,cash,btc,1.2691549606986794,0.05175795381998527,0.3371910848171503,-0.5690222894912021,26.888051044083525,1.0094805364989836,0.23375861189906505,-0.6044955513945063
overlay__21D__ctrend_lite_acceleration__btc1__trailing15__c2__rocash__incash,21D,ctrend_lite_acceleration,True,trailing,15.0,,2,cash,cash,1.2687067367673712,0.051679301369468744,0.32579472930133196,-0.527508929061382,16.513921113689094,1.102305235533429,0.2541093635555053,-0.5421007356184905
overlay__21D__ctrend_lite_acceleration__btc1__trailing15__c2__rocash__inbtc,21D,ctrend_lite_acceleration,True,trailing,15.0,,2,cash,btc,1.2687067367673712,0.051679301369468744,0.32579472930133196,-0.527508929061382,16.513921113689094,1.102305235533429,0.2541093635555053,-0.5421007356184905
overlay__28D__ctrend_lite_relative_strength__btc0__trailing15__c2__rocash__incash,28D,ctrend_lite_relative_strength,False,trailing,15.0,,2,cash,cash,1.2660867252893917,0.05121911403660939,0.3456536450527339,-0.7389019516545021,11.85614849187935,1.144541237975555,0.3034912020332568,-0.7472349722987615
overlay__28D__ctrend_lite_relative_strength__btc0__trailing15__c2__rocash__inbtc,28D,ctrend_lite_relative_strength,False,trailing,15.0,,2,cash,btc,1.2660867252893917,0.05121911403660939,0.3456536450527339,-0.7389019516545021,11.85614849187935,1.144541237975555,0.3034912020332568,-0.7472349722987615
overlay__14D__ctrend_lite_acceleration__btc0__trailing20__c1__rocash__incash,14D,ctrend_lite_acceleration,False,trailing,20.0,,1,cash,cash,1.263796820444453,0.05081629253060771,0.35928347268648697,-0.5966720627551685,26.888051044083525,1.0051907170574945,0.27703186320197304,-0.6067214113490482
overlay__14D__ctrend_lite_acceleration__btc0__trailing20__c1__rocash__inbtc,14D,ctrend_lite_acceleration,False,trailing,20.0,,1,cash,btc,1.263796820444453,0.05081629253060771,0.35928347268648697,-0.5966720627551685,26.888051044083525,1.0051907170574945,0.27703186320197304,-0.6067214113490482
overlay__21D__ctrend_lite_acceleration__btc0__trailing15__c2__robtc__incash,21D,ctrend_lite_acceleration,False,trailing,15.0,,2,btc,cash,1.2612924027102712,0.05037507639226457,0.3835052771497305,-0.7036954785911232,29.00522041763341,0.9851069307775957,0.29802807431446265,-0.70899280057827
overlay__21D__ctrend_lite_acceleration__btc0__trailing15__c2__robtc__inbtc,21D,ctrend_lite_acceleration,False,trailing,15.0,,2,btc,btc,1.2612924027102712,0.05037507639226457,0.3835052771497305,-0.7036954785911232,29.00522041763341,0.9851069307775957,0.29802807431446265,-0.70899280057827
overlay__28D__ctrend_lite_acceleration__btc1__trailing7__c2__robtc__incash,28D,ctrend_lite_acceleration,True,trailing,7.0,,2,btc,cash,1.255724282095184,0.04939163187099016,0.3698465477451983,-0.7736366442494926,25.19431554524362,1.0131274172699085,0.2902439525937471,-0.7820512201049165
overlay__28D__ctrend_lite_acceleration__btc1__trailing7__c2__robtc__inbtc,28D,ctrend_lite_acceleration,True,trailing,7.0,,2,btc,btc,1.255724282095184,0.04939163187099016,0.3698465477451983,-0.7736366442494926,25.19431554524362,1.0131274172699085,0.2902439525937471,-0.7820512201049165
overlay__28D__ctrend_lite_acceleration__btc1__trailing9__c1__rocash__incash,28D,ctrend_lite_acceleration,True,trailing,9.0,,1,cash,cash,1.2553235036529207,0.049320713639136926,0.3119357899069544,-0.35144237968059233,13.973317865429234,1.114563061608454,0.21541764398626967,-0.3800112797075992
overlay__28D__ctrend_lite_acceleration__btc1__trailing9__c1__rocash__inbtc,28D,ctrend_lite_acceleration,True,trailing,9.0,,1,cash,btc,1.2553235036529207,0.049320713639136926,0.3119357899069544,-0.35144237968059233,13.973317865429234,1.114563061608454,0.21541764398626967,-0.3800112797075992
overlay__14D__ctrend_lite_acceleration__btc0__ma75__c1__robtc__incash,14D,ctrend_lite_acceleration,False,ma,,75.0,1,btc,cash,1.2547491559922694,0.04921905100077617,0.41377073644171136,-0.7503059174491055,37.05046403712297,0.915067720019731,0.3216956610230495,-0.7587188035143106
overlay__14D__ctrend_lite_acceleration__btc0__ma75__c1__robtc__inbtc,14D,ctrend_lite_acceleration,False,ma,,75.0,1,btc,btc,1.2547491559922694,0.04921905100077617,0.41377073644171136,-0.7503059174491055,37.05046403712297,0.915067720019731,0.3216956610230495,-0.7587188035143106
overlay__21D__ctrend_lite_acceleration__btc1__trailing13__c1__rocash__incash,21D,ctrend_lite_acceleration,True,trailing,13.0,,1,cash,cash,1.2517337920187603,0.048684712641587025,0.31308570630856236,-0.6004736255886923,17.572505800464036,1.0778293507950323,0.2317709724714077,-0.6348994861446122
overlay__21D__ctrend_lite_acceleration__btc1__trailing13__c1__rocash__inbtc,21D,ctrend_lite_acceleration,True,trailing,13.0,,1,cash,btc,1.2517337920187603,0.048684712641587025,0.31308570630856236,-0.6004736255886923,17.572505800464036,1.0778293507950323,0.2317709724714077,-0.6348994861446122
overlay__28D__ctrend_lite_relative_strength__btc0__trailing13__c2__rocash__incash,28D,ctrend_lite_relative_strength,False,trailing,13.0,,2,cash,cash,1.2442852470540733,0.04736042899486437,0.3469272408394604,-0.7877044547681069,13.973317865429234,1.1047449634885724,0.2999251230501232,-0.7959559776434142
overlay__28D__ctrend_lite_relative_strength__btc0__trailing13__c2__rocash__inbtc,28D,ctrend_lite_relative_strength,False,trailing,13.0,,2,cash,btc,1.2442852470540733,0.04736042899486437,0.3469272408394604,-0.7877044547681069,13.973317865429234,1.1047449634885724,0.2999251230501232,-0.7959559776434142
overlay__14D__ctrend_lite_acceleration__btc0__trailing11__c2__robtc__incash,14D,ctrend_lite_acceleration,False,trailing,11.0,,2,btc,cash,1.2436141623870527,0.047240809636599046,0.4007993141845527,-0.7387209814256308,44.248839907192576,0.852991157039768,0.2804926988873739,-0.7555907814843142
overlay__14D__ctrend_lite_acceleration__btc0__trailing11__c2__robtc__inbtc,14D,ctrend_lite_acceleration,False,trailing,11.0,,2,btc,btc,1.2436141623870527,0.047240809636599046,0.4007993141845527,-0.7387209814256308,44.248839907192576,0.852991157039768,0.2804926988873739,-0.7555907814843142
overlay__21D__ctrend_lite_relative_strength__btc1__trailing9__c1__rocash__incash,21D,ctrend_lite_relative_strength,True,trailing,9.0,,1,cash,cash,1.2382669184343251,0.04628585273749097,0.3139064855376201,-0.5097789123318431,18.41937354988399,1.0585841538670133,0.24523407794265914,-0.5520196350638571
overlay__21D__ctrend_lite_relative_strength__btc1__trailing9__c1__rocash__inbtc,21D,ctrend_lite_relative_strength,True,trailing,9.0,,1,cash,btc,1.2382669184343251,0.04628585273749097,0.3139064855376201,-0.5097789123318431,18.41937354988399,1.0585841538670133,0.24523407794265914,-0.5520196350638571
overlay__28D__ctrend_lite_relative_strength__btc1__trailing9__c2__robtc__incash,28D,ctrend_lite_relative_strength,True,trailing,9.0,,2,btc,cash,1.2348541866682856,0.04567467697398042,0.37764550244711487,-0.7622354212598558,23.92401392111369,1.0071315048238179,0.3074301785107282,-0.7759762720752804
overlay__28D__ctrend_lite_relative_strength__btc1__trailing9__c2__robtc__inbtc,28D,ctrend_lite_relative_strength,True,trailing,9.0,,2,btc,btc,1.2348541866682856,0.04567467697398042,0.37764550244711487,-0.7622354212598558,23.92401392111369,1.0071315048238179,0.3074301785107282,-0.7759762720752804
overlay__14D__ctrend_lite_acceleration__btc1__trailing9__c2__robtc__incash,14D,ctrend_lite_acceleration,True,trailing,9.0,,2,btc,cash,1.2338912677886438,0.04550198993732191,0.3798088157953498,-0.7365674454390496,41.70823665893271,0.8648428805271808,0.258573169888849,-0.7544637715319487
overlay__14D__ctrend_lite_acceleration__btc1__trailing9__c2__robtc__inbtc,14D,ctrend_lite_acceleration,True,trailing,9.0,,2,btc,btc,1.2338912677886438,0.04550198993732191,0.3798088157953498,-0.7365674454390496,41.70823665893271,0.8648428805271808,0.258573169888849,-0.7544637715319487
overlay__28D__ctrend_lite_acceleration__btc0__trailing13__c1__robtc__incash,28D,ctrend_lite_acceleration,False,trailing,13.0,,1,btc,cash,1.2313233117858329,0.045040940289616804,0.37458209212109994,-0.7469241794450875,26.888051044083525,0.9792063963063526,0.29419393641157127,-0.7567713920176726
overlay__28D__ctrend_lite_acceleration__btc0__trailing13__c1__robtc__inbtc,28D,ctrend_lite_acceleration,False,trailing,13.0,,1,btc,btc,1.2313233117858329,0.045040940289616804,0.37458209212109994,-0.7469241794450875,26.888051044083525,0.9792063963063526,0.29419393641157127,-0.7567713920176726
overlay__28D__ctrend_lite_relative_strength__btc1__ma150__c1__rocash__incash,28D,ctrend_lite_relative_strength,True,ma,,150.0,1,cash,cash,1.2285260918492535,0.04453786541029525,0.38687725441064125,-0.6935739211856565,14.185034802784223,1.0887071200716234,0.35102770558575125,-0.7076086366950369
overlay__28D__ctrend_lite_relative_strength__btc1__ma150__c1__rocash__inbtc,28D,ctrend_lite_relative_strength,True,ma,,150.0,1,cash,btc,1.2285260918492535,0.04453786541029525,0.38687725441064125,-0.6935739211856565,14.185034802784223,1.0887071200716234,0.35102770558575125,-0.7076086366950369
overlay__28D__ctrend_lite_breakout__btc0__ma150__c1__robtc__incash,28D,ctrend_lite_breakout,False,ma,,150.0,1,btc,cash,1.2277611604549783,0.04440013669442222,0.43822929595304555,-0.8080897096683968,18.41937354988399,1.0494317783593259,0.3979199563355953,-0.8128758247312715
overlay__28D__ctrend_lite_breakout__btc0__ma150__c1__robtc__inbtc,28D,ctrend_lite_breakout,False,ma,,150.0,1,btc,btc,1.2277611604549783,0.04440013669442222,0.43822929595304555,-0.8080897096683968,18.41937354988399,1.0494317783593259,0.3979199563355953,-0.8128758247312715
overlay__28D__ctrend_lite_breakout__btc1__trailing13__c1__robtc__incash,28D,ctrend_lite_breakout,True,trailing,13.0,,1,btc,cash,1.2252334125117044,0.04394452474640009,0.3720781691912438,-0.7364453668010877,24.770881670533644,0.9921001532900703,0.2993782816056055,-0.7503296213575328
overlay__28D__ctrend_lite_breakout__btc1__trailing13__c1__robtc__inbtc,28D,ctrend_lite_breakout,True,trailing,13.0,,1,btc,btc,1.2252334125117044,0.04394452474640009,0.3720781691912438,-0.7364453668010877,24.770881670533644,0.9921001532900703,0.2993782816056055,-0.7503296213575328
overlay__28D__ctrend_lite_relative_strength__btc1__trailing15__c1__rocash__incash,28D,ctrend_lite_relative_strength,True,trailing,15.0,,1,cash,cash,1.2212606938256203,0.04322696554025085,0.3237492430093001,-0.720963457778816,13.973317865429234,1.0843154309685001,0.2722754165470347,-0.7318090758942111
overlay__28D__ctrend_lite_relative_strength__btc1__trailing15__c1__rocash__inbtc,28D,ctrend_lite_relative_strength,True,trailing,15.0,,1,cash,btc,1.2212606938256203,0.04322696554025085,0.3237492430093001,-0.720963457778816,13.973317865429234,1.0843154309685001,0.2722754165470347,-0.7318090758942111
overlay__14D__ctrend_lite_breakout__btc1__trailing15__c2__rocash__incash,14D,ctrend_lite_breakout,True,trailing,15.0,,2,cash,cash,1.2199891739426174,0.042996912765762785,0.3709367980785344,-0.7534748659494469,25.406032482598608,0.9826685398123706,0.3004183223391233,-0.7673849233935973
overlay__14D__ctrend_lite_breakout__btc1__trailing15__c2__rocash__inbtc,14D,ctrend_lite_breakout,True,trailing,15.0,,2,cash,btc,1.2199891739426174,0.042996912765762785,0.3709367980785344,-0.7534748659494469,25.406032482598608,0.9826685398123706,0.3004183223391233,-0.7673849233935973
overlay__28D__ctrend_lite_relative_strength__btc0__trailing15__c1__rocash__incash,28D,ctrend_lite_relative_strength,False,trailing,15.0,,1,cash,cash,1.2179130723526181,0.042620882552916184,0.3226258668236859,-0.7133973911868128,13.973317865429234,1.0813431928226476,0.27117326924765073,-0.7289249903958179
overlay__28D__ctrend_lite_relative_strength__btc0__trailing15__c1__rocash__inbtc,28D,ctrend_lite_relative_strength,False,trailing,15.0,,1,cash,btc,1.2179130723526181,0.042620882552916184,0.3226258668236859,-0.7133973911868128,13.973317865429234,1.0813431928226476,0.27117326924765073,-0.7289249903958179
overlay__14D__ctrend_lite_acceleration__btc0__trailing7__c1__robtc__incash,14D,ctrend_lite_acceleration,False,trailing,7.0,,1,btc,cash,1.2157157122614048,0.04222233879029136,0.37341103158356437,-0.7840745972436942,51.87064965197216,0.7814236242273086,0.2222336435461921,-0.8001905347219014
overlay__14D__ctrend_lite_acceleration__btc0__trailing7__c1__robtc__inbtc,14D,ctrend_lite_acceleration,False,trailing,7.0,,1,btc,btc,1.2157157122614048,0.04222233879029136,0.37341103158356437,-0.7840745972436942,51.87064965197216,0.7814236242273086,0.2222336435461921,-0.8001905347219014
overlay__21D__ctrend_lite_relative_strength__btc0__trailing7__c1__rocash__incash,21D,ctrend_lite_relative_strength,False,trailing,7.0,,1,cash,cash,1.212403793263676,0.041620568856891804,0.29828870773209454,-0.4423345959003855,19.68967517401392,1.0253321724305782,0.22198751659960927,-0.4948965213801838
overlay__21D__ctrend_lite_relative_strength__btc0__trailing7__c1__rocash__inbtc,21D,ctrend_lite_relative_strength,False,trailing,7.0,,1,cash,btc,1.212403793263676,0.041620568856891804,0.29828870773209454,-0.4423345959003855,19.68967517401392,1.0253321724305782,0.22198751659960927,-0.4948965213801838
overlay__21D__ctrend_lite_acceleration__btc1__trailing7__c1__robtc__incash,21D,ctrend_lite_acceleration,True,trailing,7.0,,1,btc,cash,1.211574396848849,0.04146966610906677,0.3582972253326336,-0.7090937348716915,34.08642691415313,0.9061806276868472,0.25302956388067405,-0.7259057411494196
overlay__21D__ctrend_lite_acceleration__btc1__trailing7__c1__robtc__inbtc,21D,ctrend_lite_acceleration,True,trailing,7.0,,1,btc,btc,1.211574396848849,0.04146966610906677,0.3582972253326336,-0.7090937348716915,34.08642691415313,0.9061806276868472,0.25302956388067405,-0.7259057411494196
overlay__28D__ctrend_lite_breakout__btc1__ma150__c1__robtc__incash,28D,ctrend_lite_breakout,True,ma,,150.0,1,btc,cash,1.2087924321087093,0.04096291213409042,0.428854764894454,-0.8081241822934631,17.14907192575406,1.0444623271957059,0.39079621163952366,-0.8138873682023267
overlay__28D__ctrend_lite_breakout__btc1__ma150__c1__robtc__inbtc,28D,ctrend_lite_breakout,True,ma,,150.0,1,btc,btc,1.2087924321087093,0.04096291213409042,0.428854764894454,-0.8081241822934631,17.14907192575406,1.0444623271957059,0.39079621163952366,-0.8138873682023267
overlay__14D__ctrend_lite_breakout__btc0__trailing9__c2__rocash__incash,14D,ctrend_lite_breakout,False,trailing,9.0,,2,cash,cash,1.2004854923452177,0.03944425495329029,0.3370807673746359,-0.7183319675211666,24.770881670533644,0.9722467189698126,0.2598859363619117,-0.7388648828550304
overlay__14D__ctrend_lite_breakout__btc0__trailing9__c2__rocash__inbtc,14D,ctrend_lite_breakout,False,trailing,9.0,,2,cash,btc,1.2004854923452177,0.03944425495329029,0.3370807673746359,-0.7183319675211666,24.770881670533644,0.9722467189698126,0.2598859363619117,-0.7388648828550304
overlay__21D__ctrend_lite_relative_strength__btc0__ma125__c2__rocash__incash,21D,ctrend_lite_relative_strength,False,ma,,125.0,2,cash,cash,1.1904669472858402,0.03760162621901486,0.386424939475704,-0.8355042352894266,16.302204176334108,1.0361227323223887,0.344818056534901,-0.8430396047982975
overlay__21D__ctrend_lite_relative_strength__btc0__ma125__c2__rocash__inbtc,21D,ctrend_lite_relative_strength,False,ma,,125.0,2,cash,btc,1.1904669472858402,0.03760162621901486,0.386424939475704,-0.8355042352894266,16.302204176334108,1.0361227323223887,0.344818056534901,-0.8430396047982975
overlay__21D__ctrend_lite_acceleration__btc1__trailing7__c2__rocash__incash,21D,ctrend_lite_acceleration,True,trailing,7.0,,2,cash,cash,1.1879002815291217,0.037127594293468125,0.2787470692853208,-0.5370496972043197,19.266241299303946,1.0082245899903295,0.18574217323805678,-0.5832405659488659
overlay__21D__ctrend_lite_acceleration__btc1__trailing7__c2__rocash__inbtc,21D,ctrend_lite_acceleration,True,trailing,7.0,,2,cash,btc,1.1879002815291217,0.037127594293468125,0.2787470692853208,-0.5370496972043197,19.266241299303946,1.0082245899903295,0.18574217323805678,-0.5832405659488659
overlay__14D__ctrend_lite_acceleration__btc0__ma200__c1__robtc__incash,14D,ctrend_lite_acceleration,False,ma,,200.0,1,btc,cash,1.1861315126136045,0.03680045408110777,0.4179241090832387,-0.7543436524198218,31.969257540603248,0.903300136311516,0.3438217131201199,-0.773088769044664
overlay__14D__ctrend_lite_acceleration__btc0__ma200__c1__robtc__inbtc,14D,ctrend_lite_acceleration,False,ma,,200.0,1,btc,btc,1.1861315126136045,0.03680045408110777,0.4179241090832387,-0.7543436524198218,31.969257540603248,0.903300136311516,0.3438217131201199,-0.773088769044664
overlay__14D__ctrend_lite_acceleration__btc1__trailing11__c2__rocash__incash,14D,ctrend_lite_acceleration,True,trailing,11.0,,2,cash,cash,1.18393108428713,0.03639293969112356,0.3186564546231536,-0.6357937166919367,26.041183294663572,0.948494693734018,0.22464806908054102,-0.6592901768107022
overlay__14D__ctrend_lite_acceleration__btc1__trailing11__c2__rocash__inbtc,14D,ctrend_lite_acceleration,True,trailing,11.0,,2,cash,btc,1.18393108428713,0.03639293969112356,0.3186564546231536,-0.6357937166919367,26.041183294663572,0.948494693734018,0.22464806908054102,-0.6592901768107022
overlay__21D__ctrend_lite_relative_strength__btc0__ma150__c2__rocash__incash,21D,ctrend_lite_relative_strength,False,ma,,150.0,2,cash,cash,1.1817644765062172,0.03599110502309366,0.3866770874903668,-0.8536663285185069,15.87877030162413,1.0322497662823182,0.3465067770762797,-0.8603702677475928
overlay__21D__ctrend_lite_relative_strength__btc0__ma150__c2__rocash__inbtc,21D,ctrend_lite_relative_strength,False,ma,,150.0,2,cash,btc,1.1817644765062172,0.03599110502309366,0.3866770874903668,-0.8536663285185069,15.87877030162413,1.0322497662823182,0.3465067770762797,-0.8603702677475928
overlay__28D__ctrend_lite_relative_strength__btc1__trailing7__c1__rocash__incash,28D,ctrend_lite_relative_strength,True,trailing,7.0,,1,cash,cash,1.1784283973257554,0.03537123474895476,0.2622111330226243,-0.35128590966074924,14.39675174013921,1.0425262587858095,0.17826650731117058,-0.38542399896488966
overlay__28D__ctrend_lite_relative_strength__btc1__trailing7__c1__rocash__inbtc,28D,ctrend_lite_relative_strength,True,trailing,7.0,,1,cash,btc,1.1784283973257554,0.03537123474895476,0.2622111330226243,-0.35128590966074924,14.39675174013921,1.0425262587858095,0.17826650731117058,-0.38542399896488966
overlay__28D__ctrend_lite_relative_strength__btc1__ma150__c2__robtc__incash,28D,ctrend_lite_relative_strength,True,ma,,150.0,2,btc,cash,1.1757203748874188,0.03486704446295885,0.4237836436502654,-0.8243376573415881,17.995939675174014,1.0085821415012213,0.3841045526774377,-0.8305624824290458
overlay__28D__ctrend_lite_relative_strength__btc1__ma150__c2__robtc__inbtc,28D,ctrend_lite_relative_strength,True,ma,,150.0,2,btc,btc,1.1757203748874188,0.03486704446295885,0.4237836436502654,-0.8243376573415881,17.995939675174014,1.0085821415012213,0.3841045526774377,-0.8305624824290458
overlay__28D__ctrend_lite_breakout__btc1__trailing7__c1__rocash__incash,28D,ctrend_lite_breakout,True,trailing,7.0,,1,cash,cash,1.175099494939998,0.034751317604913456,0.2577155906195833,-0.3634986888531446,14.39675174013921,1.039581261738927,0.1692003801042733,-0.39699408987144313
overlay__28D__ctrend_lite_breakout__btc1__trailing7__c1__rocash__inbtc,28D,ctrend_lite_breakout,True,trailing,7.0,,1,cash,btc,1.175099494939998,0.034751317604913456,0.2577155906195833,-0.3634986888531446,14.39675174013921,1.039581261738927,0.1692003801042733,-0.39699408987144313
overlay__21D__ctrend_lite_acceleration__btc0__ma200__c2__robtc__incash,21D,ctrend_lite_acceleration,False,ma,,200.0,2,btc,cash,1.1687535874108586,0.03356572063732588,0.3952736274496439,-0.8054437125488598,21.383410672853827,0.9740806455906884,0.34267802409171333,-0.8096101392510876
overlay__21D__ctrend_lite_acceleration__btc0__ma200__c2__robtc__inbtc,21D,ctrend_lite_acceleration,False,ma,,200.0,2,btc,btc,1.1687535874108586,0.03356572063732588,0.3952736274496439,-0.8054437125488598,21.383410672853827,0.9740806455906884,0.34267802409171333,-0.8096101392510876
overlay__28D__ctrend_lite_relative_strength__btc0__ma200__c2__rocash__incash,28D,ctrend_lite_relative_strength,False,ma,,200.0,2,cash,cash,1.1671732841541236,0.033269685847923336,0.3924963611236713,-0.7226943512775255,13.33816705336427,1.0418109740804993,0.3607094926190281,-0.7315531812107932
overlay__28D__ctrend_lite_relative_strength__btc0__ma200__c2__rocash__inbtc,28D,ctrend_lite_relative_strength,False,ma,,200.0,2,cash,btc,1.1671732841541236,0.033269685847923336,0.3924963611236713,-0.7226943512775255,13.33816705336427,1.0418109740804993,0.3607094926190281,-0.7315531812107932
overlay__21D__ctrend_lite_acceleration__btc0__trailing13__c1__rocash__incash,21D,ctrend_lite_acceleration,False,trailing,13.0,,1,cash,cash,1.1669703174770445,0.033231641647324395,0.2734854033294115,-0.6432390274772604,17.572505800464036,1.0048421379236088,0.19124377901066505,-0.6739799354084551
overlay__21D__ctrend_lite_acceleration__btc0__trailing13__c1__rocash__inbtc,21D,ctrend_lite_acceleration,False,trailing,13.0,,1,cash,btc,1.1669703174770445,0.033231641647324395,0.2734854033294115,-0.6432390274772604,17.572505800464036,1.0048421379236088,0.19124377901066505,-0.6739799354084551
overlay__14D__ctrend_lite_acceleration__btc0__trailing20__c2__robtc__incash,14D,ctrend_lite_acceleration,False,trailing,20.0,,2,btc,cash,1.1666939952122288,0.03317983924434875,0.395677072770634,-0.7487380181055727,40.014501160092806,0.8296309065410765,0.296959235084526,-0.7598175439179762
overlay__14D__ctrend_lite_acceleration__btc0__trailing20__c2__robtc__inbtc,14D,ctrend_lite_acceleration,False,trailing,20.0,,2,btc,btc,1.1666939952122288,0.03317983924434875,0.395677072770634,-0.7487380181055727,40.014501160092806,0.8296309065410765,0.296959235084526,-0.7598175439179762
overlay__21D__ctrend_lite_relative_strength__btc0__ma150__c1__rocash__incash,21D,ctrend_lite_relative_strength,False,ma,,150.0,1,cash,cash,1.1658801539284127,0.03302721141867404,0.3819189509978575,-0.8544873896586396,15.87877030162413,1.0183750995492562,0.3416595718031631,-0.8616532104451096
overlay__21D__ctrend_lite_relative_strength__btc0__ma150__c1__rocash__inbtc,21D,ctrend_lite_relative_strength,False,ma,,150.0,1,cash,btc,1.1658801539284127,0.03302721141867404,0.3819189509978575,-0.8544873896586396,15.87877030162413,1.0183750995492562,0.3416595718031631,-0.8616532104451096
overlay__28D__ctrend_lite_acceleration__btc0__trailing9__c1__rocash__incash,28D,ctrend_lite_acceleration,False,trailing,9.0,,1,cash,cash,1.1621690800122615,0.03233016996066618,0.2548285655317382,-0.41802954504671963,13.973317865429234,1.0318541190026853,0.16629119102225653,-0.43456917705158493
overlay__28D__ctrend_lite_acceleration__btc0__trailing9__c1__rocash__inbtc,28D,ctrend_lite_acceleration,False,trailing,9.0,,1,cash,btc,1.1621690800122615,0.03233016996066618,0.2548285655317382,-0.41802954504671963,13.973317865429234,1.0318541190026853,0.16629119102225653,-0.43456917705158493
overlay__28D__ctrend_lite_relative_strength__btc1__trailing11__c2__rocash__incash,28D,ctrend_lite_relative_strength,True,trailing,11.0,,2,cash,cash,1.1595162698385606,0.03183082328397635,0.29669227868519943,-0.7654166642631829,13.12645011600928,1.0369337654013566,0.24695137432058173,-0.7745344710399753
overlay__28D__ctrend_lite_relative_strength__btc1__trailing11__c2__rocash__inbtc,28D,ctrend_lite_relative_strength,True,trailing,11.0,,2,cash,btc,1.1595162698385606,0.03183082328397635,0.29669227868519943,-0.7654166642631829,13.12645011600928,1.0369337654013566,0.24695137432058173,-0.7745344710399753
overlay__28D__ctrend_lite_relative_strength__btc1__trailing15__c2__rocash__incash,28D,ctrend_lite_relative_strength,True,trailing,15.0,,2,cash,cash,1.158392744118225,0.03161906705378703,0.3059160438962482,-0.7542248388811827,11.85614849187935,1.0471859778104273,0.2631124195830068,-0.762068825094129
overlay__28D__ctrend_lite_relative_strength__btc1__trailing15__c2__rocash__inbtc,28D,ctrend_lite_relative_strength,True,trailing,15.0,,2,cash,btc,1.158392744118225,0.03161906705378703,0.3059160438962482,-0.7542248388811827,11.85614849187935,1.0471859778104273,0.2631124195830068,-0.762068825094129
overlay__14D__ctrend_lite_acceleration__btc0__trailing9__c1__rocash__incash,14D,ctrend_lite_acceleration,False,trailing,9.0,,1,cash,cash,1.1581831426283224,0.03157954454770895,0.27452094842629526,-0.4786365141913753,24.770881670533644,0.9379981675620659,0.16228776612157167,-0.4986989438998001
overlay__14D__ctrend_lite_acceleration__btc0__trailing9__c1__rocash__inbtc,14D,ctrend_lite_acceleration,False,trailing,9.0,,1,cash,btc,1.1581831426283224,0.03157954454770895,0.27452094842629526,-0.4786365141913753,24.770881670533644,0.9379981675620659,0.16228776612157167,-0.4986989438998001
overlay__28D__ctrend_lite_relative_strength__btc0__ma200__c2__robtc__incash,28D,ctrend_lite_relative_strength,False,ma,,200.0,2,btc,cash,1.1551788865922012,0.031012440820627596,0.43098301415599816,-0.842474423901047,15.87877030162413,1.0089996541033843,0.39685415507882943,-0.8480565489209999
overlay__28D__ctrend_lite_relative_strength__btc0__ma200__c2__robtc__inbtc,28D,ctrend_lite_relative_strength,False,ma,,200.0,2,btc,btc,1.1551788865922012,0.031012440820627596,0.43098301415599816,-0.842474423901047,15.87877030162413,1.0089996541033843,0.39685415507882943,-0.8480565489209999
overlay__28D__ctrend_lite_breakout__btc1__trailing11__c2__robtc__incash,28D,ctrend_lite_breakout,True,trailing,11.0,,2,btc,cash,1.1528471698667704,0.030571488284697912,0.3542758706220638,-0.735715858959854,23.077146171693734,0.947056870316345,0.287018795989956,-0.7491859935613407
overlay__28D__ctrend_lite_breakout__btc1__trailing11__c2__robtc__inbtc,28D,ctrend_lite_breakout,True,trailing,11.0,,2,btc,btc,1.1528471698667704,0.030571488284697912,0.3542758706220638,-0.735715858959854,23.077146171693734,0.947056870316345,0.287018795989956,-0.7491859935613407
overlay__28D__ctrend_lite_relative_strength__btc1__trailing7__c2__rocash__incash,28D,ctrend_lite_relative_strength,True,trailing,7.0,,2,cash,cash,1.14678798317855,0.0294223352295655,0.25907524881984967,-0.62990811200654,14.39675174013921,1.0145307384523163,0.18907542681935396,-0.6455725265663466
overlay__28D__ctrend_lite_relative_strength__btc1__trailing7__c2__rocash__inbtc,28D,ctrend_lite_relative_strength,True,trailing,7.0,,2,cash,btc,1.14678798317855,0.0294223352295655,0.25907524881984967,-0.62990811200654,14.39675174013921,1.0145307384523163,0.18907542681935396,-0.6455725265663466
overlay__21D__ctrend_lite_acceleration__btc1__trailing9__c1__robtc__incash,21D,ctrend_lite_acceleration,True,trailing,9.0,,1,btc,cash,1.1396306138297274,0.02805872425089584,0.3323578321740822,-0.7226644130551916,32.39269141531322,0.8647616662903329,0.23034270387286238,-0.7348936678397222
overlay__21D__ctrend_lite_acceleration__btc1__trailing9__c1__robtc__inbtc,21D,ctrend_lite_acceleration,True,trailing,9.0,,1,btc,btc,1.1396306138297274,0.02805872425089584,0.3323578321740822,-0.7226644130551916,32.39269141531322,0.8647616662903329,0.23034270387286238,-0.7348936678397222
overlay__28D__ctrend_lite_relative_strength__btc1__trailing13__c2__rocash__incash,28D,ctrend_lite_relative_strength,True,trailing,13.0,,2,cash,cash,1.1384457107164885,0.02783232743911812,0.3091534266207335,-0.8001633020054884,13.973317865429234,1.0107747946838357,0.2615177917861156,-0.8079305732547576
overlay__28D__ctrend_lite_relative_strength__btc1__trailing13__c2__rocash__inbtc,28D,ctrend_lite_relative_strength,True,trailing,13.0,,2,cash,btc,1.1384457107164885,0.02783232743911812,0.3091534266207335,-0.8001633020054884,13.973317865429234,1.0107747946838357,0.2615177917861156,-0.8079305732547576
overlay__28D__ctrend_lite_relative_strength__btc0__ma75__c2__robtc__incash,28D,ctrend_lite_relative_strength,False,ma,,75.0,2,btc,cash,1.1308887200898865,0.026384043536933355,0.39437189109591314,-0.7961759384629965,20.536542923433874,0.9493484543980574,0.3431716612223161,-0.8072611671247278
overlay__28D__ctrend_lite_relative_strength__btc0__ma75__c2__robtc__inbtc,28D,ctrend_lite_relative_strength,False,ma,,75.0,2,btc,btc,1.1308887200898865,0.026384043536933355,0.39437189109591314,-0.7961759384629965,20.536542923433874,0.9493484543980574,0.3431716612223161,-0.8072611671247278
overlay__28D__ctrend_lite_relative_strength__btc1__trailing11__c1__rocash__incash,28D,ctrend_lite_relative_strength,True,trailing,11.0,,1,cash,cash,1.1218106497009803,0.02463412567370815,0.24987785678461166,-0.5692866893851359,12.703016241299304,1.0068444119864703,0.19058591445413753,-0.5845330606281978
overlay__28D__ctrend_lite_relative_strength__btc1__trailing11__c1__rocash__inbtc,28D,ctrend_lite_relative_strength,True,trailing,11.0,,1,cash,btc,1.1218106497009803,0.02463412567370815,0.24987785678461166,-0.5692866893851359,12.703016241299304,1.0068444119864703,0.19058591445413753,-0.5845330606281978
overlay__14D__ctrend_lite_relative_strength__btc1__ma200__c2__robtc__incash,14D,ctrend_lite_relative_strength,True,ma,,200.0,2,btc,cash,1.1212268532007401,0.02452120968393645,0.4562838566701303,-0.8660541455291062,29.852088167053363,0.8694152771076784,0.397660075987372,-0.8753790388596345
overlay__14D__ctrend_lite_relative_strength__btc1__ma200__c2__robtc__inbtc,14D,ctrend_lite_relative_strength,True,ma,,200.0,2,btc,btc,1.1212268532007401,0.02452120968393645,0.4562838566701303,-0.8660541455291062,29.852088167053363,0.8694152771076784,0.397660075987372,-0.8753790388596345
overlay__21D__ctrend_lite_relative_strength__btc1__trailing7__c1__rocash__incash,21D,ctrend_lite_relative_strength,True,trailing,7.0,,1,cash,cash,1.1194105237184189,0.024169604580507542,0.26155368573346266,-0.4667770851598846,19.68967517401392,0.9466875891539213,0.18517917035101714,-0.518827154661791
overlay__21D__ctrend_lite_relative_strength__btc1__trailing7__c1__rocash__inbtc,21D,ctrend_lite_relative_strength,True,trailing,7.0,,1,cash,btc,1.1194105237184189,0.024169604580507542,0.26155368573346266,-0.4667770851598846,19.68967517401392,0.9466875891539213,0.18517917035101714,-0.518827154661791
overlay__21D__ctrend_lite_acceleration__btc0__trailing15__c2__rocash__incash,21D,ctrend_lite_acceleration,False,trailing,15.0,,2,cash,cash,1.1172215213274168,0.0237452593486438,0.2607056801278341,-0.5697540171580002,16.513921113689094,0.9706885732692722,0.18906933939677534,-0.6039874053900484
overlay__21D__ctrend_lite_acceleration__btc0__trailing15__c2__rocash__inbtc,21D,ctrend_lite_acceleration,False,trailing,15.0,,2,cash,btc,1.1172215213274168,0.0237452593486438,0.2607056801278341,-0.5697540171580002,16.513921113689094,0.9706885732692722,0.18906933939677534,-0.6039874053900484
overlay__28D__ctrend_lite_relative_strength__btc0__trailing11__c1__rocash__incash,28D,ctrend_lite_relative_strength,False,trailing,11.0,,1,cash,cash,1.1165301479093777,0.02361109817608331,0.24752893784234314,-0.558480047703608,12.703016241299304,1.002105070527396,0.18834181571907974,-0.5741089519840911
overlay__28D__ctrend_lite_relative_strength__btc0__trailing11__c1__rocash__inbtc,28D,ctrend_lite_relative_strength,False,trailing,11.0,,1,cash,btc,1.1165301479093777,0.02361109817608331,0.24752893784234314,-0.558480047703608,12.703016241299304,1.002105070527396,0.18834181571907974,-0.5741089519840911
overlay__28D__ctrend_lite_relative_strength__btc0__ma75__c1__robtc__incash,28D,ctrend_lite_relative_strength,False,ma,,75.0,1,btc,cash,1.1156133431048492,0.02343309095706858,0.3881023243060765,-0.8161246348910355,22.65371229698376,0.9197820506860442,0.33149390176008253,-0.8235974098684679
overlay__28D__ctrend_lite_relative_strength__btc0__ma75__c1__robtc__inbtc,28D,ctrend_lite_relative_strength,False,ma,,75.0,1,btc,btc,1.1156133431048492,0.02343309095706858,0.3881023243060765,-0.8161246348910355,22.65371229698376,0.9197820506860442,0.33149390176008253,-0.8235974098684679
overlay__28D__ctrend_lite_breakout__btc1__ma200__c1__robtc__incash,28D,ctrend_lite_breakout,True,ma,,200.0,1,btc,cash,1.108858090640334,0.022117920804476388,0.4113204202734954,-0.8188566574764973,16.302204176334108,0.9650522670789706,0.3755852689724567,-0.8271566958673564
overlay__28D__ctrend_lite_breakout__btc1__ma200__c1__robtc__inbtc,28D,ctrend_lite_breakout,True,ma,,200.0,1,btc,btc,1.108858090640334,0.022117920804476388,0.4113204202734954,-0.8188566574764973,16.302204176334108,0.9650522670789706,0.3755852689724567,-0.8271566958673564
overlay__28D__ctrend_lite_breakout__btc0__ma200__c1__robtc__incash,28D,ctrend_lite_breakout,False,ma,,200.0,1,btc,cash,1.105811910308809,0.02152279744341734,0.41784332394656815,-0.8186846443098698,16.725638051044083,0.958935109911482,0.38185804494145575,-0.8225675161993795
overlay__28D__ctrend_lite_breakout__btc0__ma200__c1__robtc__inbtc,28D,ctrend_lite_breakout,False,ma,,200.0,1,btc,btc,1.105811910308809,0.02152279744341734,0.41784332394656815,-0.8186846443098698,16.725638051044083,0.958935109911482,0.38185804494145575,-0.8225675161993795
overlay__14D__ctrend_lite_relative_strength__btc1__ma75__c1__robtc__incash,14D,ctrend_lite_relative_strength,True,ma,,75.0,1,btc,cash,1.1037505366691112,0.021119339335226472,0.4315190558420808,-0.8094194969681852,35.356728538283065,0.8166479704229439,0.35844313986115917,-0.825615442777478
overlay__14D__ctrend_lite_relative_strength__btc1__ma75__c1__robtc__inbtc,14D,ctrend_lite_relative_strength,True,ma,,75.0,1,btc,btc,1.1037505366691112,0.021119339335226472,0.4315190558420808,-0.8094194969681852,35.356728538283065,0.8166479704229439,0.35844313986115917,-0.825615442777478
overlay__21D__ctrend_lite_relative_strength__btc1__trailing9__c2__rocash__incash,21D,ctrend_lite_relative_strength,True,trailing,9.0,,2,cash,cash,1.1022904542465088,0.02083320820935719,0.2952344864074325,-0.6827244345835551,17.995939675174014,0.9457337622045181,0.2370650405728889,-0.7026555117725668
overlay__21D__ctrend_lite_relative_strength__btc1__trailing9__c2__rocash__inbtc,21D,ctrend_lite_relative_strength,True,trailing,9.0,,2,cash,btc,1.1022904542465088,0.02083320820935719,0.2952344864074325,-0.6827244345835551,17.995939675174014,0.9457337622045181,0.2370650405728889,-0.7026555117725668
overlay__28D__ctrend_lite_acceleration__btc1__trailing9__c2__robtc__incash,28D,ctrend_lite_acceleration,True,trailing,9.0,,2,btc,cash,1.1006126524173345,0.020504041647066318,0.3172942501294165,-0.7851141788651588,22.65371229698376,0.9074145345322255,0.2447573955553423,-0.7945896792334686
overlay__28D__ctrend_lite_acceleration__btc1__trailing9__c2__robtc__inbtc,28D,ctrend_lite_acceleration,True,trailing,9.0,,2,btc,btc,1.1006126524173345,0.020504041647066318,0.3172942501294165,-0.7851141788651588,22.65371229698376,0.9074145345322255,0.2447573955553423,-0.7945896792334686
overlay__14D__ctrend_lite_relative_strength__btc1__ma150__c1__robtc__incash,14D,ctrend_lite_relative_strength,True,ma,,150.0,1,btc,cash,1.0992625055965373,0.020238870104884343,0.445145944419665,-0.855064531114247,30.698955916473317,0.8462552454936675,0.3839872209160144,-0.866124014388754
overlay__14D__ctrend_lite_relative_strength__btc1__ma150__c1__robtc__inbtc,14D,ctrend_lite_relative_strength,True,ma,,150.0,1,btc,btc,1.0992625055965373,0.020238870104884343,0.445145944419665,-0.855064531114247,30.698955916473317,0.8462552454936675,0.3839872209160144,-0.866124014388754
overlay__21D__ctrend_lite_acceleration__btc1__ma200__c1__rocash__incash,21D,ctrend_lite_acceleration,True,ma,,200.0,1,cash,cash,1.097896473284091,0.019970317205459054,0.33064709571784284,-0.6619263934990751,19.68967517401392,0.9283528411752994,0.274928888486483,-0.6691649309857324
overlay__21D__ctrend_lite_acceleration__btc1__ma200__c1__rocash__inbtc,21D,ctrend_lite_acceleration,True,ma,,200.0,1,cash,btc,1.097896473284091,0.019970317205459054,0.33064709571784284,-0.6619263934990751,19.68967517401392,0.9283528411752994,0.274928888486483,-0.6691649309857324
overlay__28D__ctrend_lite_breakout__btc0__trailing9__c2__robtc__incash,28D,ctrend_lite_breakout,False,trailing,9.0,,2,btc,cash,1.094965704655881,0.01939325755929633,0.32817539130770235,-0.7652363876980354,25.19431554524362,0.8834262362962352,0.2517740546404016,-0.7788038071623837
overlay__28D__ctrend_lite_breakout__btc0__trailing9__c2__robtc__inbtc,28D,ctrend_lite_breakout,False,trailing,9.0,,2,btc,btc,1.094965704655881,0.01939325755929633,0.32817539130770235,-0.7652363876980354,25.19431554524362,0.8834262362962352,0.2517740546404016,-0.7788038071623837
overlay__28D__ctrend_lite_relative_strength__btc0__ma150__c1__robtc__incash,28D,ctrend_lite_relative_strength,False,ma,,150.0,1,btc,cash,1.0914165976977173,0.018692816698124393,0.4083391458513429,-0.8219756419325093,18.41937354988399,0.932890938355106,0.3680585630238665,-0.8282841681283148
overlay__28D__ctrend_lite_relative_strength__btc0__ma150__c1__robtc__inbtc,28D,ctrend_lite_relative_strength,False,ma,,150.0,1,btc,btc,1.0914165976977173,0.018692816698124393,0.4083391458513429,-0.8219756419325093,18.41937354988399,0.932890938355106,0.3680585630238665,-0.8282841681283148
overlay__21D__ctrend_lite_relative_strength__btc0__ma75__c2__rocash__incash,21D,ctrend_lite_relative_strength,False,ma,,75.0,2,cash,cash,1.0913434761056369,0.018678366779549593,0.3338345873613077,-0.8449862979868569,14.6084686774942,0.9636657115406562,0.2934461570213295,-0.8557727082765799
overlay__21D__ctrend_lite_relative_strength__btc0__ma75__c2__rocash__inbtc,21D,ctrend_lite_relative_strength,False,ma,,75.0,2,cash,btc,1.0913434761056369,0.018678366779549593,0.3338345873613077,-0.8449862979868569,14.6084686774942,0.9636657115406562,0.2934461570213295,-0.8557727082765799
overlay__21D__ctrend_lite_acceleration__btc0__trailing9__c2__rocash__incash,21D,ctrend_lite_acceleration,False,trailing,9.0,,2,cash,cash,1.0860609180169358,0.01763242944087362,0.24005752292456123,-0.5622967394714946,17.995939675174014,0.9318092831363196,0.15847076029661428,-0.6000121754900264
overlay__21D__ctrend_lite_acceleration__btc0__trailing9__c2__rocash__inbtc,21D,ctrend_lite_acceleration,False,trailing,9.0,,2,cash,btc,1.0860609180169358,0.01763242944087362,0.24005752292456123,-0.5622967394714946,17.995939675174014,0.9318092831363196,0.15847076029661428,-0.6000121754900264
overlay__21D__ctrend_lite_relative_strength__btc0__trailing15__c1__rocash__incash,21D,ctrend_lite_relative_strength,False,trailing,15.0,,1,cash,cash,1.0759317429777702,0.015615601453925043,0.2693871696253619,-0.8032725094256747,17.572505800464036,0.9264442628846755,0.2085804080396285,-0.8189240885398922
overlay__21D__ctrend_lite_relative_strength__btc0__trailing15__c1__rocash__inbtc,21D,ctrend_lite_relative_strength,False,trailing,15.0,,1,cash,btc,1.0759317429777702,0.015615601453925043,0.2693871696253619,-0.8032725094256747,17.572505800464036,0.9264442628846755,0.2085804080396285,-0.8189240885398922
overlay__28D__ctrend_lite_acceleration__btc0__trailing7__c2__robtc__incash,28D,ctrend_lite_acceleration,False,trailing,7.0,,2,btc,cash,1.0713478734975956,0.014697981191640563,0.3179157247036543,-0.7898830581973548,28.581786542923435,0.839779010670768,0.22937582831454656,-0.7991482723884291
overlay__28D__ctrend_lite_acceleration__btc0__trailing7__c2__robtc__inbtc,28D,ctrend_lite_acceleration,False,trailing,7.0,,2,btc,btc,1.0713478734975956,0.014697981191640563,0.3179157247036543,-0.7898830581973548,28.581786542923435,0.839779010670768,0.22937582831454656,-0.7991482723884291
overlay__28D__ctrend_lite_breakout__btc0__trailing7__c1__rocash__incash,28D,ctrend_lite_breakout,False,trailing,7.0,,1,cash,cash,1.0690541469627366,0.014237650091130538,0.1966307289131274,-0.4436345962154694,14.39675174013921,0.9457655830441001,0.1132893534447098,-0.4729129056016549
overlay__28D__ctrend_lite_breakout__btc0__trailing7__c1__rocash__inbtc,28D,ctrend_lite_breakout,False,trailing,7.0,,1,cash,btc,1.0690541469627366,0.014237650091130538,0.1966307289131274,-0.4436345962154694,14.39675174013921,0.9457655830441001,0.1132893534447098,-0.4729129056016549
overlay__28D__ctrend_lite_relative_strength__btc1__ma200__c2__rocash__incash,28D,ctrend_lite_relative_strength,True,ma,,200.0,2,cash,cash,1.0677011062426989,0.013965741299656553,0.3618102895537961,-0.7390152919564371,13.33816705336427,0.9530227812982137,0.32948555425249487,-0.7473527317251276
overlay__28D__ctrend_lite_relative_strength__btc1__ma200__c2__rocash__inbtc,28D,ctrend_lite_relative_strength,True,ma,,200.0,2,cash,btc,1.0677011062426989,0.013965741299656553,0.3618102895537961,-0.7390152919564371,13.33816705336427,0.9530227812982137,0.32948555425249487,-0.7473527317251276
overlay__14D__ctrend_lite_relative_strength__btc0__ma125__c1__rocash__incash,14D,ctrend_lite_relative_strength,False,ma,,125.0,1,cash,cash,1.0628691525650866,0.012992483228259966,0.37736317966799454,-0.7857983528915851,24.347447795823665,0.8637888061652435,0.31963720196068063,-0.8095813012404622
overlay__14D__ctrend_lite_relative_strength__btc0__ma125__c1__rocash__inbtc,14D,ctrend_lite_relative_strength,False,ma,,125.0,1,cash,btc,1.0628691525650866,0.012992483228259966,0.37736317966799454,-0.7857983528915851,24.347447795823665,0.8637888061652435,0.31963720196068063,-0.8095813012404622
overlay__14D__ctrend_lite_relative_strength__btc0__ma150__c2__rocash__incash,14D,ctrend_lite_relative_strength,False,ma,,150.0,2,cash,cash,1.0617889465259098,0.012774429930047626,0.3853666367383283,-0.8120632508994275,25.19431554524362,0.8566998625987872,0.3271948761649653,-0.8361362153508834
overlay__14D__ctrend_lite_relative_strength__btc0__ma150__c2__rocash__inbtc,14D,ctrend_lite_relative_strength,False,ma,,150.0,2,cash,btc,1.0617889465259098,0.012774429930047626,0.3853666367383283,-0.8120632508994275,25.19431554524362,0.8566998625987872,0.3271948761649653,-0.8361362153508834
overlay__28D__ctrend_lite_breakout__btc0__ma100__c2__rocash__incash,28D,ctrend_lite_breakout,False,ma,,100.0,2,cash,cash,1.0612753749525274,0.012670697651344653,0.3095436891939288,-0.6877339560625977,12.067865429234338,0.9576190227355873,0.2724353266861082,-0.6966146054496603
overlay__28D__ctrend_lite_breakout__btc0__ma100__c2__rocash__inbtc,28D,ctrend_lite_breakout,False,ma,,100.0,2,cash,btc,1.0612753749525274,0.012670697651344653,0.3095436891939288,-0.6877339560625977,12.067865429234338,0.9576190227355873,0.2724353266861082,-0.6966146054496603
overlay__28D__ctrend_lite_relative_strength__btc1__ma200__c2__robtc__incash,28D,ctrend_lite_relative_strength,True,ma,,200.0,2,btc,cash,1.0571517902311007,0.011836369669993463,0.40345438460023136,-0.8517456579879349,15.455336426914153,0.9267146600614659,0.3697684033505583,-0.8569992446902129
overlay__28D__ctrend_lite_relative_strength__btc1__ma200__c2__robtc__inbtc,28D,ctrend_lite_relative_strength,True,ma,,200.0,2,btc,btc,1.0571517902311007,0.011836369669993463,0.40345438460023136,-0.8517456579879349,15.455336426914153,0.9267146600614659,0.3697684033505583,-0.8569992446902129
overlay__28D__ctrend_lite_acceleration__btc1__trailing13__c1__rocash__incash,28D,ctrend_lite_acceleration,True,trailing,13.0,,1,cash,cash,1.0531456793930665,0.01102334981740416,0.2116286228644375,-0.5274412649381164,13.973317865429234,0.9350481650628315,0.14346306021746869,-0.5375500873099703
overlay__28D__ctrend_lite_acceleration__btc1__trailing13__c1__rocash__inbtc,28D,ctrend_lite_acceleration,True,trailing,13.0,,1,cash,btc,1.0531456793930665,0.01102334981740416,0.2116286228644375,-0.5274412649381164,13.973317865429234,0.9350481650628315,0.14346306021746869,-0.5375500873099703
overlay__14D__ctrend_lite_breakout__btc1__trailing9__c2__rocash__incash,14D,ctrend_lite_breakout,True,trailing,9.0,,2,cash,cash,1.0490342518039357,0.010186417611364629,0.2856005919276525,-0.730952622642012,24.770881670533644,0.8495897000894654,0.2078520781407968,-0.7487611212689469
overlay__14D__ctrend_lite_breakout__btc1__trailing9__c2__rocash__inbtc,14D,ctrend_lite_breakout,True,trailing,9.0,,2,cash,btc,1.0490342518039357,0.010186417611364629,0.2856005919276525,-0.730952622642012,24.770881670533644,0.8495897000894654,0.2078520781407968,-0.7487611212689469
overlay__28D__ctrend_lite_breakout__btc0__trailing15__c2__robtc__incash,28D,ctrend_lite_breakout,False,trailing,15.0,,2,btc,cash,1.0460008197256747,0.009567265612786091,0.33159354110830114,-0.7459900758892235,21.806844547563806,0.8686344974347673,0.2700506651463208,-0.7571907736214191
overlay__28D__ctrend_lite_breakout__btc0__trailing15__c2__robtc__inbtc,28D,ctrend_lite_breakout,False,trailing,15.0,,2,btc,btc,1.0460008197256747,0.009567265612786091,0.33159354110830114,-0.7459900758892235,21.806844547563806,0.8686344974347673,0.2700506651463208,-0.7571907736214191
overlay__28D__ctrend_lite_breakout__btc1__ma100__c2__rocash__incash,28D,ctrend_lite_breakout,True,ma,,100.0,2,cash,cash,1.0438129731772412,0.00911982641522946,0.30003996765595176,-0.7060597053598237,12.067865429234338,0.9418621998436861,0.26247292222399504,-0.71441918199236
overlay__28D__ctrend_lite_breakout__btc1__ma100__c2__rocash__inbtc,28D,ctrend_lite_breakout,True,ma,,100.0,2,cash,btc,1.0438129731772412,0.00911982641522946,0.30003996765595176,-0.7060597053598237,12.067865429234338,0.9418621998436861,0.26247292222399504,-0.71441918199236
overlay__21D__ctrend_lite_relative_strength__btc0__ma75__c2__robtc__incash,21D,ctrend_lite_relative_strength,False,ma,,75.0,2,btc,cash,1.041670125695725,0.008680872826996255,0.3834397547535481,-0.8473850442828118,20.536542923433874,0.8744520183588591,0.33579288475144453,-0.8551635813816313
overlay__21D__ctrend_lite_relative_strength__btc0__ma75__c2__robtc__inbtc,21D,ctrend_lite_relative_strength,False,ma,,75.0,2,btc,btc,1.041670125695725,0.008680872826996255,0.3834397547535481,-0.8473850442828118,20.536542923433874,0.8744520183588591,0.33579288475144453,-0.8551635813816313
overlay__21D__ctrend_lite_acceleration__btc1__ma200__c2__rocash__incash,21D,ctrend_lite_acceleration,True,ma,,200.0,2,cash,cash,1.0389042434072422,0.008113239532027583,0.31177423828063716,-0.6786110505849283,19.68967517401392,0.8784705384754659,0.255991917780934,-0.6854923507320073
overlay__21D__ctrend_lite_acceleration__btc1__ma200__c2__rocash__inbtc,21D,ctrend_lite_acceleration,True,ma,,200.0,2,cash,btc,1.0389042434072422,0.008113239532027583,0.31177423828063716,-0.6786110505849283,19.68967517401392,0.8784705384754659,0.255991917780934,-0.6854923507320073
overlay__21D__ctrend_lite_relative_strength__btc0__trailing9__c2__rocash__incash,21D,ctrend_lite_relative_strength,False,trailing,9.0,,2,cash,cash,1.0374501474476494,0.007814342099382143,0.2725189181688246,-0.7120447922971548,17.995939675174014,0.8901026288175393,0.21441818705880492,-0.7301339806787754
overlay__21D__ctrend_lite_relative_strength__btc0__trailing9__c2__rocash__inbtc,21D,ctrend_lite_relative_strength,False,trailing,9.0,,2,cash,btc,1.0374501474476494,0.007814342099382143,0.2725189181688246,-0.7120447922971548,17.995939675174014,0.8901026288175393,0.21441818705880492,-0.7301339806787754
overlay__14D__ctrend_lite_relative_strength__btc0__trailing9__c2__rocash__incash,14D,ctrend_lite_relative_strength,False,trailing,9.0,,2,cash,cash,1.037028726291949,0.007727654938820772,0.2879905288014853,-0.6842063431369569,24.770881670533644,0.839866689804907,0.21204572184224257,-0.7101444146316583
overlay__14D__ctrend_lite_relative_strength__btc0__trailing9__c2__rocash__inbtc,14D,ctrend_lite_relative_strength,False,trailing,9.0,,2,cash,btc,1.037028726291949,0.007727654938820772,0.2879905288014853,-0.6842063431369569,24.770881670533644,0.839866689804907,0.21204572184224257,-0.7101444146316583
overlay__28D__ctrend_lite_relative_strength__btc1__ma75__c2__robtc__incash,28D,ctrend_lite_relative_strength,True,ma,,75.0,2,btc,cash,1.0355230027624815,0.007417697608724572,0.36633112977828913,-0.8080608497201409,19.68967517401392,0.8755870789771978,0.3168674527410625,-0.8178436773214837
overlay__28D__ctrend_lite_relative_strength__btc1__ma75__c2__robtc__inbtc,28D,ctrend_lite_relative_strength,True,ma,,75.0,2,btc,btc,1.0355230027624815,0.007417697608724572,0.36633112977828913,-0.8080608497201409,19.68967517401392,0.8755870789771978,0.3168674527410625,-0.8178436773214837
overlay__21D__ctrend_lite_relative_strength__btc0__ma125__c2__robtc__incash,21D,ctrend_lite_relative_strength,False,ma,,125.0,2,btc,cash,1.0349667328091103,0.0073030980348718355,0.39781147404021033,-0.8979897549632047,20.959976798143853,0.8656956928467427,0.3511662567651809,-0.903711760501525
overlay__21D__ctrend_lite_relative_strength__btc0__ma125__c2__robtc__inbtc,21D,ctrend_lite_relative_strength,False,ma,,125.0,2,btc,btc,1.0349667328091103,0.0073030980348718355,0.39781147404021033,-0.8979897549632047,20.959976798143853,0.8656956928467427,0.3511662567651809,-0.903711760501525
overlay__21D__ctrend_lite_relative_strength__btc0__trailing20__c1__rocash__incash,21D,ctrend_lite_relative_strength,False,trailing,20.0,,1,cash,cash,1.0348044394385696,0.007269654127990854,0.27561832888537696,-0.7954226749078931,16.725638051044083,0.8974625112274861,0.2222577553164878,-0.8130533967086353
overlay__21D__ctrend_lite_relative_strength__btc0__trailing20__c1__rocash__inbtc,21D,ctrend_lite_relative_strength,False,trailing,20.0,,1,cash,btc,1.0348044394385696,0.007269654127990854,0.27561832888537696,-0.7954226749078931,16.725638051044083,0.8974625112274861,0.2222577553164878,-0.8130533967086353
overlay__28D__ctrend_lite_breakout__btc1__trailing9__c2__robtc__incash,28D,ctrend_lite_breakout,True,trailing,9.0,,2,btc,cash,1.0311284088686403,0.006511022188294913,0.30399882608475903,-0.7652363876980354,23.077146171693734,0.8470656556412925,0.23336558269494193,-0.7788038071623837
overlay__28D__ctrend_lite_breakout__btc1__trailing9__c2__robtc__inbtc,28D,ctrend_lite_breakout,True,trailing,9.0,,2,btc,btc,1.0311284088686403,0.006511022188294913,0.30399882608475903,-0.7652363876980354,23.077146171693734,0.8470656556412925,0.23336558269494193,-0.7788038071623837
overlay__14D__ctrend_lite_acceleration__btc0__trailing13__c1__robtc__incash,14D,ctrend_lite_acceleration,False,trailing,13.0,,1,btc,cash,1.023660773625267,0.004963318732846833,0.33287700753032545,-0.7735691402497122,46.78944315545244,0.6870897615112388,0.20404599921463598,-0.7878069022431419
overlay__14D__ctrend_lite_acceleration__btc0__trailing13__c1__robtc__inbtc,14D,ctrend_lite_acceleration,False,trailing,13.0,,1,btc,btc,1.023660773625267,0.004963318732846833,0.33287700753032545,-0.7735691402497122,46.78944315545244,0.6870897615112388,0.20404599921463598,-0.7878069022431419
overlay__14D__ctrend_lite_acceleration__btc0__ma75__c2__robtc__incash,14D,ctrend_lite_acceleration,False,ma,,75.0,2,btc,cash,1.0227251926720111,0.0047687882675628845,0.35912528975658753,-0.7670968728706065,34.933294663573086,0.759433625219381,0.27311074713874295,-0.7733141742228085
overlay__14D__ctrend_lite_acceleration__btc0__ma75__c2__robtc__inbtc,14D,ctrend_lite_acceleration,False,ma,,75.0,2,btc,btc,1.0227251926720111,0.0047687882675628845,0.35912528975658753,-0.7670968728706065,34.933294663573086,0.759433625219381,0.27311074713874295,-0.7733141742228085
overlay__28D__ctrend_lite_relative_strength__btc1__ma75__c1__robtc__incash,28D,ctrend_lite_relative_strength,True,ma,,75.0,1,btc,cash,1.0215357695689102,0.004521275092727262,0.359842476809115,-0.8194013762691497,21.806844547563806,0.8483178914179509,0.30495581141195305,-0.8298385017623835
overlay__28D__ctrend_lite_relative_strength__btc1__ma75__c1__robtc__inbtc,28D,ctrend_lite_relative_strength,True,ma,,75.0,1,btc,btc,1.0215357695689102,0.004521275092727262,0.359842476809115,-0.8194013762691497,21.806844547563806,0.8483178914179509,0.30495581141195305,-0.8298385017623835
overlay__28D__ctrend_lite_acceleration__btc1__trailing11__c2__robtc__incash,28D,ctrend_lite_acceleration,True,trailing,11.0,,2,btc,cash,1.020469568961516,0.0042992107535531066,0.30636193172842197,-0.7561079979438676,23.500580046403712,0.8352903623228722,0.23542447320329724,-0.7668625407196825
overlay__28D__ctrend_lite_acceleration__btc1__trailing11__c2__robtc__inbtc,28D,ctrend_lite_acceleration,True,trailing,11.0,,2,btc,btc,1.020469568961516,0.0042992107535531066,0.30636193172842197,-0.7561079979438676,23.500580046403712,0.8352903623228722,0.23542447320329724,-0.7668625407196825
overlay__14D__ctrend_lite_acceleration__btc1__ma75__c1__rocash__incash,14D,ctrend_lite_acceleration,True,ma,,75.0,1,cash,cash,1.0172886368740373,0.0036356093478688845,0.278263311032734,-0.640028561019135,26.46461716937355,0.8119974865885103,0.19667023580302495,-0.6713811574374189
overlay__14D__ctrend_lite_acceleration__btc1__ma75__c1__rocash__inbtc,14D,ctrend_lite_acceleration,True,ma,,75.0,1,cash,btc,1.0172886368740373,0.0036356093478688845,0.278263311032734,-0.640028561019135,26.46461716937355,0.8119974865885103,0.19667023580302495,-0.6713811574374189
overlay__28D__ctrend_lite_breakout__btc0__trailing13__c1__rocash__incash,28D,ctrend_lite_breakout,False,trailing,13.0,,1,cash,cash,1.0078309761492077,0.0016528567596736377,0.20366814814942613,-0.5909617624774918,13.973317865429234,0.8948149561653194,0.14280008774714678,-0.6068602985023788
overlay__28D__ctrend_lite_breakout__btc0__trailing13__c1__rocash__inbtc,28D,ctrend_lite_breakout,False,trailing,13.0,,1,cash,btc,1.0078309761492077,0.0016528567596736377,0.20366814814942613,-0.5909617624774918,13.973317865429234,0.8948149561653194,0.14280008774714678,-0.6068602985023788
overlay__14D__ctrend_lite_relative_strength__btc0__ma75__c2__robtc__incash,14D,ctrend_lite_relative_strength,False,ma,,75.0,2,btc,cash,1.0076540504416296,0.001615625637409579,0.39995726823757843,-0.8438081740042536,33.23955916473318,0.7591191711320272,0.3275372306332251,-0.8606205726932077
overlay__14D__ctrend_lite_relative_strength__btc0__ma75__c2__robtc__inbtc,14D,ctrend_lite_relative_strength,False,ma,,75.0,2,btc,btc,1.0076540504416296,0.001615625637409579,0.39995726823757843,-0.8438081740042536,33.23955916473318,0.7591191711320272,0.3275372306332251,-0.8606205726932077
overlay__14D__ctrend_lite_acceleration__btc1__trailing15__c2__robtc__incash,14D,ctrend_lite_acceleration,True,trailing,15.0,,2,btc,cash,1.006051128915322,0.0012780819682780553,0.3334924461169833,-0.7570624173391945,38.3207656612529,0.7257978023061772,0.22978973296981892,-0.7711615079907738
overlay__14D__ctrend_lite_acceleration__btc1__trailing15__c2__robtc__inbtc,14D,ctrend_lite_acceleration,True,trailing,15.0,,2,btc,btc,1.006051128915322,0.0012780819682780553,0.3334924461169833,-0.7570624173391945,38.3207656612529,0.7257978023061772,0.22978973296981892,-0.7711615079907738
overlay__28D__ctrend_lite_relative_strength__btc0__ma200__c1__rocash__incash,28D,ctrend_lite_relative_strength,False,ma,,200.0,1,cash,cash,1.001996095401975,0.0004222751165097183,0.3498136358732549,-0.7145114318749392,13.761600928074246,0.8911574384047304,0.3169988396745298,-0.7236316740501829
overlay__28D__ctrend_lite_relative_strength__btc0__ma200__c1__rocash__inbtc,28D,ctrend_lite_relative_strength,False,ma,,200.0,1,cash,btc,1.001996095401975,0.0004222751165097183,0.3498136358732549,-0.7145114318749392,13.761600928074246,0.8911574384047304,0.3169988396745298,-0.7236316740501829
overlay__21D__ctrend_lite_acceleration__btc0__ma200__c1__robtc__incash,21D,ctrend_lite_acceleration,False,ma,,200.0,1,btc,cash,1.001946065227551,0.0004116993101395128,0.350527203347041,-0.8056486008746035,21.383410672853827,0.8350573470546334,0.2980135002205274,-0.809810639889327
overlay__21D__ctrend_lite_acceleration__btc0__ma200__c1__robtc__inbtc,21D,ctrend_lite_acceleration,False,ma,,200.0,1,btc,btc,1.001946065227551,0.0004116993101395128,0.350527203347041,-0.8056486008746035,21.383410672853827,0.8350573470546334,0.2980135002205274,-0.809810639889327
overlay__28D__ctrend_lite_relative_strength__btc1__ma150__c1__robtc__incash,28D,ctrend_lite_relative_strength,True,ma,,150.0,1,btc,cash,0.9988002927821755,-0.00025411852808521207,0.38006189225139064,-0.8324533404604918,17.995939675174014,0.8568126909621242,0.3401477761870063,-0.8383905756916619
overlay__28D__ctrend_lite_relative_strength__btc1__ma150__c1__robtc__inbtc,28D,ctrend_lite_relative_strength,True,ma,,150.0,1,btc,btc,0.9988002927821755,-0.00025411852808521207,0.38006189225139064,-0.8324533404604918,17.995939675174014,0.8568126909621242,0.3401477761870063,-0.8383905756916619
overlay__28D__ctrend_lite_acceleration__btc0__trailing9__c2__robtc__incash,28D,ctrend_lite_acceleration,False,trailing,9.0,,2,btc,cash,0.9963164828054428,-0.0007809976977972699,0.28738455595504314,-0.7850207901950569,25.19431554524362,0.8038353318484341,0.2083257422024384,-0.7959779323118585
overlay__28D__ctrend_lite_acceleration__btc0__trailing9__c2__robtc__inbtc,28D,ctrend_lite_acceleration,False,trailing,9.0,,2,btc,btc,0.9963164828054428,-0.0007809976977972699,0.28738455595504314,-0.7850207901950569,25.19431554524362,0.8038353318484341,0.2083257422024384,-0.7959779323118585
overlay__14D__ctrend_lite_relative_strength__btc0__ma150__c1__rocash__incash,14D,ctrend_lite_relative_strength,False,ma,,150.0,1,cash,cash,0.9836138214578493,-0.0034918588618139124,0.36301096814381256,-0.8296773264292124,25.19431554524362,0.7936245978547148,0.30458165704920703,-0.8514940902381484
overlay__14D__ctrend_lite_relative_strength__btc0__ma150__c1__rocash__inbtc,14D,ctrend_lite_relative_strength,False,ma,,150.0,1,cash,btc,0.9836138214578493,-0.0034918588618139124,0.36301096814381256,-0.8296773264292124,25.19431554524362,0.7936245978547148,0.30458165704920703,-0.8514940902381484
overlay__28D__ctrend_lite_breakout__btc1__trailing15__c2__robtc__incash,28D,ctrend_lite_breakout,True,trailing,15.0,,2,btc,cash,0.9774825007212602,-0.004810223464237207,0.3037115173852432,-0.7459900758892235,19.68967517401392,0.8265108986228595,0.24712724549179307,-0.7571907736214191
overlay__28D__ctrend_lite_breakout__btc1__trailing15__c2__robtc__inbtc,28D,ctrend_lite_breakout,True,trailing,15.0,,2,btc,btc,0.9774825007212602,-0.004810223464237207,0.3037115173852432,-0.7459900758892235,19.68967517401392,0.8265108986228595,0.24712724549179307,-0.7571907736214191
overlay__14D__ctrend_lite_acceleration__btc1__trailing11__c1__rocash__incash,14D,ctrend_lite_acceleration,True,trailing,11.0,,1,cash,cash,0.9762242164525474,-0.005081587159457834,0.19463108011356767,-0.5741047472219587,24.770881670533644,0.7906256021139805,0.0882041766795448,-0.6177577422246484
overlay__14D__ctrend_lite_acceleration__btc1__trailing11__c1__rocash__inbtc,14D,ctrend_lite_acceleration,True,trailing,11.0,,1,cash,btc,0.9762242164525474,-0.005081587159457834,0.19463108011356767,-0.5741047472219587,24.770881670533644,0.7906256021139805,0.0882041766795448,-0.6177577422246484
overlay__21D__ctrend_lite_relative_strength__btc0__trailing20__c1__robtc__incash,21D,ctrend_lite_relative_strength,False,trailing,20.0,,1,btc,cash,0.9736786822725527,-0.005631405512672938,0.3363679599406866,-0.8202164619474906,29.42865429234339,0.7577332544057331,0.26257452467675435,-0.8426834952388627
overlay__21D__ctrend_lite_relative_strength__btc0__trailing20__c1__robtc__inbtc,21D,ctrend_lite_relative_strength,False,trailing,20.0,,1,btc,btc,0.9736786822725527,-0.005631405512672938,0.3363679599406866,-0.8202164619474906,29.42865429234339,0.7577332544057331,0.26257452467675435,-0.8426834952388627
overlay__14D__ctrend_lite_relative_strength__btc0__trailing20__c2__rocash__incash,14D,ctrend_lite_relative_strength,False,trailing,20.0,,2,cash,cash,0.9672279374614025,-0.007029814666224321,0.29901949907641845,-0.8124473481652428,23.500580046403712,0.7918140942163174,0.23425625576011538,-0.8229598947574385
overlay__14D__ctrend_lite_relative_strength__btc0__trailing20__c2__rocash__inbtc,14D,ctrend_lite_relative_strength,False,trailing,20.0,,2,cash,btc,0.9672279374614025,-0.007029814666224321,0.29901949907641845,-0.8124473481652428,23.500580046403712,0.7918140942163174,0.23425625576011538,-0.8229598947574385
overlay__14D__ctrend_lite_acceleration__btc1__trailing15__c1__rocash__incash,14D,ctrend_lite_acceleration,True,trailing,15.0,,1,cash,cash,0.9626427740170597,-0.00802827494277425,0.22524441035175408,-0.5822982108958632,28.581786542923435,0.7547172402673018,0.12025642655135935,-0.5927056994414599
overlay__14D__ctrend_lite_acceleration__btc1__trailing15__c1__rocash__inbtc,14D,ctrend_lite_acceleration,True,trailing,15.0,,1,cash,btc,0.9626427740170597,-0.00802827494277425,0.22524441035175408,-0.5822982108958632,28.581786542923435,0.7547172402673018,0.12025642655135935,-0.5927056994414599
overlay__28D__ctrend_lite_acceleration__btc0__trailing11__c2__robtc__incash,28D,ctrend_lite_acceleration,False,trailing,11.0,,2,btc,cash,0.9603082173885923,-0.008538086502064446,0.2923836412484398,-0.7561079979438676,25.19431554524362,0.7747836033262548,0.2177509939197745,-0.7668625407196825
overlay__28D__ctrend_lite_acceleration__btc0__trailing11__c2__robtc__inbtc,28D,ctrend_lite_acceleration,False,trailing,11.0,,2,btc,btc,0.9603082173885923,-0.008538086502064446,0.2923836412484398,-0.7561079979438676,25.19431554524362,0.7747836033262548,0.2177509939197745,-0.7668625407196825
overlay__28D__ctrend_lite_relative_strength__btc0__trailing7__c2__rocash__incash,28D,ctrend_lite_relative_strength,False,trailing,7.0,,2,cash,cash,0.960277464975141,-0.00854480861307183,0.16304418466428294,-0.6664733557497207,14.39675174013921,0.8495301833910681,0.09467483219978527,-0.6817391894484615
overlay__28D__ctrend_lite_relative_strength__btc0__trailing7__c2__rocash__inbtc,28D,ctrend_lite_relative_strength,False,trailing,7.0,,2,cash,btc,0.960277464975141,-0.00854480861307183,0.16304418466428294,-0.6664733557497207,14.39675174013921,0.8495301833910681,0.09467483219978527,-0.6817391894484615
overlay__14D__ctrend_lite_acceleration__btc0__trailing13__c1__rocash__incash,14D,ctrend_lite_acceleration,False,trailing,13.0,,1,cash,cash,0.9594883829371995,-0.008717350609048102,0.22042255594471458,-0.5779843682632129,26.888051044083525,0.7631730384119282,0.12003059111175851,-0.6291125518236187
overlay__14D__ctrend_lite_acceleration__btc0__trailing13__c1__rocash__inbtc,14D,ctrend_lite_acceleration,False,trailing,13.0,,1,cash,btc,0.9594883829371995,-0.008717350609048102,0.22042255594471458,-0.5779843682632129,26.888051044083525,0.7631730384119282,0.12003059111175851,-0.6291125518236187
overlay__28D__ctrend_lite_acceleration__btc0__trailing13__c1__rocash__incash,28D,ctrend_lite_acceleration,False,trailing,13.0,,1,cash,cash,0.9580136833514569,-0.009040110971235249,0.17048594349077908,-0.5274412649381164,13.973317865429234,0.8505840685204308,0.10559918348001457,-0.5375500873099703
overlay__28D__ctrend_lite_acceleration__btc0__trailing13__c1__rocash__inbtc,28D,ctrend_lite_acceleration,False,trailing,13.0,,1,cash,btc,0.9580136833514569,-0.009040110971235249,0.17048594349077908,-0.5274412649381164,13.973317865429234,0.8505840685204308,0.10559918348001457,-0.5375500873099703
overlay__28D__ctrend_lite_breakout__btc1__trailing13__c1__rocash__incash,28D,ctrend_lite_breakout,True,trailing,13.0,,1,cash,cash,0.9513704969584086,-0.010498947658079016,0.16912976815353245,-0.6017600261659715,13.973317865429234,0.8446858349060924,0.1069383731956516,-0.6172388542796925
overlay__28D__ctrend_lite_breakout__btc1__trailing13__c1__rocash__inbtc,28D,ctrend_lite_breakout,True,trailing,13.0,,1,cash,btc,0.9513704969584086,-0.010498947658079016,0.16912976815353245,-0.6017600261659715,13.973317865429234,0.8446858349060924,0.1069383731956516,-0.6172388542796925
overlay__21D__ctrend_lite_relative_strength__btc0__trailing20__c2__robtc__incash,21D,ctrend_lite_relative_strength,False,trailing,20.0,,2,btc,cash,0.947648758910503,-0.01131975013916453,0.3373736932441146,-0.8342708697877594,29.852088167053363,0.7348203496704981,0.26438728587451016,-0.8568010285077379
overlay__21D__ctrend_lite_relative_strength__btc0__trailing20__c2__robtc__inbtc,21D,ctrend_lite_relative_strength,False,trailing,20.0,,2,btc,btc,0.947648758910503,-0.01131975013916453,0.3373736932441146,-0.8342708697877594,29.852088167053363,0.7348203496704981,0.26438728587451016,-0.8568010285077379
overlay__14D__ctrend_lite_relative_strength__btc1__trailing9__c2__rocash__incash,14D,ctrend_lite_relative_strength,True,trailing,9.0,,2,cash,cash,0.9465860128254738,-0.011554597468983685,0.2543636056512671,-0.694528115510707,24.770881670533644,0.7666191312269797,0.1782459783072685,-0.7174302777805619
overlay__14D__ctrend_lite_relative_strength__btc1__trailing9__c2__rocash__inbtc,14D,ctrend_lite_relative_strength,True,trailing,9.0,,2,cash,btc,0.9465860128254738,-0.011554597468983685,0.2543636056512671,-0.694528115510707,24.770881670533644,0.7666191312269797,0.1782459783072685,-0.7174302777805619
overlay__28D__ctrend_lite_breakout__btc0__trailing15__c1__rocash__incash,28D,ctrend_lite_breakout,False,trailing,15.0,,1,cash,cash,0.9455941946167249,-0.011773958617381952,0.1937669053891968,-0.6941908594618171,13.973317865429234,0.8395606129313048,0.13797125304985666,-0.7060770774032838
overlay__28D__ctrend_lite_breakout__btc0__trailing15__c1__rocash__inbtc,28D,ctrend_lite_breakout,False,trailing,15.0,,1,cash,btc,0.9455941946167249,-0.011773958617381952,0.1937669053891968,-0.6941908594618171,13.973317865429234,0.8395606129313048,0.13797125304985666,-0.7060770774032838
overlay__14D__ctrend_lite_acceleration__btc0__trailing9__c2__robtc__incash,14D,ctrend_lite_acceleration,False,trailing,9.0,,2,btc,cash,0.9453496302156512,-0.011828076976114543,0.2955376603293831,-0.736452958518498,46.36600928074246,0.6368201301575362,0.1628237047803957,-0.7561232131011696
overlay__14D__ctrend_lite_acceleration__btc0__trailing9__c2__robtc__inbtc,14D,ctrend_lite_acceleration,False,trailing,9.0,,2,btc,btc,0.9453496302156512,-0.011828076976114543,0.2955376603293831,-0.736452958518498,46.36600928074246,0.6368201301575362,0.1628237047803957,-0.7561232131011696
overlay__28D__ctrend_lite_breakout__btc1__trailing7__c2__rocash__incash,28D,ctrend_lite_breakout,True,trailing,7.0,,2,cash,cash,0.9376023816079726,-0.01354816448715812,0.1206464028382569,-0.6314175675639839,14.39675174013921,0.8294701815333587,0.04232172322744363,-0.6482879382370484
overlay__28D__ctrend_lite_breakout__btc1__trailing7__c2__rocash__inbtc,28D,ctrend_lite_breakout,True,trailing,7.0,,2,cash,btc,0.9376023816079726,-0.01354816448715812,0.1206464028382569,-0.6314175675639839,14.39675174013921,0.8294701815333587,0.04232172322744363,-0.6482879382370484
overlay__28D__ctrend_lite_relative_strength__btc0__trailing7__c1__rocash__incash,28D,ctrend_lite_relative_strength,False,trailing,7.0,,1,cash,cash,0.9374857394846314,-0.0135741474994715,0.11189448002640512,-0.43295941345038513,14.39675174013921,0.829370289164704,0.030393284612158334,-0.46279949627112327
overlay__28D__ctrend_lite_relative_strength__btc0__trailing7__c1__rocash__inbtc,28D,ctrend_lite_relative_strength,False,trailing,7.0,,1,cash,btc,0.9374857394846314,-0.0135741474994715,0.11189448002640512,-0.43295941345038513,14.39675174013921,0.829370289164704,0.030393284612158334,-0.46279949627112327
overlay__21D__ctrend_lite_relative_strength__btc0__ma75__c1__rocash__incash,21D,ctrend_lite_relative_strength,False,ma,,75.0,1,cash,cash,0.9355745989823311,-0.014000233465674916,0.2779982386213468,-0.8647163927857543,15.031902552204176,0.8231517702465251,0.2357677630795151,-0.8745822285101646
overlay__21D__ctrend_lite_relative_strength__btc0__ma75__c1__rocash__inbtc,21D,ctrend_lite_relative_strength,False,ma,,75.0,1,cash,btc,0.9355745989823311,-0.014000233465674916,0.2779982386213468,-0.8647163927857543,15.031902552204176,0.8231517702465251,0.2357677630795151,-0.8745822285101646
overlay__28D__ctrend_lite_breakout__btc1__ma75__c1__robtc__incash,28D,ctrend_lite_breakout,True,ma,,75.0,1,btc,cash,0.9342694640698774,-0.014291605805663576,0.32216805906313034,-0.7976363120300911,20.536542923433874,0.7842922614309401,0.2687115676603788,-0.8093312804799245
overlay__28D__ctrend_lite_breakout__btc1__ma75__c1__robtc__inbtc,28D,ctrend_lite_breakout,True,ma,,75.0,1,btc,btc,0.9342694640698774,-0.014291605805663576,0.32216805906313034,-0.7976363120300911,20.536542923433874,0.7842922614309401,0.2687115676603788,-0.8093312804799245
overlay__14D__ctrend_lite_acceleration__btc0__trailing11__c2__rocash__incash,14D,ctrend_lite_acceleration,False,trailing,11.0,,2,cash,cash,0.9301061733530835,-0.015223212894663551,0.2253857749902862,-0.6338424643103232,26.041183294663572,0.7451453735297812,0.13366940266953903,-0.6580504508529718
overlay__14D__ctrend_lite_acceleration__btc0__trailing11__c2__rocash__inbtc,14D,ctrend_lite_acceleration,False,trailing,11.0,,2,cash,btc,0.9301061733530835,-0.015223212894663551,0.2253857749902862,-0.6338424643103232,26.041183294663572,0.7451453735297812,0.13366940266953903,-0.6580504508529718
overlay__28D__ctrend_lite_breakout__btc0__trailing11__c1__rocash__incash,28D,ctrend_lite_breakout,False,trailing,11.0,,1,cash,cash,0.9297336982425296,-0.015306720628195047,0.12992410100658464,-0.5517091335417332,12.703016241299304,0.834452034272028,0.06576990083742255,-0.5675777143504837
overlay__28D__ctrend_lite_breakout__btc0__trailing11__c1__rocash__inbtc,28D,ctrend_lite_breakout,False,trailing,11.0,,1,cash,btc,0.9297336982425296,-0.015306720628195047,0.12992410100658464,-0.5517091335417332,12.703016241299304,0.834452034272028,0.06576990083742255,-0.5675777143504837
overlay__28D__ctrend_lite_breakout__btc1__ma100__c1__rocash__incash,28D,ctrend_lite_breakout,True,ma,,100.0,1,cash,cash,0.9276485171527742,-0.01577469926653441,0.24538495177721836,-0.7046553812319865,12.491299303944315,0.8340357690246691,0.2049984774630998,-0.7151145082442931
overlay__28D__ctrend_lite_breakout__btc1__ma100__c1__rocash__inbtc,28D,ctrend_lite_breakout,True,ma,,100.0,1,cash,btc,0.9276485171527742,-0.01577469926653441,0.24538495177721836,-0.7046553812319865,12.491299303944315,0.8340357690246691,0.2049984774630998,-0.7151145082442931
overlay__28D__ctrend_lite_relative_strength__btc0__ma100__c1__rocash__incash,28D,ctrend_lite_relative_strength,False,ma,,100.0,1,cash,cash,0.9272222156925524,-0.015870476474089013,0.2505566507314322,-0.7169554798871195,12.491299303944315,0.8336524873618004,0.21088558332505822,-0.7269790198396903
overlay__28D__ctrend_lite_relative_strength__btc0__ma100__c1__rocash__inbtc,28D,ctrend_lite_relative_strength,False,ma,,100.0,1,cash,btc,0.9272222156925524,-0.015870476474089013,0.2505566507314322,-0.7169554798871195,12.491299303944315,0.8336524873618004,0.21088558332505822,-0.7269790198396903
overlay__21D__ctrend_lite_relative_strength__btc0__ma125__c1__robtc__incash,21D,ctrend_lite_relative_strength,False,ma,,125.0,1,btc,cash,0.9235314886919511,-0.016701127073849076,0.36628102368489585,-0.8932471328719677,19.68967517401392,0.7808925889333685,0.32233813859855776,-0.899235163747865
overlay__21D__ctrend_lite_relative_strength__btc0__ma125__c1__robtc__inbtc,21D,ctrend_lite_relative_strength,False,ma,,125.0,1,btc,btc,0.9235314886919511,-0.016701127073849076,0.36628102368489585,-0.8932471328719677,19.68967517401392,0.7808925889333685,0.32233813859855776,-0.899235163747865
overlay__28D__ctrend_lite_relative_strength__btc1__ma200__c1__rocash__incash,28D,ctrend_lite_relative_strength,True,ma,,200.0,1,cash,cash,0.9166011200186824,-0.0182680013797496,0.3184702976126602,-0.7313139817196403,13.761600928074246,0.8152086718731794,0.2850972434354928,-0.739897448202772
overlay__28D__ctrend_lite_relative_strength__btc1__ma200__c1__rocash__inbtc,28D,ctrend_lite_relative_strength,True,ma,,200.0,1,cash,btc,0.9166011200186824,-0.0182680013797496,0.3184702976126602,-0.7313139817196403,13.761600928074246,0.8152086718731794,0.2850972434354928,-0.739897448202772
overlay__14D__ctrend_lite_acceleration__btc1__trailing7__c2__rocash__incash,14D,ctrend_lite_acceleration,True,trailing,7.0,,2,cash,cash,0.9103892529204933,-0.01968038777372827,0.17210596183093915,-0.6829903264713997,26.46461716937355,0.7267515444705479,0.06464863433276062,-0.7165052910444145
overlay__14D__ctrend_lite_acceleration__btc1__trailing7__c2__rocash__inbtc,14D,ctrend_lite_acceleration,True,trailing,7.0,,2,cash,btc,0.9103892529204933,-0.01968038777372827,0.17210596183093915,-0.6829903264713997,26.46461716937355,0.7267515444705479,0.06464863433276062,-0.7165052910444145
overlay__14D__ctrend_lite_relative_strength__btc0__ma125__c2__robtc__incash,14D,ctrend_lite_relative_strength,False,ma,,125.0,2,btc,cash,0.9056014360350555,-0.020774182475236547,0.38908058898779013,-0.8844845142708274,30.698955916473317,0.6971673841957999,0.3248533432821368,-0.8925263427148931
overlay__14D__ctrend_lite_relative_strength__btc0__ma125__c2__robtc__inbtc,14D,ctrend_lite_relative_strength,False,ma,,125.0,2,btc,btc,0.9056014360350555,-0.020774182475236547,0.38908058898779013,-0.8844845142708274,30.698955916473317,0.6971673841957999,0.3248533432821368,-0.8925263427148931
overlay__28D__ctrend_lite_breakout__btc0__ma75__c1__robtc__incash,28D,ctrend_lite_breakout,False,ma,,75.0,1,btc,cash,0.9034890621393327,-0.021258211932562276,0.3152878372921086,-0.7939646701532015,22.23027842227378,0.7475857912852983,0.2579156530925224,-0.8023380357556784
overlay__28D__ctrend_lite_breakout__btc0__ma75__c1__robtc__inbtc,28D,ctrend_lite_breakout,False,ma,,75.0,1,btc,btc,0.9034890621393327,-0.021258211932562276,0.3152878372921086,-0.7939646701532015,22.23027842227378,0.7475857912852983,0.2579156530925224,-0.8023380357556784
overlay__28D__ctrend_lite_breakout__btc1__ma125__c2__robtc__incash,28D,ctrend_lite_breakout,True,ma,,125.0,2,btc,cash,0.9006610467794408,-0.02190762206470398,0.3325847104620702,-0.8598711769564833,16.302204176334108,0.7838559256597846,0.2925871432874633,-0.8662919186449399
overlay__28D__ctrend_lite_breakout__btc1__ma125__c2__robtc__inbtc,28D,ctrend_lite_breakout,True,ma,,125.0,2,btc,btc,0.9006610467794408,-0.02190762206470398,0.3325847104620702,-0.8598711769564833,16.302204176334108,0.7838559256597846,0.2925871432874633,-0.8662919186449399
overlay__28D__ctrend_lite_breakout__btc0__ma100__c1__rocash__incash,28D,ctrend_lite_breakout,False,ma,,100.0,1,cash,cash,0.8985230231419977,-0.02239965403608668,0.23770743239878736,-0.6862420791481297,12.491299303944315,0.8078494459224008,0.19782809622822758,-0.6973532819152426
overlay__28D__ctrend_lite_breakout__btc0__ma100__c1__rocash__inbtc,28D,ctrend_lite_breakout,False,ma,,100.0,1,cash,btc,0.8985230231419977,-0.02239965403608668,0.23770743239878736,-0.6862420791481297,12.491299303944315,0.8078494459224008,0.19782809622822758,-0.6973532819152426
overlay__14D__ctrend_lite_acceleration__btc1__trailing7__c1__rocash__incash,14D,ctrend_lite_acceleration,True,trailing,7.0,,1,cash,cash,0.8975980966688515,-0.022612797110472593,0.13010844403960026,-0.4891270256039866,26.888051044083525,0.7139769902370314,0.006351604409461503,-0.521464820773063
overlay__14D__ctrend_lite_acceleration__btc1__trailing7__c1__rocash__inbtc,14D,ctrend_lite_acceleration,True,trailing,7.0,,1,cash,btc,0.8975980966688515,-0.022612797110472593,0.13010844403960026,-0.4891270256039866,26.888051044083525,0.7139769902370314,0.006351604409461503,-0.521464820773063
overlay__14D__ctrend_lite_acceleration__btc0__ma75__c1__rocash__incash,14D,ctrend_lite_acceleration,False,ma,,75.0,1,cash,cash,0.8943091447244843,-0.023372119112463174,0.24000811419413906,-0.6104866058743628,26.46461716937355,0.7138355344072503,0.15991549125453672,-0.6460265750025576
overlay__14D__ctrend_lite_acceleration__btc0__ma75__c1__rocash__inbtc,14D,ctrend_lite_acceleration,False,ma,,75.0,1,cash,btc,0.8943091447244843,-0.023372119112463174,0.24000811419413906,-0.6104866058743628,26.46461716937355,0.7138355344072503,0.15991549125453672,-0.6460265750025576
overlay__21D__ctrend_lite_acceleration__btc0__trailing9__c1__rocash__incash,21D,ctrend_lite_acceleration,False,trailing,9.0,,1,cash,cash,0.8923297872652337,-0.02383015601794214,0.08596066610965793,-0.47008387154881226,17.995939675174014,0.7656026321046026,-0.013248145736645726,-0.4795473471675967
overlay__21D__ctrend_lite_acceleration__btc0__trailing9__c1__rocash__inbtc,21D,ctrend_lite_acceleration,False,trailing,9.0,,1,cash,btc,0.8923297872652337,-0.02383015601794214,0.08596066610965793,-0.47008387154881226,17.995939675174014,0.7656026321046026,-0.013248145736645726,-0.4795473471675967
overlay__28D__ctrend_lite_breakout__btc0__ma125__c2__robtc__incash,28D,ctrend_lite_breakout,False,ma,,125.0,2,btc,cash,0.8915874172150591,-0.024002152077200467,0.33407301231566444,-0.8548852621329852,17.995939675174014,0.7648409994395248,0.29038157120664015,-0.862033135241691
overlay__28D__ctrend_lite_breakout__btc0__ma125__c2__robtc__inbtc,28D,ctrend_lite_breakout,False,ma,,125.0,2,btc,btc,0.8915874172150591,-0.024002152077200467,0.33407301231566444,-0.8548852621329852,17.995939675174014,0.7648409994395248,0.29038157120664015,-0.862033135241691
overlay__28D__ctrend_lite_acceleration__btc1__trailing11__c1__rocash__incash,28D,ctrend_lite_acceleration,True,trailing,11.0,,1,cash,cash,0.8912489759864999,-0.024080601324578788,0.07331479475833746,-0.49659694693890133,12.703016241299304,0.7999113320950034,-0.0012063195233164344,-0.5135405844500909
overlay__28D__ctrend_lite_acceleration__btc1__trailing11__c1__rocash__inbtc,28D,ctrend_lite_acceleration,True,trailing,11.0,,1,cash,btc,0.8912489759864999,-0.024080601324578788,0.07331479475833746,-0.49659694693890133,12.703016241299304,0.7999113320950034,-0.0012063195233164344,-0.5135405844500909
overlay__28D__ctrend_lite_breakout__btc0__trailing20__c2__robtc__incash,28D,ctrend_lite_breakout,False,trailing,20.0,,2,btc,cash,0.8906413238106978,-0.024221511483494607,0.2735228703346075,-0.7639038026929232,20.1131090487239,0.7503701097146668,0.21577450815163737,-0.7718585382961098
overlay__28D__ctrend_lite_breakout__btc0__trailing20__c2__robtc__inbtc,28D,ctrend_lite_breakout,False,trailing,20.0,,2,btc,btc,0.8906413238106978,-0.024221511483494607,0.2735228703346075,-0.7639038026929232,20.1131090487239,0.7503701097146668,0.21577450815163737,-0.7718585382961098
overlay__14D__ctrend_lite_acceleration__btc0__trailing7__c2__robtc__incash,14D,ctrend_lite_acceleration,False,trailing,7.0,,2,btc,cash,0.8877748026164121,-0.024887260889225216,0.27991901312633366,-0.8205567847368285,48.906612529002324,0.5852287926044824,0.1428601401836218,-0.8327472837465661
overlay__14D__ctrend_lite_acceleration__btc0__trailing7__c2__robtc__inbtc,14D,ctrend_lite_acceleration,False,trailing,7.0,,2,btc,btc,0.8877748026164121,-0.024887260889225216,0.27991901312633366,-0.8205567847368285,48.906612529002324,0.5852287926044824,0.1428601401836218,-0.8327472837465661
overlay__21D__ctrend_lite_relative_strength__btc0__ma75__c1__robtc__incash,21D,ctrend_lite_relative_strength,False,ma,,75.0,1,btc,cash,0.8850702282483768,-0.025516953584791446,0.33457599020434264,-0.8599960743288708,21.806844547563806,0.7349922852934554,0.28350254625986615,-0.868087157813276
overlay__21D__ctrend_lite_relative_strength__btc0__ma75__c1__robtc__inbtc,21D,ctrend_lite_relative_strength,False,ma,,75.0,1,btc,btc,0.8850702282483768,-0.025516953584791446,0.33457599020434264,-0.8599960743288708,21.806844547563806,0.7349922852934554,0.28350254625986615,-0.868087157813276
overlay__28D__ctrend_lite_acceleration__btc1__trailing20__c1__rocash__incash,28D,ctrend_lite_acceleration,True,trailing,20.0,,1,cash,cash,0.8824909775510952,-0.026118882388624143,0.12809182281412135,-0.5136585892858165,11.85614849187935,0.7977710339848322,0.07357530434424321,-0.5230650121551332
overlay__28D__ctrend_lite_acceleration__btc1__trailing20__c1__rocash__inbtc,28D,ctrend_lite_acceleration,True,trailing,20.0,,1,cash,btc,0.8824909775510952,-0.026118882388624143,0.12809182281412135,-0.5136585892858165,11.85614849187935,0.7977710339848322,0.07357530434424321,-0.5230650121551332
overlay__28D__ctrend_lite_breakout__btc0__trailing7__c2__rocash__incash,28D,ctrend_lite_breakout,False,trailing,7.0,,2,cash,cash,0.8804257771973252,-0.026601846009751684,0.09341542862905507,-0.6718155656406455,14.39675174013921,0.7788876644981265,0.018844038242682146,-0.6868368812800805
overlay__28D__ctrend_lite_breakout__btc0__trailing7__c2__rocash__inbtc,28D,ctrend_lite_breakout,False,trailing,7.0,,2,cash,btc,0.8804257771973252,-0.026601846009751684,0.09341542862905507,-0.6718155656406455,14.39675174013921,0.7788876644981265,0.018844038242682146,-0.6868368812800805
overlay__21D__ctrend_lite_acceleration__btc1__trailing9__c2__rocash__incash,21D,ctrend_lite_acceleration,True,trailing,9.0,,2,cash,cash,0.8662996494653568,-0.029929519214024092,0.11476040969185429,-0.6352551111093698,17.995939675174014,0.7432603843470333,0.03193450250768134,-0.6666839665934043
overlay__21D__ctrend_lite_acceleration__btc1__trailing9__c2__rocash__inbtc,21D,ctrend_lite_acceleration,True,trailing,9.0,,2,cash,btc,0.8662996494653568,-0.029929519214024092,0.11476040969185429,-0.6352551111093698,17.995939675174014,0.7432603843470333,0.03193450250768134,-0.6666839665934043
overlay__21D__ctrend_lite_acceleration__btc0__trailing7__c1__rocash__incash,21D,ctrend_lite_acceleration,False,trailing,7.0,,1,cash,cash,0.8623619000345141,-0.030864748960729216,0.06510901573469274,-0.573562449226891,19.68967517401392,0.729301083761498,-0.04200309486363481,-0.6206963543314975
overlay__21D__ctrend_lite_acceleration__btc0__trailing7__c1__rocash__inbtc,21D,ctrend_lite_acceleration,False,trailing,7.0,,1,cash,btc,0.8623619000345141,-0.030864748960729216,0.06510901573469274,-0.573562449226891,19.68967517401392,0.729301083761498,-0.04200309486363481,-0.6206963543314975
overlay__28D__ctrend_lite_relative_strength__btc0__ma125__c2__robtc__incash,28D,ctrend_lite_relative_strength,False,ma,,125.0,2,btc,cash,0.8613873991066459,-0.031096715962751653,0.3255192492715354,-0.87487418270198,17.995939675174014,0.7389341600347282,0.28195620024198226,-0.8810374675468932
overlay__28D__ctrend_lite_relative_strength__btc0__ma125__c2__robtc__inbtc,28D,ctrend_lite_relative_strength,False,ma,,125.0,2,btc,btc,0.8613873991066459,-0.031096715962751653,0.3255192492715354,-0.87487418270198,17.995939675174014,0.7389341600347282,0.28195620024198226,-0.8810374675468932
overlay__28D__ctrend_lite_relative_strength__btc0__ma200__c1__robtc__incash,28D,ctrend_lite_relative_strength,False,ma,,200.0,1,btc,cash,0.8613391187215694,-0.031108213844460275,0.3563583794265683,-0.8411650361605838,16.725638051044083,0.7469338273374778,0.320476501130037,-0.8484428984287308
overlay__28D__ctrend_lite_relative_strength__btc0__ma200__c1__robtc__inbtc,28D,ctrend_lite_relative_strength,False,ma,,200.0,1,btc,btc,0.8613391187215694,-0.031108213844460275,0.3563583794265683,-0.8411650361605838,16.725638051044083,0.7469338273374778,0.320476501130037,-0.8484428984287308
overlay__14D__ctrend_lite_relative_strength__btc1__ma200__c1__robtc__incash,14D,ctrend_lite_relative_strength,True,ma,,200.0,1,btc,cash,0.8610252559055669,-0.031182972064987213,0.3944148091511172,-0.873251279809244,30.27552204176334,0.6652467449298914,0.3349898496339766,-0.8910735365281028
overlay__14D__ctrend_lite_relative_strength__btc1__ma200__c1__robtc__inbtc,14D,ctrend_lite_relative_strength,True,ma,,200.0,1,btc,btc,0.8610252559055669,-0.031182972064987213,0.3944148091511172,-0.873251279809244,30.27552204176334,0.6652467449298914,0.3349898496339766,-0.8910735365281028
overlay__21D__ctrend_lite_acceleration__btc1__ma200__c2__robtc__incash,21D,ctrend_lite_acceleration,True,ma,,200.0,2,btc,cash,0.8579184846393314,-0.03192412746790774,0.30502502132033615,-0.8054437125488598,21.806844547563806,0.7124445580646179,0.25132777046062055,-0.8096101392510876
overlay__21D__ctrend_lite_acceleration__btc1__ma200__c2__robtc__inbtc,21D,ctrend_lite_acceleration,True,ma,,200.0,2,btc,btc,0.8579184846393314,-0.03192412746790774,0.30502502132033615,-0.8054437125488598,21.806844547563806,0.7124445580646179,0.25132777046062055,-0.8096101392510876
overlay__28D__ctrend_lite_acceleration__btc1__trailing15__c1__robtc__incash,28D,ctrend_lite_acceleration,True,trailing,15.0,,1,btc,cash,0.8560223448586466,-0.03237751333604655,0.24264393533733036,-0.7404747302930541,25.617749419953597,0.6881576914558805,0.16553044833885777,-0.7505728917577019
overlay__28D__ctrend_lite_acceleration__btc1__trailing15__c1__robtc__inbtc,28D,ctrend_lite_acceleration,True,trailing,15.0,,1,btc,btc,0.8560223448586466,-0.03237751333604655,0.24264393533733036,-0.7404747302930541,25.617749419953597,0.6881576914558805,0.16553044833885777,-0.7505728917577019
overlay__14D__ctrend_lite_acceleration__btc1__trailing20__c2__rocash__incash,14D,ctrend_lite_acceleration,True,trailing,20.0,,2,cash,cash,0.8534770670323159,-0.03298736079215714,0.21580279505474914,-0.6343471358103423,25.617749419953597,0.686201568800325,0.1369088781365662,-0.6460212763347055
overlay__14D__ctrend_lite_acceleration__btc1__trailing20__c2__rocash__inbtc,14D,ctrend_lite_acceleration,True,trailing,20.0,,2,cash,btc,0.8534770670323159,-0.03298736079215714,0.21580279505474914,-0.6343471358103423,25.617749419953597,0.686201568800325,0.1369088781365662,-0.6460212763347055
overlay__28D__ctrend_lite_relative_strength__btc1__ma100__c1__rocash__incash,28D,ctrend_lite_relative_strength,True,ma,,100.0,1,cash,cash,0.8483522221575871,-0.03421963379127524,0.21374790721417491,-0.733566325082257,12.491299303944315,0.7627415825367636,0.17358233718032173,-0.7430016202230472
overlay__28D__ctrend_lite_relative_strength__btc1__ma100__c1__rocash__inbtc,28D,ctrend_lite_relative_strength,True,ma,,100.0,1,cash,btc,0.8483522221575871,-0.03421963379127524,0.21374790721417491,-0.733566325082257,12.491299303944315,0.7627415825367636,0.17358233718032173,-0.7430016202230472
overlay__14D__ctrend_lite_acceleration__btc0__trailing15__c1__rocash__incash,14D,ctrend_lite_acceleration,False,trailing,15.0,,1,cash,cash,0.8473480245493955,-0.03446178111332754,0.18074685885778957,-0.5822982108958632,28.581786542923435,0.6643255212577284,0.07853982898830884,-0.5927056994414599
overlay__14D__ctrend_lite_acceleration__btc0__trailing15__c1__rocash__inbtc,14D,ctrend_lite_acceleration,False,trailing,15.0,,1,cash,btc,0.8473480245493955,-0.03446178111332754,0.18074685885778957,-0.5822982108958632,28.581786542923435,0.6643255212577284,0.07853982898830884,-0.5927056994414599
overlay__14D__ctrend_lite_relative_strength__btc0__ma125__c1__robtc__incash,14D,ctrend_lite_relative_strength,False,ma,,125.0,1,btc,cash,0.8396302710715488,-0.03633039219163503,0.367460983982971,-0.8695728287376263,30.27552204176334,0.6487165166688327,0.30376334166382757,-0.8790897871647223
overlay__14D__ctrend_lite_relative_strength__btc0__ma125__c1__robtc__inbtc,14D,ctrend_lite_relative_strength,False,ma,,125.0,1,btc,btc,0.8396302710715488,-0.03633039219163503,0.367460983982971,-0.8695728287376263,30.27552204176334,0.6487165166688327,0.30376334166382757,-0.8790897871647223
overlay__14D__ctrend_lite_relative_strength__btc0__ma75__c1__robtc__incash,14D,ctrend_lite_relative_strength,False,ma,,75.0,1,btc,cash,0.8381503481089039,-0.03669025478661814,0.35030031223216224,-0.8545284677675894,35.780162412993036,0.6179011165905532,0.2721498539880668,-0.8673703394064555
overlay__14D__ctrend_lite_relative_strength__btc0__ma75__c1__robtc__inbtc,14D,ctrend_lite_relative_strength,False,ma,,75.0,1,btc,btc,0.8381503481089039,-0.03669025478661814,0.35030031223216224,-0.8545284677675894,35.780162412993036,0.6179011165905532,0.2721498539880668,-0.8673703394064555
overlay__28D__ctrend_lite_breakout__btc1__trailing20__c2__robtc__incash,28D,ctrend_lite_breakout,True,trailing,20.0,,2,btc,cash,0.8376743881380267,-0.036806097116193204,0.24853673703323348,-0.7639038026929232,17.995939675174014,0.718592146835825,0.19627492009500386,-0.7718585382961098
overlay__28D__ctrend_lite_breakout__btc1__trailing20__c2__robtc__inbtc,28D,ctrend_lite_breakout,True,trailing,20.0,,2,btc,btc,0.8376743881380267,-0.036806097116193204,0.24853673703323348,-0.7639038026929232,17.995939675174014,0.718592146835825,0.19627492009500386,-0.7718585382961098
overlay__14D__ctrend_lite_relative_strength__btc0__ma125__c2__rocash__incash,14D,ctrend_lite_relative_strength,False,ma,,125.0,2,cash,cash,0.8354658697505035,-0.037344301068176655,0.31645991401356777,-0.8554793683523818,24.770881670533644,0.6765339148613388,0.25842409130343613,-0.8730780701626333
overlay__14D__ctrend_lite_relative_strength__btc0__ma125__c2__rocash__inbtc,14D,ctrend_lite_relative_strength,False,ma,,125.0,2,cash,btc,0.8354658697505035,-0.037344301068176655,0.31645991401356777,-0.8554793683523818,24.770881670533644,0.6765339148613388,0.25842409130343613,-0.8730780701626333
overlay__28D__ctrend_lite_breakout__btc0__trailing11__c2__rocash__incash,28D,ctrend_lite_breakout,False,trailing,11.0,,2,cash,cash,0.8294762513907027,-0.03880960504801623,0.12459485075992813,-0.7360528218576311,13.12645011600928,0.7417851349212345,0.07057154046717863,-0.7463119451752471
overlay__28D__ctrend_lite_breakout__btc0__trailing11__c2__rocash__inbtc,28D,ctrend_lite_breakout,False,trailing,11.0,,2,cash,btc,0.8294762513907027,-0.03880960504801623,0.12459485075992813,-0.7360528218576311,13.12645011600928,0.7417851349212345,0.07057154046717863,-0.7463119451752471
overlay__14D__ctrend_lite_relative_strength__btc0__trailing15__c2__rocash__incash,14D,ctrend_lite_relative_strength,False,trailing,15.0,,2,cash,cash,0.8274027000468404,-0.0393188235734232,0.2471438498475437,-0.8651377330264642,24.98259860788863,0.6688595284398152,0.1781030726851402,-0.880292361604574
overlay__14D__ctrend_lite_relative_strength__btc0__trailing15__c2__rocash__inbtc,14D,ctrend_lite_relative_strength,False,trailing,15.0,,2,cash,btc,0.8274027000468404,-0.0393188235734232,0.2471438498475437,-0.8651377330264642,24.98259860788863,0.6688595284398152,0.1781030726851402,-0.880292361604574
overlay__28D__ctrend_lite_breakout__btc1__trailing11__c1__rocash__incash,28D,ctrend_lite_breakout,True,trailing,11.0,,1,cash,cash,0.8270184718466956,-0.03941329200193089,0.05360112410199418,-0.562681500107999,12.703016241299304,0.7422633465018249,-0.012211611704927782,-0.5781616815569863
overlay__28D__ctrend_lite_breakout__btc1__trailing11__c1__rocash__inbtc,28D,ctrend_lite_breakout,True,trailing,11.0,,1,cash,btc,0.8270184718466956,-0.03941329200193089,0.05360112410199418,-0.562681500107999,12.703016241299304,0.7422633465018249,-0.012211611704927782,-0.5781616815569863
overlay__28D__ctrend_lite_breakout__btc0__trailing13__c2__rocash__incash,28D,ctrend_lite_breakout,False,trailing,13.0,,2,cash,cash,0.8240195494675836,-0.04015181461546291,0.16055713839307786,-0.7721313906175927,13.549883990719257,0.7342543069457211,0.11123054664665709,-0.7809882087897759
overlay__28D__ctrend_lite_breakout__btc0__trailing13__c2__rocash__inbtc,28D,ctrend_lite_breakout,False,trailing,13.0,,2,cash,btc,0.8240195494675836,-0.04015181461546291,0.16055713839307786,-0.7721313906175927,13.549883990719257,0.7342543069457211,0.11123054664665709,-0.7809882087897759
overlay__28D__ctrend_lite_acceleration__btc1__trailing20__c1__robtc__incash,28D,ctrend_lite_acceleration,True,trailing,20.0,,1,btc,cash,0.8222772558502752,-0.04058185002148629,0.22890316321224802,-0.7171187902487707,21.383410672853827,0.685314996129809,0.1643009515149042,-0.7276342970083951
overlay__28D__ctrend_lite_acceleration__btc1__trailing20__c1__robtc__inbtc,28D,ctrend_lite_acceleration,True,trailing,20.0,,1,btc,btc,0.8222772558502752,-0.04058185002148629,0.22890316321224802,-0.7171187902487707,21.383410672853827,0.685314996129809,0.1643009515149042,-0.7276342970083951
overlay__28D__ctrend_lite_relative_strength__btc0__ma125__c1__rocash__incash,28D,ctrend_lite_relative_strength,False,ma,,125.0,1,cash,cash,0.8215801821457258,-0.040754103941675,0.23545002912873159,-0.7897072581137872,12.914733178654293,0.7359992308752061,0.19761849632493161,-0.7978857575871434
overlay__28D__ctrend_lite_relative_strength__btc0__ma125__c1__rocash__inbtc,28D,ctrend_lite_relative_strength,False,ma,,125.0,1,cash,btc,0.8215801821457258,-0.040754103941675,0.23545002912873159,-0.7897072581137872,12.914733178654293,0.7359992308752061,0.19761849632493161,-0.7978857575871434
overlay__28D__ctrend_lite_breakout__btc1__ma125__c1__rocash__incash,28D,ctrend_lite_breakout,True,ma,,125.0,1,cash,cash,0.8143415472181454,-0.042549688024679955,0.22581620125043386,-0.770597945090742,12.914733178654293,0.7295146176200861,0.18729144828597794,-0.7795196252611281
overlay__28D__ctrend_lite_breakout__btc1__ma125__c1__rocash__inbtc,28D,ctrend_lite_breakout,True,ma,,125.0,1,cash,btc,0.8143415472181454,-0.042549688024679955,0.22581620125043386,-0.770597945090742,12.914733178654293,0.7295146176200861,0.18729144828597794,-0.7795196252611281
overlay__28D__ctrend_lite_acceleration__btc0__trailing11__c1__rocash__incash,28D,ctrend_lite_acceleration,False,trailing,11.0,,1,cash,cash,0.81335211331682,-0.04279609904124482,0.03279082677117507,-0.49659694693890133,12.703016241299304,0.7299975539443407,-0.037006786751795785,-0.5135405844500909
overlay__28D__ctrend_lite_acceleration__btc0__trailing11__c1__rocash__inbtc,28D,ctrend_lite_acceleration,False,trailing,11.0,,1,cash,btc,0.81335211331682,-0.04279609904124482,0.03279082677117507,-0.49659694693890133,12.703016241299304,0.7299975539443407,-0.037006786751795785,-0.5135405844500909
overlay__21D__ctrend_lite_relative_strength__btc0__ma150__c2__robtc__incash,21D,ctrend_lite_relative_strength,False,ma,,150.0,2,btc,cash,0.8112875051506813,-0.04331103598455832,0.3349549090208387,-0.9164851198148789,18.842807424593968,0.690952510080778,0.2931169442234184,-0.9208847459632306
overlay__21D__ctrend_lite_relative_strength__btc0__ma150__c2__robtc__inbtc,21D,ctrend_lite_relative_strength,False,ma,,150.0,2,btc,btc,0.8112875051506813,-0.04331103598455832,0.3349549090208387,-0.9164851198148789,18.842807424593968,0.690952510080778,0.2931169442234184,-0.9208847459632306
overlay__21D__ctrend_lite_relative_strength__btc0__trailing20__c2__rocash__incash,21D,ctrend_lite_relative_strength,False,trailing,20.0,,2,cash,cash,0.8095986954949915,-0.043733013102171814,0.20310334247432407,-0.8361534785701219,17.572505800464036,0.6970955140204139,0.1499042966760635,-0.8508137929202135
overlay__21D__ctrend_lite_relative_strength__btc0__trailing20__c2__rocash__inbtc,21D,ctrend_lite_relative_strength,False,trailing,20.0,,2,cash,btc,0.8095986954949915,-0.043733013102171814,0.20310334247432407,-0.8361534785701219,17.572505800464036,0.6970955140204139,0.1499042966760635,-0.8508137929202135
overlay__28D__ctrend_lite_relative_strength__btc1__ma125__c2__robtc__incash,28D,ctrend_lite_relative_strength,True,ma,,125.0,2,btc,cash,0.8088094724741212,-0.043930451510521884,0.30352672752961046,-0.8791733095614462,17.14907192575406,0.6988553215911301,0.26157309397621625,-0.884709622159577
overlay__28D__ctrend_lite_relative_strength__btc1__ma125__c2__robtc__inbtc,28D,ctrend_lite_relative_strength,True,ma,,125.0,2,btc,btc,0.8088094724741212,-0.043930451510521884,0.30352672752961046,-0.8791733095614462,17.14907192575406,0.6988553215911301,0.26157309397621625,-0.884709622159577
overlay__28D__ctrend_lite_breakout__btc0__ma75__c2__robtc__incash,28D,ctrend_lite_breakout,False,ma,,75.0,2,btc,cash,0.8067791035935998,-0.044439083814248215,0.28430840987099415,-0.7801248297802434,20.1131090487239,0.6797157377437192,0.23246844430783267,-0.7920830182323004
overlay__28D__ctrend_lite_breakout__btc0__ma75__c2__robtc__inbtc,28D,ctrend_lite_breakout,False,ma,,75.0,2,btc,btc,0.8067791035935998,-0.044439083814248215,0.28430840987099415,-0.7801248297802434,20.1131090487239,0.6797157377437192,0.23246844430783267,-0.7920830182323004
overlay__28D__ctrend_lite_acceleration__btc1__trailing7__c1__rocash__incash,28D,ctrend_lite_acceleration,True,trailing,7.0,,1,cash,cash,0.8067381808758597,-0.044449345825605224,-0.03723454718385307,-0.46447805138437015,14.39675174013921,0.7137011798398536,-0.1342204991144651,-0.4834344342872944
overlay__28D__ctrend_lite_acceleration__btc1__trailing7__c1__rocash__inbtc,28D,ctrend_lite_acceleration,True,trailing,7.0,,1,cash,btc,0.8067381808758597,-0.044449345825605224,-0.03723454718385307,-0.46447805138437015,14.39675174013921,0.7137011798398536,-0.1342204991144651,-0.4834344342872944
overlay__28D__ctrend_lite_acceleration__btc0__trailing20__c1__rocash__incash,28D,ctrend_lite_acceleration,False,trailing,20.0,,1,cash,cash,0.7987159460190458,-0.04646901867271713,0.0907463216331253,-0.5136585892858163,11.85614849187935,0.7220384823468577,0.03857402152338371,-0.5230650121551332
overlay__28D__ctrend_lite_acceleration__btc0__trailing20__c1__rocash__inbtc,28D,ctrend_lite_acceleration,False,trailing,20.0,,1,cash,btc,0.7987159460190458,-0.04646901867271713,0.0907463216331253,-0.5136585892858163,11.85614849187935,0.7220384823468577,0.03857402152338371,-0.5230650121551332
overlay__28D__ctrend_lite_breakout__btc1__ma75__c2__robtc__incash,28D,ctrend_lite_breakout,True,ma,,75.0,2,btc,cash,0.7947751032382295,-0.047467025238128624,0.27617067612170243,-0.7929456756902193,18.41937354988399,0.6793359138986996,0.22829516658454843,-0.8034988992294589
overlay__28D__ctrend_lite_breakout__btc1__ma75__c2__robtc__inbtc,28D,ctrend_lite_breakout,True,ma,,75.0,2,btc,btc,0.7947751032382295,-0.047467025238128624,0.27617067612170243,-0.7929456756902193,18.41937354988399,0.6793359138986996,0.22829516658454843,-0.8034988992294589
overlay__14D__ctrend_lite_acceleration__btc1__trailing13__c2__robtc__incash,14D,ctrend_lite_acceleration,True,trailing,13.0,,2,btc,cash,0.7942936037080354,-0.04758923079738564,0.2562110065636656,-0.778673653755042,42.97853828306265,0.5507324443080942,0.1396284224962306,-0.7937094889119808
overlay__14D__ctrend_lite_acceleration__btc1__trailing13__c2__robtc__inbtc,14D,ctrend_lite_acceleration,True,trailing,13.0,,2,btc,btc,0.7942936037080354,-0.04758923079738564,0.2562110065636656,-0.778673653755042,42.97853828306265,0.5507324443080942,0.1396284224962306,-0.7937094889119808
overlay__28D__ctrend_lite_relative_strength__btc1__ma200__c1__robtc__incash,28D,ctrend_lite_relative_strength,True,ma,,200.0,1,btc,cash,0.7882469130290031,-0.0491288866248939,0.3278685540946885,-0.8505133348140833,16.302204176334108,0.6860205799620038,0.29240692895338466,-0.8573628554350445
overlay__28D__ctrend_lite_relative_strength__btc1__ma200__c1__robtc__inbtc,28D,ctrend_lite_relative_strength,True,ma,,200.0,1,btc,btc,0.7882469130290031,-0.0491288866248939,0.3278685540946885,-0.8505133348140833,16.302204176334108,0.6860205799620038,0.29240692895338466,-0.8573628554350445
overlay__14D__ctrend_lite_relative_strength__btc1__ma75__c1__rocash__incash,14D,ctrend_lite_relative_strength,True,ma,,75.0,1,cash,cash,0.7863718067043239,-0.04960823190677288,0.2853298746540205,-0.8665652388694474,25.19431554524362,0.6345109966455573,0.22613988425202605,-0.8832323060208825
overlay__14D__ctrend_lite_relative_strength__btc1__ma75__c1__rocash__inbtc,14D,ctrend_lite_relative_strength,True,ma,,75.0,1,cash,btc,0.7863718067043239,-0.04960823190677288,0.2853298746540205,-0.8665652388694474,25.19431554524362,0.6345109966455573,0.22613988425202605,-0.8832323060208825
overlay__28D__ctrend_lite_relative_strength__btc0__ma125__c1__robtc__incash,28D,ctrend_lite_relative_strength,False,ma,,125.0,1,btc,cash,0.7851403688936089,-0.04992352251874499,0.2956283240189117,-0.8587219168143805,17.14907192575406,0.6784039303086672,0.25380510135280193,-0.8661645515591663
overlay__28D__ctrend_lite_relative_strength__btc0__ma125__c1__robtc__inbtc,28D,ctrend_lite_relative_strength,False,ma,,125.0,1,btc,btc,0.7851403688936089,-0.04992352251874499,0.2956283240189117,-0.8587219168143805,17.14907192575406,0.6784039303086672,0.25380510135280193,-0.8661645515591663
overlay__14D__ctrend_lite_relative_strength__btc1__trailing15__c2__rocash__incash,14D,ctrend_lite_relative_strength,True,trailing,15.0,,2,cash,cash,0.7820405945982941,-0.050718900936421396,0.2277704400353917,-0.8695457304363442,24.98259860788863,0.6321895049341713,0.1585563055204375,-0.88420502725844
overlay__14D__ctrend_lite_relative_strength__btc1__trailing15__c2__rocash__inbtc,14D,ctrend_lite_relative_strength,True,trailing,15.0,,2,cash,btc,0.7820405945982941,-0.050718900936421396,0.2277704400353917,-0.8695457304363442,24.98259860788863,0.6321895049341713,0.1585563055204375,-0.88420502725844
overlay__28D__ctrend_lite_breakout__btc1__ma125__c1__robtc__incash,28D,ctrend_lite_breakout,True,ma,,125.0,1,btc,cash,0.7794691941169148,-0.0513805907209709,0.2882270861565572,-0.8458222985432539,15.455336426914153,0.6832940509863136,0.2500231486186514,-0.8534165833306107
overlay__28D__ctrend_lite_breakout__btc1__ma125__c1__robtc__inbtc,28D,ctrend_lite_breakout,True,ma,,125.0,1,btc,btc,0.7794691941169148,-0.0513805907209709,0.2882270861565572,-0.8458222985432539,15.455336426914153,0.6832940509863136,0.2500231486186514,-0.8534165833306107
overlay__28D__ctrend_lite_acceleration__btc0__trailing15__c1__robtc__incash,28D,ctrend_lite_acceleration,False,trailing,15.0,,1,btc,cash,0.7787459948343141,-0.05156699913668361,0.21848501584347804,-0.7404747302930541,27.311484918793504,0.6170652032963335,0.137941626886292,-0.7505728917577019
overlay__28D__ctrend_lite_acceleration__btc0__trailing15__c1__robtc__inbtc,28D,ctrend_lite_acceleration,False,trailing,15.0,,1,btc,btc,0.7787459948343141,-0.05156699913668361,0.21848501584347804,-0.7404747302930541,27.311484918793504,0.6170652032963335,0.137941626886292,-0.7505728917577019
overlay__28D__ctrend_lite_breakout__btc0__ma125__c1__rocash__incash,28D,ctrend_lite_breakout,False,ma,,125.0,1,cash,cash,0.773938562431437,-0.052809620849129435,0.2143358307361671,-0.7608793521684646,12.914733178654293,0.6933202614582615,0.17643675497357875,-0.770178998341783
overlay__28D__ctrend_lite_breakout__btc0__ma125__c1__rocash__inbtc,28D,ctrend_lite_breakout,False,ma,,125.0,1,cash,btc,0.773938562431437,-0.052809620849129435,0.2143358307361671,-0.7608793521684646,12.914733178654293,0.6933202614582615,0.17643675497357875,-0.770178998341783
overlay__28D__ctrend_lite_breakout__btc1__trailing15__c1__rocash__incash,28D,ctrend_lite_breakout,True,trailing,15.0,,1,cash,cash,0.7738121726910424,-0.05284237197032837,0.09024431914037234,-0.7022639622550415,13.973317865429234,0.68704125479696,0.03273881101423686,-0.7138363940909158
overlay__28D__ctrend_lite_breakout__btc1__trailing15__c1__rocash__inbtc,28D,ctrend_lite_breakout,True,trailing,15.0,,1,cash,btc,0.7738121726910424,-0.05284237197032837,0.09024431914037234,-0.7022639622550415,13.973317865429234,0.68704125479696,0.03273881101423686,-0.7138363940909158
overlay__14D__ctrend_lite_relative_strength__btc1__ma75__c2__rocash__incash,14D,ctrend_lite_relative_strength,True,ma,,75.0,2,cash,cash,0.7718443080173638,-0.05335284556994102,0.2859840639626302,-0.8791761711279231,24.347447795823665,0.6272892360778752,0.22940735108940363,-0.8938871341364245
overlay__14D__ctrend_lite_relative_strength__btc1__ma75__c2__rocash__inbtc,14D,ctrend_lite_relative_strength,True,ma,,75.0,2,cash,btc,0.7718443080173638,-0.05335284556994102,0.2859840639626302,-0.8791761711279231,24.347447795823665,0.6272892360778752,0.22940735108940363,-0.8938871341364245
overlay__21D__ctrend_lite_relative_strength__btc0__ma150__c1__robtc__incash,21D,ctrend_lite_relative_strength,False,ma,,150.0,1,btc,cash,0.7708823402659706,-0.05360275807503356,0.3211100896778556,-0.9188740470042596,18.842807424593968,0.6565404799187529,0.2792487201100718,-0.923424601237079
overlay__21D__ctrend_lite_relative_strength__btc0__ma150__c1__robtc__inbtc,21D,ctrend_lite_relative_strength,False,ma,,150.0,1,btc,btc,0.7708823402659706,-0.05360275807503356,0.3211100896778556,-0.9188740470042596,18.842807424593968,0.6565404799187529,0.2792487201100718,-0.923424601237079
overlay__28D__ctrend_lite_relative_strength__btc1__ma125__c1__rocash__incash,28D,ctrend_lite_relative_strength,True,ma,,125.0,1,cash,cash,0.766104810544623,-0.05484758177247373,0.20596813988416635,-0.7982541969558965,12.914733178654293,0.6863025223636975,0.16752835657060658,-0.8061002972499374
overlay__28D__ctrend_lite_relative_strength__btc1__ma125__c1__rocash__inbtc,28D,ctrend_lite_relative_strength,True,ma,,125.0,1,cash,btc,0.766104810544623,-0.05484758177247373,0.20596813988416635,-0.7982541969558965,12.914733178654293,0.6863025223636975,0.16752835657060658,-0.8061002972499374
overlay__14D__ctrend_lite_acceleration__btc0__trailing11__c1__rocash__incash,14D,ctrend_lite_acceleration,False,trailing,11.0,,1,cash,cash,0.7643309582385746,-0.05531133124117016,0.08549226893738333,-0.5940847584765373,24.770881670533644,0.6190172440790946,-0.017454627939812947,-0.6356898618303746
overlay__14D__ctrend_lite_acceleration__btc0__trailing11__c1__rocash__inbtc,14D,ctrend_lite_acceleration,False,trailing,11.0,,1,cash,btc,0.7643309582385746,-0.05531133124117016,0.08549226893738333,-0.5940847584765373,24.770881670533644,0.6190172440790946,-0.017454627939812947,-0.6356898618303746
overlay__14D__ctrend_lite_acceleration__btc1__ma75__c2__rocash__incash,14D,ctrend_lite_acceleration,True,ma,,75.0,2,cash,cash,0.7566487705174683,-0.05732958214801709,0.18217709622335398,-0.7157808945742812,26.041183294663572,0.6061286664558885,0.10373241037155505,-0.7512850970711299
overlay__14D__ctrend_lite_acceleration__btc1__ma75__c2__rocash__inbtc,14D,ctrend_lite_acceleration,True,ma,,75.0,2,cash,btc,0.7566487705174683,-0.05732958214801709,0.18217709622335398,-0.7157808945742812,26.041183294663572,0.6061286664558885,0.10373241037155505,-0.7512850970711299
overlay__28D__ctrend_lite_breakout__btc1__trailing13__c2__rocash__incash,28D,ctrend_lite_breakout,True,trailing,13.0,,2,cash,cash,0.7509331324159054,-0.058841690154985526,0.11051079414726622,-0.7855041638964145,13.549883990719257,0.6691296184184885,0.05967469544591567,-0.7938412078807034
overlay__28D__ctrend_lite_breakout__btc1__trailing13__c2__rocash__inbtc,28D,ctrend_lite_breakout,True,trailing,13.0,,2,cash,btc,0.7509331324159054,-0.058841690154985526,0.11051079414726622,-0.7855041638964145,13.549883990719257,0.6691296184184885,0.05967469544591567,-0.7938412078807034
overlay__21D__ctrend_lite_acceleration__btc1__ma200__c1__robtc__incash,21D,ctrend_lite_acceleration,True,ma,,200.0,1,btc,cash,0.748819020051635,-0.05940329071614303,0.2653463183614718,-0.8056486008746035,21.806844547563806,0.6218446686521119,0.21171129413716896,-0.809810639889327
overlay__21D__ctrend_lite_acceleration__btc1__ma200__c1__robtc__inbtc,21D,ctrend_lite_acceleration,True,ma,,200.0,1,btc,btc,0.748819020051635,-0.05940329071614303,0.2653463183614718,-0.8056486008746035,21.806844547563806,0.6218446686521119,0.21171129413716896,-0.809810639889327
overlay__28D__ctrend_lite_acceleration__btc0__trailing20__c1__robtc__incash,28D,ctrend_lite_acceleration,False,trailing,20.0,,1,btc,cash,0.743623068458979,-0.060788892196028455,0.2027653353999279,-0.7171187902487707,22.23027842227378,0.6153057777319056,0.136933193844471,-0.7276342970083951
overlay__28D__ctrend_lite_acceleration__btc0__trailing20__c1__robtc__inbtc,28D,ctrend_lite_acceleration,False,trailing,20.0,,1,btc,btc,0.743623068458979,-0.060788892196028455,0.2027653353999279,-0.7171187902487707,22.23027842227378,0.6153057777319056,0.136933193844471,-0.7276342970083951
overlay__28D__ctrend_lite_breakout__btc0__ma125__c1__robtc__incash,28D,ctrend_lite_breakout,False,ma,,125.0,1,btc,cash,0.739611813446384,-0.06186380090274968,0.2779968182511114,-0.8393548608823487,17.14907192575406,0.6390647851310968,0.2361168508064292,-0.8478177665717412
overlay__28D__ctrend_lite_breakout__btc0__ma125__c1__robtc__inbtc,28D,ctrend_lite_breakout,False,ma,,125.0,1,btc,btc,0.739611813446384,-0.06186380090274968,0.2779968182511114,-0.8393548608823487,17.14907192575406,0.6390647851310968,0.2361168508064292,-0.8478177665717412
overlay__14D__ctrend_lite_acceleration__btc0__trailing7__c1__rocash__incash,14D,ctrend_lite_acceleration,False,trailing,7.0,,1,cash,cash,0.7354172549266722,-0.06299275658910486,0.038366612244105626,-0.48463936528120133,26.888051044083525,0.5849733864070763,-0.08083305339427874,-0.5301347609080924
overlay__14D__ctrend_lite_acceleration__btc0__trailing7__c1__rocash__inbtc,14D,ctrend_lite_acceleration,False,trailing,7.0,,1,cash,btc,0.7354172549266722,-0.06299275658910486,0.038366612244105626,-0.48463936528120133,26.888051044083525,0.5849733864070763,-0.08083305339427874,-0.5301347609080924
overlay__28D__ctrend_lite_relative_strength__btc1__ma125__c1__robtc__incash,28D,ctrend_lite_relative_strength,True,ma,,125.0,1,btc,cash,0.7327115665263472,-0.06372368225124869,0.2714409250012932,-0.8644096531559448,16.302204176334108,0.6376875132713364,0.23123209424048366,-0.8710883861933492
overlay__28D__ctrend_lite_relative_strength__btc1__ma125__c1__robtc__inbtc,28D,ctrend_lite_relative_strength,True,ma,,125.0,1,btc,btc,0.7327115665263472,-0.06372368225124869,0.2714409250012932,-0.8644096531559448,16.302204176334108,0.6376875132713364,0.23123209424048366,-0.8710883861933492
overlay__28D__ctrend_lite_breakout__btc1__trailing11__c2__rocash__incash,28D,ctrend_lite_breakout,True,trailing,11.0,,2,cash,cash,0.7313761492755932,-0.06408522177264409,0.055687010939978125,-0.7531805921933018,13.12645011600928,0.6540560439903761,0.00035390464368420364,-0.76277399175033
overlay__28D__ctrend_lite_breakout__btc1__trailing11__c2__rocash__inbtc,28D,ctrend_lite_breakout,True,trailing,11.0,,2,cash,btc,0.7313761492755932,-0.06408522177264409,0.055687010939978125,-0.7531805921933018,13.12645011600928,0.6540560439903761,0.00035390464368420364,-0.76277399175033
overlay__28D__ctrend_lite_breakout__btc1__ma125__c2__rocash__incash,28D,ctrend_lite_breakout,True,ma,,125.0,2,cash,cash,0.729954330356747,-0.06447072536394205,0.19455271660906837,-0.8189644532943308,13.33816705336427,0.6515652481106727,0.15532666495902167,-0.8253769076901021
overlay__28D__ctrend_lite_breakout__btc1__ma125__c2__rocash__inbtc,28D,ctrend_lite_breakout,True,ma,,125.0,2,cash,btc,0.729954330356747,-0.06447072536394205,0.19455271660906837,-0.8189644532943308,13.33816705336427,0.6515652481106727,0.15532666495902167,-0.8253769076901021
overlay__28D__ctrend_lite_breakout__btc0__ma125__c2__rocash__incash,28D,ctrend_lite_breakout,False,ma,,125.0,2,cash,cash,0.7237577882544702,-0.06615776283684105,0.1980919954315989,-0.8124480181209027,13.33816705336427,0.6460341466096727,0.159503672515318,-0.8190912909616311
overlay__28D__ctrend_lite_breakout__btc0__ma125__c2__rocash__inbtc,28D,ctrend_lite_breakout,False,ma,,125.0,2,cash,btc,0.7237577882544702,-0.06615776283684105,0.1980919954315989,-0.8124480181209027,13.33816705336427,0.6460341466096727,0.159503672515318,-0.8190912909616311
overlay__14D__ctrend_lite_acceleration__btc0__trailing15__c2__robtc__incash,14D,ctrend_lite_acceleration,False,trailing,15.0,,2,btc,cash,0.7173586631545915,-0.06791194733417472,0.23500270075464946,-0.7570624173391945,42.55510440835267,0.49918652464535196,0.12192532861516338,-0.7711615079907738
overlay__14D__ctrend_lite_acceleration__btc0__trailing15__c2__robtc__inbtc,14D,ctrend_lite_acceleration,False,trailing,15.0,,2,btc,btc,0.7173586631545915,-0.06791194733417472,0.23500270075464946,-0.7570624173391945,42.55510440835267,0.49918652464535196,0.12192532861516338,-0.7711615079907738
overlay__21D__ctrend_lite_acceleration__btc1__trailing7__c1__rocash__incash,21D,ctrend_lite_acceleration,True,trailing,7.0,,1,cash,cash,0.7097213435942198,-0.0700217767297896,-0.05736793496965963,-0.6386138264207261,19.68967517401392,0.6002126775675197,-0.16371171443147603,-0.6785576390158448
overlay__21D__ctrend_lite_acceleration__btc1__trailing7__c1__rocash__inbtc,21D,ctrend_lite_acceleration,True,trailing,7.0,,1,cash,btc,0.7097213435942198,-0.0700217767297896,-0.05736793496965963,-0.6386138264207261,19.68967517401392,0.6002126775675197,-0.16371171443147603,-0.6785576390158448
overlay__28D__ctrend_lite_breakout__btc0__trailing20__c1__rocash__incash,28D,ctrend_lite_breakout,False,trailing,20.0,,1,cash,cash,0.7070691175204857,-0.07075864810634391,0.05154985502124813,-0.6431644367988718,11.85614849187935,0.6391898334738517,0.0030485812626717384,-0.6520539945318593
overlay__28D__ctrend_lite_breakout__btc0__trailing20__c1__rocash__inbtc,28D,ctrend_lite_breakout,False,trailing,20.0,,1,cash,btc,0.7070691175204857,-0.07075864810634391,0.05154985502124813,-0.6431644367988718,11.85614849187935,0.6391898334738517,0.0030485812626717384,-0.6520539945318593
overlay__28D__ctrend_lite_breakout__btc1__trailing20__c1__rocash__incash,28D,ctrend_lite_breakout,True,trailing,20.0,,1,cash,cash,0.7033353703667451,-0.07179970143021996,0.041251539450919,-0.6450894589752106,11.85614849187935,0.635814529472734,-0.008239508388229979,-0.6551760358679655
overlay__28D__ctrend_lite_breakout__btc1__trailing20__c1__rocash__inbtc,28D,ctrend_lite_breakout,True,trailing,20.0,,1,cash,btc,0.7033353703667451,-0.07179970143021996,0.041251539450919,-0.6450894589752106,11.85614849187935,0.635814529472734,-0.008239508388229979,-0.6551760358679655
overlay__21D__ctrend_lite_acceleration__btc1__trailing9__c1__rocash__incash,21D,ctrend_lite_acceleration,True,trailing,9.0,,1,cash,cash,0.7014795791802325,-0.0723187596628323,-0.07634536855306286,-0.4841250114871103,18.41937354988399,0.5996890942708955,-0.17897334725707315,-0.5285762456390479
overlay__21D__ctrend_lite_acceleration__btc1__trailing9__c1__rocash__inbtc,21D,ctrend_lite_acceleration,True,trailing,9.0,,1,cash,btc,0.7014795791802325,-0.0723187596628323,-0.07634536855306286,-0.4841250114871103,18.41937354988399,0.5996890942708955,-0.17897334725707315,-0.5285762456390479
overlay__14D__ctrend_lite_relative_strength__btc0__ma150__c2__robtc__incash,14D,ctrend_lite_relative_strength,False,ma,,150.0,2,btc,cash,0.6996599641012858,-0.07282875164732272,0.327819639653706,-0.8985150349037376,30.27552204176334,0.5405724286061956,0.26501815581828236,-0.9059201498383669
overlay__14D__ctrend_lite_relative_strength__btc0__ma150__c2__robtc__inbtc,14D,ctrend_lite_relative_strength,False,ma,,150.0,2,btc,btc,0.6996599641012858,-0.07282875164732272,0.327819639653706,-0.8985150349037376,30.27552204176334,0.5405724286061956,0.26501815581828236,-0.9059201498383669
overlay__28D__ctrend_lite_acceleration__btc1__trailing7__c2__rocash__incash,28D,ctrend_lite_acceleration,True,trailing,7.0,,2,cash,cash,0.6995136716311767,-0.07286979910860525,-0.07291316489610317,-0.6474062182826061,14.39675174013921,0.6188398659972467,-0.15346440466823266,-0.6617209884476238
overlay__28D__ctrend_lite_acceleration__btc1__trailing7__c2__rocash__inbtc,28D,ctrend_lite_acceleration,True,trailing,7.0,,2,cash,btc,0.6995136716311767,-0.07286979910860525,-0.07291316489610317,-0.6474062182826061,14.39675174013921,0.6188398659972467,-0.15346440466823266,-0.6617209884476238
overlay__28D__ctrend_lite_relative_strength__btc0__ma125__c2__rocash__incash,28D,ctrend_lite_relative_strength,False,ma,,125.0,2,cash,cash,0.6992425271714201,-0.07294589605320079,0.18829591565983034,-0.8382824834787521,13.33816705336427,0.6241515554587068,0.14984599490150544,-0.8440106745360358
overlay__28D__ctrend_lite_relative_strength__btc0__ma125__c2__rocash__inbtc,28D,ctrend_lite_relative_strength,False,ma,,125.0,2,cash,btc,0.6992425271714201,-0.07294589605320079,0.18829591565983034,-0.8382824834787521,13.33816705336427,0.6241515554587068,0.14984599490150544,-0.8440106745360358
overlay__21D__ctrend_lite_relative_strength__btc0__ma200__c1__rocash__incash,21D,ctrend_lite_relative_strength,False,ma,,200.0,1,cash,cash,0.6988499572671656,-0.07305611239040588,0.2779564721769973,-0.8830323728983436,18.41937354988399,0.5973602924035191,0.23579896030364095,-0.889990122880394
overlay__21D__ctrend_lite_relative_strength__btc0__ma200__c1__rocash__inbtc,21D,ctrend_lite_relative_strength,False,ma,,200.0,1,cash,btc,0.6988499572671656,-0.07305611239040588,0.2779564721769973,-0.8830323728983436,18.41937354988399,0.5973602924035191,0.23579896030364095,-0.889990122880394
overlay__28D__ctrend_lite_acceleration__btc0__ma100__c1__robtc__incash,28D,ctrend_lite_acceleration,False,ma,,100.0,1,btc,cash,0.6967782484820232,-0.07363856668258584,0.2034444016249878,-0.6909706463656659,18.842807424593968,0.5934279484175252,0.15050891492061827,-0.695111989839744
overlay__28D__ctrend_lite_acceleration__btc0__ma100__c1__robtc__inbtc,28D,ctrend_lite_acceleration,False,ma,,100.0,1,btc,btc,0.6967782484820232,-0.07363856668258584,0.2034444016249878,-0.6909706463656659,18.842807424593968,0.5934279484175252,0.15050891492061827,-0.695111989839744
overlay__28D__ctrend_lite_acceleration__btc0__trailing7__c1__rocash__incash,28D,ctrend_lite_acceleration,False,trailing,7.0,,1,cash,cash,0.6894642465331812,-0.07570585436438437,-0.12288196199017856,-0.4819088870850581,14.39675174013921,0.6099518503932647,-0.21207516558568953,-0.5002482540155946
overlay__28D__ctrend_lite_acceleration__btc0__trailing7__c1__rocash__inbtc,28D,ctrend_lite_acceleration,False,trailing,7.0,,1,cash,btc,0.6894642465331812,-0.07570585436438437,-0.12288196199017856,-0.4819088870850581,14.39675174013921,0.6099518503932647,-0.21207516558568953,-0.5002482540155946
overlay__21D__ctrend_lite_relative_strength__btc0__ma200__c2__rocash__incash,21D,ctrend_lite_relative_strength,False,ma,,200.0,2,cash,cash,0.6883280457988741,-0.07602854873667808,0.27479210167181173,-0.8836909008213943,18.41937354988399,0.5883664131795414,0.23272397927113853,-0.89021452774598
overlay__21D__ctrend_lite_relative_strength__btc0__ma200__c2__rocash__inbtc,21D,ctrend_lite_relative_strength,False,ma,,200.0,2,cash,btc,0.6883280457988741,-0.07602854873667808,0.27479210167181173,-0.8836909008213943,18.41937354988399,0.5883664131795414,0.23272397927113853,-0.89021452774598
overlay__28D__ctrend_lite_relative_strength__btc0__ma75__c1__rocash__incash,28D,ctrend_lite_relative_strength,False,ma,,75.0,1,cash,cash,0.6833371246087676,-0.07745102212898314,0.14740223787600562,-0.8379775523797331,14.185034802784223,0.6055879645551836,0.10328391149194399,-0.8442769133449799
overlay__28D__ctrend_lite_relative_strength__btc0__ma75__c1__rocash__inbtc,28D,ctrend_lite_relative_strength,False,ma,,75.0,1,cash,btc,0.6833371246087676,-0.07745102212898314,0.14740223787600562,-0.8379775523797331,14.185034802784223,0.6055879645551836,0.10328391149194399,-0.8442769133449799
overlay__28D__ctrend_lite_breakout__btc0__trailing20__c2__rocash__incash,28D,ctrend_lite_breakout,False,trailing,20.0,,2,cash,cash,0.6752537234820839,-0.07977236149638423,0.03708126584679381,-0.7141030866110878,11.009280742459397,0.6148421252540773,-0.007430910027835452,-0.7212254067477193
overlay__28D__ctrend_lite_breakout__btc0__trailing20__c2__rocash__inbtc,28D,ctrend_lite_breakout,False,trailing,20.0,,2,cash,btc,0.6752537234820839,-0.07977236149638423,0.03708126584679381,-0.7141030866110878,11.009280742459397,0.6148421252540773,-0.007430910027835452,-0.7212254067477193
overlay__14D__ctrend_lite_relative_strength__btc0__ma200__c1__rocash__incash,14D,ctrend_lite_relative_strength,False,ma,,200.0,1,cash,cash,0.6738278769143535,-0.08018409710930041,0.27708042986107256,-0.8777099330566782,26.46461716937355,0.5378136706705047,0.2177495525385838,-0.8941420558512336
overlay__14D__ctrend_lite_relative_strength__btc0__ma200__c1__rocash__inbtc,14D,ctrend_lite_relative_strength,False,ma,,200.0,1,cash,btc,0.6738278769143535,-0.08018409710930041,0.27708042986107256,-0.8777099330566782,26.46461716937355,0.5378136706705047,0.2177495525385838,-0.8941420558512336
overlay__28D__ctrend_lite_acceleration__btc1__ma100__c1__robtc__incash,28D,ctrend_lite_acceleration,True,ma,,100.0,1,btc,cash,0.6708201219554198,-0.08105489109942088,0.18244383863880756,-0.7363763423070362,17.14907192575406,0.5796250266764201,0.1334541545834209,-0.7466339725728306
overlay__28D__ctrend_lite_acceleration__btc1__ma100__c1__robtc__inbtc,28D,ctrend_lite_acceleration,True,ma,,100.0,1,btc,btc,0.6708201219554198,-0.08105489109942088,0.18244383863880756,-0.7363763423070362,17.14907192575406,0.5796250266764201,0.1334541545834209,-0.7466339725728306
overlay__28D__ctrend_lite_relative_strength__btc0__trailing9__c2__rocash__incash,28D,ctrend_lite_relative_strength,False,trailing,9.0,,2,cash,cash,0.6687613206877119,-0.08165272358314346,-0.014548844474937052,-0.7375022770224164,13.12645011600928,0.5980607710765846,-0.07380565371885502,-0.7486126884827149
overlay__28D__ctrend_lite_relative_strength__btc0__trailing9__c2__rocash__inbtc,28D,ctrend_lite_relative_strength,False,trailing,9.0,,2,cash,btc,0.6687613206877119,-0.08165272358314346,-0.014548844474937052,-0.7375022770224164,13.12645011600928,0.5980607710765846,-0.07380565371885502,-0.7486126884827149
overlay__28D__ctrend_lite_acceleration__btc1__trailing20__c2__robtc__incash,28D,ctrend_lite_acceleration,True,trailing,20.0,,2,btc,cash,0.662899492246768,-0.08336285760527029,0.1534487623079343,-0.7711651250918978,19.68967517401392,0.5605150523198452,0.09387272440198367,-0.7780759603659865
overlay__28D__ctrend_lite_acceleration__btc1__trailing20__c2__robtc__inbtc,28D,ctrend_lite_acceleration,True,trailing,20.0,,2,btc,btc,0.662899492246768,-0.08336285760527029,0.1534487623079343,-0.7711651250918978,19.68967517401392,0.5605150523198452,0.09387272440198367,-0.7780759603659865
overlay__28D__ctrend_lite_breakout__btc0__trailing20__c1__robtc__incash,28D,ctrend_lite_breakout,False,trailing,20.0,,1,btc,cash,0.6582977457803636,-0.08471374646426533,0.1725184955811644,-0.7605241018607442,22.23027842227378,0.5447039281419077,0.10887359643906208,-0.7743638529610032
overlay__28D__ctrend_lite_breakout__btc0__trailing20__c1__robtc__inbtc,28D,ctrend_lite_breakout,False,trailing,20.0,,1,btc,btc,0.6582977457803636,-0.08471374646426533,0.1725184955811644,-0.7605241018607442,22.23027842227378,0.5447039281419077,0.10887359643906208,-0.7743638529610032
overlay__28D__ctrend_lite_breakout__btc0__trailing15__c2__rocash__incash,28D,ctrend_lite_breakout,False,trailing,15.0,,2,cash,cash,0.6577713810520065,-0.08486874010001422,0.03490403897036141,-0.7265729120852988,11.432714617169374,0.5967739709327806,-0.010028330216901643,-0.7362516723825034
overlay__28D__ctrend_lite_breakout__btc0__trailing15__c2__rocash__inbtc,28D,ctrend_lite_breakout,False,trailing,15.0,,2,cash,btc,0.6577713810520065,-0.08486874010001422,0.03490403897036141,-0.7265729120852988,11.432714617169374,0.5967739709327806,-0.010028330216901643,-0.7362516723825034
overlay__28D__ctrend_lite_breakout__btc1__trailing20__c1__robtc__incash,28D,ctrend_lite_breakout,True,trailing,20.0,,1,btc,cash,0.6561327567131886,-0.08535187706722969,0.16696080872471475,-0.7605241018607442,20.1131090487239,0.5527953795538325,0.10879280030078665,-0.7743638529610032
overlay__28D__ctrend_lite_breakout__btc1__trailing20__c1__robtc__inbtc,28D,ctrend_lite_breakout,True,trailing,20.0,,1,btc,btc,0.6561327567131886,-0.08535187706722969,0.16696080872471475,-0.7605241018607442,20.1131090487239,0.5527953795538325,0.10879280030078665,-0.7743638529610032
overlay__28D__ctrend_lite_relative_strength__btc1__ma125__c2__rocash__incash,28D,ctrend_lite_relative_strength,True,ma,,125.0,2,cash,cash,0.6560365608134857,-0.0853802693027268,0.16072295260231267,-0.843901308202758,13.33816705336427,0.5855854356082875,0.12166965344938402,-0.8494304750465311
overlay__28D__ctrend_lite_relative_strength__btc1__ma125__c2__rocash__inbtc,28D,ctrend_lite_relative_strength,True,ma,,125.0,2,cash,btc,0.6560365608134857,-0.0853802693027268,0.16072295260231267,-0.843901308202758,13.33816705336427,0.5855854356082875,0.12166965344938402,-0.8494304750465311
overlay__14D__ctrend_lite_acceleration__btc0__trailing20__c2__rocash__incash,14D,ctrend_lite_acceleration,False,trailing,20.0,,2,cash,cash,0.6559021107002015,-0.08541995777499656,0.1319727183377426,-0.6343471358103423,25.617749419953597,0.5273499133455682,0.05471252881936391,-0.6460212763347055
overlay__14D__ctrend_lite_acceleration__btc0__trailing20__c2__rocash__inbtc,14D,ctrend_lite_acceleration,False,trailing,20.0,,2,cash,btc,0.6559021107002015,-0.08541995777499656,0.1319727183377426,-0.6343471358103423,25.617749419953597,0.5273499133455682,0.05471252881936391,-0.6460212763347055
overlay__14D__ctrend_lite_acceleration__btc1__trailing9__c2__rocash__incash,14D,ctrend_lite_acceleration,True,trailing,9.0,,2,cash,cash,0.6527761515270122,-0.08634452596295505,0.0030117194027263175,-0.6089157552919082,25.617749419953597,0.5248679226751718,-0.10433405451275726,-0.6515216079907431
overlay__14D__ctrend_lite_acceleration__btc1__trailing9__c2__rocash__inbtc,14D,ctrend_lite_acceleration,True,trailing,9.0,,2,cash,btc,0.6527761515270122,-0.08634452596295505,0.0030117194027263175,-0.6089157552919082,25.617749419953597,0.5248679226751718,-0.10433405451275726,-0.6515216079907431
overlay__28D__ctrend_lite_acceleration__btc1__trailing11__c2__rocash__incash,28D,ctrend_lite_acceleration,True,trailing,11.0,,2,cash,cash,0.6476537234255662,-0.0878671655033405,-0.031386840683994374,-0.7136914819474589,13.12645011600928,0.579184640678982,-0.09084599683882465,-0.7243234308036708
overlay__28D__ctrend_lite_acceleration__btc1__trailing11__c2__rocash__inbtc,28D,ctrend_lite_acceleration,True,trailing,11.0,,2,cash,btc,0.6476537234255662,-0.0878671655033405,-0.031386840683994374,-0.7136914819474589,13.12645011600928,0.579184640678982,-0.09084599683882465,-0.7243234308036708
overlay__14D__ctrend_lite_acceleration__btc0__trailing7__c2__rocash__incash,14D,ctrend_lite_acceleration,False,trailing,7.0,,2,cash,cash,0.636783930127977,-0.09112992005394183,0.017446166669477025,-0.7071823010397493,26.46461716937355,0.5083360806709258,-0.08677560149481005,-0.7385621784424813
overlay__14D__ctrend_lite_acceleration__btc0__trailing7__c2__rocash__inbtc,14D,ctrend_lite_acceleration,False,trailing,7.0,,2,cash,btc,0.636783930127977,-0.09112992005394183,0.017446166669477025,-0.7071823010397493,26.46461716937355,0.5083360806709258,-0.08677560149481005,-0.7385621784424813
overlay__28D__ctrend_lite_breakout__btc1__trailing20__c2__rocash__incash,28D,ctrend_lite_breakout,True,trailing,20.0,,2,cash,cash,0.63382683211644,-0.09202513516925293,-0.002790306342061045,-0.7224713277763264,11.009280742459397,0.5771214921880705,-0.04841037571488904,-0.7303587077460654
overlay__28D__ctrend_lite_breakout__btc1__trailing20__c2__rocash__inbtc,28D,ctrend_lite_breakout,True,trailing,20.0,,2,cash,btc,0.63382683211644,-0.09202513516925293,-0.002790306342061045,-0.7224713277763264,11.009280742459397,0.5771214921880705,-0.04841037571488904,-0.7303587077460654
overlay__28D__ctrend_lite_acceleration__btc1__trailing15__c2__robtc__incash,28D,ctrend_lite_acceleration,True,trailing,15.0,,2,btc,cash,0.6263586591356416,-0.09430075445888608,0.14118977129860263,-0.7519279952926671,20.536542923433874,0.5258100239093347,0.07998815331071929,-0.7611495439585093
overlay__28D__ctrend_lite_acceleration__btc1__trailing15__c2__robtc__inbtc,28D,ctrend_lite_acceleration,True,trailing,15.0,,2,btc,btc,0.6263586591356416,-0.09430075445888608,0.14118977129860263,-0.7519279952926671,20.536542923433874,0.5258100239093347,0.07998815331071929,-0.7611495439585093
overlay__28D__ctrend_lite_relative_strength__btc1__ma75__c1__rocash__incash,28D,ctrend_lite_relative_strength,True,ma,,75.0,1,cash,cash,0.6252121210357646,-0.09465200627090387,0.1102159689621802,-0.8474860558281809,14.185034802784223,0.5540763441032871,0.0655751486286904,-0.8534157303929267
overlay__28D__ctrend_lite_relative_strength__btc1__ma75__c1__rocash__inbtc,28D,ctrend_lite_relative_strength,True,ma,,75.0,1,cash,btc,0.6252121210357646,-0.09465200627090387,0.1102159689621802,-0.8474860558281809,14.185034802784223,0.5540763441032871,0.0655751486286904,-0.8534157303929267
overlay__28D__ctrend_lite_relative_strength__btc1__trailing9__c2__rocash__incash,28D,ctrend_lite_relative_strength,True,trailing,9.0,,2,cash,cash,0.6229620626500616,-0.09534280966532527,-0.060373397285551855,-0.7484305014751124,13.12645011600928,0.5571033491542662,-0.12085801877159354,-0.7590783677033126
overlay__28D__ctrend_lite_relative_strength__btc1__trailing9__c2__rocash__inbtc,28D,ctrend_lite_relative_strength,True,trailing,9.0,,2,cash,btc,0.6229620626500616,-0.09534280966532527,-0.060373397285551855,-0.7484305014751124,13.12645011600928,0.5571033491542662,-0.12085801877159354,-0.7590783677033126
overlay__28D__ctrend_lite_breakout__btc1__trailing15__c2__rocash__incash,28D,ctrend_lite_breakout,True,trailing,15.0,,2,cash,cash,0.6134556595448798,-0.09828331806906176,-0.012126152438972766,-0.7426193454438994,11.432714617169374,0.5565677992135689,-0.05867335323223894,-0.7517300947832746
overlay__28D__ctrend_lite_breakout__btc1__trailing15__c2__rocash__inbtc,28D,ctrend_lite_breakout,True,trailing,15.0,,2,cash,btc,0.6134556595448798,-0.09828331806906176,-0.012126152438972766,-0.7426193454438994,11.432714617169374,0.5565677992135689,-0.05867335323223894,-0.7517300947832746
overlay__28D__ctrend_lite_acceleration__btc0__trailing11__c2__rocash__incash,28D,ctrend_lite_acceleration,False,trailing,11.0,,2,cash,cash,0.6104477027004288,-0.09922121495223224,-0.04159734236125331,-0.7121575705260192,13.12645011600928,0.5459119905492086,-0.0986043848192311,-0.7228464805508813
overlay__28D__ctrend_lite_acceleration__btc0__trailing11__c2__rocash__inbtc,28D,ctrend_lite_acceleration,False,trailing,11.0,,2,cash,btc,0.6104477027004288,-0.09922121495223224,-0.04159734236125331,-0.7121575705260192,13.12645011600928,0.5459119905492086,-0.0986043848192311,-0.7228464805508813
overlay__14D__ctrend_lite_relative_strength__btc0__ma200__c2__rocash__incash,14D,ctrend_lite_relative_strength,False,ma,,200.0,2,cash,cash,0.6055975965362762,-0.10074120542692677,0.250207998516865,-0.8866254656735735,26.041183294663572,0.4851029493384589,0.1919572136040172,-0.9015048835676804
overlay__14D__ctrend_lite_relative_strength__btc0__ma200__c2__rocash__inbtc,14D,ctrend_lite_relative_strength,False,ma,,200.0,2,cash,btc,0.6055975965362762,-0.10074120542692677,0.250207998516865,-0.8866254656735735,26.041183294663572,0.4851029493384589,0.1919572136040172,-0.9015048835676804
overlay__14D__ctrend_lite_relative_strength__btc0__ma150__c1__robtc__incash,14D,ctrend_lite_relative_strength,False,ma,,150.0,1,btc,cash,0.6046956033747964,-0.10102494146540875,0.2906917237498538,-0.9070317711431816,30.27552204176334,0.4672009085208739,0.22758721902330653,-0.9141258287952327
overlay__14D__ctrend_lite_relative_strength__btc0__ma150__c1__robtc__inbtc,14D,ctrend_lite_relative_strength,False,ma,,150.0,1,btc,btc,0.6046956033747964,-0.10102494146540875,0.2906917237498538,-0.9070317711431816,30.27552204176334,0.4672009085208739,0.22758721902330653,-0.9141258287952327
overlay__28D__ctrend_lite_acceleration__btc0__trailing7__c2__rocash__incash,28D,ctrend_lite_acceleration,False,trailing,7.0,,2,cash,cash,0.5987181817621724,-0.10291371151948991,-0.1431095479780058,-0.6520386424965413,14.39675174013921,0.529668960590628,-0.21897740671112445,-0.6673663064146398
overlay__28D__ctrend_lite_acceleration__btc0__trailing7__c2__rocash__inbtc,28D,ctrend_lite_acceleration,False,trailing,7.0,,2,cash,btc,0.5987181817621724,-0.10291371151948991,-0.1431095479780058,-0.6520386424965413,14.39675174013921,0.529668960590628,-0.21897740671112445,-0.6673663064146398
overlay__14D__ctrend_lite_relative_strength__btc0__ma75__c1__rocash__incash,14D,ctrend_lite_relative_strength,False,ma,,75.0,1,cash,cash,0.5973827656214171,-0.10333771178792528,0.184806532814597,-0.8981074856217393,25.19431554524362,0.4820187229014514,0.12115963277599533,-0.910834674286689
overlay__14D__ctrend_lite_relative_strength__btc0__ma75__c1__rocash__inbtc,14D,ctrend_lite_relative_strength,False,ma,,75.0,1,cash,btc,0.5973827656214171,-0.10333771178792528,0.184806532814597,-0.8981074856217393,25.19431554524362,0.4820187229014514,0.12115963277599533,-0.910834674286689
overlay__28D__ctrend_lite_acceleration__btc1__trailing13__c2__robtc__incash,28D,ctrend_lite_acceleration,True,trailing,13.0,,2,btc,cash,0.5961252872489032,-0.1037376500567938,0.12671649353356748,-0.759332582084755,24.770881670533644,0.48269658892776857,0.05356291662468796,-0.7699449351709324
overlay__28D__ctrend_lite_acceleration__btc1__trailing13__c2__robtc__inbtc,28D,ctrend_lite_acceleration,True,trailing,13.0,,2,btc,btc,0.5961252872489032,-0.1037376500567938,0.12671649353356748,-0.759332582084755,24.770881670533644,0.48269658892776857,0.05356291662468796,-0.7699449351709324
overlay__14D__ctrend_lite_acceleration__btc0__ma75__c2__rocash__incash,14D,ctrend_lite_acceleration,False,ma,,75.0,2,cash,cash,0.5951164559169649,-0.10405898773275923,0.10931370619024483,-0.7227148633247051,26.041183294663572,0.47672996754387387,0.032432379371055475,-0.7573528853786418
overlay__14D__ctrend_lite_acceleration__btc0__ma75__c2__rocash__inbtc,14D,ctrend_lite_acceleration,False,ma,,75.0,2,cash,btc,0.5951164559169649,-0.10405898773275923,0.10931370619024483,-0.7227148633247051,26.041183294663572,0.47672996754387387,0.032432379371055475,-0.7573528853786418
overlay__28D__ctrend_lite_relative_strength__btc0__ma75__c2__rocash__incash,28D,ctrend_lite_relative_strength,False,ma,,75.0,2,cash,cash,0.5948543608061582,-0.1041425417585885,0.10623416228845059,-0.8565488537263553,13.33816705336427,0.5309840882396559,0.0653966412508768,-0.8616283817551366
overlay__28D__ctrend_lite_relative_strength__btc0__ma75__c2__rocash__inbtc,28D,ctrend_lite_relative_strength,False,ma,,75.0,2,cash,btc,0.5948543608061582,-0.1041425417585885,0.10623416228845059,-0.8565488537263553,13.33816705336427,0.5309840882396559,0.0653966412508768,-0.8616283817551366
overlay__14D__ctrend_lite_acceleration__btc0__trailing13__c2__robtc__incash,14D,ctrend_lite_acceleration,False,trailing,13.0,,2,btc,cash,0.5936048628039982,-0.10454127210174324,0.17252317755260219,-0.778673653755042,46.78944315545244,0.3984326000609393,0.047707878519694866,-0.7937094889119808
overlay__14D__ctrend_lite_acceleration__btc0__trailing13__c2__robtc__inbtc,14D,ctrend_lite_acceleration,False,trailing,13.0,,2,btc,btc,0.5936048628039982,-0.10454127210174324,0.17252317755260219,-0.778673653755042,46.78944315545244,0.3984326000609393,0.047707878519694866,-0.7937094889119808
overlay__14D__ctrend_lite_relative_strength__btc0__ma75__c2__rocash__incash,14D,ctrend_lite_relative_strength,False,ma,,75.0,2,cash,cash,0.5863466663243796,-0.10687062733750208,0.18656523578257114,-0.9077373570704005,24.347447795823665,0.47653257084996825,0.12583033686722292,-0.9189708392392276
overlay__14D__ctrend_lite_relative_strength__btc0__ma75__c2__rocash__inbtc,14D,ctrend_lite_relative_strength,False,ma,,75.0,2,cash,btc,0.5863466663243796,-0.10687062733750208,0.18656523578257114,-0.9077373570704005,24.347447795823665,0.47653257084996825,0.12583033686722292,-0.9189708392392276
overlay__28D__ctrend_lite_acceleration__btc0__trailing20__c2__robtc__incash,28D,ctrend_lite_acceleration,False,trailing,20.0,,2,btc,cash,0.5833355445055503,-0.10784365388859907,0.11938661376224853,-0.7711651250918978,20.536542923433874,0.48969336039338673,0.05844920663029537,-0.7780759603659865
overlay__28D__ctrend_lite_acceleration__btc0__trailing20__c2__robtc__inbtc,28D,ctrend_lite_acceleration,False,trailing,20.0,,2,btc,btc,0.5833355445055503,-0.10784365388859907,0.11938661376224853,-0.7711651250918978,20.536542923433874,0.48969336039338673,0.05844920663029537,-0.7780759603659865
overlay__28D__ctrend_lite_breakout__btc1__ma75__c1__rocash__incash,28D,ctrend_lite_breakout,True,ma,,75.0,1,cash,cash,0.5713450383440157,-0.11175803711078003,0.05335369686270656,-0.8212320334807697,13.761600928074246,0.5081683221543815,0.007664146544388249,-0.8281824528002403
overlay__28D__ctrend_lite_breakout__btc1__ma75__c1__rocash__inbtc,28D,ctrend_lite_breakout,True,ma,,75.0,1,cash,btc,0.5713450383440157,-0.11175803711078003,0.05335369686270656,-0.8212320334807697,13.761600928074246,0.5081683221543815,0.007664146544388249,-0.8281824528002403
overlay__21D__ctrend_lite_relative_strength__btc0__ma200__c2__robtc__incash,21D,ctrend_lite_relative_strength,False,ma,,200.0,2,btc,cash,0.5679609345447019,-0.1128745105044977,0.2782504651889079,-0.9398243977331215,21.383410672853827,0.4733587642004038,0.23383330635360292,-0.9434043578282364
overlay__21D__ctrend_lite_relative_strength__btc0__ma200__c2__robtc__inbtc,21D,ctrend_lite_relative_strength,False,ma,,200.0,2,btc,btc,0.5679609345447019,-0.1128745105044977,0.2782504651889079,-0.9398243977331215,21.383410672853827,0.4733587642004038,0.23383330635360292,-0.9434043578282364
overlay__28D__ctrend_lite_acceleration__btc0__trailing15__c2__robtc__incash,28D,ctrend_lite_acceleration,False,trailing,15.0,,2,btc,cash,0.5578288104639054,-0.11624892405139331,0.11214516199108387,-0.7519279952926671,22.23027842227378,0.4615716007506965,0.047310912029292405,-0.7611495439585093
overlay__28D__ctrend_lite_acceleration__btc0__trailing15__c2__robtc__inbtc,28D,ctrend_lite_acceleration,False,trailing,15.0,,2,btc,btc,0.5578288104639054,-0.11624892405139331,0.11214516199108387,-0.7519279952926671,22.23027842227378,0.4615716007506965,0.047310912029292405,-0.7611495439585093
overlay__28D__ctrend_lite_acceleration__btc1__trailing9__c2__rocash__incash,28D,ctrend_lite_acceleration,True,trailing,9.0,,2,cash,cash,0.5545735655849944,-0.11734330748349331,-0.2530772248450182,-0.670421325150631,13.12645011600928,0.49594479224872634,-0.33027145009007164,-0.6838017170531212
overlay__28D__ctrend_lite_acceleration__btc1__trailing9__c2__rocash__inbtc,28D,ctrend_lite_acceleration,True,trailing,9.0,,2,cash,btc,0.5545735655849944,-0.11734330748349331,-0.2530772248450182,-0.670421325150631,13.12645011600928,0.49594479224872634,-0.33027145009007164,-0.6838017170531212
overlay__28D__ctrend_lite_breakout__btc0__ma75__c1__rocash__incash,28D,ctrend_lite_breakout,False,ma,,75.0,1,cash,cash,0.5534064482587848,-0.11773691493903171,0.047942030076292615,-0.8100867192909726,13.761600928074246,0.4922132991583854,0.0028655803525979235,-0.8174704634872354
overlay__28D__ctrend_lite_breakout__btc0__ma75__c1__rocash__inbtc,28D,ctrend_lite_breakout,False,ma,,75.0,1,cash,btc,0.5534064482587848,-0.11773691493903171,0.047942030076292615,-0.8100867192909726,13.761600928074246,0.4922132991583854,0.0028655803525979235,-0.8174704634872354
overlay__28D__ctrend_lite_breakout__btc0__trailing9__c2__rocash__incash,28D,ctrend_lite_breakout,False,trailing,9.0,,2,cash,cash,0.5530542011059928,-0.11785583796965693,-0.16456710866369417,-0.7288740001127632,13.12645011600928,0.4945860529440623,-0.23043242732159333,-0.7403496098139161
overlay__28D__ctrend_lite_breakout__btc0__trailing9__c2__rocash__inbtc,28D,ctrend_lite_breakout,False,trailing,9.0,,2,cash,btc,0.5530542011059928,-0.11785583796965693,-0.16456710866369417,-0.7288740001127632,13.12645011600928,0.4945860529440623,-0.23043242732159333,-0.7403496098139161
overlay__28D__ctrend_lite_acceleration__btc0__trailing13__c2__robtc__incash,28D,ctrend_lite_acceleration,False,trailing,13.0,,2,btc,cash,0.54573453086267,-0.12034066707606617,0.10737926347468509,-0.759332582084755,26.46461716937355,0.4355625013526555,0.030780275173565737,-0.7699449351709324
overlay__28D__ctrend_lite_acceleration__btc0__trailing13__c2__robtc__inbtc,28D,ctrend_lite_acceleration,False,trailing,13.0,,2,btc,btc,0.54573453086267,-0.12034066707606617,0.10737926347468509,-0.759332582084755,26.46461716937355,0.4355625013526555,0.030780275173565737,-0.7699449351709324
overlay__28D__ctrend_lite_relative_strength__btc1__ma75__c2__rocash__incash,28D,ctrend_lite_relative_strength,True,ma,,75.0,2,cash,cash,0.5442557461515413,-0.12084586082593185,0.06926883681948752,-0.8649674755843805,13.33816705336427,0.4858183114734549,0.02795766100150403,-0.8697489047355831
overlay__28D__ctrend_lite_relative_strength__btc1__ma75__c2__rocash__inbtc,28D,ctrend_lite_relative_strength,True,ma,,75.0,2,cash,btc,0.5442557461515413,-0.12084586082593185,0.06926883681948752,-0.8649674755843805,13.33816705336427,0.4858183114734549,0.02795766100150403,-0.8697489047355831
overlay__14D__ctrend_lite_acceleration__btc1__trailing15__c2__rocash__incash,14D,ctrend_lite_acceleration,True,trailing,15.0,,2,cash,cash,0.52779389472956,-0.12654405570925997,-0.005595214549783227,-0.7083818899497548,26.25290023201856,0.4220672159316603,-0.09720427003914732,-0.7429520660828737
overlay__14D__ctrend_lite_acceleration__btc1__trailing15__c2__rocash__inbtc,14D,ctrend_lite_acceleration,True,trailing,15.0,,2,cash,btc,0.52779389472956,-0.12654405570925997,-0.005595214549783227,-0.7083818899497548,26.25290023201856,0.4220672159316603,-0.09720427003914732,-0.7429520660828737
overlay__28D__ctrend_lite_breakout__btc1__trailing9__c2__rocash__incash,28D,ctrend_lite_breakout,True,trailing,9.0,,2,cash,cash,0.5197699510173514,-0.12937243964872303,-0.215388173605073,-0.7401614343355064,13.12645011600928,0.46482056912055225,-0.2831579883079258,-0.751159294983741
overlay__28D__ctrend_lite_breakout__btc1__trailing9__c2__rocash__inbtc,28D,ctrend_lite_breakout,True,trailing,9.0,,2,cash,btc,0.5197699510173514,-0.12937243964872303,-0.215388173605073,-0.7401614343355064,13.12645011600928,0.46482056912055225,-0.2831579883079258,-0.751159294983741
overlay__14D__ctrend_lite_relative_strength__btc0__ma200__c2__robtc__incash,14D,ctrend_lite_relative_strength,False,ma,,200.0,2,btc,cash,0.5183168919941475,-0.12988830833337695,0.2629281446122463,-0.9168873107408828,29.42865429234339,0.4033629908251959,0.20258544403370146,-0.9283156973663939
overlay__14D__ctrend_lite_relative_strength__btc0__ma200__c2__robtc__inbtc,14D,ctrend_lite_relative_strength,False,ma,,200.0,2,btc,btc,0.5183168919941475,-0.12988830833337695,0.2629281446122463,-0.9168873107408828,29.42865429234339,0.4033629908251959,0.20258544403370146,-0.9283156973663939
overlay__28D__ctrend_lite_acceleration__btc0__trailing9__c2__rocash__incash,28D,ctrend_lite_acceleration,False,trailing,9.0,,2,cash,cash,0.5032276482301938,-0.13531387133056572,-0.27692138457377036,-0.6682462407031531,13.12645011600928,0.4500270963908557,-0.3491102882258645,-0.68171493771926
overlay__28D__ctrend_lite_acceleration__btc0__trailing9__c2__rocash__inbtc,28D,ctrend_lite_acceleration,False,trailing,9.0,,2,cash,btc,0.5032276482301938,-0.13531387133056572,-0.27692138457377036,-0.6682462407031531,13.12645011600928,0.4500270963908557,-0.3491102882258645,-0.68171493771926
overlay__14D__ctrend_lite_acceleration__btc0__trailing9__c2__rocash__incash,14D,ctrend_lite_acceleration,False,trailing,9.0,,2,cash,cash,0.5023323245709164,-0.13563980890097083,-0.10623686093156191,-0.6248027649055659,25.617749419953597,0.4039028127381221,-0.21030445302153,-0.6656778406667372
overlay__14D__ctrend_lite_acceleration__btc0__trailing9__c2__rocash__inbtc,14D,ctrend_lite_acceleration,False,trailing,9.0,,2,cash,btc,0.5023323245709164,-0.13563980890097083,-0.10623686093156191,-0.6248027649055659,25.617749419953597,0.4039028127381221,-0.21030445302153,-0.6656778406667372
overlay__28D__ctrend_lite_acceleration__btc1__trailing20__c2__rocash__incash,28D,ctrend_lite_acceleration,True,trailing,20.0,,2,cash,cash,0.5021856833007058,-0.13569323647110887,-0.16131472289082177,-0.6708707830162901,11.432714617169374,0.45561083724329987,-0.21298263573120746,-0.6802246532765889
overlay__28D__ctrend_lite_acceleration__btc1__trailing20__c2__rocash__inbtc,28D,ctrend_lite_acceleration,True,trailing,20.0,,2,cash,btc,0.5021856833007058,-0.13569323647110887,-0.16131472289082177,-0.6708707830162901,11.432714617169374,0.45561083724329987,-0.21298263573120746,-0.6802246532765889
overlay__28D__ctrend_lite_acceleration__btc1__trailing15__c1__rocash__incash,28D,ctrend_lite_acceleration,True,trailing,15.0,,1,cash,cash,0.4890454473503012,-0.14053149177581215,-0.21120909306855573,-0.6414696200170583,13.973317865429234,0.43420665848641615,-0.2776775353811399,-0.6664028618829643
overlay__28D__ctrend_lite_acceleration__btc1__trailing15__c1__rocash__inbtc,28D,ctrend_lite_acceleration,True,trailing,15.0,,1,cash,btc,0.4890454473503012,-0.14053149177581215,-0.21120909306855573,-0.6414696200170583,13.973317865429234,0.43420665848641615,-0.2776775353811399,-0.6664028618829643
overlay__14D__ctrend_lite_acceleration__btc1__trailing13__c2__rocash__incash,14D,ctrend_lite_acceleration,True,trailing,13.0,,2,cash,cash,0.47810537504205053,-0.14463845081103055,-0.04271661385173542,-0.7418628349141185,28.581786542923435,0.37482681659686057,-0.1418767778329592,-0.7749108216151481
overlay__14D__ctrend_lite_acceleration__btc1__trailing13__c2__rocash__inbtc,14D,ctrend_lite_acceleration,True,trailing,13.0,,2,cash,btc,0.47810537504205053,-0.14463845081103055,-0.04271661385173542,-0.7418628349141185,28.581786542923435,0.37482681659686057,-0.1418767778329592,-0.7749108216151481
overlay__21D__ctrend_lite_relative_strength__btc0__ma200__c1__robtc__incash,21D,ctrend_lite_relative_strength,False,ma,,200.0,1,btc,cash,0.4762685616592136,-0.1453352463637616,0.23360655305940534,-0.9425584611794295,21.383410672853827,0.3969390922198466,0.18915991691500567,-0.94617033174851
overlay__21D__ctrend_lite_relative_strength__btc0__ma200__c1__robtc__inbtc,21D,ctrend_lite_relative_strength,False,ma,,200.0,1,btc,btc,0.4762685616592136,-0.1453352463637616,0.23360655305940534,-0.9425584611794295,21.383410672853827,0.3969390922198466,0.18915991691500567,-0.94617033174851
overlay__28D__ctrend_lite_acceleration__btc0__ma100__c1__rocash__incash,28D,ctrend_lite_acceleration,False,ma,,100.0,1,cash,cash,0.4523796845438395,-0.1545962498281901,-0.1088963481687297,-0.7302559187524194,12.914733178654293,0.40526342099461654,-0.15766064966463192,-0.7526206892733946
overlay__28D__ctrend_lite_acceleration__btc0__ma100__c1__rocash__inbtc,28D,ctrend_lite_acceleration,False,ma,,100.0,1,cash,btc,0.4523796845438395,-0.1545962498281901,-0.1088963481687297,-0.7302559187524194,12.914733178654293,0.40526342099461654,-0.15766064966463192,-0.7526206892733946
overlay__28D__ctrend_lite_acceleration__btc0__trailing15__c1__rocash__incash,28D,ctrend_lite_acceleration,False,trailing,15.0,,1,cash,cash,0.44561002763049307,-0.1572906388640125,-0.23024705498049536,-0.639612014838045,13.973317865429234,0.39564184092461674,-0.2935445089419532,-0.6771279002228121
overlay__28D__ctrend_lite_acceleration__btc0__trailing15__c1__rocash__inbtc,28D,ctrend_lite_acceleration,False,trailing,15.0,,1,cash,btc,0.44561002763049307,-0.1572906388640125,-0.23024705498049536,-0.639612014838045,13.973317865429234,0.39564184092461674,-0.2935445089419532,-0.6771279002228121
overlay__28D__ctrend_lite_acceleration__btc0__trailing20__c2__rocash__incash,28D,ctrend_lite_acceleration,False,trailing,20.0,,2,cash,cash,0.4422650150359986,-0.15863391413119754,-0.19936464910234528,-0.6708707830162901,11.432714617169374,0.40124746778835363,-0.2488020307485278,-0.6802246532765889
overlay__28D__ctrend_lite_acceleration__btc0__trailing20__c2__rocash__inbtc,28D,ctrend_lite_acceleration,False,trailing,20.0,,2,cash,btc,0.4422650150359986,-0.15863391413119754,-0.19936464910234528,-0.6708707830162901,11.432714617169374,0.40124746778835363,-0.2488020307485278,-0.6802246532765889
overlay__28D__ctrend_lite_acceleration__btc0__ma100__c2__robtc__incash,28D,ctrend_lite_acceleration,False,ma,,100.0,2,btc,cash,0.43757800695868787,-0.16052963980330048,0.059854816471444715,-0.7629560144375193,17.995939675174014,0.37537272701809465,0.009878924407981065,-0.7865045721758681
overlay__28D__ctrend_lite_acceleration__btc0__ma100__c2__robtc__inbtc,28D,ctrend_lite_acceleration,False,ma,,100.0,2,btc,btc,0.43757800695868787,-0.16052963980330048,0.059854816471444715,-0.7629560144375193,17.995939675174014,0.37537272701809465,0.009878924407981065,-0.7865045721758681
overlay__28D__ctrend_lite_acceleration__btc1__ma100__c1__rocash__incash,28D,ctrend_lite_acceleration,True,ma,,100.0,1,cash,cash,0.43483008034875525,-0.16164853204325047,-0.14540111586896343,-0.7750548438512497,12.914733178654293,0.38954164374378175,-0.19562756455400612,-0.7937052875377388
overlay__28D__ctrend_lite_acceleration__btc1__ma100__c1__rocash__inbtc,28D,ctrend_lite_acceleration,True,ma,,100.0,1,cash,btc,0.43483008034875525,-0.16164853204325047,-0.14540111586896343,-0.7750548438512497,12.914733178654293,0.38954164374378175,-0.19562756455400612,-0.7937052875377388
overlay__28D__ctrend_lite_acceleration__btc1__ma125__c1__rocash__incash,28D,ctrend_lite_acceleration,True,ma,,125.0,1,cash,cash,0.4253038149441426,-0.16557107861213183,-0.09400874382088664,-0.7944747786339676,13.33816705336427,0.37962934442774277,-0.1408671963578909,-0.8128725164841171
overlay__28D__ctrend_lite_acceleration__btc1__ma125__c1__rocash__inbtc,28D,ctrend_lite_acceleration,True,ma,,125.0,1,cash,btc,0.4253038149441426,-0.16557107861213183,-0.09400874382088664,-0.7944747786339676,13.33816705336427,0.37962934442774277,-0.1408671963578909,-0.8128725164841171
overlay__28D__ctrend_lite_breakout__btc0__ma75__c2__rocash__incash,28D,ctrend_lite_breakout,False,ma,,75.0,2,cash,cash,0.42437072671641085,-0.16595900047407752,-0.04018584863825436,-0.8350010676280413,12.914733178654293,0.38017467621710854,-0.0817945331901423,-0.8408435911872716
overlay__28D__ctrend_lite_breakout__btc0__ma75__c2__rocash__inbtc,28D,ctrend_lite_breakout,False,ma,,75.0,2,cash,btc,0.42437072671641085,-0.16595900047407752,-0.04018584863825436,-0.8350010676280413,12.914733178654293,0.38017467621710854,-0.0817945331901423,-0.8408435911872716
overlay__28D__ctrend_lite_acceleration__btc1__ma100__c2__robtc__incash,28D,ctrend_lite_acceleration,True,ma,,100.0,2,btc,cash,0.422086899346242,-0.16691132296981404,0.03756882422465831,-0.8042034288627432,16.302204176334108,0.36734720389982267,-0.008328884453720894,-0.8223772710452131
overlay__28D__ctrend_lite_acceleration__btc1__ma100__c2__robtc__inbtc,28D,ctrend_lite_acceleration,True,ma,,100.0,2,btc,btc,0.422086899346242,-0.16691132296981404,0.03756882422465831,-0.8042034288627432,16.302204176334108,0.36734720389982267,-0.008328884453720894,-0.8223772710452131
overlay__28D__ctrend_lite_breakout__btc1__ma75__c2__rocash__incash,28D,ctrend_lite_breakout,True,ma,,75.0,2,cash,cash,0.41738806009991447,-0.16888351700430393,-0.05437818635452018,-0.8446842500542565,12.914733178654293,0.3739192187763959,-0.09656591569426957,-0.8501838973255
overlay__28D__ctrend_lite_breakout__btc1__ma75__c2__rocash__inbtc,28D,ctrend_lite_breakout,True,ma,,75.0,2,cash,btc,0.41738806009991447,-0.16888351700430393,-0.05437818635452018,-0.8446842500542565,12.914733178654293,0.3739192187763959,-0.09656591569426957,-0.8501838973255
overlay__28D__ctrend_lite_acceleration__btc1__ma125__c1__robtc__incash,28D,ctrend_lite_acceleration,True,ma,,125.0,1,btc,cash,0.4070911315059741,-0.1732673115336555,0.03804679766767385,-0.8236163488452904,15.87877030162413,0.35557679909629925,-0.0055687315159872255,-0.8411387533199759
overlay__28D__ctrend_lite_acceleration__btc1__ma125__c1__robtc__inbtc,28D,ctrend_lite_acceleration,True,ma,,125.0,1,btc,btc,0.4070911315059741,-0.1732673115336555,0.03804679766767385,-0.8236163488452904,15.87877030162413,0.35557679909629925,-0.0055687315159872255,-0.8411387533199759
overlay__14D__ctrend_lite_relative_strength__btc0__ma200__c1__robtc__incash,14D,ctrend_lite_relative_strength,False,ma,,200.0,1,btc,cash,0.40639292047214326,-0.1735677181983809,0.2029530716817098,-0.9302413114146243,29.852088167053363,0.31512286078259644,0.14180076105629533,-0.940050146205764
overlay__14D__ctrend_lite_relative_strength__btc0__ma200__c1__robtc__inbtc,14D,ctrend_lite_relative_strength,False,ma,,200.0,1,btc,btc,0.40639292047214326,-0.1735677181983809,0.2029530716817098,-0.9302413114146243,29.852088167053363,0.31512286078259644,0.14180076105629533,-0.940050146205764
overlay__28D__ctrend_lite_acceleration__btc1__trailing15__c2__rocash__incash,28D,ctrend_lite_acceleration,True,trailing,15.0,,2,cash,cash,0.39325207651014626,-0.1792989469104932,-0.2677769969504564,-0.6704339422194472,11.85614849187935,0.3554995163404009,-0.31944505477568985,-0.6982482572489173
overlay__28D__ctrend_lite_acceleration__btc1__trailing15__c2__rocash__inbtc,28D,ctrend_lite_acceleration,True,trailing,15.0,,2,cash,btc,0.39325207651014626,-0.1792989469104932,-0.2677769969504564,-0.6704339422194472,11.85614849187935,0.3554995163404009,-0.31944505477568985,-0.6982482572489173
overlay__14D__ctrend_lite_acceleration__btc0__trailing15__c2__rocash__incash,14D,ctrend_lite_acceleration,False,trailing,15.0,,2,cash,cash,0.3778489174971116,-0.1862123399688076,-0.1223197585197381,-0.7481239044517072,26.25290023201856,0.30215893409019723,-0.21137340581726874,-0.7779828215996392
overlay__14D__ctrend_lite_acceleration__btc0__trailing15__c2__rocash__inbtc,14D,ctrend_lite_acceleration,False,trailing,15.0,,2,cash,btc,0.3778489174971116,-0.1862123399688076,-0.1223197585197381,-0.7481239044517072,26.25290023201856,0.30215893409019723,-0.21137340581726874,-0.7779828215996392
overlay__28D__ctrend_lite_acceleration__btc1__ma75__c1__robtc__incash,28D,ctrend_lite_acceleration,True,ma,,75.0,1,btc,cash,0.3733438319987188,-0.18827630452105693,-0.01874680379476423,-0.7797654179143696,20.536542923433874,0.31341137600069,-0.07801572612112884,-0.8076344540874132
overlay__28D__ctrend_lite_acceleration__btc1__ma75__c1__robtc__inbtc,28D,ctrend_lite_acceleration,True,ma,,75.0,1,btc,btc,0.3733438319987188,-0.18827630452105693,-0.01874680379476423,-0.7797654179143696,20.536542923433874,0.31341137600069,-0.07801572612112884,-0.8076344540874132
overlay__28D__ctrend_lite_acceleration__btc1__ma150__c2__rocash__incash,28D,ctrend_lite_acceleration,True,ma,,150.0,2,cash,cash,0.3732212539984603,-0.18833273627983727,-0.10410131503548828,-0.7792646218515458,14.6084686774942,0.3295536585158343,-0.15188461635534783,-0.7975700527257477
overlay__28D__ctrend_lite_acceleration__btc1__ma150__c2__rocash__inbtc,28D,ctrend_lite_acceleration,True,ma,,150.0,2,cash,btc,0.3732212539984603,-0.18833273627983727,-0.10410131503548828,-0.7792646218515458,14.6084686774942,0.3295536585158343,-0.15188461635534783,-0.7975700527257477
overlay__28D__ctrend_lite_acceleration__btc0__ma125__c1__rocash__incash,28D,ctrend_lite_acceleration,False,ma,,125.0,1,cash,cash,0.3711135024785184,-0.1893053839648352,-0.13753333102763537,-0.7932886292306915,13.33816705336427,0.33125866898867795,-0.18358434979670363,-0.8117925460968639
overlay__28D__ctrend_lite_acceleration__btc0__ma125__c1__rocash__inbtc,28D,ctrend_lite_acceleration,False,ma,,125.0,1,cash,btc,0.3711135024785184,-0.1893053839648352,-0.13753333102763537,-0.7932886292306915,13.33816705336427,0.33125866898867795,-0.18358434979670363,-0.8117925460968639
overlay__28D__ctrend_lite_acceleration__btc1__ma150__c1__rocash__incash,28D,ctrend_lite_acceleration,True,ma,,150.0,1,cash,cash,0.36316127647306906,-0.19301470581138647,-0.11631192677407466,-0.7737537995146629,14.6084686774942,0.32067071746528775,-0.16422279287725794,-0.7954874663694319
overlay__28D__ctrend_lite_acceleration__btc1__ma150__c1__rocash__inbtc,28D,ctrend_lite_acceleration,True,ma,,150.0,1,cash,btc,0.36316127647306906,-0.19301470581138647,-0.11631192677407466,-0.7737537995146629,14.6084686774942,0.32067071746528775,-0.16422279287725794,-0.7954874663694319
overlay__14D__ctrend_lite_acceleration__btc0__trailing13__c2__rocash__incash,14D,ctrend_lite_acceleration,False,trailing,13.0,,2,cash,cash,0.3585946318357207,-0.19517385296735523,-0.14091765301466574,-0.7636910682125639,28.581786542923435,0.28113234302769485,-0.2375714425503054,-0.7939444973630987
overlay__14D__ctrend_lite_acceleration__btc0__trailing13__c2__rocash__inbtc,14D,ctrend_lite_acceleration,False,trailing,13.0,,2,cash,btc,0.3585946318357207,-0.19517385296735523,-0.14091765301466574,-0.7636910682125639,28.581786542923435,0.28113234302769485,-0.2375714425503054,-0.7939444973630987
overlay__28D__ctrend_lite_acceleration__btc1__ma75__c2__robtc__incash,28D,ctrend_lite_acceleration,True,ma,,75.0,2,btc,cash,0.3548205633636412,-0.1969746833864825,-0.02486458204310733,-0.7946542107791942,19.266241299303946,0.30110313937273037,-0.07997352465957346,-0.818687267289826
overlay__28D__ctrend_lite_acceleration__btc1__ma75__c2__robtc__inbtc,28D,ctrend_lite_acceleration,True,ma,,75.0,2,btc,btc,0.3548205633636412,-0.1969746833864825,-0.02486458204310733,-0.7946542107791942,19.266241299303946,0.30110313937273037,-0.07997352465957346,-0.818687267289826
overlay__28D__ctrend_lite_acceleration__btc0__ma125__c1__robtc__incash,28D,ctrend_lite_acceleration,False,ma,,125.0,1,btc,cash,0.35465338450155515,-0.1970548028606045,0.0016430757138174374,-0.8227402773344555,17.572505800464036,0.30533616553308773,-0.04603559349179787,-0.8414975843201151
overlay__28D__ctrend_lite_acceleration__btc0__ma125__c1__robtc__inbtc,28D,ctrend_lite_acceleration,False,ma,,125.0,1,btc,btc,0.35465338450155515,-0.1970548028606045,0.0016430757138174374,-0.8227402773344555,17.572505800464036,0.30533616553308773,-0.04603559349179787,-0.8414975843201151
overlay__28D__ctrend_lite_acceleration__btc0__ma75__c1__robtc__incash,28D,ctrend_lite_acceleration,False,ma,,75.0,1,btc,cash,0.3528586236315141,-0.19791681223168345,-0.025112334270143036,-0.7642147824306944,22.65371229698376,0.2909189195808555,-0.0892102076822518,-0.7995841453787684
overlay__28D__ctrend_lite_acceleration__btc0__ma75__c1__robtc__inbtc,28D,ctrend_lite_acceleration,False,ma,,75.0,1,btc,btc,0.3528586236315141,-0.19791681223168345,-0.025112334270143036,-0.7642147824306944,22.65371229698376,0.2909189195808555,-0.0892102076822518,-0.7995841453787684
overlay__28D__ctrend_lite_acceleration__btc0__trailing15__c2__rocash__incash,28D,ctrend_lite_acceleration,False,trailing,15.0,,2,cash,cash,0.3507873226578083,-0.19891594832968007,-0.294325655417113,-0.7043864764556313,11.85614849187935,0.3171114178210257,-0.343869461887712,-0.7308324805647938
overlay__28D__ctrend_lite_acceleration__btc0__trailing15__c2__rocash__inbtc,28D,ctrend_lite_acceleration,False,trailing,15.0,,2,cash,btc,0.3507873226578083,-0.19891594832968007,-0.294325655417113,-0.7043864764556313,11.85614849187935,0.3171114178210257,-0.343869461887712,-0.7308324805647938
overlay__28D__ctrend_lite_acceleration__btc0__ma100__c2__rocash__incash,28D,ctrend_lite_acceleration,False,ma,,100.0,2,cash,cash,0.3435867178740677,-0.20242590356115298,-0.19435655368562293,-0.7785633918460125,12.914733178654293,0.3077990152590828,-0.24084062056284222,-0.7969237455035216
overlay__28D__ctrend_lite_acceleration__btc0__ma100__c2__rocash__inbtc,28D,ctrend_lite_acceleration,False,ma,,100.0,2,cash,btc,0.3435867178740677,-0.20242590356115298,-0.19435655368562293,-0.7785633918460125,12.914733178654293,0.3077990152590828,-0.24084062056284222,-0.7969237455035216
overlay__28D__ctrend_lite_acceleration__btc0__ma75__c2__robtc__incash,28D,ctrend_lite_acceleration,False,ma,,75.0,2,btc,cash,0.3388542697358432,-0.2047644547949905,-0.027621953887427875,-0.7774368337619806,20.959976798143853,0.28343392353960106,-0.08655814453436718,-0.8114461409711086
overlay__28D__ctrend_lite_acceleration__btc0__ma75__c2__robtc__inbtc,28D,ctrend_lite_acceleration,False,ma,,75.0,2,btc,btc,0.3388542697358432,-0.2047644547949905,-0.027621953887427875,-0.7774368337619806,20.959976798143853,0.28343392353960106,-0.08655814453436718,-0.8114461409711086
overlay__28D__ctrend_lite_acceleration__btc1__ma100__c2__rocash__incash,28D,ctrend_lite_acceleration,True,ma,,100.0,2,cash,cash,0.33089312479827804,-0.20875722009701125,-0.2303451448964572,-0.8172413013889354,12.914733178654293,0.2964275761272026,-0.2781115055868109,-0.8323946871297061
overlay__28D__ctrend_lite_acceleration__btc1__ma100__c2__rocash__inbtc,28D,ctrend_lite_acceleration,True,ma,,100.0,2,cash,btc,0.33089312479827804,-0.20875722009701125,-0.2303451448964572,-0.8172413013889354,12.914733178654293,0.2964275761272026,-0.2781115055868109,-0.8323946871297061
overlay__28D__ctrend_lite_acceleration__btc1__ma150__c2__robtc__incash,28D,ctrend_lite_acceleration,True,ma,,150.0,2,btc,cash,0.33031700891443383,-0.20904908757467244,-0.010618032704995284,-0.8110312202865361,17.572505800464036,0.28438394590267757,-0.05736417160291123,-0.8364262171718019
overlay__28D__ctrend_lite_acceleration__btc1__ma150__c2__robtc__inbtc,28D,ctrend_lite_acceleration,True,ma,,150.0,2,btc,btc,0.33031700891443383,-0.20904908757467244,-0.010618032704995284,-0.8110312202865361,17.572505800464036,0.28438394590267757,-0.05736417160291123,-0.8364262171718019
overlay__28D__ctrend_lite_acceleration__btc0__ma150__c2__rocash__incash,28D,ctrend_lite_acceleration,False,ma,,150.0,2,cash,cash,0.3246160979375192,-0.2119590894983825,-0.14268585382484694,-0.7725063070538888,14.6084686774942,0.28663539801751325,-0.18951517118858927,-0.7987611988473262
overlay__28D__ctrend_lite_acceleration__btc0__ma150__c2__rocash__inbtc,28D,ctrend_lite_acceleration,False,ma,,150.0,2,cash,btc,0.3246160979375192,-0.2119590894983825,-0.14268585382484694,-0.7725063070538888,14.6084686774942,0.28663539801751325,-0.18951517118858927,-0.7987611988473262
overlay__28D__ctrend_lite_acceleration__btc1__trailing13__c2__rocash__incash,28D,ctrend_lite_acceleration,True,trailing,13.0,,2,cash,cash,0.32050714691055915,-0.21408156652056376,-0.34844946115304853,-0.7587050495721117,13.973317865429234,0.284563894934732,-0.40738910870144246,-0.7754871851973151
overlay__28D__ctrend_lite_acceleration__btc1__trailing13__c2__rocash__inbtc,28D,ctrend_lite_acceleration,True,trailing,13.0,,2,cash,btc,0.32050714691055915,-0.21408156652056376,-0.34844946115304853,-0.7587050495721117,13.973317865429234,0.284563894934732,-0.40738910870144246,-0.7754871851973151
overlay__28D__ctrend_lite_acceleration__btc0__ma150__c1__rocash__incash,28D,ctrend_lite_acceleration,False,ma,,150.0,1,cash,cash,0.31106142115923485,-0.21904332637342872,-0.16114535484260767,-0.7820055385971634,14.6084686774942,0.27466664416326014,-0.20813356487282766,-0.8071641305632972
overlay__28D__ctrend_lite_acceleration__btc0__ma150__c1__rocash__inbtc,28D,ctrend_lite_acceleration,False,ma,,150.0,1,cash,btc,0.31106142115923485,-0.21904332637342872,-0.16114535484260767,-0.7820055385971634,14.6084686774942,0.27466664416326014,-0.20813356487282766,-0.8071641305632972
overlay__28D__ctrend_lite_acceleration__btc1__ma125__c2__robtc__incash,28D,ctrend_lite_acceleration,True,ma,,125.0,2,btc,cash,0.2981838827676204,-0.22600278678997998,-0.04774097909923655,-0.8608528651370101,16.725638051044083,0.2585783275889575,-0.09268391585886149,-0.8746760985410194
overlay__28D__ctrend_lite_acceleration__btc1__ma125__c2__robtc__inbtc,28D,ctrend_lite_acceleration,True,ma,,125.0,2,btc,btc,0.2981838827676204,-0.22600278678997998,-0.04774097909923655,-0.8608528651370101,16.725638051044083,0.2585783275889575,-0.09268391585886149,-0.8746760985410194
overlay__28D__ctrend_lite_acceleration__btc1__ma150__c1__robtc__incash,28D,ctrend_lite_acceleration,True,ma,,150.0,1,btc,cash,0.2954889980355373,-0.22748907709410293,-0.04559437533989793,-0.8309557368509773,17.572505800464036,0.25439903173119127,-0.09245414710602048,-0.8536731325109939
overlay__28D__ctrend_lite_acceleration__btc1__ma150__c1__robtc__inbtc,28D,ctrend_lite_acceleration,True,ma,,150.0,1,btc,btc,0.2954889980355373,-0.22748907709410293,-0.04559437533989793,-0.8309557368509773,17.572505800464036,0.25439903173119127,-0.09245414710602048,-0.8536731325109939
overlay__28D__ctrend_lite_acceleration__btc0__trailing13__c2__rocash__incash,28D,ctrend_lite_acceleration,False,trailing,13.0,,2,cash,cash,0.2938844571696577,-0.22837910005761752,-0.35868865173018805,-0.7629722760901142,13.973317865429234,0.26092680490620923,-0.41535268002843634,-0.7880313718622985
overlay__28D__ctrend_lite_acceleration__btc0__trailing13__c2__rocash__inbtc,28D,ctrend_lite_acceleration,False,trailing,13.0,,2,cash,btc,0.2938844571696577,-0.22837910005761752,-0.35868865173018805,-0.7629722760901142,13.973317865429234,0.26092680490620923,-0.41535268002843634,-0.7880313718622985
overlay__28D__ctrend_lite_acceleration__btc0__ma150__c2__robtc__incash,28D,ctrend_lite_acceleration,False,ma,,150.0,2,btc,cash,0.28695471484628143,-0.2322675346671641,-0.04413485111872945,-0.8358380560670025,18.842807424593968,0.24439188233981946,-0.09356171217402819,-0.859429108911412
overlay__28D__ctrend_lite_acceleration__btc0__ma150__c2__robtc__inbtc,28D,ctrend_lite_acceleration,False,ma,,150.0,2,btc,btc,0.28695471484628143,-0.2322675346671641,-0.04413485111872945,-0.8358380560670025,18.842807424593968,0.24439188233981946,-0.09356171217402819,-0.859429108911412
overlay__28D__ctrend_lite_acceleration__btc0__ma125__c2__robtc__incash,28D,ctrend_lite_acceleration,False,ma,,125.0,2,btc,cash,0.2691549693423836,-0.24260601046974406,-0.0712654272913009,-0.8578755948921887,18.41937354988399,0.23006085159637601,-0.12030321856056841,-0.8769753045400244
overlay__28D__ctrend_lite_acceleration__btc0__ma125__c2__robtc__inbtc,28D,ctrend_lite_acceleration,False,ma,,125.0,2,btc,btc,0.2691549693423836,-0.24260601046974406,-0.0712654272913009,-0.8578755948921887,18.41937354988399,0.23006085159637601,-0.12030321856056841,-0.8769753045400244
overlay__28D__ctrend_lite_acceleration__btc0__ma150__c1__robtc__incash,28D,ctrend_lite_acceleration,False,ma,,150.0,1,btc,cash,0.2527939498331623,-0.2525957041899176,-0.08385935900618083,-0.8553808525455201,18.842807424593968,0.21529804546665166,-0.13346802349452977,-0.8761634886923269
overlay__28D__ctrend_lite_acceleration__btc0__ma150__c1__robtc__inbtc,28D,ctrend_lite_acceleration,False,ma,,150.0,1,btc,btc,0.2527939498331623,-0.2525957041899176,-0.08385935900618083,-0.8553808525455201,18.842807424593968,0.21529804546665166,-0.13346802349452977,-0.8761634886923269
overlay__28D__ctrend_lite_acceleration__btc1__ma200__c2__rocash__incash,28D,ctrend_lite_acceleration,True,ma,,200.0,2,cash,cash,0.24505578850360255,-0.25749898962984596,-0.20655661170527942,-0.8367856179021187,14.185034802784223,0.2171624521677168,-0.2498798301682171,-0.8519328256921023
overlay__28D__ctrend_lite_acceleration__btc1__ma200__c2__rocash__inbtc,28D,ctrend_lite_acceleration,True,ma,,200.0,2,cash,btc,0.24505578850360255,-0.25749898962984596,-0.20655661170527942,-0.8367856179021187,14.185034802784223,0.2171624521677168,-0.2498798301682171,-0.8519328256921023
overlay__28D__ctrend_lite_acceleration__btc1__ma200__c2__robtc__incash,28D,ctrend_lite_acceleration,True,ma,,200.0,2,btc,cash,0.24273163148409127,-0.2589955104826963,-0.08189858484672048,-0.8611373348585605,15.87877030162413,0.21201576227722163,-0.1232276501106514,-0.878051413398851
overlay__28D__ctrend_lite_acceleration__btc1__ma200__c2__robtc__inbtc,28D,ctrend_lite_acceleration,True,ma,,200.0,2,btc,btc,0.24273163148409127,-0.2589955104826963,-0.08189858484672048,-0.8611373348585605,15.87877030162413,0.21201576227722163,-0.1232276501106514,-0.878051413398851
overlay__28D__ctrend_lite_acceleration__btc1__ma125__c2__rocash__incash,28D,ctrend_lite_acceleration,True,ma,,125.0,2,cash,cash,0.24166762540371511,-0.2596843940515797,-0.2917286382756075,-0.8625140812018122,13.761600928074246,0.21493828987735042,-0.33831411986772497,-0.8748212319997725
overlay__28D__ctrend_lite_acceleration__btc1__ma125__c2__rocash__inbtc,28D,ctrend_lite_acceleration,True,ma,,125.0,2,cash,btc,0.24166762540371511,-0.2596843940515797,-0.2917286382756075,-0.8625140812018122,13.761600928074246,0.21493828987735042,-0.33831411986772497,-0.8748212319997725
overlay__28D__ctrend_lite_acceleration__btc1__ma200__c1__rocash__incash,28D,ctrend_lite_acceleration,True,ma,,200.0,1,cash,cash,0.2402515251724755,-0.2606049568181056,-0.2113724209224461,-0.845801108190741,14.6084686774942,0.21213911004232033,-0.25583748620867874,-0.8597527321502478
overlay__28D__ctrend_lite_acceleration__btc1__ma200__c1__rocash__inbtc,28D,ctrend_lite_acceleration,True,ma,,200.0,1,cash,btc,0.2402515251724755,-0.2606049568181056,-0.2113724209224461,-0.845801108190741,14.6084686774942,0.21213911004232033,-0.25583748620867874,-0.8597527321502478
overlay__28D__ctrend_lite_acceleration__btc1__ma75__c1__rocash__incash,28D,ctrend_lite_acceleration,True,ma,,75.0,1,cash,cash,0.22822411622184602,-0.268601156841378,-0.44830618117558774,-0.8703275409114808,14.185034802784223,0.20225708955052424,-0.5044662659330333,-0.881931508749151
overlay__28D__ctrend_lite_acceleration__btc1__ma75__c1__rocash__inbtc,28D,ctrend_lite_acceleration,True,ma,,75.0,1,cash,btc,0.22822411622184602,-0.268601156841378,-0.44830618117558774,-0.8703275409114808,14.185034802784223,0.20225708955052424,-0.5044662659330333,-0.881931508749151
overlay__28D__ctrend_lite_acceleration__btc0__ma125__c2__rocash__incash,28D,ctrend_lite_acceleration,False,ma,,125.0,2,cash,cash,0.21849007909670115,-0.2753196135604492,-0.31651705848246126,-0.8549578569828495,13.761600928074246,0.1943242661393314,-0.362296284296246,-0.867941408620539
overlay__28D__ctrend_lite_acceleration__btc0__ma125__c2__rocash__inbtc,28D,ctrend_lite_acceleration,False,ma,,125.0,2,cash,btc,0.21849007909670115,-0.2753196135604492,-0.31651705848246126,-0.8549578569828495,13.761600928074246,0.1943242661393314,-0.362296284296246,-0.867941408620539
overlay__28D__ctrend_lite_acceleration__btc0__ma75__c1__rocash__incash,28D,ctrend_lite_acceleration,False,ma,,75.0,1,cash,cash,0.2161334827662642,-0.2769815324700814,-0.4429576260160996,-0.8584532085599575,14.185034802784223,0.19154211177328062,-0.49731760004896813,-0.8711197718914545
overlay__28D__ctrend_lite_acceleration__btc0__ma75__c1__rocash__inbtc,28D,ctrend_lite_acceleration,False,ma,,75.0,1,cash,btc,0.2161334827662642,-0.2769815324700814,-0.4429576260160996,-0.8584532085599575,14.185034802784223,0.19154211177328062,-0.49731760004896813,-0.8711197718914545
overlay__28D__ctrend_lite_acceleration__btc0__ma200__c2__rocash__incash,28D,ctrend_lite_acceleration,False,ma,,200.0,2,cash,cash,0.21490385198949447,-0.277854370635665,-0.23808486862727674,-0.8493935721978748,14.185034802784223,0.19044254275038563,-0.28061273423146055,-0.8662955473866043
overlay__28D__ctrend_lite_acceleration__btc0__ma200__c2__rocash__inbtc,28D,ctrend_lite_acceleration,False,ma,,200.0,2,cash,btc,0.21490385198949447,-0.277854370635665,-0.23808486862727674,-0.8493935721978748,14.185034802784223,0.19044254275038563,-0.28061273423146055,-0.8662955473866043
overlay__28D__ctrend_lite_acceleration__btc0__ma200__c2__robtc__incash,28D,ctrend_lite_acceleration,False,ma,,200.0,2,btc,cash,0.21269540336121895,-0.27943194486743816,-0.11093555454666476,-0.8783205534709713,16.725638051044083,0.18444464931011584,-0.15389626684513835,-0.8939099430725215
overlay__28D__ctrend_lite_acceleration__btc0__ma200__c2__robtc__inbtc,28D,ctrend_lite_acceleration,False,ma,,200.0,2,btc,btc,0.21269540336121895,-0.27943194486743816,-0.11093555454666476,-0.8783205534709713,16.725638051044083,0.18444464931011584,-0.15389626684513835,-0.8939099430725215
overlay__28D__ctrend_lite_acceleration__btc1__ma200__c1__robtc__incash,28D,ctrend_lite_acceleration,True,ma,,200.0,1,btc,cash,0.20669111159891296,-0.2837872820330112,-0.130913015944831,-0.8817555073387587,16.725638051044083,0.17923786312220102,-0.17411862981675835,-0.8969048157627902
overlay__28D__ctrend_lite_acceleration__btc1__ma200__c1__robtc__inbtc,28D,ctrend_lite_acceleration,True,ma,,200.0,1,btc,btc,0.20669111159891296,-0.2837872820330112,-0.130913015944831,-0.8817555073387587,16.725638051044083,0.17923786312220102,-0.17411862981675835,-0.8969048157627902
overlay__28D__ctrend_lite_acceleration__btc0__ma200__c1__rocash__incash,28D,ctrend_lite_acceleration,False,ma,,200.0,1,cash,cash,0.20659931320547376,-0.28385463968638336,-0.24960413105445775,-0.8552134628570088,14.6084686774942,0.1824246252226699,-0.29325932679802535,-0.8719247059698715
overlay__28D__ctrend_lite_acceleration__btc0__ma200__c1__rocash__inbtc,28D,ctrend_lite_acceleration,False,ma,,200.0,1,cash,btc,0.20659931320547376,-0.28385463968638336,-0.24960413105445775,-0.8552134628570088,14.6084686774942,0.1824246252226699,-0.29325932679802535,-0.8719247059698715
overlay__28D__ctrend_lite_acceleration__btc1__ma75__c2__rocash__incash,28D,ctrend_lite_acceleration,True,ma,,75.0,2,cash,cash,0.18633933803726366,-0.2993338870319099,-0.5002345703303593,-0.8915071751868439,13.761600928074246,0.1657328110319224,-0.5526672888867875,-0.9008599776415187
overlay__28D__ctrend_lite_acceleration__btc1__ma75__c2__rocash__inbtc,28D,ctrend_lite_acceleration,True,ma,,75.0,2,cash,btc,0.18633933803726366,-0.2993338870319099,-0.5002345703303593,-0.8915071751868439,13.761600928074246,0.1657328110319224,-0.5526672888867875,-0.9008599776415187
overlay__28D__ctrend_lite_acceleration__btc0__ma75__c2__rocash__incash,28D,ctrend_lite_acceleration,False,ma,,75.0,2,cash,cash,0.17823941157900314,-0.3058955868257842,-0.4897522134899286,-0.8789059097319363,13.761600928074246,0.15852862325697759,-0.5406101983424606,-0.8893450250066676
overlay__28D__ctrend_lite_acceleration__btc0__ma75__c2__rocash__inbtc,28D,ctrend_lite_acceleration,False,ma,,75.0,2,cash,btc,0.17823941157900314,-0.3058955868257842,-0.4897522134899286,-0.8789059097319363,13.761600928074246,0.15852862325697759,-0.5406101983424606,-0.8893450250066676
overlay__28D__ctrend_lite_acceleration__btc0__ma200__c1__robtc__incash,28D,ctrend_lite_acceleration,False,ma,,200.0,1,btc,cash,0.17759756867465104,-0.306425521942268,-0.16526387864361958,-0.8983994316767974,17.572505800464036,0.15290129178755785,-0.2100196179312299,-0.912053253858542
overlay__28D__ctrend_lite_acceleration__btc0__ma200__c1__robtc__inbtc,28D,ctrend_lite_acceleration,False,ma,,200.0,1,btc,btc,0.17759756867465104,-0.306425521942268,-0.16526387864361958,-0.8983994316767974,17.572505800464036,0.15290129178755785,-0.2100196179312299,-0.912053253858542
